endpoint,sample_idx,group_id,formula,terminal_status,strict_stable,meta_stable,strict_sun,meta_sun,num_atoms,arity,volume_A3,volume_per_atom_A3,mass_density_g_cm3,lattice_condition,min_distance_A,min_different_atom_distance_A,min_self_image_A,short_pairs_lt_0p5_A,short_pairs_lt_1_A,distance_certified,complete_box_images,radius2_min_distance_A
reference_native,0,eval:0,O8K8Zn4,invalid_terminal,False,False,False,False,20,3,443.19000000000045,22.159500000000023,2.6318099818755183,1.2878787878787878,0.6319999999999999,0.6319999999999999,6.6000000000000005,0,5,True,125,0.6319999999999999
reference_native,1,eval:1,PrPu,verified,False,False,False,False,2,2,58.179000000000016,29.089500000000008,10.985994772309583,1.3030303030303028,3.3000000000000003,3.398161267509239,3.3000000000000003,0,0,True,125,3.3000000000000003
reference_native,2,eval:2,O4MgZnSr,not_converged,False,False,False,False,7,4,100.12910067671658,14.304157239530939,4.002238580959016,3.6701041807241754,1.463941597195735,1.463941597195735,3.5052111296362667,0,0,True,125,1.463941597195735
reference_native,3,eval:3,O7Cu2Sr2Ba2,not_converged,False,False,False,False,13,4,172.82559772101143,13.29427674777011,6.6198596166480685,2.0809286493540755,1.675,1.675,4.800000000000001,0,0,True,125,1.675
reference_native,4,eval:4,P4Se8Ag4,not_converged,False,False,False,False,16,3,251.05600000000007,15.691000000000004,7.851393018001793,1.3653846153846159,0.8278357324976978,0.8278357324976978,5.2,0,3,True,125,0.8278357324976978
reference_native,5,eval:5,O8Cr4Ag4,not_converged,False,False,False,False,16,3,242.94400000000007,15.184000000000005,5.245590308696364,1.4038461538461542,1.228414018155117,1.228414018155117,5.2,0,0,True,125,1.228414018155117
reference_native,6,eval:6,Cu3In3Pr3,not_converged,False,True,False,True,9,3,405.1751813129724,45.01946459033027,3.9254357532328035,1.732050807568877,0.972,0.972,7.6000000000000005,0,1,True,125,0.972
reference_native,7,eval:7,S8Cu4Ho4,invalid_terminal,False,False,False,False,16,3,310.068,19.37925,6.268098939510828,1.3965517241379308,0.5670000000000001,0.5670000000000001,5.800000000000001,0,2,True,125,0.5670000000000001
reference_native,8,eval:8,Ni4Sn8,invalid_terminal,False,False,False,False,12,2,215.42399999999998,17.951999999999998,9.130048069736935,1.6363636363636362,0.5439999999999999,0.5439999999999999,4.4,0,4,True,125,0.5439999999999999
reference_native,9,eval:9,O8KBa3Bi3,invalid_terminal,False,False,False,False,15,4,203.15570332136886,13.543713554757923,9.857641956598217,1.7492151364509847,0.546077833280202,0.546077833280202,5.6000000000000005,0,4,True,125,0.546077833280202
reference_native,10,eval:10,Cu2In2Ce2,verified,False,False,False,False,6,3,55.8413180360206,9.306886339336767,18.941117456777533,2.162968647070179,1.054,1.054,3.1,0,0,True,125,1.054
reference_native,11,eval:11,O2P2As2,verified,False,False,False,False,6,3,44.83969895532487,7.473283159220812,9.028205765456958,6.630769848333514,1.3244758134374979,1.3244758134374979,3.1,0,0,True,175,1.3244758134374979
reference_native,12,eval:12,CuPd,not_converged,False,False,False,False,2,2,53.76000000000004,26.88000000000002,5.2499103979489465,1.7142857142857144,2.8000000000000003,3.124099870362662,2.8000000000000003,0,0,True,125,2.8000000000000003
reference_native,13,eval:13,NaCl,not_converged,False,True,False,True,2,2,56.01134235134881,28.005671175674404,1.73262231319106,2.0808809224776046,2.9432125305522874,2.9432125305522874,4.1000000000000005,0,0,True,125,2.9432125305522874
reference_native,14,eval:14,O8P2Co2,not_converged,False,False,False,False,12,3,176.73068663306694,14.727557219422245,2.892135308192137,2.4185350586537315,1.116705768341081,1.116705768341081,5.728430422206296,0,0,True,125,1.116705768341081
reference_native,15,eval:15,Si6Cr2Y,verified,False,False,False,False,9,3,105.10084300327956,11.67787144480884,5.7101080303152205,2.584979597889641,0.888,0.888,4.0,0,2,True,125,0.888
reference_native,16,eval:16,Sb6Yb8,not_converged,False,False,False,False,14,2,333.5776240247537,23.826973144625264,10.527807047724538,2.104842788379154,0.7959114272329553,0.7959114272329553,7.4,0,1,True,125,0.7959114272329553
reference_native,17,eval:17,P4Cu4Sr4,invalid_terminal,False,False,False,False,12,3,99.98782901933623,8.332319084944686,12.099480240689559,2.1362628015969842,0.5759999999999998,0.5759999999999998,4.1000000000000005,0,2,True,125,0.5759999999999998
reference_native,18,eval:18,Li4NTe,not_converged,False,False,False,False,6,3,84.17766924784746,14.02961154130791,3.34110776171889,3.437088864401876,0.8909999999999999,0.8909999999999999,3.0,0,1,True,125,0.8909999999999999
reference_native,19,eval:19,O3F9Mn6,invalid_terminal,False,False,False,False,18,3,207.843776440314,11.546876468906333,4.383060383472325,2.8448925561338747,0.7380550901431101,0.7380550901431101,5.700000000000001,0,2,True,125,0.7380550901431101
reference_native,20,eval:20,O6NaZnBaOs,not_converged,False,False,False,False,10,5,133.16800588730013,13.316800588730013,6.383789947560743,2.0328659406177385,0.5215323575771692,0.5215323575771692,5.6000000000000005,0,1,True,125,0.5215323575771692
reference_native,21,eval:21,YPd3,verified,False,True,False,True,4,2,102.02256202175421,25.505640505438553,6.643386777843061,3.5625878913199847,1.5935645512867787,1.5935645512867787,4.067240503037512,0,0,True,125,1.5935645512867787
reference_native,22,eval:22,LiF2Te,not_converged,False,False,False,False,4,3,61.400482315804,15.350120578951,4.666181065468979,7.278819376264674,0.9754111654011981,0.9754111654011981,3.9016446616047924,0,2,True,125,0.9754111654011981
reference_native,23,eval:23,H8Li8C4,not_converged,False,False,False,False,20,3,202.85765213256894,10.142882606628447,0.9138090063873116,2.823912885600801,0.6947243772156134,0.6947243772156134,4.406250541885777,0,3,True,125,0.6947243772156134
reference_native,24,eval:24,O8Ti2Gd4,invalid_terminal,False,False,False,False,14,3,193.5360000000001,13.824000000000007,7.316417358168837,1.185185185185185,0.6889557315241669,0.6889557315241669,5.4,0,4,True,125,0.6889557315241669
reference_native,25,eval:25,F6S3Y4,invalid_terminal,False,False,False,False,13,3,212.9470346914657,16.380541130112746,4.412118956573902,2.208917158057767,0.742425367054832,0.742425367054832,5.7,0,2,True,125,0.742425367054832
reference_native,26,eval:26,O6Ba2PrTa,invalid_terminal,False,False,False,False,10,4,193.62634278553122,19.362634278553124,5.938929249368098,2.0763817341208193,0.6353621014822963,0.6353621014822963,6.100000000000001,0,1,True,125,0.6353621014822963
reference_native,27,eval:27,Li4Si8Cs4,not_converged,False,False,False,False,16,3,237.65738325181127,14.853586453238204,5.47838459149332,2.686938955213738,1.0051387963858522,1.0051387963858522,5.074205203472077,0,0,True,125,1.0051387963858522
reference_native,28,eval:28,Li2O12Gd4Ta2,invalid_terminal,False,False,False,False,20,4,180.18,9.009,11.029438720372733,1.7111111111111115,0.6159999999999997,0.6159999999999997,4.5,0,8,True,125,0.6159999999999997
reference_native,29,eval:29,O8Rb4Mo2,verified,False,False,False,False,14,3,254.03882433900702,18.14563030992907,4.325542571065913,2.4870043581602914,0.8640833293149455,0.8640833293149455,5.7,0,1,True,125,0.8640833293149455
reference_native,30,eval:30,Si6Co8Ba4,invalid_terminal,False,False,False,False,18,3,306.71705193671545,17.039836218706412,6.438692540217147,2.990090525547315,0.5411654964440255,0.5411654964440255,5.8999999999999995,0,2,True,125,0.5411654964440255
reference_native,31,eval:31,CuPdBi,not_converged,False,False,False,False,3,3,64.14872718924362,21.382909063081204,9.809318577609176,2.0941790956258295,2.1788758569500923,2.1788758569500923,4.2,0,0,True,125,2.1788758569500923
reference_native,32,eval:32,O8NaV2Fe,invalid_terminal,False,False,False,False,12,4,52.864359133760374,4.4053632611466975,9.697080495356815,4.55441585010024,0.5807303284454639,0.5807303284454639,3.162063489141419,0,4,True,125,0.5807303284454639
reference_native,33,eval:33,NaAu2Tl,verified,False,False,False,False,4,3,77.47344737392294,19.368361843480734,13.316862286120264,2.153252047106361,1.7956544767855536,1.7956544767855536,4.3,0,0,True,125,1.7956544767855536
reference_native,34,eval:34,MgGa3,not_converged,False,True,False,True,4,2,122.51614933550603,30.629037333876507,3.1644211815185765,2.2999978040965945,1.3,1.3,4.9,0,0,True,125,1.3
reference_native,35,eval:35,NiGa3Tb,not_converged,False,True,False,True,5,3,62.86837243676603,12.573674487353205,11.272722746785488,3.877503367707514,1.39180568430828,1.39180568430828,3.568683551500307,0,0,True,125,1.39180568430828
reference_native,36,eval:36,O8AlKMo2,invalid_terminal,False,False,False,False,12,4,242.25,20.1875,2.6455868711926147,1.9,0.5408918561043418,0.5408918561043418,5.0,0,2,True,125,0.5408918561043418
reference_native,37,eval:37,C4Mn2Ta2,invalid_terminal,False,False,False,False,8,3,89.54400000000005,11.193000000000007,9.639646807335,1.2682926829268293,0.7273740440791109,0.7273740440791109,4.1000000000000005,0,1,True,125,0.7273740440791109
reference_native,38,eval:38,Co9Y3,invalid_terminal,False,False,False,False,12,2,183.97600000000014,15.331333333333346,7.19464911225562,1.173076923076923,0.5219999999999999,0.5219999999999999,5.2,0,5,True,125,0.5219999999999999
reference_native,39,eval:39,Si2AsBaTl,verified,False,False,False,False,5,4,66.10169000085338,13.220338000170676,11.87727100837569,3.7460283095801494,1.0894379284750462,1.0894379284750462,4.199999999999999,0,0,True,125,1.0894379284750462
reference_native,40,eval:40,O6Sr2InTa,not_converged,False,False,False,False,10,4,147.64389591175103,14.764389591175103,6.377029209213215,2.024422859445133,1.2929408339131376,1.2929408339131376,5.800000000000001,0,0,True,125,1.2929408339131376
reference_native,41,eval:41,In3Pr3Tl3,invalid_terminal,False,False,False,False,9,3,256.56002587113994,28.50666954123777,8.933919660006362,2.0024672087146715,0.5529999999999996,0.5529999999999996,5.0,0,6,True,125,0.5529999999999996
reference_native,42,eval:42,H3N2Br,not_converged,False,False,False,False,6,3,99.97397261287566,16.66232876881261,1.8427019062213323,2.6504738649300617,1.3260000000000003,1.3260000000000003,3.9000000000000004,0,0,True,125,1.3260000000000003
reference_native,43,eval:43,O8Eu4,not_converged,False,True,False,True,12,2,116.727,9.72725,10.4680979105476,1.8717948717948711,0.9750000000000001,0.9750000000000001,3.9000000000000004,0,3,True,125,0.9750000000000001
reference_native,44,eval:44,Li2P4FeTe,not_converged,False,False,False,False,8,4,295.1713472993024,36.8964184124128,1.8070919302895394,2.6988783112058927,0.8804481813258518,0.8804481813258518,6.5,0,1,True,125,0.8804481813258518
reference_native,45,eval:45,S4Nb2Ag2,not_converged,False,False,False,False,8,3,169.7343972664212,21.21679965830265,5.183208720160671,3.336892596165685,1.186087867510619,1.186087867510619,4.744351470042476,0,0,True,125,1.186087867510619
reference_native,46,eval:46,Bi6Th2,not_converged,False,False,False,False,8,2,168.87495373796548,21.109369217245685,16.892601147265225,2.1594301529706605,1.0073355945264717,1.0073355945264717,4.0,0,0,True,125,1.0073355945264717
reference_native,47,eval:47,F6K2YIn,verified,False,True,False,True,10,4,159.65905433767296,15.965905433767295,4.117683572193358,2.3975433459731703,1.6,1.6,4.9,0,0,True,125,1.6
reference_native,48,eval:48,Li2O8Fe2Rh2,invalid_terminal,False,False,False,False,14,4,111.34301774559084,7.953072696113631,6.851039812728583,1.7586243991593442,0.655308793487773,0.655308793487773,3.9999999999999996,0,4,True,125,0.655308793487773
reference_native,49,eval:49,C2K2Lu2,verified,False,False,False,False,6,3,145.59999999999997,24.266666666666662,5.156703709075023,2.275000000000001,0.9099999999999999,0.9099999999999999,4.0,0,1,True,125,0.9099999999999999
reference_native,50,eval:50,N2Mg2S,not_converged,False,False,False,False,5,3,71.84546749795707,14.369093499591415,2.512076830613976,2.369617237609294,1.2329817516897807,1.2329817516897807,3.4000000000000004,0,0,True,125,1.2329817516897807
reference_native,51,eval:51,B4Rh4Dy2,invalid_terminal,False,False,False,False,10,3,148.80996635205472,14.880996635205472,8.702360409445753,2.7139497032615325,0.5141081489758195,0.5141081489758195,4.424245686716536,0,1,True,125,0.5141081489758195
reference_native,52,eval:52,Li2O8Mn3Fe,invalid_terminal,False,False,False,False,14,4,110.73292193381339,7.909494423843813,5.436556146231851,2.2946727223690155,0.5010179637498039,0.5010179637498039,4.5,0,3,True,125,0.5010179637498039
reference_native,53,eval:53,Ge12Hf4,invalid_terminal,False,False,False,False,16,2,333.132,20.82075,7.903825407236843,1.0441176470588236,0.693643280079898,0.693643280079898,6.800000000000001,0,1,True,125,0.693643280079898
reference_native,54,eval:54,Zn2Sn8Tm2,invalid_terminal,False,False,False,False,12,3,131.20000000000005,10.933333333333337,17.951622341185846,2.0,0.7158659092316103,0.7158659092316103,4.0,0,5,True,125,0.7158659092316103
reference_native,55,eval:55,Ni4Sn4Ce4,invalid_terminal,False,False,False,False,12,3,145.91200000000003,12.159333333333336,14.454009762141343,1.3260869565217388,0.6100000000000001,0.6100000000000001,4.6000000000000005,0,2,True,125,0.6100000000000001
reference_native,56,eval:56,O6Cl2Ba4Nd2,verified,False,False,False,False,14,4,244.87301304706912,17.49092950336208,6.813059064510152,2.5425237411473254,1.721207425036274,1.721207425036274,5.300000000000001,0,0,True,125,1.721207425036274
reference_native,57,eval:57,O12Ca4Mn2Bi2,invalid_terminal,False,False,False,False,20,4,281.666,14.0833,5.188803974879278,1.305084745762712,0.7855093888681407,0.7855093888681407,5.9,0,1,True,125,0.7855093888681407
reference_native,58,eval:58,Sn5U,verified,False,False,False,False,6,2,195.47925414222354,32.57987569037059,7.06401951999968,1.819723614171587,2.75,2.75,5.5,0,0,True,125,2.75
reference_native,59,eval:59,Ni4Sn2Au12,not_converged,False,False,False,False,18,3,720.0000000000001,40.00000000000001,6.540200154808981,2.343749999999998,1.1999999999999993,1.1999999999999993,6.4,0,0,True,125,1.1999999999999993
reference_native,60,eval:60,N2I2,not_converged,False,False,False,False,4,2,116.22060918787163,29.055152296967908,4.026626677323115,1.8540880149926062,1.5250000000000001,1.5250000000000001,4.4,0,0,True,125,1.5250000000000001
reference_native,61,eval:61,O4Br2Ta2,not_converged,False,False,False,False,8,3,133.9880000000001,16.748500000000014,7.258709657885405,1.8536585365853655,1.0689976613632042,1.0689976613632042,4.1000000000000005,0,0,True,125,1.0689976613632042
reference_native,62,eval:62,S8Zn2In4,invalid_terminal,False,False,False,False,14,3,92.42065521015398,6.601475372153856,15.21119901149296,6.688978864786982,0.5568200909898272,0.5568200909898272,4.272933023467795,0,3,True,125,0.5568200909898272
reference_native,63,eval:63,Ge4Ag6Sb8,verified,False,True,False,True,18,3,372.18600000000026,20.677000000000014,8.52987561608431,1.403225806451613,0.8192606422866899,0.8192606422866899,6.2,0,1,True,125,0.8192606422866899
reference_native,64,eval:64,Li2O8Na3CuLa2,not_converged,False,False,False,False,16,5,139.73841977216372,8.733651235760233,6.561941943701552,2.052755282723312,0.91744638984097,0.91744638984097,4.8999999999999995,0,2,True,125,0.91744638984097
reference_native,65,eval:65,Mg5Er,verified,False,True,False,True,6,2,117.7446134562376,19.624102242706268,4.072688335651507,2.897287359482303,1.2232836936456504,1.2232836936456504,4.800000000000001,0,0,True,125,1.2232836936456504
reference_native,66,eval:66,Li2Sb2Sm2,verified,False,True,False,True,6,3,133.5064762474091,22.25107937456818,6.941860881800563,2.601043104823573,1.3940000000000003,1.3940000000000003,4.1000000000000005,0,0,True,125,1.3940000000000003
reference_native,67,eval:67,Mg8Cu4Ce4,invalid_terminal,False,False,False,False,16,3,128.31364433469471,8.01960277091842,13.058860998963828,5.397518665219651,0.6696707991460454,0.6696707991460454,2.776951699179011,0,7,True,125,0.6696707991460454
reference_native,68,eval:68,Na2K4As2,verified,False,False,False,False,8,3,198.64500000000015,24.83062500000002,2.944289188542701,2.317073170731707,1.14,1.14,4.1000000000000005,0,0,True,125,1.14
reference_native,69,eval:69,H4C12Re4,verified,False,False,False,False,20,3,355.509,17.77545,4.171038498860089,1.421052631578947,0.5356164672599228,0.5356164672599228,5.7,0,2,True,125,0.5356164672599228
reference_native,70,eval:70,ZnGe,not_converged,False,False,False,False,2,2,77.35182500755889,38.67591250377944,2.9635468533892033,2.163568396149332,2.43874967965144,2.43874967965144,4.3,0,0,True,125,2.43874967965144
reference_native,71,eval:71,LiAsCd,verified,False,True,False,True,3,3,65.61701279393935,21.872337597979783,4.916391171632522,1.735795795376251,2.0500000000000003,2.0500000000000003,4.1000000000000005,0,0,True,125,2.0500000000000003
reference_native,72,eval:72,F6MgSn,invalid_terminal,False,False,False,False,8,3,165.48149633206333,20.685187041507916,2.578944162150534,3.7743542700002,0.726,0.726,4.033930924066685,0,2,True,125,0.726
reference_native,73,eval:73,O4Cl2Bi2,not_converged,False,False,False,False,8,3,97.49800000000003,12.187250000000004,9.41612068691018,1.4146341463414631,0.5740000000000002,0.5740000000000002,4.1000000000000005,0,1,True,125,0.5740000000000002
reference_native,74,eval:74,Cl2Ca,verified,False,True,False,True,3,2,52.8195566328907,17.606518877630233,3.489110464300549,9.066579462331442,1.964605271964541,2.5096983241099715,1.964605271964541,0,0,True,245,1.964605271964541
reference_native,75,eval:75,Cl3RbAu,verified,False,False,False,False,5,3,221.76,44.352,2.9112850742222642,1.3090909090909095,2.75,2.75,5.5,0,0,True,125,2.75
reference_native,76,eval:76,Li2O8Ni2Sr2Hf2,not_converged,False,False,False,False,16,5,305.91499999999996,19.119687499999998,4.29625910004032,1.4406779661016949,0.6670007496247657,0.6670007496247657,5.9,0,2,True,125,0.6670007496247657
reference_native,77,eval:77,Ag2Ce,verified,False,False,False,False,3,2,69.84668086602254,23.282226955340846,8.460055722287315,1.7915384839926056,1.8229325275500463,1.8229325275500463,3.9000000000000004,0,0,True,125,1.8229325275500463
reference_native,78,eval:78,C8Si6Ba4,invalid_terminal,False,False,False,False,18,3,581.2559999999999,32.291999999999994,2.325178072765838,1.6956521739130435,0.7294443090462766,0.7294443090462766,6.9,0,2,True,125,0.7294443090462766
reference_native,79,eval:79,O12Ge4Ba4,invalid_terminal,False,False,False,False,20,3,163.19999999999996,8.159999999999998,10.499051284884372,2.0,0.5599999999999996,0.5599999999999996,4.0,0,3,True,125,0.5599999999999996
reference_native,80,eval:80,AgCe2Pt,verified,False,True,False,True,4,3,97.2922362370194,24.32305905925485,9.953519258871701,2.066438397136048,1.7879807045938725,1.7879807045938725,4.9,0,0,True,125,1.7879807045938725
reference_native,81,eval:81,Ge2Pr10Pb6,invalid_terminal,False,False,False,False,18,3,329.62832123924096,18.312684513291163,14.09299978171214,1.7495783058529086,0.6320000000000001,0.6320000000000001,6.6000000000000005,0,2,True,125,0.6320000000000001
reference_native,82,eval:82,MgSr3,verified,False,True,False,True,4,2,155.91951341728864,38.97987835432216,3.058300341048365,3.8629828997854756,1.6802091861711699,1.6802091861711699,5.300000000000001,0,0,True,125,1.6802091861711699
reference_native,83,eval:83,Co7Ge2Sm2,not_converged,False,False,False,False,11,3,131.98812794064403,11.99892072187673,10.801172455935616,4.562721272193894,1.2298294910199683,1.2298294910199683,3.746050525170393,0,0,True,125,1.2298294910199683
reference_native,84,eval:84,F6KSbCs2,verified,False,True,False,True,10,4,228.0843633395328,22.80843633395328,3.936203309072344,2.207816275719643,1.0646018034927427,1.0646018034927427,6.300000000000001,0,0,True,125,1.0646018034927427
reference_native,85,eval:85,YPtBi,verified,False,True,False,True,3,3,65.73688901978855,21.912296339929515,12.45261786803068,2.063271823602353,1.5919720474932968,1.5919720474932968,4.3,0,0,True,125,1.5919720474932968
reference_native,86,eval:86,O8Mn2Ni2,invalid_terminal,False,False,False,False,12,3,109.54326207949354,9.12860517329113,5.385269034097274,2.1458262110780852,0.6161589612965126,0.6161589612965126,3.2,0,2,True,125,0.6161589612965126
reference_native,87,eval:87,O12KNiSr4Lu2,invalid_terminal,False,False,False,False,20,5,269.87400000000014,13.493700000000008,6.092707311333139,2.106382978723404,0.594,0.594,4.7,0,1,True,125,0.594
reference_native,88,eval:88,AlAgLu2,not_converged,True,True,True,True,4,3,91.7768033437644,22.9442008359411,8.771305029904344,2.0634521689690395,2.9444863728670914,2.9444863728670914,4.800000000000001,0,0,True,125,2.9444863728670914
reference_native,89,eval:89,Li2O8F2P2In4,invalid_terminal,True,True,True,True,18,5,29.485253343583608,1.6380696301990894,39.48391363654533,15.49530153410194,0.5527984472297749,0.5527984472297749,2.4040579888973506,0,20,True,125,0.5527984472297749
reference_native,90,eval:90,S2Se2Eu2,verified,False,False,False,False,6,3,90.6312905568491,15.105215092808182,9.636925743921568,3.206456281779348,1.2248922401582927,1.2248922401582927,3.4,0,0,True,125,1.2248922401582927
reference_native,91,eval:91,O8La2Pb2,verified,False,False,False,False,12,3,171.1428216894906,14.26190180745755,7.958173908142502,2.2786851918400437,0.7654789374229224,0.7654789374229224,5.256856889062416,0,2,True,125,0.7654789374229224
reference_native,92,eval:92,O12Ca4Fe2Ho2,invalid_terminal,False,False,False,False,20,4,211.19999999999996,10.559999999999999,6.241609712845325,1.163636363636364,0.5119999999999998,0.5119999999999998,5.5,0,7,True,125,0.5119999999999998
reference_native,93,eval:93,O2ZnSr,verified,False,False,False,False,4,3,47.37191169881155,11.842977924702888,6.485824179114974,2.08806472161909,1.4278861999473207,1.4278861999473207,3.8000000000000003,0,0,True,125,1.4278861999473207
reference_native,94,eval:94,NaSc2As6Tl,not_converged,False,False,False,False,10,4,236.5173188119637,23.65173188119637,5.383645600763993,2.2997617560832024,1.669393602479655,1.669393602479655,5.800000000000001,0,0,True,125,1.669393602479655
reference_native,95,eval:95,O6Al2In2,not_converged,False,False,False,False,10,3,85.91134784087916,8.591134784087917,7.337018161590738,2.1834527461790705,1.0330130686491819,1.0330130686491819,4.6,0,0,True,125,1.0330130686491819
reference_native,96,eval:96,CaCd2Nd,verified,False,True,False,True,4,3,82.76331320397945,20.690828300994863,8.208906198721273,2.1079608229118416,1.7003676073131953,1.7003676073131953,4.5,0,0,True,125,1.7003676073131953
reference_native,97,eval:97,SrAg3,not_converged,False,False,False,False,4,2,85.1306108385345,21.282652709633624,8.02125706277516,3.44696483139776,0.9266137536161777,0.9266137536161777,3.706455014464711,0,1,True,125,0.9266137536161777
reference_native,98,eval:98,Ni6As2,invalid_terminal,False,True,False,True,8,2,138.41770631227067,17.302213289033833,6.022326273007615,1.8994496871018083,0.756,0.756,4.3,0,1,True,125,0.756
reference_native,99,eval:99,O5F8V4Mn2,invalid_terminal,False,False,False,False,19,4,92.53499288789064,4.8702627835731915,9.791256091806398,4.44134772627592,0.5920036646642995,0.5920036646642995,4.09849683781182,0,9,True,125,0.5920036646642995
reference_native,100,eval:100,O2S8Zn2Os2,invalid_terminal,False,False,False,False,14,4,301.13574280649203,21.509695914749432,4.410282948693645,1.8055414636289433,0.5733785230174822,0.5733785230174822,6.300000000000001,0,2,True,125,0.5733785230174822
reference_native,101,eval:101,LiF6K2Ag,verified,False,True,False,True,10,4,187.81321793739644,18.781321793739643,2.7142882746943884,2.063920915818842,1.2605359971059926,1.2605359971059926,6.2,0,0,True,125,1.2605359971059926
reference_native,102,eval:102,V6Fe2,invalid_terminal,False,False,False,False,8,2,84.90513058702635,10.613141323378294,8.162141777821729,1.9487493195232004,0.7024877223126392,0.7024877223126392,4.0,0,2,True,125,0.7024877223126392
reference_native,103,eval:103,Sn8Yb6,invalid_terminal,False,False,False,False,14,2,241.93587807619613,17.281134148299724,13.644188896348135,2.2194637588314654,0.6259752391269162,0.6259752391269162,6.1000000000000005,0,2,True,125,0.6259752391269162
reference_native,104,eval:104,Cu2Zr12Sn4,invalid_terminal,False,False,False,False,18,3,461.9573150407344,25.6642952800408,6.09862361618079,1.2547576759042984,0.783075006217764,0.783075006217764,7.6000000000000005,0,4,True,125,0.783075006217764
reference_native,105,eval:105,Sb6Dy2,verified,False,False,False,False,8,2,373.38512079085325,46.673140098856656,4.6943451132379295,2.5181872168816324,1.425,1.425,5.7,0,0,True,125,1.425
reference_native,106,eval:106,Al4Pd4Ce4,not_converged,False,False,False,False,12,3,231.98499999999996,19.33208333333333,7.831309063009653,1.9302325581395352,0.8913613184337764,0.8913613184337764,4.3,0,2,True,125,0.8913613184337764
reference_native,107,eval:107,Cl6K2AsRb,verified,False,True,False,True,10,4,305.7755996020613,30.577559960206127,2.4508427876133076,2.0581750329999684,0.9239999999999999,0.9239999999999999,7.2,0,1,True,125,0.9239999999999999
reference_native,108,eval:108,ZnSn2Pb,verified,False,True,False,True,4,3,65.3465660765736,16.3366415191434,12.96048331914642,2.1389474244525677,1.6876388831737672,1.6876388831737672,4.1000000000000005,0,0,True,125,1.6876388831737672
reference_native,109,eval:109,Zn3Ac,not_converged,False,False,False,False,4,2,95.31599999999997,23.828999999999994,7.373210872675296,1.3333333333333333,0.7989999999999999,0.7989999999999999,3.9000000000000004,0,1,True,125,0.7989999999999999
reference_native,110,eval:110,Ni4Ge8,not_converged,False,True,False,True,12,2,267.7860000000001,22.31550000000001,5.059350365549032,1.4210526315789465,1.2222377019221753,1.2222377019221753,5.7,0,0,True,125,1.2222377019221753
reference_native,111,eval:111,O2F10Mn2Ba4,invalid_terminal,False,False,False,False,18,4,309.3200000000003,17.18444444444446,4.730415421494484,1.3818181818181818,0.6599999999999999,0.6599999999999999,5.5,0,2,True,125,0.6599999999999999
reference_native,112,eval:112,CeTl3,verified,False,False,False,False,4,2,139.32000000000008,34.83000000000002,8.978089681938044,1.3953488372093021,2.15,2.15,4.3,0,0,True,125,2.15
reference_native,113,eval:113,O6Ba2LaBi,not_converged,False,False,False,False,10,4,153.48176949722728,15.348176949722728,7.773936611576533,2.157754928806523,0.8184528086578968,0.8184528086578968,5.6000000000000005,0,3,True,125,0.8184528086578968
reference_native,114,eval:114,B4Rh4Tm4,invalid_terminal,False,False,False,False,12,3,192.48627034674465,16.040522528895387,9.753475825818349,1.755944504211493,0.5039999999999998,0.5039999999999998,5.6000000000000005,0,2,True,125,0.5039999999999998
reference_native,115,eval:115,Ti6Rh2,invalid_terminal,False,False,False,False,8,2,81.02453762904172,10.128067203630215,10.103943457101938,2.105007510399504,0.552,0.552,4.6000000000000005,0,2,True,125,0.552
reference_native,116,eval:116,ZnTbTl2,verified,False,False,False,False,4,3,87.97539728810557,21.993849322026392,11.949805206718962,2.0913598327047396,1.8062391868188443,1.8062391868188443,4.800000000000001,0,0,True,125,1.8062391868188443
reference_native,117,eval:117,O12Cr4La4,invalid_terminal,False,False,False,False,20,3,271.44000000000017,13.572000000000008,5.845894504667764,1.2413793103448272,0.5461135413080329,0.5461135413080329,5.800000000000001,0,6,True,125,0.5461135413080329
reference_native,118,eval:118,Li4O8Cr4,invalid_terminal,False,False,False,False,16,3,172.68595456015757,10.792872160009848,3.497739347500368,2.31857017991158,0.7061730107373158,0.7061730107373158,5.1000000000000005,0,1,True,125,0.7061730107373158
reference_native,119,eval:119,Li2F8Mn2Te2,invalid_terminal,False,False,False,False,14,4,301.73120808860864,21.55222914918633,2.9219895560924303,2.0463642525526926,0.6659999999999998,0.6659999999999998,6.4,0,2,True,125,0.6659999999999998
reference_native,120,eval:120,Ru8Yb4,invalid_terminal,False,False,False,False,12,2,170.09635707747145,14.17469642312262,14.650544143593578,4.674254681356904,0.852,0.852,5.428161308111127,0,2,True,125,0.852
reference_native,121,eval:121,Cu3GaHf,not_converged,False,False,False,False,5,3,107.543,21.5086,6.776166090926202,1.4878048780487803,1.0250000000000001,1.0250000000000001,4.1000000000000005,0,0,True,125,1.0250000000000001
reference_native,122,eval:122,S4K2Mn2,not_converged,False,True,False,True,8,3,348.8709386030535,43.60886732538169,1.5056650803044838,1.908012804539002,1.0540000000000003,1.0540000000000003,6.2,0,0,True,125,1.0540000000000003
reference_native,123,eval:123,S12Er8,invalid_terminal,False,False,False,False,20,2,284.59200000000016,14.229600000000008,10.052506929112347,1.3750000000000002,0.712110244274017,0.712110244274017,5.6000000000000005,0,2,True,125,0.712110244274017
reference_native,124,eval:124,O12Sr4Nb2Sm2,not_converged,False,False,False,False,20,4,365.5079999999999,18.275399999999998,4.674874235662724,1.181818181818182,0.9415545655988294,0.9415545655988294,6.6000000000000005,0,2,True,125,0.9415545655988294
reference_native,125,eval:125,O12Ca4Ti2Bi2,invalid_terminal,False,False,False,False,20,4,328.56,16.428,4.376753614134324,1.2333333333333332,0.8140000000000007,0.8140000000000007,6.0,0,3,True,125,0.8140000000000007
reference_native,126,eval:126,Li2F8V2,invalid_terminal,False,False,False,False,12,3,240.33086550029586,20.027572125024655,1.850003868010658,1.253413074981638,0.8190000000000002,0.8190000000000002,6.0,0,2,True,125,0.8190000000000002
reference_native,127,eval:127,Li2O8Mn3Rh,not_converged,False,False,False,False,14,4,217.64266745093585,15.545904817923988,3.1250836705837735,2.1271323595368443,0.8401225076523323,0.8401225076523323,5.7,0,1,True,125,0.8401225076523323
reference_native,128,eval:128,B2Fe3La3,not_converged,False,False,False,False,8,3,50.38449196677485,6.298061495846857,19.96797878566679,1.8503316737695874,1.0250000000000001,1.0250000000000001,3.3000000000000003,0,0,True,125,1.0250000000000001
reference_native,129,eval:129,Ga2As6Sb2,not_converged,False,False,False,False,10,3,435.92407775052465,43.592407775052465,3.171174837843522,1.6747235062226966,1.0056383501481208,1.0056383501481208,6.800000000000001,0,0,True,125,1.0056383501481208
reference_native,130,eval:130,K4Zn2As4,not_converged,False,False,False,False,10,3,162.936,16.2936,5.981283405102495,2.0277777777777772,1.025329215423027,1.025329215423027,3.6,0,0,True,125,1.025329215423027
reference_native,131,eval:131,K4As12Eu4,not_converged,False,False,False,False,20,3,245.01900000000018,12.250950000000008,11.272548569718825,1.3018867924528301,1.044068963239498,1.044068963239498,5.300000000000001,0,0,True,125,1.044068963239498
reference_native,132,eval:132,O12Ga4Nb2,invalid_terminal,False,False,False,False,18,3,201.66600000000005,11.20366666666667,5.407316817514589,1.0701754385964912,0.5754068126117388,0.5754068126117388,5.7,0,4,True,125,0.5754068126117388
reference_native,133,eval:133,Co4Ge4Pd4,verified,False,False,False,False,12,3,179.93500000000003,14.994583333333336,8.785327988050168,2.771428571428572,1.3806407932550742,1.3806407932550742,3.5,0,0,True,125,1.3806407932550742
reference_native,134,eval:134,F6Rb3Nd,verified,False,False,False,False,10,3,149.0694231826232,14.90694231826232,5.732717445390307,2.1349036186373986,1.5901984152928843,1.5901984152928843,5.4,0,0,True,125,1.5901984152928843
reference_native,135,eval:135,As8Cd2Tl4,not_converged,False,False,False,False,14,3,456.96092228421304,32.64006587744379,5.965835037061478,3.0204440091952747,1.1609571631822273,1.1609571631822273,6.499999999999999,0,0,True,125,1.1609571631822273
reference_native,136,eval:136,Cu3In3Pr3,invalid_terminal,False,False,False,False,9,3,390.5739930051665,43.39711033390739,4.07218394345956,1.9393955085833117,0.5459999999999999,0.5459999999999999,5.9,0,4,True,125,0.5459999999999999
reference_native,137,eval:137,B2Co2Eu2,not_converged,False,False,False,False,6,3,61.8238333380256,10.303972223004267,11.909812100131678,3.570326300385937,1.675,1.675,2.812395568582992,0,0,True,125,1.675
reference_native,138,eval:138,F2I2Ba2,verified,False,False,False,False,6,3,99.20000000000003,16.53333333333334,9.482142525741214,1.5500000000000003,1.55,1.55,4.0,0,0,True,125,1.55
reference_native,139,eval:139,ScZn2Sn,not_converged,False,True,False,True,4,3,68.60349991071882,17.150874977679706,7.127945964820862,2.0749752348687602,1.5773791554347356,1.5773791554347356,4.4,0,0,True,125,1.5773791554347356
reference_native,140,eval:140,O10Cu2Sr4Cs2,verified,False,False,False,False,18,4,376.93009241184336,20.940560689546853,3.979763544548762,2.6657289550202736,0.9427270936911207,0.9427270936911207,6.500000000000001,0,1,True,125,0.9427270936911207
reference_native,141,eval:141,AgIn2Ce,not_converged,False,True,False,True,4,3,76.50329687013497,19.125824217533744,10.366965000784365,2.041659579964948,1.6798437427332342,1.6798437427332342,4.6000000000000005,0,0,True,125,1.6798437427332342
reference_native,142,eval:142,Li4N8As4,invalid_terminal,False,False,False,False,16,3,260.13,16.258125,2.8055724519546628,1.1896551724137931,0.5232246171578702,0.5232246171578702,5.800000000000001,0,5,True,125,0.5232246171578702
reference_native,143,eval:143,Na4Au4,not_converged,False,False,False,False,8,2,120.73600000000005,15.092000000000006,12.100652420495127,2.40625,0.8819999999999998,0.8819999999999998,3.2,0,1,True,125,0.8819999999999998
reference_native,144,eval:144,YIn2Eu,verified,False,False,False,False,4,3,65.71001896210346,16.427504740525865,11.890018559261566,2.064868451508555,1.6278820596099708,1.6278820596099708,4.4,0,0,True,125,1.6278820596099708
reference_native,145,eval:145,F6K2AgTl,invalid_terminal,False,False,False,False,10,4,196.58134202410963,19.658134202410963,4.261034435947243,2.2113341921409564,0.7670000000000001,0.7670000000000001,5.9,0,3,True,125,0.7670000000000001
reference_native,146,eval:146,Zn10Pt6,invalid_terminal,False,True,False,True,16,2,168.46479603604817,10.52904975225301,17.98482347039224,4.860393690447712,0.8818194350183062,0.8818194350183062,3.5272777400732247,0,1,True,125,0.8818194350183062
reference_native,147,eval:147,TiCoTm2,not_converged,False,True,False,True,4,3,90.01186481792276,22.50296620448069,8.203247520668963,2.0560492377456585,1.7686506155823993,1.7686506155823993,4.800000000000001,0,0,True,125,1.7686506155823993
reference_native,148,eval:148,Li2SnEr,verified,False,True,False,True,4,3,75.98357338596287,18.995893346490718,6.552920288835228,2.1388019262361824,1.6328655792807931,1.6328655792807931,4.3,0,0,True,125,1.6328655792807931
reference_native,149,eval:149,O5F8Cu2Sr2Os,invalid_terminal,False,False,False,False,18,5,407.8172970898069,22.656516504989273,2.9501870610981706,1.9799989428954488,0.6656274998646072,0.6656274998646072,6.2,0,4,True,125,0.6656274998646072
reference_native,150,eval:150,In3Yb,verified,False,False,False,False,4,2,132.28800000000004,33.07200000000001,6.4958197548613645,1.1041666666666667,2.4000000000000004,2.4000000000000004,4.800000000000001,0,0,True,125,2.4000000000000004
reference_native,151,eval:151,Si2Co2Ce,not_converged,False,False,False,False,5,3,67.91371588900857,13.582743177801714,7.681275721275236,5.295963650577461,1.1399999999999997,1.1399999999999997,3.926793771008632,0,0,True,125,1.1399999999999997
reference_native,152,eval:152,V2FeRu,not_converged,False,True,False,True,4,3,62.02740684568398,15.506851711420994,6.928295268365704,2.195496383582258,1.4868170701199257,1.4868170701199257,4.0,0,0,True,125,1.4868170701199257
reference_native,153,eval:153,LiYAu2,not_converged,True,True,True,True,4,3,101.26334792016306,25.315836980040764,8.031521975296446,2.0362319751620404,1.8565761497983324,1.8565761497983324,5.1000000000000005,0,0,True,125,1.8565761497983324
reference_native,154,eval:154,Sc6Lu2,invalid_terminal,False,False,False,False,8,2,82.22391593690975,10.277989492113718,12.514429103874516,1.7529060423541682,0.6439999999999999,0.6439999999999999,4.3,0,1,True,125,0.6439999999999999
reference_native,155,eval:155,ScPtAu2,verified,False,False,False,False,4,3,60.10973325510604,15.02743331377651,17.51358656390527,2.060345980056222,1.5223337347638328,1.5223337347638328,4.2,0,0,True,125,1.5223337347638328
reference_native,156,eval:156,NiGd3,invalid_terminal,True,True,True,True,4,2,78.93600000000004,19.73400000000001,11.158685369414844,1.1794871794871795,1.1,1.1,3.9000000000000004,0,0,True,125,1.1
reference_native,157,eval:157,MgScTc2,not_converged,False,False,False,False,4,3,76.11297392691996,19.02824348172999,5.787135681242318,2.107557975046557,1.7181021506301655,1.7181021506301655,4.5,0,0,True,125,1.7181021506301655
reference_native,158,eval:158,N2Br2,verified,True,True,True,True,4,2,83.22157720206945,20.805394300517364,3.7476431320956705,1.7357957953762513,1.4778958014691026,1.4778958014691026,4.2,0,0,True,125,1.4778958014691026
reference_native,159,eval:159,MgGa2Er,not_converged,True,True,True,True,4,3,68.59501462934456,17.14875365733614,8.013046420433689,2.083025121116921,1.5935416530483286,1.5935416530483286,4.3,0,0,True,125,1.5935416530483286
reference_native,160,eval:160,Ga3Tm,not_converged,False,True,False,True,4,2,52.83600000000002,13.209000000000005,11.883093939962592,1.8214285714285714,1.4000000000000001,1.4000000000000001,2.8000000000000003,0,0,True,125,1.4000000000000001
reference_native,161,eval:161,AgYbHg2,not_converged,False,False,False,False,4,3,84.74674772520771,21.186686931301928,13.36492707235743,2.0573607667724345,2.882164984868146,2.882164984868146,4.7,0,0,True,125,2.882164984868146
reference_native,162,eval:162,Cu2Ge10Tb6,invalid_terminal,False,False,False,False,18,3,238.76325716551952,13.264625398084418,12.567542253952682,2.690848200385929,0.6425380582814113,0.6425380582814113,5.300000000000001,0,2,True,125,0.6425380582814113
reference_native,163,eval:163,Cu3In3Yb3,verified,False,False,False,False,9,3,240.0622419290465,26.67358243656072,7.292109731258445,2.2746901100667376,1.8104118316007551,1.8104118316007551,5.0,0,0,True,125,1.8104118316007551
reference_native,164,eval:164,K2Ag6Sn2,not_converged,False,False,False,False,10,3,337.6901628864444,33.76901628864444,4.734546726396743,2.1927524358318444,1.0128627217575827,1.0128627217575827,5.2,0,0,True,125,1.0128627217575827
reference_native,165,eval:165,Sr4In2Th2,not_converged,False,False,False,False,8,3,359.91,44.98875,4.817653880958781,2.1627906976744193,1.8136948475418904,1.8136948475418904,4.3,0,0,True,125,1.8136948475418904
reference_native,166,eval:166,S4Sc2W,invalid_terminal,False,False,False,False,7,3,93.36706480740418,13.338152115343453,7.149805344787759,4.242640687119284,1.122,1.122,3.3000000000000003,0,0,True,125,1.122
reference_native,167,eval:167,CdErHg2,not_converged,False,True,False,True,4,3,80.45319534984301,20.113298837460754,14.052618029382174,2.185026059685302,1.7202834068838773,1.7202834068838773,4.3,0,0,True,125,1.7202834068838773
reference_native,168,eval:168,AlGaSm2,verified,False,True,False,True,4,3,67.20342848396949,16.800857120992372,9.820019413566074,2.0582529391005626,2.6968731894547804,2.6968731894547804,4.4,0,0,True,125,2.6968731894547804
reference_native,169,eval:169,P4Co2Br10Hg2,invalid_terminal,False,False,False,False,18,4,204.71314475963257,11.372952486646254,11.696691553063431,2.8343942107007867,0.7172509361678463,0.7172509361678463,5.677547843758297,0,6,True,125,0.7172509361678463
reference_native,170,eval:170,AlMnRu2,not_converged,False,False,False,False,4,3,71.14908432299043,17.787271080747608,6.62962904299122,2.1451791775978863,1.568637944205099,1.568637944205099,4.3,0,0,True,125,1.568637944205099
reference_native,171,eval:171,F3RbAu,verified,False,False,False,False,5,3,90.91782901392948,18.183565802785896,6.19940095070375,3.886353045591708,1.2765688387235528,1.2765688387235528,3.9945882662489223,0,0,True,125,1.2765688387235528
reference_native,172,eval:172,O6FeBa2Os,invalid_terminal,False,False,False,False,10,4,243.76516331912566,24.376516331912566,4.201160683176921,2.5884551957963025,0.5760000000000001,0.5760000000000001,5.699999999999999,0,1,True,125,0.5760000000000001
reference_native,173,eval:173,LiYAu2,not_converged,True,True,False,False,4,3,88.2836958447028,22.0709239611757,9.212332994571598,2.0427546212323486,1.786232067789625,1.786232067789625,4.8999999999999995,0,0,True,125,1.786232067789625
reference_native,174,eval:174,Cl6K2AgSb,not_converged,False,False,False,False,10,4,343.8052165078362,34.38052165078362,2.5141609659597735,2.66912779032785,0.8566778857890524,0.8566778857890524,5.800000000000001,0,2,True,125,0.8566778857890524
reference_native,175,eval:175,Sb2,not_converged,False,False,False,False,2,1,47.29537935147577,23.647689675737887,8.549978434326992,1.7502246211836963,1.2580000000000002,1.2580000000000002,3.6,0,0,True,125,1.2580000000000002
reference_native,176,eval:176,F12Na4Fe4,invalid_terminal,False,False,False,False,20,3,293.24800000000016,14.662400000000009,3.0765902764307724,1.362068965517241,0.5933093628116785,0.5933093628116785,5.800000000000001,0,3,True,125,0.5933093628116785
reference_native,177,eval:177,Cu2Ga4Sm4,invalid_terminal,False,False,False,False,10,3,273.0,27.3,6.12771761403091,1.3392857142857144,0.504,0.504,5.6000000000000005,0,3,True,125,0.504
reference_native,178,eval:178,Pr12Pt4,invalid_terminal,False,False,False,False,16,2,191.5200000000001,11.970000000000006,21.426327821470178,1.4583333333333335,0.6839999999999999,0.6839999999999999,4.800000000000001,0,6,True,125,0.6839999999999999
reference_native,179,eval:179,Mg4Nd2,verified,False,False,False,False,6,2,166.32000000000002,27.720000000000002,3.8508691687342846,1.037037037037037,1.35,1.35,5.4,0,0,True,125,1.35
reference_native,180,eval:180,Na2K2As2,not_converged,False,True,False,True,6,3,163.96978585093046,27.328297641821745,2.7750223269574983,2.901565020956154,1.4280000000000002,1.4280000000000002,4.2,0,0,True,125,1.4280000000000002
reference_native,181,eval:181,O8K4Nd4,verified,False,False,False,False,16,3,257.7120000000002,16.107000000000014,5.5500556918806065,1.3928571428571428,0.6102753476915153,0.6102753476915153,5.6000000000000005,0,2,True,125,0.6102753476915153
reference_native,182,eval:182,O12Ca4Ru4,not_converged,False,False,False,False,20,3,287.1000000000001,14.355000000000004,4.3759617471116234,1.2931034482758619,0.8717109612709937,0.8717109612709937,5.800000000000001,0,4,True,125,0.8717109612709937
reference_native,183,eval:183,Pr6Hg2,verified,False,True,False,True,8,2,285.7052448101016,35.7131556012627,7.2454777991957755,1.8919935713296931,1.8588426506834839,1.8588426506834839,5.800000000000001,0,0,True,125,1.8588426506834839
reference_native,184,eval:184,H3Li6F6Cl3,invalid_terminal,False,False,False,False,18,4,114.7336435695738,6.374091309420766,3.835621238903229,2.7411190522695317,0.5530000000000005,0.5530000000000005,3.9000000000000004,0,8,True,125,0.5530000000000005
reference_native,185,eval:185,NiGa3Lu,invalid_terminal,False,False,False,False,5,3,120.60915628124744,24.121831256249486,6.096846551387157,3.822862590749568,0.8754903400771988,0.8754903400771988,4.7243145989285065,0,1,True,125,0.8754903400771988
reference_native,186,eval:186,Co2Ge2Tb2,not_converged,False,False,False,False,6,3,76.13217802631192,12.688696337718653,12.672281163327341,4.3248221884163955,1.0922790886528055,1.0922790886528055,2.5646902954125594,0,0,True,125,1.0922790886528055
reference_native,187,eval:187,Cd2CeTl,not_converged,False,True,False,True,4,3,115.46770894063846,28.866927235159615,8.187399479654657,2.025401750354266,1.909842925478428,1.909842925478428,5.4,0,0,True,125,1.909842925478428
reference_native,188,eval:188,O8BaLa2Os,invalid_terminal,False,False,False,False,12,4,143.66591107506855,11.972159256255713,8.476458575744735,1.9966070581828763,0.7440678083440139,0.7440678083440139,5.4,0,1,True,125,0.7440678083440139
reference_native,189,eval:189,H4Hg2,not_converged,False,False,False,False,6,2,179.00600000000003,29.834333333333337,3.75892404570653,1.8048780487804874,2.0500000000000003,2.0500000000000003,4.1000000000000005,0,0,True,125,2.0500000000000003
reference_native,190,eval:190,Cl6KRb2Sb,invalid_terminal,False,False,False,False,10,4,261.3466663265479,26.134666632654792,3.4597084970995264,2.2918964530245445,0.6599999999999999,0.6599999999999999,6.0,0,2,True,125,0.6599999999999999
reference_native,191,eval:191,Li4O8P2Co2,invalid_terminal,False,False,False,False,16,4,138.04300000000003,8.627687500000002,4.036657168401261,2.3548387096774195,0.5109999999999997,0.5109999999999997,3.1,0,4,True,125,0.5109999999999997
reference_native,192,eval:192,Cl6K2AsCs,verified,False,True,False,True,10,4,193.41067521726933,19.341067521726934,4.2819766602346325,2.216769899824246,0.8076862014421196,0.8076862014421196,5.9,0,1,True,125,0.8076862014421196
reference_native,193,eval:193,F6CaTe,invalid_terminal,False,True,False,True,8,3,82.22104272227004,10.277630340283755,5.688585286967912,4.132844894418692,0.6958251298373627,0.6958251298373627,3.753903772335349,0,1,True,125,0.6958251298373627
reference_native,194,eval:194,Si2Ti4As2,verified,False,False,False,False,8,3,75.68000000000004,9.460000000000004,8.721389024552249,1.1000000000000003,1.075,1.075,4.0,0,0,True,125,1.075
reference_native,195,eval:195,Co2Sn2Ce2,invalid_terminal,False,False,False,False,6,3,211.01437491295763,35.16906248549294,5.001095847489261,1.8181810109069565,0.8692761356439049,0.8692761356439049,5.700000000000001,0,2,True,125,0.8692761356439049
reference_native,196,eval:196,Al4Fe8,invalid_terminal,False,False,False,False,12,2,132.59999999999997,11.049999999999997,6.9462898120914,1.7435897435897432,0.6587746200332858,0.6587746200332858,3.9000000000000004,0,4,True,125,0.6587746200332858
reference_native,197,eval:197,O4Pd2Ba2,invalid_terminal,False,False,False,False,8,3,142.79286665218973,17.849108331523716,6.41329898455188,1.7660116960366539,0.5099999999999999,0.5099999999999999,5.1000000000000005,0,3,True,125,0.5099999999999999
reference_native,198,eval:198,F14In4Cs2,invalid_terminal,False,False,False,False,20,3,345.8397236156532,17.29198618078266,4.758547517650865,2.8842725116340264,0.726,0.726,6.6000000000000005,0,4,True,125,0.726
reference_native,199,eval:199,Li4O8Cr3Co,invalid_terminal,False,False,False,False,16,4,165.1730730173657,10.323317063585357,3.7265745804537076,2.5200210552933555,0.6037607141906469,0.6037607141906469,4.7,0,2,True,125,0.6037607141906469
reference_native,200,eval:200,Li2F10S2,not_converged,False,False,False,False,14,3,330.25705568238845,23.589789691599176,1.347489397040352,2.584479523319034,0.856,0.856,5.4,0,2,True,125,0.856
reference_native,201,eval:201,Ho3Ir,not_converged,False,False,False,False,4,2,92.16000000000001,23.040000000000003,12.37851081429221,1.2000000000000002,2.0,2.0,4.0,0,0,True,125,2.0
reference_native,202,eval:202,AlNiRh5,invalid_terminal,False,False,False,False,7,3,33.37914235396031,4.768448907708616,29.858753906708387,4.497518812491962,0.5100000000000001,0.5100000000000001,2.8716958337425798,0,4,True,125,0.5100000000000001
reference_native,203,eval:203,Mg4Pb2,verified,False,True,False,True,6,2,80.24156550015287,13.373594250025478,10.587592502196053,2.984824794883773,1.5152715928176042,1.5152715928176042,3.2,0,0,True,125,1.5152715928176042
reference_native,204,eval:204,Pd3Gd,verified,False,False,False,False,4,2,110.20800000000007,27.552000000000017,7.179728065345215,1.3658536585365852,2.4000000000000004,2.4000000000000004,4.1000000000000005,0,0,True,125,2.4000000000000004
reference_native,205,eval:205,O12Mn2Fe2Sr4,not_converged,False,False,False,False,20,4,308.72703537484125,15.436351768742062,4.109508659344611,2.720845639417764,1.051655416263694,1.051655416263694,5.699999999999999,0,0,True,125,1.051655416263694
reference_native,206,eval:206,Co2Ga10Dy6,generation_failure,False,False,False,False,,,,,,,,,,,,,,
reference_native,207,eval:207,O7NaK3Nb2,invalid_terminal,False,False,False,False,13,4,175.60188468061492,13.507837283124225,4.142728441414604,1.853450388745152,0.6995765017730006,0.6995765017730006,5.7,0,2,True,125,0.6995765017730006
reference_native,208,eval:208,S8Ag4W2,not_converged,False,False,False,False,14,3,172.55473640626778,12.325338314733413,10.159013669840558,3.0798866521607877,0.8259999999999995,0.8259999999999995,5.385505905631607,0,1,True,125,0.8259999999999995
reference_native,209,eval:209,O12Sm4Lu4,not_converged,False,False,False,False,20,3,332.8800000000002,16.644000000000013,7.449183839777193,1.4035087719298243,0.8211650260453132,0.8211650260453132,5.7,0,1,True,125,0.8211650260453132
reference_native,210,eval:210,O6As2Ag2,verified,False,False,False,False,10,3,177.55404991772846,17.755404991772846,4.316798071123195,2.5169526102708915,1.502637003278087,1.502637003278087,4.841028100496097,0,0,True,125,1.502637003278087
reference_native,211,eval:211,CuGaPr2Pt2,not_converged,False,False,False,False,6,4,52.79999999999998,8.799999999999997,25.32486557991484,1.212121212121212,0.792,0.792,3.3000000000000003,0,3,True,125,0.792
reference_native,212,eval:212,O8Nb4,invalid_terminal,False,False,False,False,12,2,174.5004354729857,14.541702956082142,4.754370507982233,3.9133479036701893,0.5358357957434345,0.5358357957434345,3.588317341004894,0,4,True,125,0.5358357957434345
reference_native,213,eval:213,Ca4As2Sb2,verified,False,True,False,True,8,3,108.71140722521466,13.588925903151832,8.457247710011446,6.201761504258241,1.4558014685457055,1.4558014685457055,4.393557040025887,0,0,True,125,1.4558014685457055
reference_native,214,eval:214,NaSb4Tm,verified,False,True,False,True,6,3,99.38810073645638,16.564683456076065,11.34387521297181,2.0235830982024203,1.821228980661136,1.821228980661136,5.1000000000000005,0,0,True,125,1.821228980661136
reference_native,215,eval:215,LiAg2Cd,not_converged,False,True,False,True,4,3,74.8401817207842,18.71004543019605,7.43487477142188,2.060173804401337,1.7170104833692776,1.7170104833692776,4.5,0,0,True,125,1.7170104833692776
reference_native,216,eval:216,Li6F8Cs2,invalid_terminal,False,False,False,False,16,3,263.0880000000002,16.443000000000012,2.899884927433882,1.2413793103448274,0.5715531471350676,0.5715531471350676,5.800000000000001,0,3,True,125,0.5715531471350676
reference_native,217,eval:217,Ge2Ru2Dy,invalid_terminal,False,False,False,False,5,3,82.21179882570614,16.442359765141227,10.299520177581991,2.4495273238016115,0.6428178998914612,0.6428178998914612,4.152735058890631,0,1,True,125,0.6428178998914612
reference_native,218,eval:218,S2KLa,verified,False,True,False,True,4,3,58.718819205656935,14.679704801414234,6.847422851265436,4.6322901103261405,1.7949133477708303,1.7949133477708303,3.763047651943461,0,0,True,125,1.7949133477708303
reference_native,219,eval:219,B4Fe8Rb4,invalid_terminal,False,False,False,False,16,3,385.154,24.072125,3.586516739111338,1.3442622950819667,0.7972283236313172,0.7972283236313172,6.1000000000000005,0,3,True,125,0.7972283236313172
reference_native,220,eval:220,NaSe2Sm,not_converged,False,True,False,True,4,3,84.04598161724594,21.011495404311486,6.545064771545636,4.25721784631522,1.804481150032203,1.804481150032203,3.7535946810193628,0,0,True,125,1.804481150032203
reference_native,221,eval:221,O6Sr2AgOs,not_converged,False,True,False,True,10,4,156.85891148417423,15.685891148417422,6.027087248801084,2.4432436006078206,0.7899999999999998,0.7899999999999998,5.199999999999999,0,1,True,125,0.7899999999999998
reference_native,222,eval:222,O8Na4V4,invalid_terminal,False,False,False,False,16,3,127.83999999999997,7.989999999999998,5.503786557167852,1.7,0.748,0.748,4.0,0,2,True,125,0.748
reference_native,223,eval:223,Ni3Ge,not_converged,False,False,False,False,4,2,56.82600000000003,14.206500000000007,7.267969041505034,1.2727272727272732,1.0250000000000001,1.0250000000000001,3.3000000000000003,0,0,True,125,1.0250000000000001
reference_native,224,eval:224,Al8Cu4Ho,invalid_terminal,False,False,False,False,13,3,216.6411039059724,16.664700300459415,4.866975260462717,1.5486783719990183,0.704,0.704,6.0,0,3,True,125,0.704
reference_native,225,eval:225,Mg2Ag4,not_converged,False,True,False,True,6,2,206.6825246048715,34.44708743414525,3.857105220321683,3.7156743702783723,1.972012792298095,1.972012792298095,4.739340803086151,0,0,True,125,1.972012792298095
reference_native,226,eval:226,Si2Ti2Sr,not_converged,False,False,False,False,5,3,83.75599356620383,16.751198713240765,4.748801882613644,5.19866273321931,1.35,1.35,3.3266725461918565,0,0,True,125,1.35
reference_native,227,eval:227,O12KSr2Sb3Ba2,invalid_terminal,False,False,False,False,20,5,117.39,5.8695,14.799932469291726,1.794871794871795,0.5259743339745773,0.5259743339745773,3.9000000000000004,0,3,True,125,0.5259743339745773
reference_native,228,eval:228,Nd2Hg6,not_converged,False,False,False,False,8,2,267.7360837069782,33.467010463372276,9.253755063573537,1.8669491672407674,1.1414941962182719,1.1414941962182719,5.5,0,0,True,125,1.1414941962182719
reference_native,229,eval:229,O12Ca2Sr4Tl2,not_converged,False,False,False,False,20,4,223.26504661610684,11.163252330805342,7.671027690045853,1.498023815418371,0.6276728811487698,0.6276728811487698,5.2,0,1,True,125,0.6276728811487698
reference_native,230,eval:230,Li6AlAs2In,verified,False,False,False,False,10,4,121.16981802412687,12.116981802412687,4.5674655613738455,2.1210183057748773,1.2750000000000001,1.2750000000000001,5.1000000000000005,0,0,True,125,1.2750000000000001
reference_native,231,eval:231,O6FeCuBaW,not_converged,False,False,False,False,10,5,222.86591529437615,22.286591529437615,3.9977828883311792,2.9386076578942366,0.6665740769036846,0.6665740769036846,5.1000000000000005,0,1,True,125,0.6665740769036846
reference_native,232,eval:232,Ga3Pd3Au3,invalid_terminal,False,False,False,False,9,3,162.93055536638906,18.103395040709895,11.40786049713419,1.8112259293407715,0.624,0.624,5.2,0,2,True,125,0.624
reference_native,233,eval:233,ZnTm2Ir,not_converged,False,True,False,True,4,3,85.68437131706109,21.421092829265273,11.54051471876079,2.1712353960739565,1.7376348868505145,1.7376348868505145,4.4,0,0,True,125,1.7376348868505145
reference_native,234,eval:234,Y6Ir2,not_converged,False,False,False,False,8,2,277.5992470306792,34.6999058788349,5.4904957952084725,2.383947122790909,1.1520000000000001,1.1520000000000001,5.300000000000001,0,0,True,125,1.1520000000000001
reference_native,235,eval:235,CNZr2,not_converged,False,False,False,False,4,3,93.5653846248707,23.391346156217676,3.6997116200854183,2.691655958298616,1.8250000000000002,1.8250000000000002,3.7,0,0,True,125,1.8250000000000002
reference_native,236,eval:236,Na2Br6Th,verified,False,True,False,True,9,3,384.1251522778742,42.68057247531935,3.2743530529523253,2.0715331962406034,1.3796090025800787,1.3796090025800787,7.7,0,0,True,125,1.3796090025800787
reference_native,237,eval:237,O8Ti2Tb2,invalid_terminal,False,False,False,False,12,3,235.29198579226386,19.607665482688656,3.8221216018352364,1.4954670772824008,0.7669044493216856,0.7669044493216856,6.0,0,2,True,125,0.7669044493216856
reference_native,238,eval:238,Mg3In3Nd3,invalid_terminal,False,False,False,False,9,3,316.8094132124236,35.20104591249151,4.455726057845465,1.7522369601731993,0.5359999999999997,0.5359999999999997,6.7,0,2,True,125,0.5359999999999997
reference_native,239,eval:239,Nd4Pt8,invalid_terminal,False,False,False,False,12,2,216.65909680749775,18.054924733958146,16.38350192828822,1.9463457437032032,0.7638134398716444,0.7638134398716444,5.9,0,2,True,125,0.7638134398716444
reference_native,240,eval:240,AlMn2Ir,not_converged,False,False,False,False,4,3,68.7944187416392,17.1986046854098,7.943104783970522,2.026865813101997,1.6444984037693682,1.6444984037693682,4.5,0,0,True,125,1.6444984037693682
reference_native,241,eval:241,Al3FeTb2,not_converged,False,True,False,True,6,3,70.07352524994867,11.678920874991446,10.773655284851166,4.1822970603446485,0.8840000000000001,0.8840000000000001,3.222522722796091,0,2,True,125,0.8840000000000001
reference_native,242,eval:242,Fe6Zr6,invalid_terminal,False,False,False,False,12,2,141.85496113989103,11.821246761657585,10.329444300998226,2.0675712260027357,0.84,0.84,4.5,0,7,True,125,0.84
reference_native,243,eval:243,C4Mg2Cr4,not_converged,False,False,False,False,10,3,155.5104132059247,15.55104132059247,3.2529138165801297,3.0650249617060004,1.625,1.625,5.043565433355861,0,0,True,125,1.625
reference_native,244,eval:244,OF11V3Ba2,invalid_terminal,False,False,False,False,17,4,113.6909489834173,6.687702881377488,9.529658127530965,2.3350968122904594,0.5679999999999997,0.5679999999999997,4.3,0,1,True,125,0.5679999999999997
reference_native,245,eval:245,In6Yb2,verified,False,False,False,False,8,2,371.29366944071404,46.411708680089255,4.6287834911136905,1.7331331705211483,2.124209500025833,2.124209500025833,6.7,0,0,True,125,2.124209500025833
reference_native,246,eval:246,Co6Ge6Tm,invalid_terminal,False,False,False,False,13,3,76.85316804017458,5.911782156936506,20.707232746053915,5.453866382002191,0.521872840240557,0.521872840240557,3.0756693233791887,0,4,True,125,0.521872840240557
reference_native,247,eval:247,Li4S8Cu2Er2,not_converged,False,False,False,False,16,4,148.48000000000002,9.280000000000001,8.341770787597927,2.5000000000000004,0.96,0.96,3.2,0,2,True,125,0.96
reference_native,248,eval:248,S8Fe4Cu2,verified,False,False,False,False,14,3,133.5017602880201,9.535840020572865,7.549967333308,2.9240678500635786,0.891560990622627,0.891560990622627,4.0,0,1,True,125,0.891560990622627
reference_native,249,eval:249,Li2C10N4,invalid_terminal,False,False,False,False,16,3,128.73719568898593,8.046074730561621,2.450951781904064,1.90196581942088,0.5725754860425888,0.5725754860425888,3.9000000000000004,0,3,True,125,0.5725754860425888
reference_native,250,eval:250,Ba6Pt2,not_converged,False,False,False,False,8,2,350.7402885326974,43.84253606658717,5.7481571488845615,1.7888830629976484,1.2249591829934572,1.2249591829934572,6.0,0,0,True,125,1.2249591829934572
reference_native,251,eval:251,C2Si6La8,not_converged,False,False,False,False,16,3,308.68609492492527,19.29288093280783,7.013515038266959,1.7593906469670118,1.0500000000000003,1.0500000000000003,6.7,0,0,True,125,1.0500000000000003
reference_native,252,eval:252,Zn2PdHo,verified,False,True,False,True,4,3,80.27076180029685,20.067690450074213,8.319544896936812,2.198742398624343,1.739073028943868,1.739073028943868,4.3,0,0,True,125,1.739073028943868
reference_native,253,eval:253,CaPd2Yb,not_converged,False,False,False,False,4,3,71.78548042605834,17.946370106514586,9.853244632936155,2.0426562391400527,2.757829762693847,2.757829762693847,4.5,0,0,True,125,2.757829762693847
reference_native,254,eval:254,O12V4Tl4,invalid_terminal,False,False,False,False,20,3,309.43000000000006,15.471500000000002,6.511064748709713,1.7636363636363641,0.5820000000000001,0.5820000000000001,5.5,0,3,True,125,0.5820000000000001
reference_native,255,eval:255,Pd2Sb6Nd2,invalid_terminal,False,False,False,False,10,3,137.75455970019982,13.775455970019982,14.849537554120666,2.839991081819255,0.7922268313916062,0.7922268313916062,3.7,0,1,True,125,0.7922268313916062
reference_tau,0,eval:0,O8K8Zn4,not_converged,True,True,True,True,20,3,414.66851441517633,20.733425720758817,2.812829586332161,1.893342424495714,1.7904797013827893,1.7904797013827893,5.640112400054931,0,0,True,125,1.7904797013827893
reference_tau,1,eval:1,PrPu,verified,False,False,False,False,2,2,69.53290817192935,34.766454085964675,9.19211070933213,2.2310492751723974,3.619134561098716,3.619134561098716,3.6625499725341797,0,0,True,245,3.619134561098716
reference_tau,2,eval:2,O4MgZnSr,not_converged,False,False,False,False,7,4,87.70152710830742,12.528789586901059,4.569367980447914,1.6556471333419958,2.175870588735273,2.175870588735273,3.6101319789886475,0,0,True,125,2.175870588735273
reference_tau,3,eval:3,O7Cu2Sr2Ba2,not_converged,False,False,False,False,13,4,210.97012214277618,16.228470934059708,5.422953655504448,2.609331959412269,1.6631024100865541,1.6631024100865541,3.834445238113403,0,0,True,125,1.6631024100865541
reference_tau,4,eval:4,P4Se8Ag4,verified,False,True,False,True,16,3,429.52271395408155,26.845169622130097,4.589138738162715,2.2021786526448,2.2074269129482436,2.2074269129482436,5.767621994018556,0,0,True,125,2.2074269129482436
reference_tau,5,eval:5,O8Cr4Ag4,verified,False,False,False,False,16,3,203.69586546291578,12.730991591432236,6.2563110402844195,3.210131543113331,1.8235906221930114,1.8235906221930114,3.202628850936889,0,0,True,125,1.8235906221930114
reference_tau,6,eval:6,Cu3In3Pr3,not_converged,False,True,False,True,9,3,228.90400449995383,25.433778277772646,6.948280116474967,1.706360213674018,2.400632741964579,2.400632741964579,4.384427547454834,0,0,True,125,2.400632741964579
reference_tau,7,eval:7,S8Cu4Ho4,not_converged,False,True,False,True,16,3,354.888849166841,22.180553072927562,5.476466523360795,3.3448090425258896,2.1508359215208532,2.1508359215208532,3.9779572486877437,0,0,True,125,2.1508359215208532
reference_tau,8,eval:8,Ni4Sn8,not_converged,False,True,False,True,12,2,265.35266672951724,22.11272222745977,7.412141357448146,2.6937566536478705,2.7973263092266074,2.7973263092266074,4.590564727783203,0,0,True,125,2.7973263092266074
reference_tau,9,eval:9,O8KBa3Bi3,verified,False,True,False,True,15,4,342.97827399574015,22.865218266382676,5.838959306232378,2.199418249090303,2.064085889759429,2.064085889759429,6.255344867706299,0,0,True,125,2.064085889759429
reference_tau,10,eval:10,Cu2In2Ce2,not_converged,False,True,False,True,6,3,143.5533029015486,23.925550483591433,7.367973724623552,2.2703497169281106,2.711151025335858,2.711151025335858,3.6351792812347417,0,0,True,125,2.711151025335858
reference_tau,11,eval:11,O2P2As2,not_converged,False,False,False,False,6,3,115.7133153509089,19.285552558484817,3.4984913136588176,1.2956562193607586,1.6941677808049713,1.6941677808049713,4.48160982131958,0,0,True,125,1.6941677808049713
reference_tau,12,eval:12,CuPd,verified,True,True,False,False,2,2,26.100557085483043,13.050278542741522,10.813377740152255,1.0187844194187368,2.552086420077984,2.552086420077984,2.9463014602661133,0,0,True,125,2.552086420077984
reference_tau,13,eval:13,NaCl,not_converged,False,True,False,True,2,2,44.77206719303189,22.386033596515944,2.1675680314540897,2.03611973100324,2.8090838833837135,2.8090838833837135,3.9258219813350435,0,0,True,125,2.8090838833837135
reference_tau,14,eval:14,O8P2Co2,verified,False,True,False,True,12,3,224.50370042321947,18.708641701934955,2.276706610576959,1.5579522050699375,1.501857000898838,1.501857000898838,5.341833114624023,0,0,True,125,1.501857000898838
reference_tau,15,eval:15,Si6Cr2Y,verified,False,False,False,False,9,3,150.48041293398998,16.72004588155444,3.9881414193698634,2.7134741373952203,2.338860511987142,2.338860511987142,3.8142139911651616,0,0,True,125,2.338860511987142
reference_tau,16,eval:16,Sb6Yb8,verified,False,False,False,False,14,2,476.36774439207886,34.02626745657706,7.372121438769278,1.0173104938486166,3.362527081952367,3.362527081952367,7.7554545402526855,0,0,True,125,3.362527081952367
reference_tau,17,eval:17,P4Cu4Sr4,verified,False,False,False,False,12,3,276.7992578880681,23.066604824005676,4.370679209039365,5.654116933515852,2.086580067975281,2.086580067975281,4.2680487632751465,0,0,True,125,2.086580067975281
reference_tau,18,eval:18,Li4NTe,not_converged,False,False,False,False,6,3,92.02575232186605,15.337625386977676,3.056173483958166,2.3738309330819303,1.8666709993990185,1.8666709993990185,3.9480361938476562,0,0,True,125,1.8666709993990185
reference_tau,19,eval:19,O3F9Mn6,verified,False,True,False,True,18,3,237.91468069441817,13.21748226080101,3.8290693949942205,1.6810861251472842,1.9590123230028613,1.9590123230028613,4.892005443572998,0,0,True,125,1.9590123230028613
reference_tau,20,eval:20,O6NaZnBaOs,not_converged,False,True,False,True,10,5,133.00343275383176,13.300343275383176,6.3916889941742125,2.0027310047486533,1.9312814865589516,1.9312814865589516,5.715895175933838,0,0,True,125,1.9312814865589516
reference_tau,21,eval:21,YPd3,verified,False,True,False,False,4,2,72.59156488950326,18.147891222375815,9.336833289221484,1.0080485748862398,2.936916813297347,2.936916813297347,4.160610198974609,0,0,True,125,2.936916813297347
reference_tau,22,eval:22,LiF2Te,not_converged,False,False,False,False,4,3,63.90033419551359,15.975083548878397,4.483634891737122,1.0089247429569412,1.9947288004190118,1.9947288004190118,3.992324590682984,0,0,True,125,1.9947288004190118
reference_tau,23,eval:23,H8Li8C4,not_converged,False,False,False,False,20,3,181.88125773507304,9.094062886753651,1.0191987445091177,3.050245289777194,1.1180421677925003,1.1180421677925003,3.475009441375732,0,0,True,125,1.1180421677925003
reference_tau,24,eval:24,O8Ti2Gd4,not_converged,False,False,False,False,14,3,203.1265576515288,14.509039832252057,6.970974973443643,3.293493713723298,1.8433008550225165,1.8433008550225165,3.4688746929168697,0,0,True,125,1.8433008550225165
reference_tau,25,eval:25,F6S3Y4,not_converged,False,True,False,True,13,3,219.41334878496036,16.877949906535413,4.282089734792003,3.7243212088026034,2.2175522584858,2.2175522584858,3.878462553024292,0,0,True,125,2.2175522584858
reference_tau,26,eval:26,O6Ba2PrTa,not_converged,False,True,False,False,10,4,167.59905842219015,16.759905842219016,6.861214862677973,2.0080203419515525,1.9936756021695263,1.9936756021695263,6.153464317321777,0,0,True,125,1.9936756021695263
reference_tau,27,eval:27,Li4Si8Cs4,verified,False,True,False,True,16,3,458.6354491161662,28.66471556976039,2.838809230665403,3.1278749327543403,2.238475365393314,2.238475365393314,4.193212509155273,0,0,True,125,2.238475365393314
reference_tau,28,eval:28,Li2O12Gd4Ta2,not_converged,False,True,False,True,20,4,249.9694420435694,12.49847210217847,7.950108830864125,1.4245059884199651,1.9802573720948307,1.9802573720948307,5.511106491088867,0,0,True,125,1.9802573720948307
reference_tau,29,eval:29,O8Rb4Mo2,not_converged,False,True,False,True,14,3,285.9615084998635,20.425822035704535,3.842670138182023,1.5921732646579092,1.9082778162993284,1.9082778162993284,6.114322185516358,0,0,True,125,1.9082778162993284
reference_tau,30,eval:30,Si6Co8Ba4,not_converged,False,False,False,False,18,3,378.9184590598079,21.051025503322663,5.211825254336888,3.6632129016726758,1.8109124213390495,1.8109124213390495,4.078615188598633,0,0,True,125,1.8109124213390495
reference_tau,31,eval:31,CuPdBi,not_converged,False,False,False,False,3,3,65.48555010568464,21.82851670189488,9.609071013863348,1.9878878222162792,2.752294885435232,2.752294885435232,4.505161285400391,0,0,True,125,2.752294885435232
reference_tau,32,eval:32,O8NaV2Fe,verified,False,False,False,False,12,4,163.13254322999796,13.59437860249983,3.1424137434845045,1.4261543993499521,1.6831880612991625,1.6831880612991625,5.316380977630615,0,0,True,125,1.6831880612991625
reference_tau,33,eval:33,NaAu2Tl,verified,False,True,False,True,4,3,85.3920684941658,21.34801712354145,12.081956178166664,1.995569217957182,3.0109889226688376,3.0109889226688376,4.926661968231201,0,0,True,125,3.0109889226688376
reference_tau,34,eval:34,MgGa3,verified,False,True,False,False,4,2,76.90480918190154,19.226202295475385,5.0412022623756325,1.0040342370301907,2.9983709144396244,2.9983709144396244,4.2487473487854,0,0,True,125,2.9983709144396244
reference_tau,35,eval:35,NiGa3Tb,verified,True,True,True,True,5,3,94.441715968028,18.8883431936056,7.504075129905883,1.9247705748189923,2.3863230380831064,2.3863230380831064,4.271273612976074,0,0,True,125,2.3863230380831064
reference_tau,36,eval:36,O8AlKMo2,verified,False,True,False,False,12,4,219.6211611053194,18.301763425443283,2.918176993149901,1.859967564596089,1.7813273454443799,1.7813273454443799,5.764442920684814,0,0,True,125,1.7813273454443799
reference_tau,37,eval:37,C4Mn2Ta2,not_converged,False,False,False,False,8,3,81.07848924179785,10.134811155224732,10.646134897035305,2.904395473330221,2.1332136115232756,2.1332136115232756,3.0401456356048584,0,0,True,125,2.1332136115232756
reference_tau,38,eval:38,Co9Y3,not_converged,True,True,True,True,12,2,173.60022852095364,14.466685710079469,7.624660268903832,2.565910323086759,2.429746313530405,2.429746313530405,4.957958698272705,0,0,True,125,2.429746313530405
reference_tau,39,eval:39,Si2AsBaTl,verified,False,False,False,False,5,4,141.73231343178426,28.34646268635685,5.539369726224396,2.097333358276063,2.4215815482921763,2.4215815482921763,4.276928901672363,0,0,True,125,2.4215815482921763
reference_tau,40,eval:40,O6Sr2InTa,not_converged,False,True,False,False,10,4,144.49672603016555,14.449672603016555,6.515922281828832,2.0020004896461754,1.994809206969585,1.994809206969585,5.871402740478516,0,0,True,125,1.994809206969585
reference_tau,41,eval:41,In3Pr3Tl3,verified,False,False,False,False,9,3,279.51270618487985,31.05696735387554,8.200295043424068,2.4508485487765412,3.0005269627135434,3.0005269627135434,4.826075553894044,0,0,True,125,3.0005269627135434
reference_tau,42,eval:42,H3N2Br,not_converged,False,False,False,False,6,3,75.35772257226398,12.559620428710664,2.4446363772419755,1.0801470491772198,0.9352281545356425,0.9352281545356425,4.08856725692749,0,2,True,125,0.9352281545356425
reference_tau,43,eval:43,O8Eu4,not_converged,False,True,False,True,12,2,176.87007785354922,14.739173154462435,6.908515446101896,4.709593325894055,2.3453372267275734,2.3453372267275734,3.890165567398071,0,0,True,125,2.3453372267275734
reference_tau,44,eval:44,Li2P4FeTe,not_converged,False,False,False,False,8,4,134.28678448403912,16.78584806050489,3.972109108180029,1.714688984536189,2.0317136793014385,2.0317136793014385,4.414909839630127,0,0,True,125,2.0317136793014385
reference_tau,45,eval:45,S4Nb2Ag2,verified,False,False,False,False,8,3,172.41362160764746,21.551702700955932,5.102664162026439,5.5314048356405765,2.3301168836794015,2.3301168836794015,3.6819157600402836,0,0,True,125,2.3301168836794015
reference_tau,46,eval:46,Bi6Th2,not_converged,True,True,True,True,8,2,260.4604341871596,32.55755427339495,10.952670205596066,2.0136811575386115,3.5607664811236552,3.5607664811236552,5.046923637390136,0,0,True,125,3.5607664811236552
reference_tau,47,eval:47,F6K2YIn,not_converged,False,False,False,False,10,4,240.83134596130103,24.0831345961301,2.7298168457847,2.0124218243927086,2.2108381737728395,2.2108381737728395,6.959226608276367,0,0,True,125,2.2108381737728395
reference_tau,48,eval:48,Li2O8Fe2Rh2,not_converged,False,False,False,False,14,4,150.906832953601,10.779059496685786,5.054876790628356,1.974433026498783,1.8799807357898433,1.8799807357898433,5.919102668762207,0,0,True,125,1.8799807357898433
reference_tau,49,eval:49,C2K2Lu2,verified,False,False,False,False,6,3,151.50825176049258,25.251375293415432,4.9556116668036605,5.0916870509565015,2.4143370706816913,2.4143370706816913,3.6318471431732178,0,0,True,125,2.4143370706816913
reference_tau,50,eval:50,N2Mg2S,not_converged,False,False,False,False,5,3,72.78037344936317,14.556074689872634,2.479807752179467,1.3822939410366415,2.07183989513111,2.07183989513111,3.746698141098023,0,0,True,125,2.07183989513111
reference_tau,51,eval:51,B4Rh4Dy2,not_converged,False,True,False,True,10,3,154.92371286358912,15.492371286358912,8.358939608253037,1.9038413142909705,2.073684658345498,2.073684658345498,5.6093764305114755,0,0,True,125,2.073684658345498
reference_tau,52,eval:52,Li2O8Mn3Fe,not_converged,False,True,False,True,14,4,141.71242407350294,10.12231600525021,4.248080231957916,1.9824346846359902,1.9342120425131086,1.9342120425131086,5.8209004402160645,0,0,True,125,1.9342120425131086
reference_tau,53,eval:53,Ge12Hf4,verified,False,False,False,False,16,2,321.23657224567796,20.077285765354873,8.196504984338842,5.278993006510685,2.758238446030076,2.758238446030076,3.883021831512451,0,0,True,125,2.758238446030076
reference_tau,54,eval:54,Zn2Sn8Tm2,verified,False,False,False,False,12,3,314.6487369917261,26.22072808264384,7.485340235850102,3.626712963257577,2.767757489805424,2.767757489805424,4.412113666534424,0,0,True,125,2.767757489805424
reference_tau,55,eval:55,Ni4Sn4Ce4,verified,True,True,True,True,12,3,258.7505492111833,21.562545767598607,8.15075940454242,1.7019549144583677,2.611325147751794,2.611325147751794,4.533449649810791,0,0,True,125,2.611325147751794
reference_tau,56,eval:56,O6Cl2Ba4Nd2,verified,False,True,False,True,14,4,312.81311059640905,22.343793614029217,5.3333260169735315,4.1135656509098135,2.1535779171860354,2.1535779171860354,4.208161354064941,0,0,True,125,2.1535779171860354
reference_tau,57,eval:57,O12Ca4Mn2Bi2,verified,False,True,False,True,20,4,267.7751785646288,13.38875892823144,5.457972871953867,1.4113088577033381,1.9406425524473487,1.9406425524473487,5.669757843017578,0,0,True,125,1.9406425524473487
reference_tau,58,eval:58,Sn5U,not_converged,False,True,False,True,6,2,164.7220243633991,27.453670727233185,8.383027542019887,1.8038583007761453,3.3298484455781368,3.3298484455781368,4.68707799911499,0,0,True,125,3.3298484455781368
reference_tau,59,eval:59,Ni4Sn2Au12,verified,False,False,False,False,18,3,351.5352345912548,19.52973525506971,13.395368794077669,7.3169878115521705,2.424148249137185,2.424148249137185,4.126084804534912,0,0,True,125,2.424148249137185
reference_tau,60,eval:60,N2I2,not_converged,False,False,False,False,4,2,125.38455966293265,31.34613991573316,3.732333603664404,2.6434210257996633,3.1261653036276162,3.1261653036276162,4.232629299163818,0,0,True,125,3.1261653036276162
reference_tau,61,eval:61,O4Br2Ta2,not_converged,False,False,False,False,8,3,157.3072435180385,19.66340543975481,6.1826777196640945,2.9311776701233514,1.882619863165296,1.882619863165296,3.7606377601623535,0,0,True,125,1.882619863165296
reference_tau,62,eval:62,S8Zn2In4,verified,False,True,False,True,14,3,365.5111957701541,26.107942555011004,3.846199502075606,1.9466015353843067,2.3541590504671444,2.3541590504671444,5.722609043121338,0,0,True,125,2.3541590504671444
reference_tau,63,eval:63,Ge4Ag6Sb8,verified,False,False,False,False,18,3,481.9432079809537,26.774622665608536,6.587291268919429,4.6170422435368295,2.6729534865755227,2.6729534865755227,3.871135950088501,0,0,True,125,2.6729534865755227
reference_tau,64,eval:64,Li2O8Na3CuLa2,not_converged,False,False,False,False,16,5,215.7610909452207,13.485068184076294,4.249864485911131,1.165132745462265,1.9268609835199835,1.9268609835199835,5.6963324546813965,0,0,True,125,1.9268609835199835
reference_tau,65,eval:65,Mg5Er,verified,False,True,False,True,6,2,143.752779863234,23.958796643872333,3.33584584774809,2.7822313453130376,3.1282723998002675,3.1282723998002675,3.183088779449463,0,0,True,175,3.1282723998002675
reference_tau,66,eval:66,Li2Sb2Sm2,verified,True,True,True,True,6,3,151.01698254660926,25.169497091101544,6.13694810544163,2.400220557969689,2.679560978986256,2.679560978986256,4.646003723144531,0,0,True,125,2.679560978986256
reference_tau,67,eval:67,Mg8Cu4Ce4,not_converged,False,True,False,True,16,3,390.17266719718697,24.385791699824185,4.2945859269799245,3.2698248092282074,2.610227481698633,2.610227481698633,4.014599800109863,0,0,True,125,2.610227481698633
reference_tau,68,eval:68,Na2K4As2,verified,False,True,False,True,8,3,292.8208133620062,36.60260167025078,1.9973591328530629,2.356622730009728,3.1565440965993243,3.1565440965993243,5.859324932098388,0,0,True,125,3.1565440965993243
reference_tau,69,eval:69,H4C12Re4,not_converged,False,False,False,False,20,3,200.3505643622181,10.017528218110906,7.401235581300335,1.797720375299643,1.7033888285667416,1.7033888285667416,4.660411834716797,0,0,True,125,1.7033888285667416
reference_tau,70,eval:70,ZnGe,verified,False,False,False,False,2,2,36.04345455233156,18.02172727616578,6.359982983102676,2.1321644312221695,2.6756092893875962,2.6756092893875962,3.2850217819213863,0,0,True,125,2.6756092893875962
reference_tau,71,eval:71,LiAsCd,verified,False,True,False,False,3,3,68.03689553632131,22.67896517877377,4.741528840580376,2.0115904135361644,2.7862359498257003,2.7862359498257003,4.561572551727295,0,0,True,125,2.7862359498257003
reference_tau,72,eval:72,F6MgSn,not_converged,False,True,False,False,8,3,120.9891559014317,15.123644487678963,3.5273205745578693,1.9816066316720888,1.9577789417961045,1.9577789417961045,5.501102447509766,0,0,True,125,1.9577789417961045
reference_tau,73,eval:73,O4Cl2Bi2,not_converged,False,False,False,False,8,3,146.06473877261777,18.25809234657722,6.285246818956918,1.9803026651598774,2.2914676073488396,2.2914676073488396,3.806964874267578,0,0,True,125,2.2914676073488396
reference_tau,74,eval:74,Cl2Ca,not_converged,False,False,False,False,3,2,87.9940718004319,29.33135726681063,2.0943827691654775,1.3263098374505051,2.675198135881345,2.675198135881345,4.051860332489014,0,0,True,125,2.675198135881345
reference_tau,75,eval:75,Cl3RbAu,not_converged,False,True,False,False,5,3,145.6553336204331,29.131066724086622,4.4324266198307,1.0038689313405285,2.622931017837531,2.622931017837531,5.251616954803467,0,0,True,125,2.622931017837531
reference_tau,76,eval:76,Li2O8Ni2Sr2Hf2,not_converged,False,False,False,False,16,5,208.29837941563042,13.018648713476901,6.309651118150811,3.7298478698548605,1.946857528510184,1.946857528510184,3.8417060375213623,0,0,True,125,1.946857528510184
reference_tau,77,eval:77,Ag2Ce,not_converged,False,True,False,False,3,2,71.07823757856517,23.69274585952172,8.313470230465699,1.7018752818739638,2.724729092178783,2.724729092178783,3.6271190643310542,0,0,True,125,2.724729092178783
reference_tau,78,eval:78,C8Si6Ba4,not_converged,False,False,False,False,18,3,331.6320372827646,18.4240020712647,4.075371357174424,3.459077416113954,1.706100953439537,1.706100953439537,3.9130980968475337,0,0,True,125,1.706100953439537
reference_tau,79,eval:79,O12Ge4Ba4,verified,False,False,False,False,20,3,279.3424031914625,13.967120159573124,6.133852756034058,1.414170489465107,2.0428527401106304,2.0428527401106304,5.8176679611206055,0,0,True,125,2.0428527401106304
reference_tau,80,eval:80,AgCe2Pt,verified,False,True,False,True,4,3,101.3693591760932,25.3423397940233,9.553184068586416,1.9984157624770826,3.1921080893402194,3.1921080893402194,5.2065205574035645,0,0,True,125,3.1921080893402194
reference_tau,81,eval:81,Ge2Pr10Pb6,verified,False,False,False,False,18,3,560.2633775798208,31.125743198878936,8.291550090847984,1.72283583332334,3.229218376379331,3.229218376379331,7.3238210678100595,0,0,True,125,3.229218376379331
reference_tau,82,eval:82,MgSr3,verified,False,True,False,True,4,2,196.04029735470507,49.01007433867627,2.4324014373300193,2.019837986782487,4.068845646274504,4.068845646274504,5.847026824951172,0,0,True,125,4.068845646274504
reference_tau,83,eval:83,Co7Ge2Sm2,verified,False,False,False,False,11,3,175.71434564309143,15.974031422099221,8.113318959845792,1.8178632410158413,2.3229425927089364,2.3229425927089364,3.8339943885803227,0,0,True,125,2.3229425927089364
reference_tau,84,eval:84,F6KSbCs2,not_converged,False,True,False,True,10,4,229.42387427915457,22.942387427915456,3.9132214489252948,2.006638201381349,2.1716231095218106,2.1716231095218106,6.853924751281738,0,0,True,125,2.1716231095218106
reference_tau,85,eval:85,YPtBi,not_converged,False,True,False,True,3,3,78.73934135151207,26.24644711717069,10.396281512467196,1.9904261095334068,2.9333519074679795,2.9333519074679795,4.7778472900390625,0,0,True,125,2.9333519074679795
reference_tau,86,eval:86,O8Mn2Ni2,not_converged,False,False,False,False,12,3,120.5550593153997,10.046254942949975,4.893365243405777,1.603196051195339,1.902357677743546,1.902357677743546,4.703963279724121,0,0,True,125,1.902357677743546
reference_tau,87,eval:87,O12KNiSr4Lu2,not_converged,False,False,False,False,20,5,294.696846992807,14.734842349640351,5.579507584547905,1.4228178708776207,1.965504522694191,1.965504522694191,5.908762454986571,0,0,True,125,1.965504522694191
reference_tau,88,eval:88,AlAgLu2,verified,True,True,True,True,4,3,89.37620073220484,22.34405018305121,9.006898147412937,2.01132774724476,3.0635222218100377,3.0635222218100377,4.993513708378359,0,0,True,125,3.0635222218100377
reference_tau,89,eval:89,Li2O8F2P2In4,not_converged,False,False,False,False,18,5,248.83423339359027,13.824124077421681,4.678589359239279,1.2656427415776603,1.5519828133163163,1.5519828133163163,5.858780860900879,0,0,True,125,1.5519828133163163
reference_tau,90,eval:90,S2Se2Eu2,not_converged,False,True,False,True,6,3,184.53601594181217,30.756002656968693,4.7329894531132455,4.090028923975017,2.7577821938995974,2.7577821938995974,4.183994770050049,0,0,True,125,2.7577821938995974
reference_tau,91,eval:91,O8La2Pb2,not_converged,False,False,False,False,12,3,181.2225669646734,15.10188058038945,7.515533859536859,1.0163616720955033,2.40421059330346,2.40421059330346,5.605632781982421,0,0,True,125,2.40421059330346
reference_tau,92,eval:92,O12Ca4Fe2Ho2,not_converged,False,False,False,False,20,4,272.43350739972,13.621675369985999,4.838714532345691,1.4782565875555813,1.7689727650701634,1.7689727650701634,5.598331928253174,0,0,True,125,1.7689727650701634
reference_tau,93,eval:93,O2ZnSr,not_converged,False,False,False,False,4,3,58.8647103714736,14.7161775928684,5.219526068643425,1.0698981963661887,1.9655643568462104,1.9655643568462104,3.7445712089538574,0,0,True,125,1.9655643568462104
reference_tau,94,eval:94,NaSc2As6Tl,verified,False,True,False,True,10,4,226.37286144072831,22.63728614407283,5.624903156776682,2.230463845696951,2.487844122206922,2.487844122206922,4.280049800872803,0,0,True,125,2.487844122206922
reference_tau,95,eval:95,O6Al2In2,not_converged,False,True,False,True,10,3,109.64811279552383,10.964811279552382,5.748691001830008,1.9930352823189974,1.8485393365268261,1.8485393365268261,5.21351957321167,0,0,True,125,1.8485393365268261
reference_tau,96,eval:96,CaCd2Nd,verified,False,True,False,False,4,3,120.02460772810313,30.006151932025784,5.660474861337789,1.9935625745866354,3.3783142733314686,3.3783142733314686,5.523212432861329,0,0,True,125,3.3783142733314686
reference_tau,97,eval:97,SrAg3,not_converged,False,True,False,True,4,2,93.79123259944893,23.447808149862233,7.280579373161691,1.0181100267032608,3.1916463521667193,3.1916463521667193,4.5017828941345215,0,0,True,125,3.1916463521667193
reference_tau,98,eval:98,Ni6As2,not_converged,False,False,False,False,8,2,90.68211114235235,11.335263892794044,9.19251414499232,2.6042608809164403,2.420677083750207,2.420677083750207,3.963374376505571,0,0,True,125,2.420677083750207
reference_tau,99,eval:99,O5F8V4Mn2,not_converged,False,False,False,False,19,4,278.78540993183464,14.672916312201822,3.249932674168113,1.3040981756685104,1.6931761709018873,1.6931761709018873,5.873566627502442,0,0,True,125,1.6931761709018873
reference_tau,100,eval:100,O2S8Zn2Os2,not_converged,False,False,False,False,14,4,243.44399998688317,17.388857141920226,5.455438753114576,1.5495561481553735,1.9210296055334604,1.9210296055334604,5.889559745788573,0,0,True,125,1.9210296055334604
reference_tau,101,eval:101,LiF6K2Ag,not_converged,False,True,False,True,10,4,149.43548612312114,14.943548612312114,3.411366526824061,2.0098131132479797,2.0612031489833798,2.0612031489833798,5.9142045974731445,0,0,True,125,2.0612031489833798
reference_tau,102,eval:102,V6Fe2,not_converged,False,False,False,False,8,2,105.74039881159533,13.217549851449416,6.553859464352457,1.2384497271312247,2.5124505459964643,2.5124505459964643,4.118259906768799,0,0,True,125,2.5124505459964643
reference_tau,103,eval:103,Sn8Yb6,not_converged,False,False,False,False,14,2,428.6978109150173,30.621272208215522,7.700106548782558,3.017815023257464,2.9694973914422125,2.9694973914422125,4.528534889221191,0,0,True,125,2.9694973914422125
reference_tau,104,eval:104,Cu2Zr12Sn4,verified,False,True,False,True,18,3,410.77810459687583,22.821005810937546,6.858456572167355,1.861706005450796,2.9217596759463293,2.9217596759463293,5.857778549194336,0,0,True,125,2.9217596759463293
reference_tau,105,eval:105,Sb6Dy2,not_converged,False,False,False,False,8,2,226.02909937357694,28.253637421697118,7.754747605498799,2.287599705633827,3.2667124957085623,3.2667124957085623,4.605325222015381,0,0,True,125,3.2667124957085623
reference_tau,106,eval:106,Al4Pd4Ce4,not_converged,False,True,False,True,12,3,259.61963031787684,21.634969193156405,6.997722902377913,1.7685198927261763,2.647299466471245,2.647299466471245,4.5264763832092285,0,0,True,125,2.647299466471245
reference_tau,107,eval:107,Cl6K2AsRb,verified,False,True,False,True,10,4,343.6264083167341,34.36264083167341,2.180879888084991,2.0283922320300136,2.521599471195972,2.521599471195972,7.813330948713959,0,0,True,125,2.521599471195972
reference_tau,108,eval:108,ZnSn2Pb,verified,False,False,False,False,4,3,108.81489632226196,27.20372408056549,7.783153853225362,1.0132777519593896,3.3548422392786637,3.3548422392786637,4.74326753616333,0,0,True,125,3.3548422392786637
reference_tau,109,eval:109,Zn3Ac,not_converged,False,True,False,True,4,2,98.46343411860533,24.615858529651334,7.137522409520778,1.9035736639922147,2.5907751642552115,2.5907751642552115,4.39457368850708,0,0,True,125,2.5907751642552115
reference_tau,110,eval:110,Ni4Ge8,not_converged,False,True,False,True,12,2,196.47770239418733,16.373141866182277,6.895557004584533,4.889434698255369,2.469359458261726,2.469359458261726,4.018649578094482,0,0,True,125,2.469359458261726
reference_tau,111,eval:111,O2F10Mn2Ba4,not_converged,False,False,False,False,18,4,304.90059753984866,16.938922085547148,4.7989807497357955,3.9071067250235836,1.7415218022885268,1.7415218022885268,4.250702381134033,0,0,True,125,1.7415218022885268
reference_tau,112,eval:112,CeTl3,verified,False,True,False,False,4,2,117.25174077619738,29.312935194049345,10.667879608500725,1.0150076575137308,3.4422609334275007,3.4422609334275007,4.859202861785889,0,0,True,125,3.4422609334275007
reference_tau,113,eval:113,O6Ba2LaBi,not_converged,False,True,False,False,10,4,179.1416869724777,17.914168697247767,6.660412588876398,1.9973258788486628,2.1190295161181765,2.1190295161181765,6.28555154800415,0,0,True,125,2.1190295161181765
reference_tau,114,eval:114,B4Rh4Tm4,not_converged,False,True,False,True,12,3,192.17158298425935,16.014298582021613,9.769447467072624,1.2212604311963808,2.096040934678645,2.096040934678645,5.4223971366882315,0,0,True,125,2.096040934678645
reference_tau,115,eval:115,Ti6Rh2,not_converged,False,True,False,True,8,2,126.8522062535937,15.856525781699213,6.45370995917127,1.0157883741415232,2.4787500544838035,2.4787500544838035,4.9791483879089355,0,0,True,125,2.4787500544838035
reference_tau,116,eval:116,ZnTbTl2,verified,False,False,False,False,4,3,99.2247819541212,24.8061954885303,10.595023137089484,2.0059171421587534,3.1686612908979965,3.1686612908979965,5.172598106491287,0,0,True,125,3.1686612908979965
reference_tau,117,eval:117,O12Cr4La4,not_converged,False,True,False,False,20,3,247.1153101858556,12.35576550929278,6.421332628697017,1.4297021765486746,2.006680962322642,2.006680962322642,5.53784704208374,0,0,True,125,2.006680962322642
reference_tau,118,eval:118,Li4O8Cr4,not_converged,False,True,False,True,16,3,155.98513835107462,9.749071146942164,3.872230806157198,3.567376014431607,1.8752731254599424,1.8752731254599424,2.922861099243164,0,0,True,125,1.8752731254599424
reference_tau,119,eval:119,Li2F8Mn2Te2,verified,False,False,False,False,14,4,252.85243718938437,18.060888370670312,3.4868378117380523,1.6926299228999664,1.8990809082081992,1.8990809082081992,5.652390480041503,0,0,True,125,1.8990809082081992
reference_tau,120,eval:120,Ru8Yb4,not_converged,False,False,False,False,12,2,223.11706580637482,18.593088817197902,11.169043385460077,2.4221871443121867,2.5000993142247894,2.5000993142247894,5.295260906219482,0,0,True,125,2.5000993142247894
reference_tau,121,eval:121,Cu3GaHf,not_converged,False,True,False,True,5,3,71.55827087593609,14.311654175187218,10.183717703015889,1.4033674348434926,2.2014204479017843,2.2014204479017843,3.7048993110656734,0,0,True,125,2.2014204479017843
reference_tau,122,eval:122,S4K2Mn2,verified,False,True,False,True,8,3,214.49057430023117,26.811321787528897,2.448978429478246,3.3215752343107234,2.4190488270298895,2.4190488270298895,3.9967377185821533,0,0,True,125,2.4190488270298895
reference_tau,123,eval:123,S12Er8,not_converged,False,True,False,True,20,2,457.12345969861235,22.856172984930616,6.258403482193078,3.3943374092211065,2.4740850594431,2.4740850594431,3.933400869369507,0,0,True,125,2.4740850594431
reference_tau,124,eval:124,O12Sr4Nb2Sm2,not_converged,False,True,False,False,20,4,292.8329430802451,14.641647154012256,5.835080965123428,1.4298506471232966,2.0044940476376807,2.0044940476376807,5.855909824371339,0,0,True,125,2.0044940476376807
reference_tau,125,eval:125,O12Ca4Ti2Bi2,not_converged,False,True,False,True,20,4,269.34993113033005,13.467496556516503,5.338877056419803,1.428129504258266,1.9261404360578205,1.9261404360578205,5.681260108947753,0,0,True,125,1.9261404360578205
reference_tau,126,eval:126,Li2F8V2,not_converged,False,False,False,False,12,3,181.74312179578516,15.145260149648763,2.4463816092995474,1.3551148823855783,1.7207464591399233,1.7207464591399233,5.2887349128723145,0,0,True,125,1.7207464591399233
reference_tau,127,eval:127,Li2O8Mn3Rh,not_converged,False,False,False,False,14,4,166.09709183561168,11.864077988257977,4.094903399912434,3.9512981200811557,1.7240235964386175,1.7240235964386175,3.0697436332702637,0,0,True,125,1.7240235964386175
reference_tau,128,eval:128,B2Fe3La3,not_converged,False,False,False,False,8,3,156.58785375616202,19.573481719520252,6.424996847366064,1.8436763374420233,1.9412748658359495,1.9412748658359495,3.624148845672607,0,0,True,125,1.9412748658359495
reference_tau,129,eval:129,Ga2As6Sb2,not_converged,False,False,False,False,10,3,250.40119159438638,25.04011915943864,5.520706422243711,1.1475055369947993,2.5034405702891345,2.5034405702891345,5.9921531677246085,0,0,True,125,2.5034405702891345
reference_tau,130,eval:130,K4Zn2As4,verified,False,True,False,True,10,3,305.8708964926567,30.58708964926567,3.1862017735877575,1.9868813519844286,2.4071226420268705,2.4071226420268705,6.398460865020753,0,0,True,125,2.4071226420268705
reference_tau,131,eval:131,K4As12Eu4,verified,False,True,False,True,20,3,610.2126595326746,30.51063297663373,4.526272168983156,1.818063888360628,2.6154169340864444,2.6154169340864444,6.8394269943237305,0,0,True,125,2.6154169340864444
reference_tau,132,eval:132,O12Ga4Nb2,not_converged,False,True,False,True,18,3,199.48469400652806,11.08248300036267,5.4664442239624265,1.5431802603642535,1.944579875231409,1.944579875231409,4.889853954315186,0,0,True,125,1.944579875231409
reference_tau,133,eval:133,Co4Ge4Pd4,not_converged,False,False,False,False,12,3,190.37034951509344,15.864195792924454,8.303751059744075,4.6469593611834314,2.367496358626697,2.367496358626697,4.034107685089111,0,0,True,125,2.367496358626697
reference_tau,134,eval:134,F6Rb3Nd,verified,False,True,False,False,10,3,259.91362200062906,25.991362200062905,3.287911100139361,2.013993221438315,2.298757155695367,2.298757155695367,7.1269426345825195,0,0,True,125,2.298757155695367
reference_tau,135,eval:135,As8Cd2Tl4,verified,False,True,False,True,14,3,416.8301981265953,29.773585580471092,6.540201484881684,3.2733510017896386,2.5520043022833963,2.5520043022833963,4.186030864715576,0,0,True,125,2.5520043022833963
reference_tau,136,eval:136,Cu3In3Pr3,verified,True,True,False,False,9,3,214.57929718114877,23.842144131238754,7.412127656033041,2.258217117356791,2.809789831235902,2.809789831235902,4.174036026000977,0,0,True,125,2.809789831235902
reference_tau,137,eval:137,B2Co2Eu2,not_converged,True,True,True,True,6,3,102.2541281634528,17.042354693908802,7.200787406731908,1.9850172340109435,2.049369765392208,2.049369765392208,3.7105870246887207,0,0,True,125,2.049369765392208
reference_tau,138,eval:138,F2I2Ba2,verified,True,True,False,False,6,3,187.91281565856013,31.318802609760024,5.005664649624867,1.8430141521118615,2.7171968686658485,2.7171968686658485,4.662110805511475,0,0,True,125,2.7171968686658485
reference_tau,139,eval:139,ScZn2Sn,verified,False,False,False,False,4,3,73.92874161045148,18.48218540261287,6.614505126272367,1.9995026922092989,2.8672798240592616,2.8672798240592616,4.677797794342041,0,0,True,125,2.8672798240592616
reference_tau,140,eval:140,O10Cu2Sr4Cs2,not_converged,False,False,False,False,18,4,317.93458338330436,17.663032410183575,4.718243056986119,3.0821326132845637,1.7320920765163246,1.7320920765163246,4.016185283660889,0,0,True,125,1.7320920765163246
reference_tau,141,eval:141,AgIn2Ce,not_converged,False,True,False,True,4,3,98.90007524270072,24.72501881067518,8.019276013198384,2.0048249985261575,3.1520492729839966,3.1520492729839966,5.146013259887695,0,0,True,125,3.1520492729839966
reference_tau,142,eval:142,Li4N8As4,not_converged,False,False,False,False,16,3,197.02189599568848,12.31386849973053,3.704225655928807,1.2832879232816612,1.773824210848559,1.773824210848559,5.197746753692627,0,0,True,125,1.773824210848559
reference_tau,143,eval:143,Na4Au4,verified,False,True,False,True,8,2,183.24509340450703,22.90563667556338,7.972843056789679,1.3419681481101804,2.8761395986858145,2.8761395986858145,4.788943290710449,0,0,True,125,2.8761395986858145
reference_tau,144,eval:144,YIn2Eu,not_converged,False,True,False,True,4,3,115.86078438504587,28.96519609626147,6.743380421043317,2.014346965278539,3.3303721230240173,3.3303721230240173,5.435606024780299,0,0,True,125,3.3303721230240173
reference_tau,145,eval:145,F6K2AgTl,verified,False,True,False,False,10,4,197.53107828254412,19.75310782825441,4.240547234958706,2.005436384461933,2.2012389333281055,2.2012389333281055,6.518217313368091,0,0,True,125,2.2012389333281055
reference_tau,146,eval:146,Zn10Pt6,not_converged,False,True,False,True,16,2,286.2000658923943,17.887504118274645,10.58633445186945,5.645959934506344,2.290126727068403,2.290126727068403,3.6656672954559326,0,0,True,125,2.290126727068403
reference_tau,147,eval:147,TiCoTm2,not_converged,False,False,False,False,4,3,83.35215003598992,20.83803750899748,8.858674990142326,2.2146869379113157,2.8876003653902744,2.8876003653902744,3.3489246368408208,0,0,True,125,2.8876003653902744
reference_tau,148,eval:148,Li2SnEr,not_converged,False,True,False,True,4,3,79.19270916377096,19.79817729094274,6.287375503588178,2.005525252272706,2.9446008910141726,2.9446008910141726,4.806798458099365,0,0,True,125,2.9446008910141726
reference_tau,149,eval:149,O5F8Cu2Sr2Os,verified,False,False,False,False,18,5,277.38284072812047,15.410157818228916,4.3374612142848585,1.9945970840229768,1.6467542844099643,1.6467542844099643,5.421200275421143,0,0,True,125,1.6467542844099643
reference_tau,150,eval:150,In3Yb,not_converged,False,False,False,False,4,2,110.9437511546161,27.735937788654024,7.745537669206043,1.0229846451413538,3.376600381936342,3.376600381936342,4.740470886230469,0,0,True,125,3.376600381936342
reference_tau,151,eval:151,Si2Co2Ce,not_converged,True,True,False,False,5,3,78.89750632103136,15.77950126420627,6.61191970855444,1.9058248138230347,2.303282759994698,2.303282759994698,3.9870684146881104,0,0,True,125,2.303282759994698
reference_tau,152,eval:152,V2FeRu,not_converged,True,True,True,True,4,3,50.369697356468066,12.592424339117017,8.531800108240327,2.000875912326099,2.522879682945162,2.522879682945162,4.122723579406738,0,0,True,125,2.522879682945162
reference_tau,153,eval:153,LiYAu2,not_converged,True,True,False,False,4,3,79.71226129885112,19.92806532471278,10.202932282446756,2.021434384944435,2.9404043341841537,2.9404043341841537,4.78862770507113,0,0,True,125,2.9404043341841537
reference_tau,154,eval:154,Sc6Lu2,verified,False,True,False,True,8,2,212.91860257187017,26.61482532148377,4.832764043189056,1.73695865096058,3.3138387022501345,3.3138387022501345,5.439413547515869,0,0,True,125,3.3138387022501345
reference_tau,155,eval:155,ScPtAu2,verified,False,True,False,True,4,3,70.92271371261481,17.730678428153702,14.843439592037322,1.9862689538587384,2.8229415566791967,2.8229415566791967,4.622615814208984,0,0,True,125,2.8229415566791967
reference_tau,156,eval:156,NiGd3,not_converged,False,False,False,False,4,2,104.4859926077029,26.121498151925724,8.430048529348944,1.986269629237055,3.3006755459708765,3.3006755459708765,4.7034406661987305,0,0,True,125,3.3006755459708765
reference_tau,157,eval:157,MgScTc2,not_converged,False,False,False,False,4,3,67.5678717031029,16.891967925775724,6.519017043387455,2.0005347852914657,2.785520221288539,2.785520221288539,4.544434070587158,0,0,True,125,2.785520221288539
reference_tau,158,eval:158,N2Br2,verified,False,False,False,False,4,2,122.88520518402949,30.721301296007372,2.5380172639695333,2.460961185465442,1.3103358840837094,1.3103358840837094,4.313167572021484,0,0,True,125,1.3103358840837094
reference_tau,159,eval:159,MgGa2Er,not_converged,True,True,True,True,4,3,81.07427034361659,20.268567585904147,6.779648267023142,1.9963079089426756,2.957861030642893,2.957861030642893,4.825459957122803,0,0,True,125,2.957861030642893
reference_tau,160,eval:160,Ga3Tm,not_converged,False,True,False,False,4,2,80.66646272732773,20.16661568183193,7.783348000942683,1.02264862309242,3.036355188571339,3.036355188571339,4.2617878913879395,0,0,True,125,3.036355188571339
reference_tau,161,eval:161,AgYbHg2,verified,False,False,False,False,4,3,91.98077163286925,22.995192908217312,12.313813885880995,2.0021459888385147,3.091924706336593,3.091924706336593,5.047453982940268,0,0,True,125,3.091924706336593
reference_tau,162,eval:162,Cu2Ge10Tb6,not_converged,False,True,False,True,18,3,395.22533024965986,21.95696279164777,7.592295061714657,4.695655924073065,2.3049352329502644,2.3049352329502644,4.091063022613525,0,0,True,125,2.3049352329502644
reference_tau,163,eval:163,Cu3In3Yb3,not_converged,False,False,False,False,9,3,200.87851972502568,22.319835525002855,8.714521656545402,2.199716196951296,2.680841070283292,2.680841070283292,4.157277584075928,0,0,True,125,2.680841070283292
reference_tau,164,eval:164,K2Ag6Sn2,verified,True,True,True,True,10,3,266.7474892651004,26.67474892651004,5.993720351914767,1.6778202958779866,2.8749692772687334,2.8749692772687334,4.9508256912231445,0,0,True,125,2.8749692772687334
reference_tau,165,eval:165,Sr4In2Th2,verified,False,False,False,False,8,3,306.9841287029537,38.37301608786921,5.648245776164101,1.7324938009121378,3.667706097391268,3.667706097391268,5.609427452087402,0,0,True,125,3.667706097391268
reference_tau,166,eval:166,S4Sc2W,verified,False,False,False,False,7,3,151.10050804509635,21.58578686358519,4.417962239993856,5.291141524841485,2.546168367721908,2.546168367721908,3.584143877029419,0,0,True,125,2.546168367721908
reference_tau,167,eval:167,CdErHg2,verified,False,True,False,True,4,3,90.93941525127596,22.73485381281899,12.432211273524183,2.0155219170463523,3.0665950471240353,3.0665950471240353,5.012931863682619,0,0,True,125,3.0665950471240353
reference_tau,168,eval:168,AlGaSm2,verified,False,True,False,True,4,3,99.76666727682326,24.941666819205814,6.614824273318086,1.996686407038236,3.1700140465562194,3.1700140465562194,5.190775394439697,0,0,True,125,3.1700140465562194
reference_tau,169,eval:169,P4Co2Br10Hg2,not_converged,False,False,False,False,18,4,581.2027062632417,32.28903923684676,4.1198474909140055,1.3530866904547523,2.1851698773757464,2.1851698773757464,7.554548263549805,0,0,True,125,2.1851698773757464
reference_tau,170,eval:170,AlMnRu2,verified,False,True,False,False,4,3,55.86324801165202,13.965812002913005,8.443691561069679,1.9940277982143753,2.620418646853816,2.620418646853816,4.27134895324707,0,0,True,125,2.620418646853816
reference_tau,171,eval:171,F3RbAu,not_converged,False,False,False,False,5,3,93.48383666978599,18.696767333957197,6.029235595195066,1.0058733546620127,2.262631633084284,2.262631633084284,4.529340267181396,0,0,True,125,2.262631633084284
reference_tau,172,eval:172,O6FeBa2Os,not_converged,True,True,True,True,10,4,133.00105225083934,13.300105225083934,7.6999136678488105,2.009862594997535,1.9628402838487526,1.9628402838487526,5.695451259613037,0,0,True,125,1.9628402838487526
reference_tau,173,eval:173,LiYAu2,not_converged,True,True,False,False,4,3,83.34211624282194,20.835529060705486,9.758557147064606,2.0044349678522333,2.989781350943222,2.989781350943222,4.88717794418335,0,0,True,125,2.989781350943222
reference_tau,174,eval:174,Cl6K2AgSb,not_converged,False,True,False,False,10,4,312.5069849848929,31.25069849848929,2.765959472167114,2.0244033295060526,2.653055973518915,2.653055973518915,7.567854182332643,0,0,True,125,2.653055973518915
reference_tau,175,eval:175,Sb2,verified,False,True,False,False,2,1,67.37201105674849,33.686005528374245,6.002113743611143,1.9962570295486992,3.2072655879195215,3.2072655879195215,4.526342987082836,0,0,True,125,3.2072655879195215
reference_tau,176,eval:176,F12Na4Fe4,not_converged,False,True,False,True,20,3,258.3078356912198,12.91539178456099,3.492747105284343,1.4608699187016592,2.0778673885695147,2.0778673885695147,5.545483112335205,0,0,True,125,2.0778673885695147
reference_tau,177,eval:177,Cu2Ga4Sm4,not_converged,False,True,False,True,10,3,224.19971707763415,22.419971707763416,7.461503209886617,1.843445324211706,2.690605607200504,2.690605607200504,4.2504496574401855,0,0,True,125,2.690605607200504
reference_tau,178,eval:178,Pr12Pt4,verified,False,True,False,True,16,2,505.4254055070763,31.589087844192267,8.119042413886964,1.5150364732551627,2.930340801064708,2.930340801064708,6.691935062408447,0,0,True,125,2.930340801064708
reference_tau,179,eval:179,Mg4Nd2,not_converged,True,True,False,False,6,2,163.39242674575277,27.23207112429213,3.9198668683739033,2.024335084324167,3.0411452123986726,3.0411452123986726,6.090224881502804,0,0,True,125,3.0411452123986726
reference_tau,180,eval:180,Na2K2As2,not_converged,False,False,False,False,6,3,200.29305118789486,33.38217519798248,2.271770358403087,2.1274978096876143,3.059063428153349,3.059063428153349,5.31629991531372,0,0,True,125,3.059063428153349
reference_tau,181,eval:181,O8K4Nd4,not_converged,False,False,False,False,16,3,330.0421244561871,20.627632778511693,4.333737564023618,3.7913283268393636,2.202912693203367,2.202912693203367,3.7770197391510005,0,0,True,125,2.202912693203367
reference_tau,182,eval:182,O12Ca4Ru4,not_converged,False,True,False,True,20,3,238.82202689578628,11.941101344789313,5.260564253329826,1.4290423446060057,2.0154195957916157,2.0154195957916157,5.45116376876831,0,0,True,125,2.0154195957916157
reference_tau,183,eval:183,Pr6Hg2,verified,False,True,False,True,8,2,269.85384330610134,33.73173041326267,7.671082179241956,1.7231426318300709,3.4788368361727877,3.4788368361727877,5.837364673614501,0,0,True,125,3.4788368361727877
reference_tau,184,eval:184,H3Li6F6Cl3,not_converged,False,True,False,True,18,4,248.02909891061486,13.779394383923048,1.774286976911548,3.3118409561621007,1.2145617551627441,1.2145617551627441,3.571996927261352,0,0,True,125,1.2145617551627441
reference_tau,185,eval:185,NiGa3Lu,verified,False,False,False,False,5,3,94.01424628929719,18.80284925785944,7.821532879988109,1.0198820016889274,2.248862752284854,2.248862752284854,4.498741626739502,0,0,True,125,2.248862752284854
reference_tau,186,eval:186,Co2Ge2Tb2,verified,False,True,False,True,6,3,117.04248062457846,19.50708010409641,8.24289061866755,1.602675385228498,2.4544108553705164,2.4544108553705164,4.181765556335449,0,0,True,125,2.4544108553705164
reference_tau,187,eval:187,Cd2CeTl,not_converged,False,True,False,True,4,3,108.34904022987637,27.08726005746909,8.725321960321507,1.992118187419621,3.2542758336131126,3.2542758336131126,5.326658248901367,0,0,True,125,3.2542758336131126
reference_tau,188,eval:188,O8BaLa2Os,not_converged,False,True,False,True,12,4,188.0060110857476,15.667167590478966,6.477336213569412,2.0343285544712164,2.18826423864754,2.18826423864754,5.801096439361572,0,0,True,125,2.18826423864754
reference_tau,189,eval:189,H4Hg2,not_converged,False,False,False,False,6,2,83.50523640062997,13.917539400104994,8.05781753011919,2.5006080074249755,0.9243898966040502,0.9243898966040502,3.7475960254669194,0,1,True,125,0.9243898966040502
reference_tau,190,eval:190,Cl6KRb2Sb,verified,True,True,True,True,10,4,372.6965327129482,37.26965327129482,2.426057671094559,2.0100318559438697,2.667869326696109,2.667869326696109,8.036280632019043,0,0,True,125,2.667869326696109
reference_tau,191,eval:191,Li4O8P2Co2,not_converged,False,False,False,False,16,4,174.80963850114014,10.925602406321259,3.187651838167842,1.3534589074684338,1.5806086447606575,1.5806086447606575,5.035261154174805,0,0,True,125,1.5806086447606575
reference_tau,192,eval:192,Cl6K2AsCs,verified,False,True,False,True,10,4,351.2515634902201,35.125156349022014,2.3577973259146137,2.0033341022762317,2.542256764707181,2.542256764707181,7.897873758401184,0,0,True,125,2.542256764707181
reference_tau,193,eval:193,F6CaTe,not_converged,False,True,False,True,8,3,162.42142011006953,20.30267751375869,2.8796781458510874,2.0135589878396902,2.026881533341758,2.026881533341758,6.089598178863525,0,0,True,125,2.026881533341758
reference_tau,194,eval:194,Si2Ti4As2,not_converged,False,False,False,False,8,3,121.4257750770994,15.178221884637425,5.435705236050787,1.4539667025198215,2.728769198043193,2.728769198043193,3.9449334144592285,0,0,True,125,2.728769198043193
reference_tau,195,eval:195,Co2Sn2Ce2,not_converged,False,True,False,True,6,3,138.6883797829883,23.114729963831383,7.609167514892112,1.903988153103992,2.5858758512052558,2.5858758512052558,4.454681873321533,0,0,True,125,2.5858758512052558
reference_tau,196,eval:196,Al4Fe8,not_converged,False,True,False,True,12,2,152.4184708901529,12.701539240846074,6.043086665966719,2.0084310229898197,2.421294258729285,2.421294258729285,4.31583833694458,0,0,True,125,2.421294258729285
reference_tau,197,eval:197,O4Pd2Ba2,not_converged,False,True,False,True,8,3,139.99793652684434,17.499742065855543,6.54133460407213,2.213698022719671,2.059373912231508,2.059373912231508,3.9174666404724117,0,0,True,125,2.059373912231508
reference_tau,198,eval:198,F14In4Cs2,verified,False,True,False,True,20,3,416.5910086821771,20.829550434108857,3.950384727510647,1.9466571794518492,1.7803378772107328,1.7803378772107328,7.238406658172607,0,0,True,125,1.7803378772107328
reference_tau,199,eval:199,Li4O8Cr3Co,not_converged,False,True,False,True,16,4,151.40621768114013,9.462888605071258,4.065419404229742,1.794401018140084,1.980248492689218,1.980248492689218,5.05079460144043,0,0,True,125,1.980248492689218
reference_tau,200,eval:200,Li2F10S2,not_converged,False,True,False,True,14,3,219.15995953710677,15.654282824079056,2.0305619775150396,1.715968342238617,1.5072129711454672,1.5072129711454672,5.0085883140563965,0,0,True,125,1.5072129711454672
reference_tau,201,eval:201,Ho3Ir,verified,False,False,False,False,4,2,101.61235491505606,25.403088728764015,11.227016218636377,1.0195433526207818,3.28147503550502,3.28147503550502,4.621753215789795,0,0,True,125,3.28147503550502
reference_tau,202,eval:202,AlNiRh5,not_converged,False,False,False,False,7,3,104.64536490171983,14.949337843102834,9.524163808878916,1.7173379087427978,2.595222263108515,2.595222263108515,4.278852462768555,0,0,True,125,2.595222263108515
reference_tau,203,eval:203,Mg4Pb2,verified,False,True,False,True,6,2,152.23960196394495,25.373266993990825,5.580446784504175,2.042680889063633,3.255603101528879,3.255603101528879,5.688499927520752,0,0,True,125,3.255603101528879
reference_tau,204,eval:204,Pd3Gd,not_converged,False,True,False,False,4,2,70.6173401745644,17.6543350436411,11.204945820241619,1.0135974517311113,2.902643768477727,2.902643768477727,4.113808631896973,0,0,True,125,2.902643768477727
reference_tau,205,eval:205,O12Mn2Fe2Sr4,not_converged,False,True,False,True,20,4,266.4310232673726,13.32155116336863,4.761894503454652,1.4921028743225284,1.8846529365242428,1.8846529365242428,5.474408149719238,0,0,True,125,1.8846529365242428
reference_tau,206,eval:206,Co2Ga10Dy6,generation_failure,False,False,False,False,,,,,,,,,,,,,,
reference_tau,207,eval:207,O7NaK3Nb2,verified,True,True,True,True,13,4,262.8170192615828,20.216693789352522,2.7679749358557952,2.111093920212335,1.6860934344764096,1.6860934344764096,6.129064559936523,0,0,True,125,1.6860934344764096
reference_tau,208,eval:208,S8Ag4W2,not_converged,False,True,False,True,14,3,400.46373440631476,28.60455245759391,4.377389949044451,1.2597472480340466,2.210401223110976,2.210401223110976,6.547753810882569,0,0,True,125,2.210401223110976
reference_tau,209,eval:209,O12Sm4Lu4,verified,False,True,False,True,20,3,288.42687736818397,14.421343868409199,8.597271999098947,1.4589047746742638,2.192359274187574,2.192359274187574,5.727307319641113,0,0,True,125,2.192359274187574
reference_tau,210,eval:210,O6As2Ag2,not_converged,False,False,False,False,10,3,143.97105497331503,14.397105497331504,5.32374358406296,1.5677534780348077,1.8769398034156526,1.8769398034156526,5.409639358520507,0,0,True,125,1.8769398034156526
reference_tau,211,eval:211,CuGaPr2Pt2,not_converged,False,True,False,True,6,4,131.3944980903573,21.89908301505955,10.17662780446081,1.7914260893451297,2.668080129903975,2.668080129903975,4.175398349761963,0,0,True,125,2.668080129903975
reference_tau,212,eval:212,O8Nb4,not_converged,False,False,False,False,12,2,168.10999765867118,14.00916647155593,4.935100443742269,3.052055034776849,1.6702678198302976,1.6702678198302976,3.781632661819458,0,0,True,125,1.6702678198302976
reference_tau,213,eval:213,Ca4As2Sb2,verified,False,True,False,True,8,3,249.44376374963443,31.180470468704303,3.685797896837242,1.8857498541490227,2.997550538995268,2.997550538995268,4.600857257843018,0,0,True,125,2.997550538995268
reference_tau,214,eval:214,NaSb4Tm,verified,True,True,True,True,6,3,180.3584068178099,30.059734469634986,6.251143111657274,2.0921477770204517,3.1157546523705717,3.1157546523705717,4.4172163009643555,0,0,True,125,3.1157546523705717
reference_tau,215,eval:215,LiAg2Cd,not_converged,True,True,True,True,4,3,69.51566254932229,17.37891563733057,8.004345474945229,1.9886175428049253,2.8045992978647085,2.8045992978647085,4.589889049530029,0,0,True,125,2.8045992978647085
reference_tau,216,eval:216,Li6F8Cs2,verified,False,True,False,True,16,3,240.2932972523629,15.01833107827268,3.1749738112232073,1.8113289984924148,1.8189025283070661,1.8189025283070661,5.79976749420166,0,0,True,125,1.8189025283070661
reference_tau,217,eval:217,Ge2Ru2Dy,not_converged,False,True,False,True,5,3,90.96150279079941,18.192300558159882,9.308796082536999,1.9187903059070397,2.4256568186079743,2.4256568186079743,4.295578479766846,0,0,True,125,2.4256568186079743
reference_tau,218,eval:218,S2KLa,verified,False,True,False,True,4,3,120.66500458594392,30.16625114648598,3.3321391385002763,2.6741146541172847,2.9227895426013606,2.9227895426013606,4.2988386154174805,0,0,True,125,2.9227895426013606
reference_tau,219,eval:219,B4Fe8Rb4,not_converged,False,False,False,False,16,3,362.5311365605732,22.658196035035825,3.810324490307289,1.6300388493181401,1.7009425610770545,1.7009425610770545,5.505743503570557,0,0,True,125,1.7009425610770545
reference_tau,220,eval:220,NaSe2Sm,verified,False,True,False,True,4,3,110.25762525135248,27.56440631283812,4.98910068323153,1.3715814579987458,2.9502646409395035,2.9502646409395035,4.319922924041749,0,0,True,125,2.9502646409395035
reference_tau,221,eval:221,O6Sr2AgOs,not_converged,False,True,False,True,10,4,138.20262044399618,13.820262044399618,6.840697681634695,1.9989674069784478,1.8814192470946611,1.8814192470946611,5.769312381744385,0,0,True,125,1.8814192470946611
reference_tau,222,eval:222,O8Na4V4,verified,False,False,False,False,16,3,223.88961746912042,13.993101091820026,3.142638240316711,2.949477412332365,1.7561375062323243,1.7561375062323243,3.6453809738159184,0,0,True,125,1.7561375062323243
reference_tau,223,eval:223,Ni3Ge,not_converged,False,True,False,True,4,2,44.46595313108365,11.116488282770913,9.288221204547924,2.0323698636782987,2.4844925429319153,2.4844925429319153,3.561592817306518,0,0,True,125,2.4844925429319153
reference_tau,224,eval:224,Al8Cu4Ho,not_converged,True,True,True,True,13,3,203.8000261012518,15.676925084711677,5.173634730477713,1.913027448616517,2.5463117337087304,2.5463117337087304,5.190938949584961,0,0,True,125,2.5463117337087304
reference_tau,225,eval:225,Mg2Ag4,not_converged,False,True,False,True,6,2,113.55802100355929,18.92633683392655,7.020166761956231,2.690429531068942,2.8599040400010183,2.8599040400010183,3.4746863842010502,0,0,True,125,2.8599040400010183
reference_tau,226,eval:226,Si2Ti2Sr,not_converged,False,False,False,False,5,3,102.27432360910278,20.454864721820556,3.8889586935578095,1.9269927941943994,2.5251716195123404,2.5251716195123404,4.180862903594971,0,0,True,125,2.5251716195123404
reference_tau,227,eval:227,O12KSr2Sb3Ba2,not_converged,False,True,False,True,20,5,326.3254389408226,16.31627194704113,5.324022785993149,1.460567382802269,1.9180703872834053,1.9180703872834053,6.049957275390625,0,0,True,125,1.9180703872834053
reference_tau,228,eval:228,Nd2Hg6,not_converged,False,True,False,False,8,2,209.7429754618415,26.217871932730187,11.812381963445258,1.7186565310315673,3.2101831130354808,3.2101831130354808,5.137163162231445,0,0,True,125,3.2101831130354808
reference_tau,229,eval:229,O12Ca2Sr4Tl2,not_converged,False,False,False,False,20,4,323.7642176812957,16.188210884064784,5.289875351504841,1.4762626024090069,2.1249112388926843,2.1249112388926843,5.9459824562072745,0,0,True,125,2.1249112388926843
reference_tau,230,eval:230,Li6AlAs2In,verified,False,False,False,False,10,4,184.93167518250075,18.493167518250075,2.992667266745793,3.347699341265407,2.549548824732186,2.549548824732186,4.5200419425964355,0,0,True,125,2.549548824732186
reference_tau,231,eval:231,O6FeCuBaW,not_converged,False,False,False,False,10,5,142.93255637750067,14.293255637750068,6.23349616866135,2.1961483392583627,1.8738858500006719,1.8738858500006719,4.019013404846191,0,0,True,125,1.8738858500006719
reference_tau,232,eval:232,Ga3Pd3Au3,not_converged,False,True,False,True,9,3,169.48147573433758,18.831275081593063,10.966915636572944,2.0595395757939197,2.385162126169591,2.385162126169591,3.7647624015808105,0,0,True,125,2.385162126169591
reference_tau,233,eval:233,ZnTm2Ir,verified,False,True,False,True,4,3,83.53796301470094,20.884490753675234,11.837034477107046,1.9957078968196562,2.987282950914817,2.987282950914817,4.876981735229492,0,0,True,125,2.987282950914817
reference_tau,234,eval:234,Y6Ir2,not_converged,False,True,False,True,8,2,232.4427454766727,29.05534318458409,6.557130855813017,1.9049676611637547,2.858513795914224,2.858513795914224,4.373082160949707,0,0,True,125,2.858513795914224
reference_tau,235,eval:235,CNZr2,not_converged,False,True,False,True,4,3,51.5882604357369,12.897065108934225,6.710149514841864,2.6515804664477085,2.3157126712813656,2.3157126712813656,3.2585243490718083,0,0,True,125,2.3157126712813656
reference_tau,236,eval:236,Na2Br6Th,verified,False,True,False,True,9,3,345.43029811954943,38.381144235505495,3.6411437326830476,2.005255337425501,2.8399725030770755,2.8399725030770755,7.69868516921997,0,0,True,125,2.8399725030770755
reference_tau,237,eval:237,O8Ti2Tb2,not_converged,False,False,False,False,12,3,155.16440386580467,12.930366988817056,5.7958820401430575,2.419345880097098,1.7387012904066155,1.7387012904066155,3.5949935913085938,0,0,True,125,1.7387012904066155
reference_tau,238,eval:238,Mg3In3Nd3,verified,False,True,False,False,9,3,251.26274487934919,27.91808276437213,5.618086988977032,2.0238578748964895,2.9885087816478526,2.9885087816478526,4.726779937744141,0,0,True,125,2.9885087816478526
reference_tau,239,eval:239,Nd4Pt8,not_converged,False,True,False,True,12,2,255.69358888686145,21.30779907390512,13.882376737640675,2.0385544267784486,2.8613125293160806,2.8613125293160806,4.62048864364624,0,0,True,125,2.8613125293160806
reference_tau,240,eval:240,AlMn2Ir,not_converged,False,False,False,False,4,3,50.56974222964175,12.642435557410437,10.805696302262067,1.992822065817495,2.528604320522188,2.528604320522188,4.120729923248291,0,0,True,125,2.528604320522188
reference_tau,241,eval:241,Al3FeTb2,verified,False,True,False,False,6,3,116.84312922441629,19.473854870736048,6.461210091243451,1.9940432415891993,2.732148236570746,2.732148236570746,5.470266819000244,0,0,True,125,2.732148236570746
reference_tau,242,eval:242,Fe6Zr6,not_converged,False,True,False,True,12,2,210.22835306462332,17.519029422051943,6.969958611930668,2.2367700147815817,2.497035447095244,2.497035447095244,5.301743984222412,0,0,True,125,2.497035447095244
reference_tau,243,eval:243,C4Mg2Cr4,not_converged,False,False,False,False,10,3,112.94042912983849,11.29404291298385,4.479015846115556,2.6050637059422743,1.9315375656198384,1.9315375656198384,2.9098803997039795,0,0,True,125,1.9315375656198384
reference_tau,244,eval:244,OF11V3Ba2,not_converged,False,True,False,True,17,4,276.3206450124263,16.254155588966256,3.9209371270749895,1.3966520442153683,1.9395918998614734,1.9395918998614734,5.793154239654541,0,0,True,125,1.9395918998614734
reference_tau,245,eval:245,In6Yb2,verified,False,False,False,False,8,2,223.001403135591,27.875175391948876,7.706848402282122,1.9123988221917263,3.363282247055956,3.363282247055956,4.877477169036865,0,0,True,125,3.363282247055956
reference_tau,246,eval:246,Co6Ge6Tm,verified,False,True,False,True,13,3,192.27529105718332,14.790407004398718,8.276759999318864,4.559296451555426,2.1448417277108667,2.1448417277108667,4.056771278381348,0,0,True,125,2.1448417277108667
reference_tau,247,eval:247,Li4S8Cu2Er2,verified,False,False,False,False,16,4,318.96538448872343,19.935336530545214,3.883136499366215,3.1834038021103845,2.3990105215369684,2.3990105215369684,3.9567537307739253,0,0,True,125,2.3990105215369684
reference_tau,248,eval:248,S8Fe4Cu2,not_converged,False,False,False,False,14,3,215.22846740840882,15.373461957743487,4.683088353740179,1.732778348340204,2.299916171345074,2.299916171345074,5.500782489776611,0,0,True,125,2.299916171345074
reference_tau,249,eval:249,Li2C10N4,verified,False,False,False,False,16,3,211.4844452560037,13.217777828500232,1.4919709995186747,2.286403641670343,0.9141816931623543,0.9141816931623543,5.276583671569824,0,1,True,125,0.9141816931623543
reference_tau,250,eval:250,Ba6Pt2,verified,True,True,True,True,8,2,369.97865270395613,46.247331587994516,5.449261145735018,2.059439480296279,3.415575395656856,3.415575395656856,5.304476261138916,0,0,True,125,3.415575395656856
reference_tau,251,eval:251,C2Si6La8,verified,False,False,False,False,16,3,438.1614382804398,27.38508989252749,4.9410431400724955,1.7278554407298268,2.6224488541235704,2.6224488541235704,6.707722187042236,0,0,True,125,2.6224488541235704
reference_tau,252,eval:252,Zn2PdHo,not_converged,False,True,False,True,4,3,73.03189443218352,18.25797360804588,9.144172034713074,1.9929193257361137,2.857924510288515,2.857924510288515,4.667984485626221,0,0,True,125,2.857924510288515
reference_tau,253,eval:253,CaPd2Yb,not_converged,False,False,False,False,4,3,88.07044623769546,22.017611559423866,8.031296875932703,1.999546697276729,3.051986045459513,3.051986045459513,4.989985466003419,0,0,True,125,3.051986045459513
reference_tau,254,eval:254,O12V4Tl4,not_converged,False,True,False,True,20,3,332.1203226268107,16.606016131340535,6.066231506878005,3.2362374794975075,1.629166558126078,1.629166558126078,4.048171043395996,0,0,True,125,1.629166558126078
reference_tau,255,eval:255,Pd2Sb6Nd2,verified,True,True,True,True,10,3,275.58500779069084,27.558500779069085,7.422724203753197,2.5098949294414843,2.569870042882576,2.569870042882576,4.7789306640625,0,0,True,125,2.569870042882576
k4_native,0,eval:0,O8K8Zn4,invalid_terminal,False,False,False,False,20,3,443.19000000000045,22.159500000000023,2.6318099818755183,1.2878787878787878,0.6319999999999997,0.6319999999999997,6.6000000000000005,0,3,True,125,0.6319999999999997
k4_native,1,eval:1,PrPu,verified,False,False,False,False,2,2,58.179000000000016,29.089500000000008,10.985994772309583,1.3030303030303028,3.3000000000000003,3.398161267509239,3.3000000000000003,0,0,True,125,3.3000000000000003
k4_native,2,eval:2,O4MgZnSr,not_converged,False,False,False,False,7,4,100.12910067671658,14.304157239530939,4.002238580959016,3.6701041807241754,1.463941597195735,1.463941597195735,3.5052111296362667,0,0,True,125,1.463941597195735
k4_native,3,eval:3,O7Cu2Sr2Ba2,invalid_terminal,False,False,False,False,13,4,154.2136102741333,11.86258540570256,7.41880819107111,2.0244321191627535,0.6699999999999998,0.6699999999999998,4.800000000000001,0,4,True,125,0.6699999999999998
k4_native,4,eval:4,P4Se8Ag4,not_converged,False,False,False,False,16,3,251.05600000000007,15.691000000000004,7.851393018001793,1.3653846153846159,0.8958749912794755,0.8958749912794755,5.2,0,3,True,125,0.8958749912794755
k4_native,5,eval:5,O8Cr4Ag4,invalid_terminal,False,False,False,False,16,3,225.50400000000002,14.094000000000001,5.651273112476629,1.3333333333333333,0.5203114451941263,0.5203114451941263,5.4,0,3,True,125,0.5203114451941263
k4_native,6,eval:6,Cu3In3Pr3,not_converged,False,False,False,False,9,3,250.56886212775922,27.840984680862135,6.347513132887087,2.1137360077103255,0.972,0.972,4.699999999999999,0,1,True,125,0.972
k4_native,7,eval:7,S8Cu4Ho4,invalid_terminal,False,False,False,False,16,3,149.7690000000001,9.360562500000006,12.976897101377736,1.8837209302325582,0.6479999999999999,0.6479999999999999,4.3,0,5,True,125,0.6479999999999999
k4_native,8,eval:8,Ni4Sn8,invalid_terminal,False,False,False,False,12,2,136.22400000000002,11.352000000000002,14.438215552142127,1.6744186046511633,1.1,1.1,4.3,0,0,True,125,1.1
k4_native,9,eval:9,O8KBa3Bi3,not_converged,False,True,False,True,15,4,203.15570332136886,13.543713554757923,9.857641956598217,1.7492151364509847,0.9439999999999996,0.9439999999999996,5.6000000000000005,0,2,True,125,0.9439999999999996
k4_native,10,eval:10,Cu2In2Ce2,verified,False,True,False,True,6,3,50.47196053255709,8.411993422092849,20.956129952179396,2.016337213935518,1.054,1.054,3.1,0,0,True,125,1.054
k4_native,11,eval:11,O2P2As2,not_converged,False,False,False,False,6,3,28.661463327500602,4.776910554583433,14.12426239386712,10.73573479044609,0.9645934996001084,0.9645934996001084,2.887813730576221,0,1,True,175,0.9645934996001084
k4_native,12,eval:12,CuPd,not_converged,False,False,False,False,2,2,53.76000000000004,26.88000000000002,5.2499103979489465,1.7142857142857144,2.7784887978899615,2.7784887978899615,2.8000000000000003,0,0,True,125,2.7784887978899615
k4_native,13,eval:13,NaCl,not_converged,False,True,False,True,2,2,56.01134235134881,28.005671175674404,1.73262231319106,2.0808809224776046,2.206807649071391,2.206807649071391,4.1000000000000005,0,0,True,125,2.206807649071391
k4_native,14,eval:14,O8P2Co2,invalid_terminal,False,False,False,False,12,3,96.93490436798243,8.07790869733187,5.272910332816698,2.3066496257187312,0.5253940698367519,0.5253940698367519,4.772744797062395,0,3,True,125,0.5253940698367519
k4_native,15,eval:15,Si6Cr2Y,invalid_terminal,False,False,False,False,9,3,215.3285563969629,23.9253951552181,2.78707653860624,2.5883876327561524,0.592,0.592,4.0,0,2,True,125,0.592
k4_native,16,eval:16,Sb6Yb8,not_converged,False,False,False,False,14,2,333.5776240247537,23.826973144625264,10.527807047724538,2.104842788379154,0.8500000000000001,0.8500000000000001,7.4,0,2,True,125,0.8500000000000001
k4_native,17,eval:17,P4Cu4Sr4,invalid_terminal,False,False,False,False,12,3,99.98782901933623,8.332319084944686,12.099480240689559,2.1362628015969842,0.5120000000000001,0.5120000000000001,4.1000000000000005,0,3,True,125,0.5120000000000001
k4_native,18,eval:18,Li4NTe,not_converged,False,False,False,False,6,3,84.17766924784746,14.02961154130791,3.34110776171889,3.437088864401876,0.972,0.972,3.0,0,1,True,125,0.972
k4_native,19,eval:19,O3F9Mn6,not_converged,False,False,False,False,18,3,178.1518083774119,9.897322687633995,5.113570447384382,2.95112659248041,0.9550829562767417,0.9550829562767417,5.700000000000001,0,3,True,125,0.9550829562767417
k4_native,20,eval:20,O6NaZnBaOs,not_converged,False,False,False,False,10,5,114.47775944697733,11.447775944697733,7.426041367570659,2.1510035002264973,1.475,1.475,4.9,0,0,True,125,1.475
k4_native,21,eval:21,YPd3,not_converged,False,True,False,True,4,2,102.02256202175421,25.505640505438553,6.643386777843061,3.5625878913199847,1.5935645512867787,1.5935645512867787,4.067240503037512,0,0,True,125,1.5935645512867787
k4_native,22,eval:22,LiF2Te,not_converged,False,False,False,False,4,3,61.400482315804,15.350120578951,4.666181065468979,7.278819376264674,0.9754111654011981,0.9754111654011981,3.9016446616047924,0,2,True,125,0.9754111654011981
k4_native,23,eval:23,H8Li8C4,invalid_terminal,False,False,False,False,20,3,112.85999999999996,5.642999999999998,1.6425053121861226,1.5833333333333344,0.6794858350252785,0.6794858350252785,3.6,0,6,True,125,0.6794858350252785
k4_native,24,eval:24,O8Ti2Gd4,invalid_terminal,False,False,False,False,14,3,154.22400000000005,11.016000000000004,9.181386488682463,1.0980392156862744,0.672,0.672,5.1000000000000005,0,6,True,125,0.672
k4_native,25,eval:25,F6S3Y4,invalid_terminal,False,False,False,False,13,3,103.89676944685715,7.9920591882197805,9.043088187539764,3.3380641073028303,0.6214410160314962,0.6214410160314962,4.0,0,4,True,125,0.6214410160314962
k4_native,26,eval:26,O6Ba2PrTa,not_converged,False,False,False,False,10,4,156.05705239430867,15.605705239430867,7.368671476067829,2.172035456924553,0.8495316356675603,0.8495316356675603,5.4,0,1,True,125,0.8495316356675603
k4_native,27,eval:27,Li4Si8Cs4,invalid_terminal,False,False,False,False,16,3,233.36379761615,14.585237351009376,5.579179631807817,2.349773482643034,0.8799999999999999,0.8799999999999999,5.416659161138138,0,5,True,125,0.8799999999999999
k4_native,28,eval:28,Li2O12Gd4Ta2,invalid_terminal,False,False,False,False,20,4,151.20000000000005,7.560000000000002,13.143414475110838,1.5555555555555556,0.6300000000000001,0.6300000000000001,4.5,0,1,True,125,0.6300000000000001
k4_native,29,eval:29,O8Rb4Mo2,invalid_terminal,False,False,False,False,14,3,179.27145688479283,12.805104063199488,6.129563336388123,2.051471462814032,0.7701766031242446,0.7701766031242446,5.7,0,2,True,125,0.7701766031242446
k4_native,30,eval:30,Si6Co8Ba4,not_converged,False,False,False,False,18,3,306.71705193671545,17.039836218706412,6.438692540217147,2.990090525547315,0.995021607805579,0.995021607805579,5.8999999999999995,0,1,True,125,0.995021607805579
k4_native,31,eval:31,CuPdBi,not_converged,False,False,False,False,3,3,65.48515900568617,21.828386335228725,9.60912840255593,2.110736630967511,2.1788758569500923,2.1788758569500923,4.2,0,0,True,125,2.1788758569500923
k4_native,32,eval:32,O8NaV2Fe,not_converged,False,False,False,False,12,4,52.864359133760374,4.4053632611466975,9.697080495356815,4.55441585010024,0.7292151052844971,0.7292151052844971,3.162063489141419,0,2,True,125,0.7292151052844971
k4_native,33,eval:33,NaAu2Tl,verified,False,False,False,False,4,3,77.47344737392294,19.368361843480734,13.316862286120264,2.153252047106361,1.7956544767855536,1.7956544767855536,4.3,0,0,True,125,1.7956544767855536
k4_native,34,eval:34,MgGa3,not_converged,False,True,False,True,4,2,122.51614933550603,30.629037333876507,3.1644211815185765,2.2999978040965945,1.3977113435899415,1.3977113435899415,4.9,0,0,True,125,1.3977113435899415
k4_native,35,eval:35,NiGa3Tb,not_converged,False,True,False,True,5,3,49.13158292506435,9.82631658501287,14.42448400456021,3.847709216783218,1.175,1.175,3.2887676947361117,0,0,True,125,1.175
k4_native,36,eval:36,O8AlKMo2,invalid_terminal,False,False,False,False,12,4,127.83999999999997,10.65333333333333,5.013246398204091,1.7,0.5439999999999998,0.5439999999999998,4.0,0,4,True,125,0.5439999999999998
k4_native,37,eval:37,C4Mn2Ta2,invalid_terminal,False,False,False,False,8,3,89.54400000000005,11.193000000000007,9.639646807335,1.2682926829268293,1.05,1.05,4.1000000000000005,0,0,True,125,1.05
k4_native,38,eval:38,Co9Y3,invalid_terminal,False,False,False,False,12,2,183.97600000000014,15.331333333333346,7.19464911225562,1.173076923076923,0.58,0.58,5.2,0,4,True,125,0.58
k4_native,39,eval:39,Si2AsBaTl,verified,False,False,False,False,5,4,57.9660973853637,11.59321947707274,13.544256413060005,3.5399791032718566,1.0894379284750462,1.0894379284750462,3.8231754410450067,0,0,True,125,1.0894379284750462
k4_native,40,eval:40,O6Sr2InTa,invalid_terminal,False,False,False,False,10,4,127.95804312351768,12.795804312351768,7.358110626015241,2.1114750897146806,0.624,0.624,5.2,0,1,True,125,0.624
k4_native,41,eval:41,In3Pr3Tl3,invalid_terminal,False,False,False,False,9,3,98.68359476123682,10.964843862359647,23.226623073952467,1.7379233225380368,0.516,0.516,4.3,0,7,True,125,0.516
k4_native,42,eval:42,H3N2Br,not_converged,False,False,False,False,6,3,99.97397261287566,16.66232876881261,1.8427019062213323,2.6504738649300617,1.2870000000000001,1.2870000000000001,3.9000000000000004,0,0,True,125,1.2870000000000001
k4_native,43,eval:43,O8Eu4,invalid_terminal,False,False,False,False,12,2,116.727,9.72725,10.4680979105476,1.8717948717948711,0.876,0.876,3.9000000000000004,0,2,True,125,0.876
k4_native,44,eval:44,Li2P4FeTe,not_converged,False,False,False,False,8,4,92.52244915673062,11.565306144591327,5.765106356552362,2.6848860217655366,1.4000000000000001,1.4000000000000001,4.2,0,0,True,125,1.4000000000000001
k4_native,45,eval:45,S4Nb2Ag2,verified,False,False,False,False,8,3,169.7343972664212,21.21679965830265,5.183208720160671,3.336892596165685,1.186087867510619,1.186087867510619,4.744351470042476,0,0,True,125,1.186087867510619
k4_native,46,eval:46,Bi6Th2,invalid_terminal,False,False,False,False,8,2,119.3383006414957,14.917287580186963,23.904624264997942,1.833597770422662,0.52,0.52,4.0,0,1,True,125,0.52
k4_native,47,eval:47,F6K2YIn,verified,False,True,False,True,10,4,86.6552289276302,8.66552289276302,7.586679688391443,2.382774399974186,1.0250000000000001,1.0250000000000001,4.1000000000000005,0,0,True,125,1.0250000000000001
k4_native,48,eval:48,Li2O8Fe2Rh2,invalid_terminal,False,False,False,False,14,4,107.27847068515896,7.6627479060827834,7.110610755098291,1.873142044743399,0.627859373914467,0.627859373914467,3.9999999999999996,0,4,True,125,0.627859373914467
k4_native,49,eval:49,C2K2Lu2,not_converged,False,False,False,False,6,3,63.99999999999998,10.666666666666663,11.731500938145679,1.0,1.0,1.0,4.0,0,0,True,125,1.0
k4_native,50,eval:50,N2Mg2S,not_converged,False,False,False,False,5,3,71.84546749795707,14.369093499591415,2.512076830613976,2.369617237609294,1.2329817516897807,1.2329817516897807,3.4000000000000004,0,0,True,125,1.2329817516897807
k4_native,51,eval:51,B4Rh4Dy2,verified,False,True,False,True,10,3,104.29339434849189,10.429339434849188,12.416874221064237,3.524911842525094,0.9279999999999999,0.9279999999999999,4.424245686716536,0,1,True,125,0.9279999999999999
k4_native,52,eval:52,Li2O8Mn3Fe,invalid_terminal,False,False,False,False,14,4,110.73292193381339,7.909494423843813,5.436556146231851,2.2946727223690155,0.5371740872380203,0.5371740872380203,4.5,0,3,True,125,0.5371740872380203
k4_native,53,eval:53,Ge12Hf4,invalid_terminal,False,False,False,False,16,2,151.31700000000006,9.457312500000004,17.400669888800486,1.604651162790698,0.5519999999999997,0.5519999999999997,4.3,0,4,True,125,0.5519999999999997
k4_native,54,eval:54,Zn2Sn8Tm2,invalid_terminal,False,False,False,False,12,3,131.20000000000005,10.933333333333337,17.951622341185846,2.0,0.7446401815642238,0.7446401815642238,4.0,0,6,True,125,0.7446401815642238
k4_native,55,eval:55,Ni4Sn4Ce4,not_converged,False,False,False,False,12,3,150.6960000000001,12.558000000000009,13.995152309374944,1.3695652173913044,1.5750000000000002,1.5750000000000002,4.6000000000000005,0,0,True,125,1.5750000000000002
k4_native,56,eval:56,O6Cl2Ba4Nd2,invalid_terminal,False,False,False,False,14,4,179.2369476942463,12.802639121017593,9.307982102218103,1.8610225321800007,0.6389999999999998,0.6389999999999998,5.300000000000001,0,3,True,125,0.6389999999999998
k4_native,57,eval:57,O12Ca4Mn2Bi2,not_converged,False,False,False,False,20,4,230.45399999999992,11.522699999999997,6.341871524852452,1.0677966101694916,0.905651699054333,0.905651699054333,5.9,0,1,True,125,0.905651699054333
k4_native,58,eval:58,Sn5U,verified,False,True,False,True,6,2,102.88381796959129,17.14730299493188,13.421637087999398,1.7326338915462256,1.5438843868632135,1.5438843868632135,4.0,0,0,True,125,1.5438843868632135
k4_native,59,eval:59,Ni4Sn2Au12,invalid_terminal,False,False,False,False,18,3,374.85000000000025,20.825000000000014,12.5622091809056,3.061224489795919,0.6,0.6,4.9,0,1,True,125,0.6
k4_native,60,eval:60,N2I2,verified,False,False,False,False,4,2,116.22060918787163,29.055152296967908,4.026626677323115,1.8540880149926062,1.5250000000000001,1.5250000000000001,4.4,0,0,True,125,1.5250000000000001
k4_native,61,eval:61,O4Br2Ta2,invalid_terminal,False,False,False,False,8,3,166.66800000000003,20.833500000000004,5.835433254378467,1.7674418604651163,0.5488916104296,0.5488916104296,4.3,0,1,True,125,0.5488916104296
k4_native,62,eval:62,S8Zn2In4,not_converged,False,False,False,False,14,3,154.44148805633378,11.0315348611667,9.102664037149385,4.059651740818012,0.8690457631836784,0.8690457631836784,4.640167424915228,0,3,True,125,0.8690457631836784
k4_native,63,eval:63,Ge4Ag6Sb8,not_converged,False,True,False,True,18,3,372.18600000000026,20.677000000000014,8.52987561608431,1.403225806451613,1.0643237289471656,1.0643237289471656,6.2,0,0,True,125,1.0643237289471656
k4_native,64,eval:64,Li2O8Na3CuLa2,invalid_terminal,False,False,False,False,16,5,108.200817230547,6.762551076909188,8.47456998310603,2.001302494337009,0.5910717639906824,0.5910717639906824,4.3,0,3,True,125,0.5910717639906824
k4_native,65,eval:65,Mg5Er,verified,False,False,False,False,6,2,104.46828377571633,17.411380629286054,4.590265068760351,3.4286615454475955,2.0666781769582134,2.0666781769582134,4.133356353916427,0,0,True,125,2.0666781769582134
k4_native,66,eval:66,Li2Sb2Sm2,not_converged,False,False,False,False,6,3,81.77271670153806,13.62878611692301,11.333650419266228,1.7641173499867124,1.225,1.225,4.1000000000000005,0,0,True,125,1.225
k4_native,67,eval:67,Mg8Cu4Ce4,invalid_terminal,False,False,False,False,16,3,75.47730732553389,4.717331707845868,22.200448121582593,6.491390907516854,0.6819999999999999,0.6819999999999999,3.0846542184757473,0,9,True,125,0.6819999999999999
k4_native,68,eval:68,Na2K4As2,verified,False,False,False,False,8,3,198.64500000000015,24.83062500000002,2.944289188542701,2.317073170731707,2.0500000000000003,2.0500000000000003,4.1000000000000005,0,0,True,125,2.0500000000000003
k4_native,69,eval:69,H4C12Re4,generation_failure,False,False,False,False,,,,,,,,,,,,,,
k4_native,70,eval:70,ZnGe,not_converged,False,False,False,False,2,2,84.54734361291315,42.273671806456576,2.7113300999092727,2.085970457398311,3.3700890195957736,3.3700890195957736,4.7,0,0,True,125,3.3700890195957736
k4_native,71,eval:71,LiAsCd,verified,False,False,False,False,3,3,65.61701279393935,21.872337597979783,4.916391171632522,1.735795795376251,1.4631855658118014,1.4631855658118014,4.1000000000000005,0,0,True,125,1.4631855658118014
k4_native,72,eval:72,F6MgSn,invalid_terminal,False,False,False,False,8,3,47.501608259138706,5.937701032392338,8.984275576130731,7.793415141196417,0.583,0.583,2.937296012202658,0,3,True,125,0.583
k4_native,73,eval:73,O4Cl2Bi2,invalid_terminal,False,False,False,False,8,3,97.49800000000003,12.187250000000004,9.41612068691018,1.4146341463414631,0.6560000000000002,0.6560000000000002,4.1000000000000005,0,1,True,125,0.6560000000000002
k4_native,74,eval:74,Cl2Ca,verified,False,True,False,True,3,2,35.21303775526047,11.737679251753491,5.233665696450823,10.21448422259559,1.4472005709879032,1.4472005709879032,3.053923582828148,0,0,True,175,1.4472005709879032
k4_native,75,eval:75,Cl3RbAu,verified,False,False,False,False,5,3,172.48000000000008,34.496000000000016,3.7430808097143378,1.0181818181818185,2.75,2.75,5.5,0,0,True,125,2.75
k4_native,76,eval:76,Li2O8Ni2Sr2Hf2,invalid_terminal,False,False,False,False,16,5,114.34199999999998,7.146374999999999,11.49437741677454,1.7352941176470587,0.708,0.708,3.4000000000000004,0,2,True,125,0.708
k4_native,77,eval:77,Ag2Ce,invalid_terminal,False,False,False,False,3,2,69.84668086602254,23.282226955340846,8.460055722287315,1.7915384839926056,1.1253697170263648,1.1253697170263648,3.9000000000000004,0,0,True,125,1.1253697170263648
k4_native,78,eval:78,C8Si6Ba4,invalid_terminal,False,False,False,False,18,3,264.9600000000002,14.720000000000011,5.100859397130052,2.400000000000001,0.6719999999999996,0.6719999999999996,4.0,0,3,True,125,0.6719999999999996
k4_native,79,eval:79,O12Ge4Ba4,invalid_terminal,False,False,False,False,20,3,163.19999999999996,8.159999999999998,10.499051284884372,2.0,0.5599999999999999,0.5599999999999999,4.0,0,10,True,125,0.5599999999999999
k4_native,80,eval:80,AgCe2Pt,verified,False,True,False,True,4,3,97.2922362370194,24.32305905925485,9.953519258871701,2.066438397136048,1.7879807045938725,1.7879807045938725,4.9,0,0,True,125,1.7879807045938725
k4_native,81,eval:81,Ge2Pr10Pb6,not_converged,False,False,False,False,18,3,245.37790585747538,13.632105880970855,18.9318261684449,1.9820508095057474,0.972,0.972,5.300000000000001,0,1,True,125,0.972
k4_native,82,eval:82,MgSr3,verified,True,True,True,True,4,2,124.73561073383091,31.183902683457728,3.8228754263104565,3.7579646260301467,1.5567403024688373,1.5567403024688373,4.640397982455451,0,0,True,125,1.5567403024688373
k4_native,83,eval:83,Co7Ge2Sm2,invalid_terminal,False,False,False,False,11,3,85.28463651549313,7.753148774135739,16.716100229424153,5.050743491522379,0.8772658414275072,0.8772658414275072,3.7937588825706205,0,2,True,125,0.8772658414275072
k4_native,84,eval:84,F6KSbCs2,not_converged,False,False,False,False,10,4,131.1485089202313,13.114850892023131,6.845570972299732,2.3740652872088317,1.1500000000000001,1.1500000000000001,4.6000000000000005,0,0,True,125,1.1500000000000001
k4_native,85,eval:85,YPtBi,verified,False,False,False,False,3,3,68.53420344616256,22.84473448205419,11.944347750968197,2.091746688232045,2.15,2.15,4.3,0,0,True,125,2.15
k4_native,86,eval:86,O8Mn2Ni2,invalid_terminal,False,False,False,False,12,3,147.88340380731623,12.323616983943019,3.98908817340539,1.4044615357876276,0.6802619040370232,0.6802619040370232,4.800000000000001,0,1,True,125,0.6802619040370232
k4_native,87,eval:87,O12KNiSr4Lu2,invalid_terminal,False,False,False,False,20,5,255.91500000000005,12.795750000000002,6.4250368010422205,2.106382978723404,0.594,0.594,4.7,0,4,True,125,0.594
k4_native,88,eval:88,AlAgLu2,not_converged,True,True,True,True,4,3,76.36753236814708,19.09188309203677,10.541159467049496,2.072975019783151,2.761227082295116,2.761227082295116,4.5,0,0,True,125,2.761227082295116
k4_native,89,eval:89,Li2O8F2P2In4,not_converged,False,False,False,False,18,5,156.63628715635852,8.70201595313103,7.432461645414169,1.725730478635793,0.5692652575073108,0.5692652575073108,5.3999999999999995,0,2,True,125,0.5692652575073108
k4_native,90,eval:90,S2Se2Eu2,verified,False,False,False,False,6,3,90.6312905568491,15.105215092808182,9.636925743921568,3.206456281779348,1.6770691697124485,1.6770691697124485,3.4,0,0,True,125,1.6770691697124485
k4_native,91,eval:91,O8La2Pb2,invalid_terminal,False,False,False,False,12,3,80.74886487164149,6.72907207263679,16.866916213623576,3.1107333273268893,0.72,0.72,4.065653290774249,0,2,True,125,0.72
k4_native,92,eval:92,O12Ca4Fe2Ho2,invalid_terminal,False,False,False,False,20,4,211.19999999999996,10.559999999999999,6.241609712845325,1.163636363636364,0.5119999999999998,0.5119999999999998,5.5,0,14,True,125,0.5119999999999998
k4_native,93,eval:93,O2ZnSr,not_converged,False,False,False,False,4,3,47.37191169881155,11.842977924702888,6.485824179114974,2.08806472161909,1.3723006230414676,1.3723006230414676,3.8000000000000003,0,0,True,125,1.3723006230414676
k4_native,94,eval:94,NaSc2As6Tl,verified,False,False,False,False,10,4,236.5173188119637,23.65173188119637,5.383645600763993,2.2997617560832024,1.717352322617581,1.717352322617581,5.800000000000001,0,0,True,125,1.717352322617581
k4_native,95,eval:95,O6Al2In2,invalid_terminal,False,False,False,False,10,3,69.33196492421827,6.933196492421827,9.091522504579826,2.005195500829952,0.506,0.506,4.6,0,5,True,125,0.506
k4_native,96,eval:96,CaCd2Nd,verified,False,True,False,True,4,3,82.76331320397945,20.690828300994863,8.208906198721273,2.1079608229118416,1.7003676073131953,1.7003676073131953,4.5,0,0,True,125,1.7003676073131953
k4_native,97,eval:97,SrAg3,not_converged,False,False,False,False,4,2,97.0426650420949,24.260666260523724,7.036642214542971,2.7946622503917586,1.128925225831364,1.128925225831364,4.515700903325456,0,0,True,125,1.128925225831364
k4_native,98,eval:98,Ni6As2,invalid_terminal,False,False,False,False,8,2,114.95707812375012,14.369634765468765,7.251372451172441,1.9573656177198615,0.756,0.756,4.3,0,2,True,125,0.756
k4_native,99,eval:99,O5F8V4Mn2,invalid_terminal,False,False,False,False,19,4,84.6930443380694,4.457528649372073,10.697853878084768,4.425408734163348,0.6960000000000001,0.6960000000000001,3.9401766324424545,0,5,True,125,0.6960000000000001
k4_native,100,eval:100,O2S8Zn2Os2,verified,False,False,False,False,14,4,216.98560207481373,15.498971576772409,6.120654177247013,2.480037114487816,1.0997173521819124,1.0997173521819124,5.9241499666483,0,0,True,125,1.0997173521819124
k4_native,101,eval:101,LiF6K2Ag,verified,False,True,False,True,10,4,151.90774980230594,15.190774980230595,3.3558473214403346,2.111301004636976,1.55,1.55,5.5,0,0,True,125,1.55
k4_native,102,eval:102,V6Fe2,not_converged,False,False,False,False,8,2,59.433591410918446,7.429198926364806,11.660202539745327,1.7330095959471206,0.9500000000000001,0.9500000000000001,3.8000000000000003,0,4,True,125,0.9500000000000001
k4_native,103,eval:103,Sn8Yb6,not_converged,False,False,False,False,14,2,277.56416035306137,19.826011453790098,11.892813600562041,2.539831828025363,0.7919999999999996,0.7919999999999996,6.100000000000001,0,1,True,125,0.7919999999999996
k4_native,104,eval:104,Cu2Zr12Sn4,not_converged,False,False,False,False,18,3,86.72395877855887,4.817997709919937,32.485876231372245,7.444653616067725,0.7443245944117747,0.7443245944117747,2.4596724677619286,0,13,True,125,0.7443245944117747
k4_native,105,eval:105,Sb6Dy2,verified,False,True,False,True,8,2,108.84640287464718,13.605800359330898,16.103413349900997,1.7445740284549236,1.425,1.425,4.5,0,0,True,125,1.425
k4_native,106,eval:106,Al4Pd4Ce4,invalid_terminal,False,False,False,False,12,3,153.46699999999993,12.78891666666666,11.838025327805292,1.9302325581395352,0.5810000000000001,0.5810000000000001,4.3,0,5,True,125,0.5810000000000001
k4_native,107,eval:107,Cl6K2AsRb,verified,False,True,False,True,10,4,305.7755996020613,30.577559960206127,2.4508427876133076,2.0581750329999684,2.6361667246211877,2.6361667246211877,7.2,0,0,True,125,2.6361667246211877
k4_native,108,eval:108,ZnSn2Pb,verified,False,True,False,True,4,3,61.34575590862009,15.336438977155023,13.805732231264669,2.0974652280739683,2.5200446424617167,2.5200446424617167,4.1000000000000005,0,0,True,125,2.5200446424617167
k4_native,109,eval:109,Zn3Ac,not_converged,False,False,False,False,4,2,75.76399999999998,18.940999999999995,9.275974968849566,1.6774193548387097,0.7989999999999999,0.7989999999999999,3.1,0,1,True,125,0.7989999999999999
k4_native,110,eval:110,Ni4Ge8,invalid_terminal,False,False,False,False,12,2,276.3046871769098,23.025390598075816,4.903366681295059,1.7016309764438429,0.5839999999999997,0.5839999999999997,5.9,0,1,True,125,0.5839999999999997
k4_native,111,eval:111,O2F10Mn2Ba4,invalid_terminal,False,False,False,False,18,4,234.08,13.004444444444445,6.250906092689144,1.381818181818182,0.6599999999999999,0.6599999999999999,5.5,0,4,True,125,0.6599999999999999
k4_native,112,eval:112,CeTl3,verified,False,False,False,False,4,2,85.91400000000002,21.478500000000004,14.559064349088725,1.4594594594594592,1.85,1.85,3.7,0,0,True,125,1.85
k4_native,113,eval:113,O6Ba2LaBi,not_converged,False,False,False,False,10,4,145.40378162895215,14.540378162895214,8.205821978886341,2.189931922346981,1.2919999999999998,1.2919999999999998,5.4,0,0,True,125,1.2919999999999998
k4_native,114,eval:114,B4Rh4Tm4,invalid_terminal,False,False,False,False,12,3,160.62346369070747,13.38528864089229,11.688268584744277,1.904152045002476,0.5519999999999997,0.5519999999999997,4.800000000000001,0,4,True,125,0.5519999999999997
k4_native,115,eval:115,Ti6Rh2,not_converged,False,False,False,False,8,2,81.02453762904172,10.128067203630215,10.103943457101938,2.105007510399504,1.1500000000000001,1.1500000000000001,4.6000000000000005,0,0,True,125,1.1500000000000001
k4_native,116,eval:116,ZnTbTl2,verified,False,True,False,True,4,3,83.08787521654409,20.771968804136023,12.652734924761262,2.0436863730745336,1.750892629489313,1.750892629489313,4.800000000000001,0,0,True,125,1.750892629489313
k4_native,117,eval:117,O12Cr4La4,invalid_terminal,False,False,False,False,20,3,181.36600000000016,9.068300000000008,8.749212114437201,1.1132075471698115,0.5219999999999999,0.5219999999999999,5.300000000000001,0,9,True,125,0.5219999999999999
k4_native,118,eval:118,Li4O8Cr4,invalid_terminal,False,False,False,False,16,3,37.417080440865554,2.338567527554097,16.14263996305938,7.500817054618589,0.523707145017429,0.523707145017429,2.1712404000427883,0,10,True,125,0.523707145017429
k4_native,119,eval:119,Li2F8Mn2Te2,invalid_terminal,False,False,False,False,14,4,100.24102365901582,7.16007311850113,8.795355500170702,5.032421948850188,0.6923073089460821,0.6923073089460821,2.8580309765993026,0,1,True,125,0.6923073089460821
k4_native,120,eval:120,Ru8Yb4,invalid_terminal,False,False,False,False,12,2,160.44507308174002,13.370422756811669,15.53182120312526,1.636107536894336,0.672,0.672,5.6000000000000005,0,4,True,125,0.672
k4_native,121,eval:121,Cu3GaHf,not_converged,False,False,False,False,5,3,72.283,14.4566,10.08161296454874,1.0487804878048779,1.0250000000000001,1.0250000000000001,4.1000000000000005,0,0,True,125,1.0250000000000001
k4_native,122,eval:122,S4K2Mn2,verified,False,True,False,True,8,3,131.47433931480742,16.434292414350928,3.995325570945894,3.2478799122359345,1.4011794911674322,1.4011794911674322,5.0876666740179575,0,0,True,125,1.4011794911674322
k4_native,123,eval:123,S12Er8,invalid_terminal,False,False,False,False,20,2,284.59200000000016,14.229600000000008,10.052506929112347,1.3750000000000002,0.5389999999999996,0.5389999999999996,5.6000000000000005,0,7,True,125,0.5389999999999996
k4_native,124,eval:124,O12Sr4Nb2Sm2,generation_failure,False,False,False,False,,,,,,,,,,,,,,
k4_native,125,eval:125,O12Ca4Ti2Bi2,invalid_terminal,False,False,False,False,20,4,328.56,16.428,4.376753614134324,1.2333333333333332,0.72,0.72,6.0,0,3,True,125,0.72
k4_native,126,eval:126,Li2F8V2,invalid_terminal,False,False,False,False,12,3,158.98811102327275,13.249009251939396,2.79651747489983,1.5289915788264918,0.5670000000000001,0.5670000000000001,4.3,0,3,True,125,0.5670000000000001
k4_native,127,eval:127,Li2O8Mn3Rh,invalid_terminal,False,False,False,False,14,4,88.98231734451511,6.355879810322508,7.6436708592321105,2.1940537996168876,0.528,0.528,4.4,0,5,True,125,0.528
k4_native,128,eval:128,B2Fe3La3,verified,False,False,False,False,8,3,55.071421452056256,6.883927681507032,18.268576335822804,1.9398049261115484,1.0250000000000001,1.0250000000000001,3.3000000000000003,0,0,True,125,1.0250000000000001
k4_native,129,eval:129,Ga2As6Sb2,invalid_terminal,False,False,False,False,10,3,342.1176306396523,34.21176306396523,4.040690519187713,1.8043667631566132,0.7444195920287952,0.7444195920287952,6.199999999999999,0,1,True,125,0.7444195920287952
k4_native,130,eval:130,K4Zn2As4,invalid_terminal,False,False,False,False,10,3,126.14400000000008,12.614400000000007,7.725824398257385,2.027777777777778,0.5839999999999997,0.5839999999999997,3.6,0,1,True,125,0.5839999999999997
k4_native,131,eval:131,K4As12Eu4,invalid_terminal,False,False,False,False,20,3,299.6670000000001,14.983350000000005,9.216859307177428,2.348837209302326,1.075,1.075,4.3,0,0,True,125,1.075
k4_native,132,eval:132,O12Ga4Nb2,invalid_terminal,False,False,False,False,18,3,193.8538011730971,10.769655620727617,5.62522863478538,1.3277724373310322,0.6402611528405561,0.6402611528405561,5.699999999999999,0,4,True,125,0.6402611528405561
k4_native,133,eval:133,Co4Ge4Pd4,invalid_terminal,False,False,False,False,12,3,106.855,8.904583333333333,14.793767175422836,2.028571428571429,0.5680000000000002,0.5680000000000002,3.5,0,2,True,125,0.5680000000000002
k4_native,134,eval:134,F6Rb3Nd,verified,False,True,False,True,10,3,149.0694231826232,14.90694231826232,5.732717445390307,2.1349036186373986,0.6100000000000001,0.6100000000000001,5.4,0,2,True,125,0.6100000000000001
k4_native,135,eval:135,As8Cd2Tl4,not_converged,False,False,False,False,14,3,267.58972926553014,19.11355209039501,10.187810601751139,2.6089515593343737,0.9058966109090659,0.9058966109090659,6.499999999999999,0,1,True,125,0.9058966109090659
k4_native,136,eval:136,Cu3In3Pr3,invalid_terminal,False,False,False,False,9,3,304.7335549820531,33.85928388689479,5.219278012039717,1.9393955085833121,0.5679999999999997,0.5679999999999997,5.9,0,7,True,125,0.5679999999999997
k4_native,137,eval:137,B2Co2Eu2,not_converged,False,False,False,False,6,3,45.236951222945535,7.539491870490923,16.276743203513302,4.121076508424772,1.5,1.5,2.3257679823964437,0,0,True,125,1.5
k4_native,138,eval:138,F2I2Ba2,verified,False,False,False,False,6,3,173.37600000000003,28.896000000000004,5.425367631930189,2.285714285714286,2.4000000000000004,2.4000000000000004,4.2,0,0,True,125,2.4000000000000004
k4_native,139,eval:139,ScZn2Sn,not_converged,False,True,False,True,4,3,74.70158879167164,18.67539719791791,6.546072824835482,2.089928448607354,1.6463975826026958,1.6463975826026958,4.4,0,0,True,125,1.6463975826026958
k4_native,140,eval:140,O10Cu2Sr4Cs2,invalid_terminal,False,False,False,False,18,4,298.4029898260427,16.577943879224595,5.027069740482646,2.973441768242972,0.7364638548392345,0.7364638548392345,5.7,0,3,True,125,0.7364638548392345
k4_native,141,eval:141,AgIn2Ce,not_converged,False,True,False,True,4,3,76.50329687013497,19.125824217533744,10.366965000784365,2.041659579964948,1.6798437427332342,1.6798437427332342,4.6000000000000005,0,0,True,125,1.6798437427332342
k4_native,142,eval:142,Li4N8As4,invalid_terminal,False,False,False,False,16,3,159.84800000000004,9.990500000000003,4.565672150586596,1.1153846153846152,0.5800000000000001,0.5800000000000001,5.2,0,3,True,125,0.5800000000000001
k4_native,143,eval:143,Na4Au4,verified,False,False,False,False,8,2,91.83400000000006,11.479250000000008,15.908970214091722,2.1470588235294112,1.7000000000000002,1.7000000000000002,3.4000000000000004,0,0,True,125,1.7000000000000002
k4_native,144,eval:144,YIn2Eu,verified,False,False,False,False,4,3,65.71001896210346,16.427504740525865,11.890018559261566,2.064868451508555,1.6278820596099708,1.6278820596099708,4.4,0,0,True,125,1.6278820596099708
k4_native,145,eval:145,F6K2AgTl,invalid_terminal,False,False,False,False,10,4,152.60919972924304,15.260919972924304,5.488790120881194,2.0352361903579776,0.7670000000000001,0.7670000000000001,5.8999999999999995,0,3,True,125,0.7670000000000001
k4_native,146,eval:146,Zn10Pt6,not_converged,False,True,False,True,16,2,184.47165625213978,11.529478515758736,16.424255515669856,4.355349183150964,1.4050314268635686,1.4050314268635686,5.469785537490264,0,0,True,125,1.4050314268635686
k4_native,147,eval:147,TiCoTm2,not_converged,False,True,False,True,4,3,90.01186481792276,22.50296620448069,8.203247520668963,2.0560492377456585,1.7686506155823993,1.7686506155823993,4.800000000000001,0,0,True,125,1.7686506155823993
k4_native,148,eval:148,Li2SnEr,not_converged,False,True,False,True,4,3,81.35687781619943,20.339219454049857,6.12012546479425,2.0543240831941865,1.6817030058842137,1.6817030058842137,4.7,0,0,True,125,1.6817030058842137
k4_native,149,eval:149,O5F8Cu2Sr2Os,invalid_terminal,False,False,False,False,18,5,154.215684074909,8.567538004161612,7.80165338164932,2.4270390289902823,0.5828131025364691,0.5828131025364691,5.1,0,4,True,125,0.5828131025364691
k4_native,150,eval:150,In3Yb,verified,False,False,False,False,4,2,132.28800000000004,33.07200000000001,6.4958197548613645,1.1041666666666667,2.4000000000000004,2.4000000000000004,4.800000000000001,0,0,True,125,2.4000000000000004
k4_native,151,eval:151,Si2Co2Ce,not_converged,False,False,False,False,5,3,53.09617787686121,10.619235575372242,9.82488755046833,5.450179490496898,1.1399999999999997,1.1399999999999997,3.7395369201920863,0,0,True,125,1.1399999999999997
k4_native,152,eval:152,V2FeRu,not_converged,False,True,False,True,4,3,71.51395142208266,17.878487855520664,6.009235691949849,2.1038287169253023,1.6288416129261922,1.6288416129261922,4.3,0,0,True,125,1.6288416129261922
k4_native,153,eval:153,LiYAu2,not_converged,True,True,True,True,4,3,101.26334792016306,25.315836980040764,8.031521975296446,2.0362319751620404,1.8565761497983324,1.8565761497983324,5.1000000000000005,0,0,True,125,1.8565761497983324
k4_native,154,eval:154,Sc6Lu2,invalid_terminal,False,False,False,False,8,2,82.22391593690975,10.277989492113718,12.514429103874516,1.7529060423541682,0.552,0.552,4.3,0,1,True,125,0.552
k4_native,155,eval:155,ScPtAu2,verified,False,False,False,False,4,3,60.10973325510604,15.02743331377651,17.51358656390527,2.060345980056222,1.5223337347638328,1.5223337347638328,4.2,0,0,True,125,1.5223337347638328
k4_native,156,eval:156,NiGd3,invalid_terminal,True,True,True,True,4,2,78.93600000000004,19.73400000000001,11.158685369414844,1.1794871794871795,1.1,1.1,3.9000000000000004,0,0,True,125,1.1
k4_native,157,eval:157,MgScTc2,not_converged,False,False,False,False,4,3,71.72184081575148,17.93046020393787,6.141450110706136,2.056881957700663,1.6626409714667805,1.6626409714667805,4.5,0,0,True,125,1.6626409714667805
k4_native,158,eval:158,N2Br2,verified,True,True,True,True,4,2,87.00437616579987,21.751094041449967,3.584702126352381,1.746336482596485,1.5854639699469681,1.5854639699469681,4.2,0,0,True,125,1.5854639699469681
k4_native,159,eval:159,MgGa2Er,not_converged,True,True,True,True,4,3,68.59501462934456,17.14875365733614,8.013046420433689,2.083025121116921,1.5935416530483286,1.5935416530483286,4.3,0,0,True,125,1.5935416530483286
k4_native,160,eval:160,Ga3Tm,not_converged,False,True,False,True,4,2,37.296,9.324,16.83438308161368,1.3214285714285716,1.4000000000000001,1.4000000000000001,2.8000000000000003,0,0,True,125,1.4000000000000001
k4_native,161,eval:161,AgYbHg2,not_converged,False,False,False,False,4,3,84.74674772520771,21.186686931301928,13.36492707235743,2.0573607667724345,2.882164984868146,2.882164984868146,4.7,0,0,True,125,2.882164984868146
k4_native,162,eval:162,Cu2Ge10Tb6,invalid_terminal,False,False,False,False,18,3,191.1799327476783,10.621107374871016,15.695514063598694,2.6001410546827795,0.6890000000000002,0.6890000000000002,5.300000000000001,0,1,True,125,0.6890000000000002
k4_native,163,eval:163,Cu3In3Yb3,verified,False,False,False,False,9,3,129.60070167634126,14.400077964037918,13.5073359004667,2.3239372402580725,1.4801719494707366,1.4801719494707366,4.1000000000000005,0,0,True,125,1.4801719494707366
k4_native,164,eval:164,K2Ag6Sn2,verified,False,True,False,True,10,3,337.6901628864444,33.76901628864444,4.734546726396743,2.1927524358318444,1.5883345359127812,1.5883345359127812,5.2,0,0,True,125,1.5883345359127812
k4_native,165,eval:165,Sr4In2Th2,not_converged,False,False,False,False,8,3,286.38000000000005,35.79750000000001,6.05461906661036,2.093023255813953,1.85,1.85,4.3,0,0,True,125,1.85
k4_native,166,eval:166,S4Sc2W,not_converged,False,False,False,False,7,3,93.36706480740418,13.338152115343453,7.149805344787759,4.242640687119284,1.122,1.122,3.3000000000000003,0,0,True,125,1.122
k4_native,167,eval:167,CdErHg2,not_converged,False,True,False,True,4,3,80.45319534984301,20.113298837460754,14.052618029382174,2.185026059685302,1.7202834068838773,1.7202834068838773,4.3,0,0,True,125,1.7202834068838773
k4_native,168,eval:168,AlGaSm2,verified,False,True,False,True,4,3,67.20342848396949,16.800857120992372,9.820019413566074,2.0582529391005626,2.6968731894547804,2.6968731894547804,4.4,0,0,True,125,2.6968731894547804
k4_native,169,eval:169,P4Co2Br10Hg2,invalid_terminal,False,False,False,False,18,4,279.6581109538456,15.536561719658089,8.562120737153322,2.065011487377755,0.5750103792534137,0.5750103792534137,6.1000000000000005,0,2,True,125,0.5750103792534137
k4_native,170,eval:170,AlMnRu2,not_converged,False,False,False,False,4,3,71.14908432299043,17.787271080747608,6.62962904299122,2.1451791775978863,1.568637944205099,1.568637944205099,4.3,0,0,True,125,1.568637944205099
k4_native,171,eval:171,F3RbAu,invalid_terminal,False,False,False,False,5,3,90.91782901392948,18.183565802785896,6.19940095070375,3.886353045591708,0.6963102756673922,0.6963102756673922,3.9945882662489223,0,1,True,125,0.6963102756673922
k4_native,172,eval:172,O6FeBa2Os,invalid_terminal,False,False,False,False,10,4,243.76516331912566,24.376516331912566,4.201160683176921,2.5884551957963025,0.5760000000000001,0.5760000000000001,5.699999999999999,0,1,True,125,0.5760000000000001
k4_native,173,eval:173,LiYAu2,not_converged,True,True,False,False,4,3,88.2836958447028,22.0709239611757,9.212332994571598,2.0427546212323486,1.786232067789625,1.786232067789625,4.8999999999999995,0,0,True,125,1.786232067789625
k4_native,174,eval:174,Cl6K2AgSb,verified,False,True,False,True,10,4,343.8052165078362,34.38052165078362,2.5141609659597735,2.66912779032785,1.8437394067492292,1.8437394067492292,5.800000000000001,0,0,True,125,1.8437394067492292
k4_native,175,eval:175,Sb2,verified,False,True,False,True,2,1,47.29537935147577,23.647689675737887,8.549978434326992,1.7502246211836963,2.196033697373517,2.196033697373517,3.6,0,0,True,125,2.196033697373517
k4_native,176,eval:176,F12Na4Fe4,invalid_terminal,False,False,False,False,20,3,178.69800000000015,8.934900000000008,5.048763530553061,2.0256410256410255,0.6320000000000006,0.6320000000000006,3.9000000000000004,0,4,True,125,0.6320000000000006
k4_native,177,eval:177,Cu2Ga4Sm4,invalid_terminal,False,False,False,False,10,3,149.24000000000007,14.924000000000007,11.209239537861416,1.585365853658536,0.5599999999999999,0.5599999999999999,4.1000000000000005,0,2,True,125,0.5599999999999999
k4_native,178,eval:178,Pr12Pt4,invalid_terminal,False,False,False,False,16,2,191.5200000000001,11.970000000000006,21.426327821470178,1.4583333333333335,0.6839999999999999,0.6839999999999999,4.800000000000001,0,5,True,125,0.6839999999999999
k4_native,179,eval:179,Mg4Nd2,invalid_terminal,False,False,False,False,6,2,75.07896135656047,12.513160226093412,8.530706186812758,3.5531345894446855,0.8076919185039443,0.8076919185039443,2.9152643678549715,0,1,True,125,0.8076919185039443
k4_native,180,eval:180,Na2K2As2,verified,False,False,False,False,6,3,163.96978585093046,27.328297641821745,2.7750223269574983,2.901565020956154,1.5633796723764837,1.5633796723764837,4.2,0,0,True,125,1.5633796723764837
k4_native,181,eval:181,O8K4Nd4,invalid_terminal,False,False,False,False,16,3,193.28400000000002,12.080250000000001,7.400074255840814,1.8571428571428572,0.5460000000000002,0.5460000000000002,4.2,0,6,True,125,0.5460000000000002
k4_native,182,eval:182,O12Ca4Ru4,invalid_terminal,False,False,False,False,20,3,165.30000000000007,8.265000000000004,7.600354613404399,1.973684210526316,0.5250000000000002,0.5250000000000002,3.8000000000000003,0,10,True,125,0.5250000000000002
k4_native,183,eval:183,Pr6Hg2,invalid_terminal,False,True,False,True,8,2,143.75675292660173,17.969594115825217,14.399817512867077,1.7460807364376043,0.7020000000000001,0.7020000000000001,5.300000000000001,0,1,True,125,0.7020000000000001
k4_native,184,eval:184,H3Li6F6Cl3,verified,False,False,False,False,18,4,305.915679658219,16.995315536567723,1.438549343348072,2.2207214146691463,0.534,0.534,4.9,0,1,True,125,0.534
k4_native,185,eval:185,NiGa3Lu,verified,False,True,False,True,5,3,120.60915628124744,24.121831256249486,6.096846551387157,3.822862590749568,1.7406001391546069,1.7406001391546069,4.7243145989285065,0,0,True,125,1.7406001391546069
k4_native,186,eval:186,Co2Ge2Tb2,not_converged,False,False,False,False,6,3,133.11669339747903,22.186115566246503,7.247538538575111,1.8798273553394353,1.064,1.064,5.10635502445138,0,0,True,125,1.064
k4_native,187,eval:187,Cd2CeTl,not_converged,False,True,False,True,4,3,89.35001287073214,22.337503217683036,10.58063932755371,2.1530863361871533,1.7224619008848934,1.7224619008848934,4.5,0,0,True,125,1.7224619008848934
k4_native,188,eval:188,O8BaLa2Os,invalid_terminal,False,False,False,False,12,4,168.0160654945717,14.001338791214309,7.247986318390424,2.142728596912448,0.57,0.57,5.4,0,1,True,125,0.57
k4_native,189,eval:189,H4Hg2,not_converged,False,False,False,False,6,2,145.6320000000001,24.272000000000016,4.620344139514274,1.8048780487804876,2.0500000000000003,2.0500000000000003,4.1000000000000005,0,0,True,125,2.0500000000000003
k4_native,190,eval:190,Cl6KRb2Sb,verified,False,True,False,True,10,4,200.2526404320302,20.02526404320302,4.515212784350229,2.288622900472252,1.5,1.5,5.9,0,0,True,125,1.5
k4_native,191,eval:191,Li4O8P2Co2,invalid_terminal,False,False,False,False,16,4,138.04300000000003,8.627687500000002,4.036657168401261,2.3548387096774195,0.5839999999999997,0.5839999999999997,3.1,0,6,True,125,0.5839999999999997
k4_native,192,eval:192,Cl6K2AsCs,verified,False,True,False,True,10,4,193.41067521726933,19.341067521726934,4.2819766602346325,2.216769899824246,1.475,1.475,5.9,0,0,True,125,1.475
k4_native,193,eval:193,F6CaTe,not_converged,False,True,False,True,8,3,98.34204753364874,12.292755941706092,4.756067477129046,4.09302550504505,0.931796020950764,0.931796020950764,4.017797268928082,0,1,True,125,0.931796020950764
k4_native,194,eval:194,Si2Ti4As2,verified,False,False,False,False,8,3,75.68000000000004,9.460000000000004,8.721389024552249,1.1000000000000003,1.032,1.032,4.0,0,0,True,125,1.032
k4_native,195,eval:195,Co2Sn2Ce2,verified,False,True,False,True,6,3,107.54170819282041,17.923618032136734,9.812965888970208,4.485118305516668,0.8456104303992473,0.8456104303992473,4.01437866742638,0,1,True,125,0.8456104303992473
k4_native,196,eval:196,Al4Fe8,invalid_terminal,False,False,False,False,12,2,79.95000000000005,6.662500000000004,11.520675785907677,1.2820512820512817,0.5499999999999999,0.5499999999999999,3.9000000000000004,0,5,True,125,0.5499999999999999
k4_native,197,eval:197,O4Pd2Ba2,not_converged,False,False,False,False,8,3,142.79286665218973,17.849108331523716,6.41329898455188,1.7660116960366539,1.0199999999999998,1.0199999999999998,5.1000000000000005,0,0,True,125,1.0199999999999998
k4_native,198,eval:198,F14In4Cs2,verified,False,True,False,True,20,3,369.58695428721904,18.47934771436095,4.4527945026907,2.4668035036961933,0.8099999999999999,0.8099999999999999,6.6000000000000005,0,2,True,125,0.8099999999999999
k4_native,199,eval:199,Li4O8Cr3Co,invalid_terminal,False,False,False,False,16,4,136.85768907153164,8.553605566970727,4.497590010892404,2.40932479311615,0.57877543140669,0.57877543140669,4.7,0,3,True,125,0.57877543140669
k4_native,200,eval:200,Li2F10S2,verified,False,False,False,False,14,3,330.25705568238845,23.589789691599176,1.347489397040352,2.584479523319034,1.07,1.07,5.4,0,0,True,125,1.07
k4_native,201,eval:201,Ho3Ir,not_converged,False,False,False,False,4,2,92.16000000000001,23.040000000000003,12.37851081429221,1.2000000000000002,2.0,2.0,4.0,0,0,True,125,2.0
k4_native,202,eval:202,AlNiRh5,not_converged,False,False,False,False,7,3,33.37914235396031,4.768448907708616,29.858753906708387,4.497518812491962,0.689207000098219,0.689207000098219,2.8716958337425798,0,1,True,125,0.689207000098219
k4_native,203,eval:203,Mg4Pb2,invalid_terminal,False,False,False,False,6,2,35.784664788163816,5.964110798027303,23.741035504540907,4.180567134568484,0.7654379633188737,0.7654379633188737,3.0315365133548107,0,1,True,125,0.7654379633188737
k4_native,204,eval:204,Pd3Gd,not_converged,False,False,False,False,4,2,76.75200000000007,19.188000000000017,10.309353119470051,1.2307692307692308,2.4000000000000004,2.4000000000000004,3.9000000000000004,0,0,True,125,2.4000000000000004
k4_native,205,eval:205,O12Mn2Fe2Sr4,invalid_terminal,False,False,False,False,20,4,236.62546969020514,11.831273484510257,5.361706949415586,1.966015101241075,0.6647930099331678,0.6647930099331678,5.800000000000001,0,3,True,125,0.6647930099331678
k4_native,206,eval:206,Co2Ga10Dy6,not_converged,False,False,False,False,18,3,200.48834507771284,11.138241393206268,14.82642288968182,3.6389858618813777,1.143933127416109,1.143933127416109,3.9000000000000004,0,0,True,125,1.143933127416109
k4_native,207,eval:207,O7NaK3Nb2,not_converged,False,False,False,False,13,4,62.573332866753056,4.813333297442543,11.625893790594562,4.470144798062958,0.6839999999999999,0.6839999999999999,3.8800274521460865,0,3,True,125,0.6839999999999999
k4_native,208,eval:208,S8Ag4W2,invalid_terminal,False,False,False,False,14,3,110.37399498941816,7.88385678495844,15.882236808725386,3.108921635676804,0.672,0.672,4.487425099418889,0,4,True,125,0.672
k4_native,209,eval:209,O12Sm4Lu4,invalid_terminal,False,False,False,False,20,3,192.63999999999996,9.631999999999998,12.872115430777795,1.860465116279069,0.7999999999999998,0.7999999999999998,4.3,0,6,True,125,0.7999999999999998
k4_native,210,eval:210,O6As2Ag2,not_converged,False,True,False,True,10,3,100.51425659530052,10.051425659530052,7.625435497085467,3.595851575426955,1.2299130858180487,1.2299130858180487,3.9337161652509973,0,0,True,125,1.2299130858180487
k4_native,211,eval:211,CuGaPr2Pt2,invalid_terminal,False,False,False,False,6,4,40.92000000000001,6.820000000000001,32.67724590956752,1.2903225806451615,0.792,0.792,3.1,0,2,True,125,0.792
k4_native,212,eval:212,O8Nb4,invalid_terminal,False,False,False,False,12,2,101.93682123065396,8.494735102554497,8.138763932667487,2.1572598414881865,0.5691531360416568,0.5691531360416568,4.6000000000000005,0,3,True,125,0.5691531360416568
k4_native,213,eval:213,Ca4As2Sb2,verified,False,True,False,True,8,3,116.5015356995548,14.56269196244435,7.891735454703382,3.3320517024833953,1.55,1.55,4.774412487229277,0,0,True,125,1.55
k4_native,214,eval:214,NaSb4Tm,verified,False,True,False,True,6,3,99.38810073645638,16.564683456076065,11.34387521297181,2.0235830982024203,1.821228980661136,1.821228980661136,5.1000000000000005,0,0,True,125,1.821228980661136
k4_native,215,eval:215,LiAg2Cd,not_converged,False,True,False,True,4,3,74.8401817207842,18.71004543019605,7.43487477142188,2.060173804401337,1.7170104833692776,1.7170104833692776,4.5,0,0,True,125,1.7170104833692776
k4_native,216,eval:216,Li6F8Cs2,invalid_terminal,False,False,False,False,16,3,204.62400000000005,12.789000000000003,3.728423478129278,1.125,0.6960000000000001,0.6960000000000001,5.6000000000000005,0,8,True,125,0.6960000000000001
k4_native,217,eval:217,Ge2Ru2Dy,not_converged,False,False,False,False,5,3,82.21179882570614,16.442359765141227,10.299520177581991,2.4495273238016115,1.580421768066727,1.580421768066727,4.152735058890631,0,0,True,125,1.580421768066727
k4_native,218,eval:218,S2KLa,verified,False,False,False,False,4,3,26.691391007730353,6.672847751932588,15.063755362607026,7.283140452810034,1.5642774645915005,1.5642774645915005,2.9460281687536995,0,0,True,175,1.5642774645915005
k4_native,219,eval:219,B4Fe8Rb4,invalid_terminal,False,False,False,False,16,3,108.68,6.7925,12.710353957818258,1.4473684210526316,0.6050000000000005,0.6050000000000005,3.8000000000000003,0,4,True,125,0.6050000000000005
k4_native,220,eval:220,NaSe2Sm,not_converged,False,False,False,False,4,3,84.04598161724594,21.011495404311486,6.545064771545636,4.25721784631522,1.9858397149542624,1.9858397149542624,3.7535946810193628,0,0,True,125,1.9858397149542624
k4_native,221,eval:221,O6Sr2AgOs,verified,False,False,False,False,10,4,156.85891148417423,15.685891148417422,6.027087248801084,2.4432436006078206,1.325707358356285,1.325707358356285,5.199999999999999,0,0,True,125,1.325707358356285
k4_native,222,eval:222,O8Na4V4,invalid_terminal,False,False,False,False,16,3,127.83999999999997,7.989999999999998,5.503786557167852,1.7,0.5439999999999998,0.5439999999999998,4.0,0,4,True,125,0.5439999999999998
k4_native,223,eval:223,Ni3Ge,not_converged,False,False,False,False,4,2,56.82600000000003,14.206500000000007,7.267969041505034,1.2727272727272732,1.0250000000000001,1.0250000000000001,3.3000000000000003,0,0,True,125,1.0250000000000001
k4_native,224,eval:224,Al8Cu4Ho,not_converged,False,False,False,False,13,3,203.77572187556237,15.675055528889413,5.1742517872348515,1.736248896686411,1.6,1.6,6.0,0,0,True,125,1.6
k4_native,225,eval:225,Mg2Ag4,not_converged,False,False,False,False,6,2,275.17131100552643,45.86188516758774,2.897090694846106,2.283925193972621,2.4230662392926865,2.4230662392926865,6.300000000000001,0,0,True,125,2.4230662392926865
k4_native,226,eval:226,Si2Ti2Sr,not_converged,False,False,False,False,5,3,91.45807156679213,18.291614313358426,4.348884829010348,3.949990216710327,1.666123569642081,1.666123569642081,4.408992489796304,0,0,True,125,1.666123569642081
k4_native,227,eval:227,O12KSr2Sb3Ba2,invalid_terminal,False,False,False,False,20,5,117.39,5.8695,14.799932469291726,1.794871794871795,0.5599999999999997,0.5599999999999997,3.9000000000000004,0,12,True,125,0.5599999999999997
k4_native,228,eval:228,Nd2Hg6,verified,False,True,False,True,8,2,267.7360837069782,33.467010463372276,9.253755063573537,1.8669491672407674,1.815,1.815,5.5,0,0,True,125,1.815
k4_native,229,eval:229,O12Ca2Sr4Tl2,invalid_terminal,False,False,False,False,20,4,149.8491737684788,7.49245868842394,11.429307961735317,1.7901989765527524,0.7558772125380521,0.7558772125380521,3.8000000000000003,0,7,True,125,0.7558772125380521
k4_native,230,eval:230,Li6AlAs2In,verified,False,False,False,False,10,4,96.93585441930142,9.693585441930143,5.709331951717311,2.110461333381804,1.2750000000000001,1.2750000000000001,4.800000000000001,0,0,True,125,1.2750000000000001
k4_native,231,eval:231,O6FeCuBaW,not_converged,False,False,False,False,10,5,222.86591529437615,22.286591529437615,3.9977828883311792,2.9386076578942366,1.5,1.5,5.1000000000000005,0,0,True,125,1.5
k4_native,232,eval:232,Ga3Pd3Au3,invalid_terminal,False,False,False,False,9,3,110.02852755081294,12.225391950090327,16.892792148672463,1.7320508075688774,0.504,0.504,4.2,0,3,True,125,0.504
k4_native,233,eval:233,ZnTm2Ir,verified,False,False,False,False,4,3,85.68437131706109,21.421092829265273,11.54051471876079,2.1712353960739565,1.6894895678872954,1.6894895678872954,4.4,0,0,True,125,1.6894895678872954
k4_native,234,eval:234,Y6Ir2,verified,False,True,False,True,8,2,73.39305489451985,9.174131861814981,20.767053514334485,1.889712777183667,1.3260000000000003,1.3260000000000003,3.9000000000000004,0,0,True,125,1.3260000000000003
k4_native,235,eval:235,CNZr2,not_converged,False,False,False,False,4,3,93.5653846248707,23.391346156217676,3.6997116200854183,2.691655958298616,2.1193970840783942,2.1193970840783942,3.7,0,0,True,125,2.1193970840783942
k4_native,236,eval:236,Na2Br6Th,invalid_terminal,False,False,False,False,9,3,212.88863861183384,23.654293179092647,5.908071812935718,2.8700151467884183,0.5520000000000006,0.5520000000000006,4.6000000000000005,0,3,True,125,0.5520000000000006
k4_native,237,eval:237,O8Ti2Tb2,invalid_terminal,False,False,False,False,12,3,206.9486000219018,17.245716668491816,4.3455939375291495,1.9150030035746732,0.8864847409917186,0.8864847409917186,5.9,0,2,True,125,0.8864847409917186
k4_native,238,eval:238,Mg3In3Nd3,invalid_terminal,False,False,False,False,9,3,203.08295718745092,22.56477302082788,6.9509326502389275,1.9207320154651915,0.8039999999999999,0.8039999999999999,5.0,0,5,True,125,0.8039999999999999
k4_native,239,eval:239,Nd4Pt8,not_converged,False,False,False,False,12,2,216.65909680749775,18.054924733958146,16.38350192828822,1.9463457437032032,0.8774792226576654,0.8774792226576654,5.9,0,1,True,125,0.8774792226576654
k4_native,240,eval:240,AlMn2Ir,not_converged,False,False,False,False,4,3,68.7944187416392,17.1986046854098,7.943104783970522,2.026865813101997,1.6444984037693682,1.6444984037693682,4.5,0,0,True,125,1.6444984037693682
k4_native,241,eval:241,Al3FeTb2,verified,False,False,False,False,6,3,59.00928442100938,9.834880736834897,12.793715650760767,4.176802474938644,0.9360000000000003,0.9360000000000003,2.9486343242342414,0,1,True,125,0.9360000000000003
k4_native,242,eval:242,Fe6Zr6,invalid_terminal,False,False,False,False,12,2,87.1394761287902,7.261623010732517,16.815374443485485,1.7679556574604354,0.516,0.516,4.3,0,4,True,125,0.516
k4_native,243,eval:243,C4Mg2Cr4,not_converged,False,False,False,False,10,3,111.24975713962301,11.124975713962302,4.54708382962814,2.9043563597917434,1.1780000000000002,1.1780000000000002,4.767216788733507,0,0,True,125,1.1780000000000002
k4_native,244,eval:244,OF11V3Ba2,not_converged,False,True,False,True,17,4,113.6909489834173,6.687702881377488,9.529658127530965,2.3350968122904594,0.8520000000000009,0.8520000000000009,4.3,0,2,True,125,0.8520000000000009
k4_native,245,eval:245,In6Yb2,verified,False,False,False,False,8,2,101.88615670443166,12.735769588053957,16.868219030460757,1.7849827044443634,1.425,1.425,4.3,0,0,True,125,1.425
k4_native,246,eval:246,Co6Ge6Tm,invalid_terminal,False,False,False,False,13,3,58.79979530666454,4.523061177435734,27.064999624226775,4.694520849380923,0.601996068770409,0.601996068770409,3.240461606810773,0,5,True,125,0.601996068770409
k4_native,247,eval:247,Li4S8Cu2Er2,relaxation_energy_increased,False,False,False,False,16,4,148.48000000000002,9.280000000000001,8.341770787597927,2.5000000000000004,0.5182123117024527,0.5182123117024527,3.2,0,3,True,125,0.5182123117024527
k4_native,248,eval:248,S8Fe4Cu2,not_converged,False,False,False,False,14,3,105.16092049806333,7.511494321290238,9.584681498981643,2.0401830742395854,1.2999999999999998,1.2999999999999998,5.199999999999999,0,0,True,125,1.2999999999999998
k4_native,249,eval:249,Li2C10N4,not_converged,False,False,False,False,16,3,182.97324669887416,11.435827918679635,1.7244524260452647,2.618017982885373,0.7754668721716754,0.7754668721716754,5.496029372844034,0,3,True,125,0.7754668721716754
k4_native,250,eval:250,Ba6Pt2,verified,True,True,True,True,8,2,113.93430212188073,14.241787765235092,17.695375838387395,1.7866689833076914,1.3,1.3,4.6000000000000005,0,0,True,125,1.3
k4_native,251,eval:251,C2Si6La8,invalid_terminal,False,False,False,False,16,3,308.68609492492527,19.29288093280783,7.013515038266959,1.7593906469670118,0.5599999999999997,0.5599999999999997,6.7,0,6,True,125,0.5599999999999997
k4_native,252,eval:252,Zn2PdHo,not_converged,False,True,False,True,4,3,80.27076180029685,20.067690450074213,8.319544896936812,2.198742398624343,1.739073028943868,1.739073028943868,4.3,0,0,True,125,1.739073028943868
k4_native,253,eval:253,CaPd2Yb,not_converged,False,False,False,False,4,3,71.78548042605834,17.946370106514586,9.853244632936155,2.0426562391400527,2.757829762693847,2.757829762693847,4.5,0,0,True,125,2.757829762693847
k4_native,254,eval:254,O12V4Tl4,not_converged,False,True,False,True,20,3,218.73500000000013,10.936750000000007,9.210774522564957,2.3658536585365857,1.1640000000000001,1.1640000000000001,4.1000000000000005,0,0,True,125,1.1640000000000001
k4_native,255,eval:255,Pd2Sb6Nd2,not_converged,False,True,False,True,10,3,105.9650459232306,10.596504592323061,19.30439882035687,2.339175402152988,0.925,0.925,3.7,0,1,True,125,0.925
k4_tau,0,eval:0,O8K8Zn4,not_converged,False,True,False,True,20,3,407.4363513748268,20.371817568741342,2.8627584699588415,2.9445095762406397,1.7838498497350843,1.7838498497350843,4.430434703826904,0,0,True,125,1.7838498497350843
k4_tau,1,eval:1,PrPu,verified,False,False,False,False,2,2,69.53419172553257,34.76709586276628,9.191941029257777,2.2310236846473956,3.61914337848435,3.61914337848435,3.6625971794128427,0,0,True,245,3.61914337848435
k4_tau,2,eval:2,O4MgZnSr,not_converged,False,False,False,False,7,4,88.66501629568752,12.666430899383931,4.519714387336957,2.107303810039727,1.9111009049527181,1.9111009049527181,3.728705883026123,0,0,True,125,1.9111009049527181
k4_tau,3,eval:3,O7Cu2Sr2Ba2,verified,False,True,False,True,13,4,206.58720186883448,15.891323220679576,5.538006152979328,3.242366420460075,1.99281260372388,1.99281260372388,3.9858450889587407,0,0,True,125,1.99281260372388
k4_tau,4,eval:4,P4Se8Ag4,verified,False,True,False,True,16,3,444.6281967892929,27.789262299330804,4.433230595273227,3.272576052875104,2.240256993905316,2.240256993905316,4.034987449645996,0,0,True,125,2.240256993905316
k4_tau,5,eval:5,O8Cr4Ag4,not_converged,False,False,False,False,16,3,206.76068774326765,12.922542983954228,6.163573481329867,3.479400320210434,1.8039379187546778,1.8039379187546778,3.1948883533477783,0,0,True,125,1.8039379187546778
k4_tau,6,eval:6,Cu3In3Pr3,not_converged,True,True,False,False,9,3,212.40803883037637,23.60089320337515,7.487895240719442,2.2114170809586233,2.825720935768661,2.825720935768661,4.211440563201904,0,0,True,125,2.825720935768661
k4_tau,7,eval:7,S8Cu4Ho4,verified,False,True,False,True,16,3,347.6920278928692,21.730751743304324,5.589823021697482,3.3824647851705656,2.242882434132299,2.242882434132299,3.9581019878387456,0,0,True,125,2.242882434132299
k4_tau,8,eval:8,Ni4Sn8,not_converged,False,True,False,True,12,2,283.8742638370044,23.6561886530837,6.928530430304628,3.0082285845637724,2.8143493560729183,2.8143493560729183,4.527383327484131,0,0,True,125,2.8143493560729183
k4_tau,9,eval:9,O8KBa3Bi3,verified,False,True,False,True,15,4,331.6818168112517,22.11212112075011,6.0378232489077766,1.9492431603041218,2.075757218591312,2.075757218591312,6.219725131988525,0,0,True,125,2.075757218591312
k4_tau,10,eval:10,Cu2In2Ce2,verified,False,True,False,True,6,3,145.31488117756376,24.219146862927293,7.2786555326643425,2.2162940321255586,2.7265507893127334,2.7265507893127334,4.722209453582764,0,0,True,125,2.7265507893127334
k4_tau,11,eval:11,O2P2As2,not_converged,False,False,False,False,6,3,128.7226752914809,21.453779215246815,3.144916213970346,1.4303151005068437,1.7302322407235964,1.7302322407235964,4.513339519500732,0,0,True,125,1.7302322407235964
k4_tau,12,eval:12,CuPd,verified,True,True,False,False,2,2,26.10064697149599,13.050323485747995,10.813340500791384,1.018732531622515,2.5520869085940276,2.5520869085940276,2.9464468955993652,0,0,True,125,2.5520869085940276
k4_tau,13,eval:13,NaCl,not_converged,False,True,False,True,2,2,44.77307939599447,22.386539697997236,2.1675190283742785,2.036113711314,2.8090997322458446,2.8090997322458446,3.925852640574437,0,0,True,125,2.8090997322458446
k4_tau,14,eval:14,O8P2Co2,not_converged,False,True,False,True,12,3,275.19035469387893,22.932529557823244,1.8573654567984832,1.5592596584995368,1.567254853922863,1.567254853922863,5.569600582122803,0,0,True,125,1.567254853922863
k4_tau,15,eval:15,Si6Cr2Y,not_converged,False,False,False,False,9,3,137.51236422896196,15.279151580995773,4.364241506506867,2.305547429346533,2.370610150026855,2.370610150026855,3.911876916885376,0,0,True,125,2.370610150026855
k4_tau,16,eval:16,Sb6Yb8,verified,False,False,False,False,14,2,476.5615809765309,34.04011292689506,7.369122903224452,1.0193422503583465,3.357054666861234,3.357054666861234,7.750554084777832,0,0,True,125,3.357054666861234
k4_tau,17,eval:17,P4Cu4Sr4,not_converged,False,False,False,False,12,3,275.64454849899175,22.970379041582646,4.3889885293099855,5.57455026953147,2.4601745712709175,2.4601745712709175,4.284780502319336,0,0,True,125,2.4601745712709175
k4_tau,18,eval:18,Li4NTe,not_converged,False,False,False,False,6,3,89.62915577491358,14.938192629152264,3.1378925937190085,1.6402262880920406,2.1811080020997338,2.1811080020997338,3.792887687683105,0,0,True,125,2.1811080020997338
k4_tau,19,eval:19,O3F9Mn6,not_converged,False,True,False,True,18,3,237.88548699311912,13.215860388506618,3.8295393047377013,1.6705014184957951,1.926871899396328,1.926871899396328,4.910796642303467,0,0,True,125,1.926871899396328
k4_tau,20,eval:20,O6NaZnBaOs,not_converged,False,True,False,True,10,5,132.78764964244522,13.278764964244521,6.4020756418925195,2.0027554403788863,1.9230228039696986,1.9230228039696986,5.712024688720703,0,0,True,125,1.9230228039696986
k4_tau,21,eval:21,YPd3,verified,False,True,False,False,4,2,72.59292617031727,18.148231542579317,9.336658202574744,1.0080460801307605,2.9369408132640227,2.9369408132640227,4.160646915435791,0,0,True,125,2.9369408132640227
k4_tau,22,eval:22,LiF2Te,not_converged,False,False,False,False,4,3,63.87537842054095,15.968844605135237,4.485386624348098,1.0118146948310274,1.9914834773396408,1.9914834773396408,3.988398551940918,0,0,True,125,1.9914834773396408
k4_tau,23,eval:23,H8Li8C4,invalid_raw,False,False,False,False,20,3,181.239300784558,9.0619650392279,1.0228087877787704,2.4775781981624014,0.00493269606782812,0.00493269606782812,3.6287753582000732,1,1,True,125,0.00493269606782812
k4_tau,24,eval:24,O8Ti2Gd4,not_converged,False,False,False,False,14,3,189.16629991681774,13.511878565486981,7.485424996171195,2.750440555013572,1.7914191662681929,1.7914191662681929,3.5831789970397945,0,0,True,125,1.7914191662681929
k4_tau,25,eval:25,F6S3Y4,not_converged,False,True,False,True,13,3,240.99572936774283,18.53813302828791,3.8986070457486464,2.4854331919948303,2.30760341568584,2.30760341568584,4.018957614898682,0,0,True,125,2.30760341568584
k4_tau,26,eval:26,O6Ba2PrTa,verified,False,True,False,False,10,4,167.2659149637862,16.72659149637862,6.874880341677087,2.009712642830833,1.9983063790578026,1.9983063790578026,6.150704860687256,0,0,True,125,1.9983063790578026
k4_tau,27,eval:27,Li4Si8Cs4,verified,False,True,False,True,16,3,470.07005576251885,29.379378485157428,2.7697542749226085,3.2360837656302555,2.1845727556082903,2.1845727556082903,4.608638763427734,0,0,True,125,2.1845727556082903
k4_tau,28,eval:28,Li2O12Gd4Ta2,not_converged,False,True,False,True,20,4,249.3477205600491,12.467386028002455,7.969931564536488,1.422886416199402,1.9810048655311832,1.9810048655311832,5.5113325119018555,0,0,True,125,1.9810048655311832
k4_tau,29,eval:29,O8Rb4Mo2,verified,False,False,False,False,14,3,337.1977554921495,24.085553963724966,3.258787259061377,1.258115101057113,1.600669032463114,1.600669032463114,6.44049310684204,0,0,True,125,1.600669032463114
k4_tau,30,eval:30,Si6Co8Ba4,verified,False,False,False,False,18,3,374.42308622055526,20.801282567808627,5.274399114105449,3.7779611173487306,2.166624192863535,2.166624192863535,4.12504243850708,0,0,True,125,2.166624192863535
k4_tau,31,eval:31,CuPdBi,not_converged,False,False,False,False,3,3,65.49363823577127,21.83121274525709,9.607884342631372,1.987853816673614,2.752399395781286,2.752399395781286,4.505315780639648,0,0,True,125,2.752399395781286
k4_tau,32,eval:32,O8NaV2Fe,verified,False,False,False,False,12,4,197.31982775860948,16.443318979884122,2.5979646935565426,1.690652549044457,1.572964440320129,1.572964440320129,5.325799942016602,0,0,True,125,1.572964440320129
k4_tau,33,eval:33,NaAu2Tl,verified,False,True,False,True,4,3,85.43792606677692,21.35948151669423,12.075471362719577,1.9951131478184407,3.012773288286511,3.012773288286511,4.926007270812988,0,0,True,125,3.012773288286511
k4_tau,34,eval:34,MgGa3,verified,False,True,False,False,4,2,76.81610120420072,19.20402530105018,5.047023891576617,1.0041269904076067,2.9961783731419933,2.9961783731419933,4.2450408935546875,0,0,True,125,2.9961783731419933
k4_tau,35,eval:35,NiGa3Tb,verified,True,True,True,True,5,3,94.26465338568246,18.85293067713649,7.518170454854246,1.924927791377197,2.3208803151648074,2.3208803151648074,4.263062477111816,0,0,True,125,2.3208803151648074
k4_tau,36,eval:36,O8AlKMo2,verified,False,True,False,False,12,4,216.02928827234868,18.00244068936239,2.966696898702156,1.8543706969198794,1.751336370999016,1.751336370999016,5.737515449523926,0,0,True,125,1.751336370999016
k4_tau,37,eval:37,C4Mn2Ta2,not_converged,False,False,False,False,8,3,78.69084214081376,9.83635526760172,10.969161216643188,4.489928866521961,2.056943483732176,2.056943483732176,3.052013397216797,0,0,True,125,2.056943483732176
k4_tau,38,eval:38,Co9Y3,not_converged,True,True,True,True,12,2,173.6838005528248,14.473650046068734,7.620991484889597,2.5644683838414046,2.4127587973061186,2.4127587973061186,4.9601593017578125,0,0,True,125,2.4127587973061186
k4_tau,39,eval:39,Si2AsBaTl,verified,False,False,False,False,5,4,131.719217655737,26.3438435311474,5.960464237676695,1.9210052091542769,2.6289327341269213,2.6289327341269213,4.578798294067383,0,0,True,125,2.6289327341269213
k4_tau,40,eval:40,O6Sr2InTa,verified,False,True,False,False,10,4,144.93215745511964,14.493215745511964,6.496345968511718,2.0024222797180307,1.9906533194400544,1.9906533194400544,5.877176761627197,0,0,True,125,1.9906533194400544
k4_tau,41,eval:41,In3Pr3Tl3,verified,False,True,False,True,9,3,271.52546218530154,30.16949579836684,8.44151646278275,2.0034493814005754,2.9775297037032917,2.9775297037032917,4.884685039520264,0,0,True,125,2.9775297037032917
k4_tau,42,eval:42,H3N2Br,not_converged,False,False,False,False,6,3,73.9122868882939,12.318714481382317,2.4924439178114786,1.0417570253356088,0.9719747782288384,0.9719747782288384,4.138689041137695,0,2,True,125,0.9719747782288384
k4_tau,43,eval:43,O8Eu4,not_converged,False,True,False,False,12,2,178.6751636758411,14.889596972986759,6.838721396227861,2.9402019634523247,2.394144112574908,2.394144112574908,3.919158697128296,0,0,True,125,2.394144112574908
k4_tau,44,eval:44,Li2P4FeTe,verified,False,False,False,False,8,4,149.07014352564974,18.633767940706218,3.578193105217482,1.7227335954378777,2.0447260012952664,2.0447260012952664,5.137791156768799,0,0,True,125,2.0447260012952664
k4_tau,45,eval:45,S4Nb2Ag2,not_converged,False,False,False,False,8,3,164.26391234576587,20.532989043220734,5.35582524158239,5.643724126493266,2.5299488763917983,2.5299488763917983,3.597104787826538,0,0,True,125,2.5299488763917983
k4_tau,46,eval:46,Bi6Th2,verified,True,True,True,True,8,2,267.5601762717036,33.44502203396295,10.662039758717318,1.733715868188715,3.353042724461189,3.353042724461189,6.415818214416504,0,0,True,125,3.353042724461189
k4_tau,47,eval:47,F6K2YIn,not_converged,False,False,False,False,10,4,240.54937940407999,24.054937940408,2.733016675523429,2.0134935109060357,2.216532766032785,2.216532766032785,6.95573885065883,0,0,True,125,2.216532766032785
k4_tau,48,eval:48,Li2O8Fe2Rh2,not_converged,False,True,False,True,14,4,151.59825075596996,10.828446482569282,5.031822225127807,1.9746323079544155,1.9634655650823947,1.9634655650823947,5.906995296478271,0,0,True,125,1.9634655650823947
k4_tau,49,eval:49,C2K2Lu2,verified,False,False,False,False,6,3,151.05941287732327,25.17656881288721,4.970336146156399,2.0850006149117504,2.2439706845875595,2.2439706845875595,3.58028793334961,0,0,True,125,2.2439706845875595
k4_tau,50,eval:50,N2Mg2S,not_converged,False,False,False,False,5,3,71.3391910510938,14.26783821021876,2.5299044133677517,1.96683614774248,2.013768436612485,2.013768436612485,3.5333855152130127,0,0,True,125,2.013768436612485
k4_tau,51,eval:51,B4Rh4Dy2,not_converged,True,True,True,True,10,3,149.31761477266554,14.931761477266553,8.672774218130233,1.9063705819009544,2.0352353136384713,2.0352353136384713,5.499600887298584,0,0,True,125,2.0352353136384713
k4_tau,52,eval:52,Li2O8Mn3Fe,not_converged,False,True,False,True,14,4,143.3069048135273,10.236207486680522,4.200814664951575,1.99523083919329,1.8730722163987554,1.8730722163987554,5.815605163574219,0,0,True,125,1.8730722163987554
k4_tau,53,eval:53,Ge12Hf4,verified,False,True,False,True,16,2,321.2400118296115,20.077500739350718,8.19641722264722,5.476696016076489,2.5260369560877236,2.5260369560877236,3.8268694877624507,0,0,True,125,2.5260369560877236
k4_tau,54,eval:54,Zn2Sn8Tm2,verified,False,True,False,True,12,3,300.35230681048955,25.02935890087413,7.841633967038766,3.4395954028714346,2.727849782904382,2.727849782904382,4.438849449157715,0,0,True,125,2.727849782904382
k4_tau,55,eval:55,Ni4Sn4Ce4,verified,True,True,True,True,12,3,258.7155691862447,21.559630765520392,8.151861440141344,1.7103795442277943,2.6106201746947706,2.6106201746947706,4.5275797843933105,0,0,True,125,2.6106201746947706
k4_tau,56,eval:56,O6Cl2Ba4Nd2,verified,False,False,False,False,14,4,338.96364386413256,24.21168884743804,4.921867968421323,2.8268564014905606,2.150135579696159,2.150135579696159,4.893153667449951,0,0,True,125,2.150135579696159
k4_tau,57,eval:57,O12Ca4Mn2Bi2,verified,False,True,False,True,20,4,267.44843425909954,13.372421712954978,5.464640929520121,1.4102120607597468,1.9629451166594618,1.9629451166594618,5.67414426803589,0,0,True,125,1.9629451166594618
k4_tau,58,eval:58,Sn5U,verified,False,True,False,True,6,2,162.90411242838275,27.150685404730456,8.476577088394343,1.7686398934194532,3.2926506844142156,3.2926506844142156,4.719785690307617,0,0,True,125,3.2926506844142156
k4_tau,59,eval:59,Ni4Sn2Au12,not_converged,False,False,False,False,18,3,345.7501222578653,19.208340125436962,13.619500929490547,5.946076000618292,1.9170205954355617,1.9170205954355617,3.832259178161621,0,0,True,125,1.9170205954355617
k4_tau,60,eval:60,N2I2,not_converged,True,True,True,True,4,2,153.98938337777048,38.49734584444262,3.039021230850541,2.474156115578184,1.2021238333662314,1.2021238333662314,4.64017391204834,0,0,True,125,1.2021238333662314
k4_tau,61,eval:61,O4Br2Ta2,verified,False,True,False,True,8,3,147.1679410958555,18.395992636981937,6.608640322060876,2.6959513760306884,1.9043674656502445,1.9043674656502445,3.7860212326049805,0,0,True,125,1.9043674656502445
k4_tau,62,eval:62,S8Zn2In4,not_converged,False,True,False,True,14,3,358.8224129176759,25.630172351262562,3.9178962310159906,3.264584675829885,2.379158251417522,2.379158251417522,4.055709362030029,0,0,True,125,2.379158251417522
k4_tau,63,eval:63,Ge4Ag6Sb8,not_converged,False,False,False,False,18,3,487.8961451173791,27.10534139540995,6.50691815833917,4.6127407266475915,2.5947671582464746,2.5947671582464746,3.8896989822387695,0,0,True,125,2.5947671582464746
k4_tau,64,eval:64,Li2O8Na3CuLa2,not_converged,False,False,False,False,16,5,217.8569115705022,13.616056973156388,4.208980065123125,1.41439082763443,2.0212107833081947,2.0212107833081947,5.745814800262451,0,0,True,125,2.0212107833081947
k4_tau,65,eval:65,Mg5Er,not_converged,False,True,False,True,6,2,144.52899879773483,24.088166466289138,3.317930088757593,2.7832306360564223,3.1223876483593287,3.1223876483593287,3.1873857975006104,0,0,True,125,3.1223876483593287
k4_tau,66,eval:66,Li2Sb2Sm2,verified,True,True,True,True,6,3,150.7266978641433,25.12111631069055,6.148767259296536,2.4003810224062403,2.6826474063956827,2.6826474063956827,4.642156600952148,0,0,True,125,2.6826474063956827
k4_tau,67,eval:67,Mg8Cu4Ce4,verified,False,True,False,True,16,3,391.6105866637288,24.47566166648305,4.278817025639054,3.2189072748439873,2.594313465337908,2.594313465337908,4.114273071289062,0,0,True,125,2.594313465337908
k4_tau,68,eval:68,Na2K4As2,verified,True,True,True,True,8,3,291.3130749967044,36.41413437458805,2.007696791037209,2.512917375569219,3.176252202990254,3.176252202990254,5.719470500946044,0,0,True,125,3.176252202990254
k4_tau,69,eval:69,H4C12Re4,generation_failure,False,False,False,False,,,,,,,,,,,,,,
k4_tau,70,eval:70,ZnGe,not_converged,False,False,False,False,2,2,35.85573938012973,17.927869690064863,6.393279334579825,2.127967704881703,2.6651094281053753,2.6651094281053753,3.2876961231231694,0,0,True,125,2.6651094281053753
k4_tau,71,eval:71,LiAsCd,verified,False,True,False,False,3,3,67.96697465521164,22.655658218403882,4.746406678324694,2.001562935848525,2.7952373509738315,2.7952373509738315,4.564369201660156,0,0,True,125,2.7952373509738315
k4_tau,72,eval:72,F6MgSn,not_converged,False,True,False,False,8,3,119.75888232515766,14.969860290644707,3.563556461313592,1.984844790432653,1.9359916142017464,1.9359916142017464,5.477541446685791,0,0,True,125,1.9359916142017464
k4_tau,73,eval:73,O4Cl2Bi2,not_converged,False,False,False,False,8,3,153.29276680214846,19.161595850268558,5.988886193940771,2.187697825608564,2.168538218372094,2.168538218372094,3.874952554702759,0,0,True,125,2.168538218372094
k4_tau,74,eval:74,Cl2Ca,verified,False,False,False,False,3,2,87.84640507145106,29.28213502381702,2.097903353217892,1.3324024110123645,2.680740809867103,2.680740809867103,4.039069652557373,0,0,True,125,2.680740809867103
k4_tau,75,eval:75,Cl3RbAu,verified,False,True,False,False,5,3,145.63294068872474,29.12658813774495,4.433108162249131,1.0023066248597943,2.621991344793119,2.621991344793119,5.255934715270996,0,0,True,125,2.621991344793119
k4_tau,76,eval:76,Li2O8Ni2Sr2Hf2,not_converged,False,False,False,False,16,5,204.08305910517598,12.755191194073499,6.439976489726683,2.6889509636390883,2.0805269710850656,2.0805269710850656,4.182511806488037,0,0,True,125,2.0805269710850656
k4_tau,77,eval:77,Ag2Ce,not_converged,False,True,False,False,3,2,71.07422172369037,23.691407241230124,8.31393996040634,1.7018937488786139,2.7247246908118106,2.7247246908118106,3.6269571781158447,0,0,True,125,2.7247246908118106
k4_tau,78,eval:78,C8Si6Ba4,not_converged,False,False,False,False,18,3,326.43514427614775,18.13528579311932,4.140251837345854,1.1325649504018371,1.7197290816408048,1.7197290816408048,6.376672744750976,0,0,True,125,1.7197290816408048
k4_tau,79,eval:79,O12Ge4Ba4,not_converged,False,False,False,False,20,3,333.7184891292869,16.685924456464345,5.1344028740023395,2.4457241487319705,1.5828151935359043,1.5828151935359043,4.91951322555542,0,0,True,125,1.5828151935359043
k4_tau,80,eval:80,AgCe2Pt,verified,False,True,False,True,4,3,101.36750521067223,25.34187630266806,9.553358791964351,1.9984218221848384,3.1920847215301102,3.1920847215301102,5.206497669219971,0,0,True,125,3.1920847215301102
k4_tau,81,eval:81,Ge2Pr10Pb6,verified,False,False,False,False,18,3,573.7936209425754,31.877423385698634,8.096032597294547,1.7190161733878957,2.7846889721564434,2.7846889721564434,7.276286602020263,0,0,True,125,2.7846889721564434
k4_tau,82,eval:82,MgSr3,verified,False,True,False,True,4,2,196.88684263334454,49.221710658336136,2.421942953030171,2.0221788198344206,4.072626414772007,4.072626414772007,5.864156246185304,0,0,True,125,4.072626414772007
k4_tau,83,eval:83,Co7Ge2Sm2,not_converged,False,False,False,False,11,3,177.91665819915798,16.174241654468908,8.012889554316828,2.381026067732247,2.1449693974616006,2.1449693974616006,4.1735005378723145,0,0,True,125,2.1449693974616006
k4_tau,84,eval:84,F6KSbCs2,not_converged,False,True,False,True,10,4,228.71779028491457,22.871779028491456,3.9253021140434776,2.0071377776207933,2.18751564777268,2.18751564777268,6.845794677734375,0,0,True,125,2.18751564777268
k4_tau,85,eval:85,YPtBi,not_converged,False,True,False,True,3,3,78.77872351761057,26.25957450587019,10.391084321308858,1.9903022575226825,2.933735029345019,2.933735029345019,4.778467655181885,0,0,True,125,2.933735029345019
k4_tau,86,eval:86,O8Mn2Ni2,not_converged,False,False,False,False,12,3,132.07404303079517,11.006170252566264,4.466584982434054,1.9739186938111497,1.8364871794133264,1.8364871794133264,5.678874492645264,0,0,True,125,1.8364871794133264
k4_tau,87,eval:87,O12KNiSr4Lu2,not_converged,False,False,False,False,20,5,294.33953408034205,14.716976704017103,5.586280817071304,1.4213191240718968,1.810038643627587,1.810038643627587,5.896644115447998,0,0,True,125,1.810038643627587
k4_tau,88,eval:88,AlAgLu2,verified,True,True,True,True,4,3,89.36598931962345,22.341497329905863,9.007927321417073,2.0113311236734375,3.0633585424601946,3.0633585424601946,4.9933224742517375,0,0,True,125,3.0633585424601946
k4_tau,89,eval:89,Li2O8F2P2In4,not_converged,False,True,False,True,18,5,254.8760243517349,14.15977913065194,4.567684228168518,1.2031786542410747,1.6459587521361387,1.6459587521361387,5.974761486053466,0,0,True,125,1.6459587521361387
k4_tau,90,eval:90,S2Se2Eu2,not_converged,False,False,False,False,6,3,190.6299724686949,31.771662078115813,4.581687789497871,4.307871345855637,2.7279076091247902,2.7279076091247902,4.144567012786865,0,0,True,125,2.7279076091247902
k4_tau,91,eval:91,O8La2Pb2,not_converged,False,False,False,False,12,3,207.2480281803435,17.270669015028627,6.571760175928016,1.3650808440154827,2.1946549727756532,2.1946549727756532,5.3264570236206055,0,0,True,125,2.1946549727756532
k4_tau,92,eval:92,O12Ca4Fe2Ho2,not_converged,False,True,False,True,20,4,255.71379534790555,12.785689767395278,5.155091337796021,1.4613096969971797,1.9171908739347885,1.9171908739347885,5.535335063934326,0,0,True,125,1.9171908739347885
k4_tau,93,eval:93,O2ZnSr,not_converged,False,False,False,False,4,3,56.83253400214129,14.208133500535322,5.406162081308486,1.3692742042687809,2.350260694839808,2.350260694839808,3.4608125686645503,0,0,True,125,2.350260694839808
k4_tau,94,eval:94,NaSc2As6Tl,not_converged,False,True,False,True,10,4,235.45871350464375,23.545871350464374,5.407850081120104,2.359734982565027,2.768772814187763,2.768772814187763,3.875347137451172,0,0,True,125,2.768772814187763
k4_tau,95,eval:95,O6Al2In2,not_converged,False,True,False,True,10,3,107.88734942001408,10.788734942001408,5.842511868016447,1.9779053925946857,1.846195511112599,1.846195511112599,5.2505598068237305,0,0,True,125,1.846195511112599
k4_tau,96,eval:96,CaCd2Nd,verified,False,True,False,False,4,3,120.0232384247912,30.0058096061978,5.660539439723412,1.9935722154712585,3.3783076703477155,3.3783076703477155,5.523200988769531,0,0,True,125,3.3783076703477155
k4_tau,97,eval:97,SrAg3,verified,False,True,False,True,4,2,94.12837821040904,23.53209455260226,7.254502058035522,2.003426290247613,3.1137831629879833,3.1137831629879833,5.087991237640381,0,0,True,125,3.1137831629879833
k4_tau,98,eval:98,Ni6As2,not_converged,False,True,False,True,8,2,91.9831342933262,11.497891786665775,9.062493855836362,1.8567160438607084,2.4894504999751916,2.4894504999751916,3.668228387832641,0,0,True,125,2.4894504999751916
k4_tau,99,eval:99,O5F8V4Mn2,not_converged,False,False,False,False,19,4,269.38221927747395,14.178011540919682,3.3633764516787634,1.433397592786556,1.6836328010799209,1.6836328010799209,5.534270763397217,0,0,True,125,1.6836328010799209
k4_tau,100,eval:100,O2S8Zn2Os2,verified,False,False,False,False,14,4,275.36070296883895,19.668621640631354,4.823105902267978,1.7798059891664992,1.8888876573832432,1.8888876573832432,5.652101993560791,0,0,True,125,1.8888876573832432
k4_tau,101,eval:101,LiF6K2Ag,not_converged,False,True,False,True,10,4,149.18284847668508,14.918284847668508,3.4171435958321132,2.010426835350615,2.059177738494278,2.059177738494278,5.911190509796143,0,0,True,125,2.059177738494278
k4_tau,102,eval:102,V6Fe2,not_converged,False,True,False,False,8,2,105.17406395656292,13.146757994570365,6.5891502852071095,1.0177265466748797,2.33658913659938,2.33658913659938,4.674577713012695,0,0,True,125,2.33658913659938
k4_tau,103,eval:103,Sn8Yb6,not_converged,False,False,False,False,14,2,443.61264311417966,31.68661736529855,7.441218983530719,3.117014970261199,2.9771256657244,2.9771256657244,4.538538455963135,0,0,True,125,2.9771256657244
k4_tau,104,eval:104,Cu2Zr12Sn4,not_converged,False,False,False,False,18,3,430.7349660743142,23.929720337461898,6.5406897815879335,1.7959784608783624,2.5609273940202653,2.5609273940202653,5.131276607513428,0,0,True,125,2.5609273940202653
k4_tau,105,eval:105,Sb6Dy2,verified,False,True,False,True,8,2,223.49444470667234,27.936805588334042,7.842694342764426,2.210090767838035,3.295609698650096,3.295609698650096,4.641032695770264,0,0,True,125,3.295609698650096
k4_tau,106,eval:106,Al4Pd4Ce4,verified,False,True,False,True,12,3,259.9467898609017,21.662232488408474,6.988915823713155,1.774310426805082,2.6891551472650725,2.6891551472650725,4.523519039154053,0,0,True,125,2.6891551472650725
k4_tau,107,eval:107,Cl6K2AsRb,verified,False,True,False,True,10,4,362.5852159131405,36.25852159131405,2.066846330249636,2.0305364404653177,2.5297170703618326,2.5297170703618326,7.951555986422572,0,0,True,125,2.5297170703618326
k4_tau,108,eval:108,ZnSn2Pb,not_converged,False,False,False,False,4,3,108.76060234694316,27.19015058673579,7.787039252479233,1.0134495168142466,3.3532246137288904,3.3532246137288904,4.741509914398193,0,0,True,125,3.3532246137288904
k4_tau,109,eval:109,Zn3Ac,not_converged,False,True,False,True,4,2,98.84709926158209,24.711774815395522,7.109818829180986,1.897515968629709,2.5779210500194654,2.5779210500194654,4.4090681076049805,0,0,True,125,2.5779210500194654
k4_tau,110,eval:110,Ni4Ge8,verified,False,True,False,True,12,2,194.09240187633446,16.17436682302787,6.9803000214925275,4.8238928589282954,2.4815652684613787,2.4815652684613787,4.015385627746582,0,0,True,125,2.4815652684613787
k4_tau,111,eval:111,O2F10Mn2Ba4,verified,False,False,False,False,18,4,315.78351178386225,17.54352843243679,4.63359245677833,4.149049909713713,1.8604988724659983,1.8604988724659983,4.2165303230285645,0,0,True,125,1.8604988724659983
k4_tau,112,eval:112,CeTl3,verified,False,True,False,False,4,2,117.09095701513044,29.27273925378261,10.68252823594206,1.0149903621088168,3.4406365254488906,3.4406365254488906,4.857000827789307,0,0,True,125,3.4406365254488906
k4_tau,113,eval:113,O6Ba2LaBi,not_converged,False,True,False,False,10,4,179.27538533626574,17.927538533626574,6.655445447048111,1.9976087102231743,2.1322701389512435,2.1322701389512435,6.286139488220215,0,0,True,125,2.1322701389512435
k4_tau,114,eval:114,B4Rh4Tm4,not_converged,False,False,False,False,12,3,182.71264313664122,15.226053594720101,10.275206753070133,4.19054552273622,1.4259695861837998,1.4259695861837998,3.5177507400512695,0,0,True,125,1.4259695861837998
k4_tau,115,eval:115,Ti6Rh2,not_converged,False,True,False,True,8,2,126.77920657024463,15.847400821280578,6.457426016371749,1.0145401756192607,2.4879620573883945,2.4879620573883945,4.9807820320129395,0,0,True,125,2.4879620573883945
k4_tau,116,eval:116,ZnTbTl2,verified,False,False,False,False,4,3,99.20891140994642,24.802227852486606,10.596718033045303,2.0059265184218527,3.168413746007535,3.168413746007535,5.172382895893639,0,0,True,125,3.168413746007535
k4_tau,117,eval:117,O12Cr4La4,not_converged,False,True,False,False,20,3,247.14775912600857,12.357387956300428,6.420489548270523,1.4287897281118438,1.9962995452320926,1.9962995452320926,5.5418500900268555,0,0,True,125,1.9962995452320926
k4_tau,118,eval:118,Li4O8Cr4,not_converged,False,False,False,False,16,3,144.98264064398376,9.061415040248985,4.1660881285016655,2.7590184288349504,1.876138516207102,1.876138516207102,2.954111814498902,0,0,True,125,1.876138516207102
k4_tau,119,eval:119,Li2F8Mn2Te2,not_converged,False,False,False,False,14,4,266.07202712855474,19.00514479489677,3.3135968793746504,1.5054038480221388,1.8062884791291052,1.8062884791291052,5.425020694732667,0,0,True,125,1.8062884791291052
k4_tau,120,eval:120,Ru8Yb4,not_converged,False,False,False,False,12,2,219.88106809798637,18.323422341498866,11.333418604813357,2.436639882641169,2.5311296047087994,2.5311296047087994,5.2547454833984375,0,0,True,125,2.5311296047087994
k4_tau,121,eval:121,Cu3GaHf,not_converged,False,True,False,True,5,3,71.40490953072508,14.280981906145016,10.205589989619817,1.3994173799200955,2.2098763395331678,2.2098763395331678,3.7051296234130864,0,0,True,125,2.2098763395331678
k4_tau,122,eval:122,S4K2Mn2,verified,False,True,False,True,8,3,200.48946624567415,25.06118328070927,2.6200019363810387,2.1217032836394463,2.6283878353433776,2.6283878353433776,3.96269416809082,0,0,True,125,2.6283878353433776
k4_tau,123,eval:123,S12Er8,not_converged,False,True,False,True,20,2,473.9558977618558,23.69779488809279,6.036137677534322,3.2979251857813434,2.4214104877655833,2.4214104877655833,3.9021551609039307,0,0,True,125,2.4214104877655833
k4_tau,124,eval:124,O12Sr4Nb2Sm2,generation_failure,False,False,False,False,,,,,,,,,,,,,,
k4_tau,125,eval:125,O12Ca4Ti2Bi2,not_converged,False,True,False,True,20,4,271.2186550503769,13.560932752518847,5.302091654399179,1.4384246423481668,1.8566698158560706,1.8566698158560706,5.6754279136657715,0,0,True,125,1.8566698158560706
k4_tau,126,eval:126,Li2F8V2,not_converged,False,True,False,False,12,3,143.618621981232,11.968218498436,3.095789561579266,1.5027128452074718,1.9814099834237604,1.9814099834237604,4.867720127105713,0,0,True,125,1.9814099834237604
k4_tau,127,eval:127,Li2O8Mn3Rh,not_converged,False,True,False,True,14,4,158.31062102050223,11.307901501464444,4.296310264521862,2.00864358323221,1.945774107287408,1.945774107287408,5.94501256942749,0,0,True,125,1.945774107287408
k4_tau,128,eval:128,B2Fe3La3,not_converged,False,False,False,False,8,3,162.89482178955265,20.36185272369408,6.176233570020606,2.1375821337074656,1.8465141852842712,1.8465141852842712,3.631615161895752,0,0,True,125,1.8465141852842712
k4_tau,129,eval:129,Ga2As6Sb2,verified,False,False,False,False,10,3,293.4903277516576,29.34903277516576,4.710177255798166,2.7076989866363825,2.4901327246866227,2.4901327246866227,4.049944877624512,0,0,True,125,2.4901327246866227
k4_tau,130,eval:130,K4Zn2As4,verified,False,True,False,True,10,3,300.87457315163385,30.087457315163384,3.239111842138356,1.6026993760515837,2.5356324246947843,2.5356324246947843,5.904414653778076,0,0,True,125,2.5356324246947843
k4_tau,131,eval:131,K4As12Eu4,verified,False,True,False,True,20,3,600.6814310638349,30.034071553191744,4.598092158621132,2.180979404418185,2.455040099933522,2.455040099933522,6.490651607513428,0,0,True,125,2.455040099933522
k4_tau,132,eval:132,O12Ga4Nb2,not_converged,False,True,False,True,18,3,199.0249984303626,11.056944357242365,5.479070277206638,1.6568716171100684,1.8586063015591745,1.8586063015591745,4.821343898773193,0,0,True,125,1.8586063015591745
k4_tau,133,eval:133,Co4Ge4Pd4,not_converged,False,False,False,False,12,3,184.3434762249912,15.3619563520826,8.575231540065218,4.213918651323831,2.3832724771507565,2.3832724771507565,4.135477542877197,0,0,True,125,2.3832724771507565
k4_tau,134,eval:134,F6Rb3Nd,verified,False,True,False,False,10,3,260.2630268529721,26.026302685297207,3.283497057521198,2.0145197641369874,2.294235570584597,2.294235570584597,7.130972862243652,0,0,True,125,2.294235570584597
k4_tau,135,eval:135,As8Cd2Tl4,verified,False,True,False,True,14,3,373.0020757142282,26.64300540815916,7.308681796236705,1.500441964603526,2.5270708685923458,2.5270708685923458,6.124647617340087,0,0,True,125,2.5270708685923458
k4_tau,136,eval:136,Cu3In3Pr3,not_converged,True,True,False,False,9,3,213.62465494972886,23.736072772192095,7.445250846269626,2.2683651253915125,2.802772432738622,2.802772432738622,4.155575275421143,0,0,True,125,2.802772432738622
k4_tau,137,eval:137,B2Co2Eu2,verified,True,True,True,True,6,3,102.11158617797926,17.018597696329877,7.210839297730246,1.9871629355428673,2.0483584266287815,2.0483584266287815,3.7075669765472417,0,0,True,125,2.0483584266287815
k4_tau,138,eval:138,F2I2Ba2,verified,True,True,False,False,6,3,190.82646772953785,31.804411288256308,4.9292351828610075,1.926584838674181,2.7008540072094642,2.7008540072094642,4.61983060836792,0,0,True,125,2.7008540072094642
k4_tau,139,eval:139,ScZn2Sn,verified,False,False,False,False,4,3,73.85169566104283,18.462923915260706,6.621405723784185,1.9980540516708283,2.867206614818119,2.867206614818119,4.674994468688965,0,0,True,125,2.867206614818119
k4_tau,140,eval:140,O10Cu2Sr4Cs2,not_converged,False,False,False,False,18,4,324.99451158624254,18.05525064368014,4.6157476115592075,3.3534781794562205,1.7713935508814163,1.7713935508814163,3.7885508537292485,0,0,True,125,1.7713935508814163
k4_tau,141,eval:141,AgIn2Ce,not_converged,False,True,False,True,4,3,98.90178626084659,24.725446565211648,8.019137278325193,2.0048279477614908,3.152058770094717,3.152058770094717,5.146037578582764,0,0,True,125,3.152058770094717
k4_tau,142,eval:142,Li4N8As4,not_converged,False,False,False,False,16,3,195.79681172052966,12.237300732533104,3.7274026860491727,1.2842604583849657,1.743208264439792,1.743208264439792,5.2050819396972665,0,0,True,125,1.743208264439792
k4_tau,143,eval:143,Na4Au4,not_converged,False,True,False,True,8,2,191.4052355558963,23.925654444487037,7.632938390623318,2.0578828225282395,2.7394514402538546,2.7394514402538546,4.259945392608643,0,0,True,125,2.7394514402538546
k4_tau,144,eval:144,YIn2Eu,not_converged,False,True,False,True,4,3,115.83557011931188,28.95889252982797,6.744848272288893,2.0149712493836427,3.330338139335049,3.330338139335049,5.434875176803775,0,0,True,125,3.330338139335049
k4_tau,145,eval:145,F6K2AgTl,not_converged,False,True,False,False,10,4,197.3536939126219,19.73536939126219,4.244358700477723,2.0066856830772104,2.205906617841437,2.205906617841437,6.5153935365376245,0,0,True,125,2.205906617841437
k4_tau,146,eval:146,Zn10Pt6,not_converged,False,True,False,True,16,2,262.1244405077568,16.3827775317348,11.558668897165665,3.35231648312961,2.666096599818156,2.666096599818156,3.7019670009613033,0,0,True,125,2.666096599818156
k4_tau,147,eval:147,TiCoTm2,not_converged,False,False,False,False,4,3,83.35185914164654,20.837964785411636,8.858705906530647,2.2144698546272608,2.8875917079103672,2.8875917079103672,3.3490397930145264,0,0,True,125,2.8875917079103672
k4_tau,148,eval:148,Li2SnEr,not_converged,True,True,True,True,4,3,78.95619206064701,19.739048015161753,6.306209641881207,2.0050951594233615,2.940559784348496,2.940559784348496,4.798182487487793,0,0,True,125,2.940559784348496
k4_tau,149,eval:149,O5F8Cu2Sr2Os,not_converged,False,False,False,False,18,5,277.0938563048482,15.394103128047123,4.341984803310582,2.506313430140962,1.6495696271362452,1.6495696271362452,5.324592113494872,0,0,True,125,1.6495696271362452
k4_tau,150,eval:150,In3Yb,not_converged,False,False,False,False,4,2,110.93903503086429,27.734758757716072,7.745866939369265,1.0229811944376597,3.3765583021508134,3.3765583021508134,4.740415096282959,0,0,True,125,3.3765583021508134
k4_tau,151,eval:151,Si2Co2Ce,not_converged,True,True,False,False,5,3,78.98451533006343,15.796903066012685,6.604636045684106,1.9033837272541507,2.295339124395859,2.295339124395859,3.9907341003417964,0,0,True,125,2.295339124395859
k4_tau,152,eval:152,V2FeRu,not_converged,True,True,True,True,4,3,50.34356169893989,12.585890424734972,8.53622935794382,2.0012182433688586,2.5237823005312685,2.5237823005312685,4.12242317199707,0,0,True,125,2.5237823005312685
k4_tau,153,eval:153,LiYAu2,not_converged,True,True,False,False,4,3,79.71203344104121,19.928008360260304,10.202961447651859,2.0214314888020906,2.9404050702867592,2.9404050702867592,4.788626594419035,0,0,True,125,2.9404050702867592
k4_tau,154,eval:154,Sc6Lu2,not_converged,False,True,False,True,8,2,213.09188843072795,26.636486053840994,4.8288340500107685,1.7348686623682,3.320736927769903,3.320736927769903,5.440500736236572,0,0,True,125,3.320736927769903
k4_tau,155,eval:155,ScPtAu2,verified,False,True,False,True,4,3,70.92251770363252,17.73062942590813,14.843480614939248,1.9862520363363494,2.822924461963271,2.822924461963271,4.622604846954346,0,0,True,125,2.822924461963271
k4_tau,156,eval:156,NiGd3,verified,False,False,False,False,4,2,104.20982176104728,26.05245544026182,8.45238935673311,1.0134982446014702,3.316960067109742,3.316960067109742,4.669366836547852,0,0,True,125,3.316960067109742
k4_tau,157,eval:157,MgScTc2,not_converged,False,False,False,False,4,3,67.50377446711974,16.875943616779935,6.525207082049838,2.0017020047182736,2.783729837282921,2.783729837282921,4.541485786437988,0,0,True,125,2.783729837282921
k4_tau,158,eval:158,N2Br2,verified,False,False,False,False,4,2,122.9051958510007,30.726298962750175,2.537604452635237,1.868460577851898,2.2688278192003,2.2688278192003,4.055469989776611,0,0,True,125,2.2688278192003
k4_tau,159,eval:159,MgGa2Er,not_converged,False,True,False,True,4,3,82.85766396302962,20.714415990757406,6.633725960226411,1.036562222211693,3.05821989660659,3.05821989660659,4.270641803741455,0,0,True,125,3.05821989660659
k4_tau,160,eval:160,Ga3Tm,not_converged,False,True,False,False,4,2,80.07051519325503,20.01762879831376,7.841277777425278,1.0243636567315617,3.028192003396875,3.028192003396875,4.247373104095459,0,0,True,125,3.028192003396875
k4_tau,161,eval:161,AgYbHg2,verified,False,False,False,False,4,3,91.98111175863745,22.995277939659363,12.313768352125994,2.002145884596256,3.0919264785010103,3.0919264785010103,5.047457896286951,0,0,True,125,3.0919264785010103
k4_tau,162,eval:162,Cu2Ge10Tb6,not_converged,False,True,False,True,18,3,388.7036602944202,21.594647794134456,7.719678587143243,4.368344826576713,2.435756369682377,2.435756369682377,4.105315208435059,0,0,True,125,2.435756369682377
k4_tau,163,eval:163,Cu3In3Yb3,verified,False,False,False,False,9,3,200.63082266029937,22.29231362892215,8.725280529016732,2.2587790543746116,2.771804771810701,2.771804771810701,4.086627006530762,0,0,True,125,2.771804771810701
k4_tau,164,eval:164,K2Ag6Sn2,verified,False,True,False,True,10,3,267.5814892467737,26.758148924677368,5.97503907961255,2.725173311313205,2.772772445930146,2.772772445930146,4.703442096710205,0,0,True,125,2.772772445930146
k4_tau,165,eval:165,Sr4In2Th2,verified,False,False,False,False,8,3,311.0133568284261,38.87666960355326,5.575071842501003,1.7512661013382833,3.5919539008138264,3.5919539008138264,5.614302635192871,0,0,True,125,3.5919539008138264
k4_tau,166,eval:166,S4Sc2W,verified,False,False,False,False,7,3,156.13349913271605,22.304785590388008,4.275548442168003,5.279771680830072,2.478514469383635,2.478514469383635,3.6308758258819585,0,0,True,125,2.478514469383635
k4_tau,167,eval:167,CdErHg2,verified,False,True,False,True,4,3,90.96452104367522,22.741130260918805,12.428780039987023,2.014279263084143,3.070254713388347,3.070254713388347,5.014351695306092,0,0,True,125,3.070254713388347
k4_tau,168,eval:168,AlGaSm2,verified,False,True,False,True,4,3,99.63930687156348,24.90982671789087,6.623279437516066,1.996206237703875,3.1676503849343516,3.1676503849343516,5.189943790435791,0,0,True,125,3.1676503849343516
k4_tau,169,eval:169,P4Co2Br10Hg2,verified,False,False,False,False,18,4,561.3245606976616,31.184697816536755,4.265743348438202,1.8730577199301675,1.8802382929286032,1.8802382929286032,8.627477645874023,0,0,True,125,1.8802382929286032
k4_tau,170,eval:170,AlMnRu2,verified,False,True,False,False,4,3,55.86325234480626,13.965813086201566,8.443690906116442,1.9940366647354892,2.620425344423067,2.620425344423067,4.271352767944336,0,0,True,125,2.620425344423067
k4_tau,171,eval:171,F3RbAu,not_converged,False,False,False,False,5,3,93.44799120835793,18.689598241671586,6.031548333320022,1.0065241978839887,2.2635817356100647,2.2635817356100647,4.528347492218018,0,0,True,125,2.2635817356100647
k4_tau,172,eval:172,O6FeBa2Os,not_converged,True,True,True,True,10,4,133.08301201601495,13.308301201601495,7.695171641751495,2.0081465102677334,1.962717566510977,1.962717566510977,5.696257591247559,0,0,True,125,1.962717566510977
k4_tau,173,eval:173,LiYAu2,not_converged,True,True,False,False,4,3,83.25506688715997,20.813766721789992,9.768760443315557,2.005761106435516,2.9901346333763295,2.9901346333763295,4.885556221008301,0,0,True,125,2.9901346333763295
k4_tau,174,eval:174,Cl6K2AgSb,verified,False,True,False,False,10,4,312.50246064913216,31.250246064913217,2.7659995170657257,2.025259156626744,2.6335276523186466,2.6335276523186466,7.564403661592145,0,0,True,125,2.6335276523186466
k4_tau,175,eval:175,Sb2,verified,False,True,False,False,2,1,67.37345024376619,33.68672512188309,6.001985530432995,1.9962564877403906,3.2073265256869785,3.2073265256869785,4.526375265102726,0,0,True,125,3.2073265256869785
k4_tau,176,eval:176,F12Na4Fe4,not_converged,False,True,False,True,20,3,258.24746745686787,12.912373372843394,3.4935635739911235,1.4621174682840619,2.0796884907789903,2.0796884907789903,5.542361259460449,0,0,True,125,2.0796884907789903
k4_tau,177,eval:177,Cu2Ga4Sm4,verified,False,True,False,True,10,3,228.4325567863177,22.84325567863177,7.323242063937873,1.7764494374357833,2.532546966711349,2.532546966711349,4.3500075340271,0,0,True,125,2.532546966711349
k4_tau,178,eval:178,Pr12Pt4,not_converged,False,True,False,True,16,2,505.5174794520123,31.59484246575077,8.11756362770343,1.513368609354493,2.9465177371775018,2.9465177371775018,6.694557189941406,0,0,True,125,2.9465177371775018
k4_tau,179,eval:179,Mg4Nd2,not_converged,True,True,False,False,6,2,163.1612125421193,27.19353542368655,3.9254216744592427,2.0254897349078664,3.040109642331712,3.040109642331712,6.08376548921144,0,0,True,125,3.040109642331712
k4_tau,180,eval:180,Na2K2As2,verified,False,False,False,False,6,3,193.9234495891754,32.32057493152923,2.346388833566678,1.965514470292551,3.118340941780875,3.118340941780875,5.39592170715332,0,0,True,125,3.118340941780875
k4_tau,181,eval:181,O8K4Nd4,verified,False,False,False,False,16,3,294.17210861787106,18.38575678861694,4.8621739130405235,3.5659554464066407,2.3921860648717557,2.3921860648717557,3.64325761795044,0,0,True,125,2.3921860648717557
k4_tau,182,eval:182,O12Ca4Ru4,not_converged,False,True,False,True,20,3,238.48610450130454,11.924305225065227,5.267974082694932,1.4288964623141942,2.0112864000296504,2.0112864000296504,5.451869010925293,0,0,True,125,2.0112864000296504
k4_tau,183,eval:183,Pr6Hg2,verified,False,True,False,True,8,2,270.47882933598305,33.80985366699788,7.6533568762751,1.7266921959885484,3.456666337078778,3.456666337078778,5.854567527770996,0,0,True,125,3.456666337078778
k4_tau,184,eval:184,H3Li6F6Cl3,not_converged,False,True,False,True,18,4,267.39564265215745,14.855313480675413,1.6457814933980917,3.1148621621634316,1.0725679976923195,1.0725679976923195,3.659781455993652,0,0,True,125,1.0725679976923195
k4_tau,185,eval:185,NiGa3Lu,not_converged,False,True,False,True,5,3,90.05730749723469,18.011461499446938,8.165195462473907,1.92433727038361,2.3086372221909577,2.3086372221909577,4.173060417175293,0,0,True,125,2.3086372221909577
k4_tau,186,eval:186,Co2Ge2Tb2,not_converged,False,True,False,True,6,3,117.10538851014145,19.51756475169024,8.238462617306173,1.603745658706953,2.4572387253288985,2.4572387253288985,4.176187515258789,0,0,True,125,2.4572387253288985
k4_tau,187,eval:187,Cd2CeTl,verified,False,True,False,True,4,3,107.52146677650026,26.880366694125065,8.792479199178109,1.9890519903610155,3.248575693315612,3.248575693315612,5.311865329742432,0,0,True,125,3.248575693315612
k4_tau,188,eval:188,O8BaLa2Os,not_converged,False,True,False,True,12,4,188.06171433975268,15.671809528312723,6.4754176481365295,2.0081383545368894,2.135678400819482,2.135678400819482,5.7283992767333975,0,0,True,125,2.135678400819482
k4_tau,189,eval:189,H4Hg2,verified,False,False,False,False,6,2,72.15218534668614,12.02536422444769,9.325704474405741,2.6666659600308904,1.9065551187197862,1.9065551187197862,3.502010345458985,0,0,True,125,1.9065551187197862
k4_tau,190,eval:190,Cl6KRb2Sb,verified,False,True,False,True,10,4,393.16448745285254,39.31644874528526,2.299758271751388,2.0102123660573117,2.66055165933738,2.66055165933738,8.183629989624023,0,0,True,125,2.66055165933738
k4_tau,191,eval:191,Li4O8P2Co2,not_converged,False,False,False,False,16,4,177.4376606363366,11.089853789771038,3.1404396535619252,1.2600420624798465,1.572963931948982,1.572963931948982,5.1002936363220215,0,0,True,125,1.572963931948982
k4_tau,192,eval:192,Cl6K2AsCs,verified,False,True,False,True,10,4,351.40911618390857,35.14091161839086,2.3567402181084667,2.002989735414705,2.535935917992579,2.535935917992579,7.900980425686057,0,0,True,125,2.535935917992579
k4_tau,193,eval:193,F6CaTe,not_converged,False,True,False,True,8,3,158.08980604108046,19.761225755135058,2.958580477905866,2.0021554984189827,2.0108082593229337,2.0108082593229337,6.037954807281494,0,0,True,125,2.0108082593229337
k4_tau,194,eval:194,Si2Ti4As2,not_converged,False,False,False,False,8,3,121.18714794341412,15.148393492926765,5.446408572023696,1.4780669373592725,2.6827072488028127,2.6827072488028127,3.9363198280334473,0,0,True,125,2.6827072488028127
k4_tau,195,eval:195,Co2Sn2Ce2,not_converged,False,True,False,True,6,3,144.07371288954587,24.01228548159098,7.324744347685291,1.4803143888274544,2.8195130691907218,2.8195130691907218,4.5826029777526855,0,0,True,125,2.8195130691907218
k4_tau,196,eval:196,Al4Fe8,not_converged,False,True,False,True,12,2,147.9218281168899,12.326819009740825,6.226789114284544,2.1322381673482016,2.4221803511153253,2.4221803511153253,4.182812690734863,0,0,True,125,2.4221803511153253
k4_tau,197,eval:197,O4Pd2Ba2,not_converged,False,True,False,True,8,3,139.7161002405149,17.46451253006436,6.554529829599298,2.213748003028702,2.0587540170872165,2.0587540170872165,3.914193868637085,0,0,True,125,2.0587540170872165
k4_tau,198,eval:198,F14In4Cs2,verified,False,True,False,True,20,3,391.5070489220946,19.57535244610473,4.203486917661608,1.986995531098485,2.1639026216080235,2.1639026216080235,7.9959707260131845,0,0,True,125,2.1639026216080235
k4_tau,199,eval:199,Li4O8Cr3Co,not_converged,False,True,False,True,16,4,148.7206630135613,9.295041438347582,4.138831570605702,1.4589978018759235,1.9669296103404392,1.9669296103404392,5.187000274658203,0,0,True,125,1.9669296103404392
k4_tau,200,eval:200,Li2F10S2,not_converged,False,False,False,False,14,3,193.3835209077746,13.813108636269614,2.301219249400338,1.8042329266569141,1.5953971278951027,1.5953971278951027,4.709271430969238,0,0,True,125,1.5953971278951027
k4_tau,201,eval:201,Ho3Ir,verified,False,False,False,False,4,2,101.71615436037185,25.42903859009296,11.215559257218851,1.0196817689717108,3.2838508300991753,3.2838508300991753,4.620545387268066,0,0,True,125,3.2838508300991753
k4_tau,202,eval:202,AlNiRh5,not_converged,False,False,False,False,7,3,105.0780245770991,15.011146368157014,9.48494798198844,1.714101599113923,2.5722174813851426,2.5722174813851426,4.309835433959961,0,0,True,125,2.5722174813851426
k4_tau,203,eval:203,Mg4Pb2,verified,False,True,False,True,6,2,154.76060196127506,25.79343366021251,5.489543116835861,2.6261767767628985,3.1502640124856574,3.1502640124856574,3.343562126159668,0,0,True,125,3.1502640124856574
k4_tau,204,eval:204,Pd3Gd,not_converged,False,True,False,False,4,2,70.59256744281672,17.64814186070418,11.20887792141186,1.013861222619552,2.9018332191626772,2.9018332191626772,4.111215591430664,0,0,True,125,2.9018332191626772
k4_tau,205,eval:205,O12Mn2Fe2Sr4,verified,False,False,False,False,20,4,253.15608706507314,12.657804353253656,5.011597548197922,2.532229682014551,1.798586905647365,1.798586905647365,5.590361595153809,0,0,True,125,1.798586905647365
k4_tau,206,eval:206,Co2Ga10Dy6,verified,False,True,False,True,18,3,381.7470768046748,21.208170933593046,7.78663457872542,4.3422942802373035,2.324974551323679,2.324974551323679,4.371809959411621,0,0,True,125,2.324974551323679
k4_tau,207,eval:207,O7NaK3Nb2,not_converged,True,True,True,True,13,4,241.715256264481,18.593481251113925,3.0096193896689902,2.234669431085465,1.8948701156185621,1.8948701156185621,5.914688587188721,0,0,True,125,1.8948701156185621
k4_tau,208,eval:208,S8Ag4W2,not_converged,False,False,False,False,14,3,307.9016937069829,21.992978121927347,5.693329922424044,2.8353513318109407,2.319992242148573,2.319992242148573,3.694606304168701,0,0,True,125,2.319992242148573
k4_tau,209,eval:209,O12Sm4Lu4,not_converged,False,True,False,True,20,3,288.2172580336041,14.410862901680204,8.603524762892304,1.4608179675736077,2.189318723587399,2.189318723587399,5.721928119659424,0,0,True,125,2.189318723587399
k4_tau,210,eval:210,O6As2Ag2,not_converged,True,True,False,False,10,3,134.79130498694576,13.479130498694577,5.686308773990964,2.1224604367569273,1.8561123654501195,1.8561123654501195,5.168426990509033,0,0,True,125,1.8561123654501195
k4_tau,211,eval:211,CuGaPr2Pt2,verified,False,True,False,True,6,4,131.18849198131505,21.864748663552508,10.192608226718175,2.0658449066098084,2.564711012530451,2.564711012530451,3.7684941291809086,0,0,True,125,2.564711012530451
k4_tau,212,eval:212,O8Nb4,not_converged,False,True,False,True,12,2,153.75713598407972,12.813094665339976,5.395780291645925,1.8233428393122924,1.9796884927392957,1.9796884927392957,4.3637776374816895,0,0,True,125,1.9796884927392957
k4_tau,213,eval:213,Ca4As2Sb2,not_converged,False,True,False,True,8,3,234.08336740650006,29.260420925812507,3.9276575264357647,1.9321145736681629,3.042210110852894,3.042210110852894,4.482109546661377,0,0,True,125,3.042210110852894
k4_tau,214,eval:214,NaSb4Tm,verified,True,True,True,True,6,3,180.9547955467192,30.159132591119867,6.230540666260193,2.1087921740777094,3.1129890171870143,3.1129890171870143,4.410367965698242,0,0,True,125,3.1129890171870143
k4_tau,215,eval:215,LiAg2Cd,not_converged,True,True,True,True,4,3,69.49195434562719,17.372988586406798,8.007076275291153,1.9879292604270298,2.809572643554149,2.809572643554149,4.591113090515137,0,0,True,125,2.809572643554149
k4_tau,216,eval:216,Li6F8Cs2,not_converged,False,True,False,True,16,3,238.05518160593311,14.87844885037082,3.2048238590817175,2.0143749372630446,1.5737169674641192,1.5737169674641192,5.869152545928955,0,0,True,125,1.5737169674641192
k4_tau,217,eval:217,Ge2Ru2Dy,not_converged,False,True,False,True,5,3,90.96075214773221,18.19215042954644,9.308872902298033,1.9188039168521107,2.4256534579633495,2.4256534579633495,4.295565128326416,0,0,True,125,2.4256534579633495
k4_tau,218,eval:218,S2KLa,verified,False,False,False,False,4,3,116.46774810874567,29.116937027186417,3.4522225333379404,1.4096097805269947,3.0599444459328695,3.0599444459328695,4.353385925292969,0,0,True,125,3.0599444459328695
k4_tau,219,eval:219,B4Fe8Rb4,not_converged,False,False,False,False,16,3,344.15965047136905,21.509978154460565,4.013722312431872,1.4250285969635272,1.7741643118085921,1.7741643118085921,6.011706829071045,0,0,True,125,1.7741643118085921
k4_tau,220,eval:220,NaSe2Sm,verified,False,True,False,True,4,3,110.25661007680536,27.56415251920134,4.989146619779216,1.3715921475050605,2.950266994705276,2.950266994705276,4.319899082183838,0,0,True,125,2.950266994705276
k4_tau,221,eval:221,O6Sr2AgOs,not_converged,False,True,False,True,10,4,138.35276001204312,13.835276001204312,6.833274198395395,1.9998976612426052,1.8702067760744834,1.8702067760744834,5.770918369293213,0,0,True,125,1.8702067760744834
k4_tau,222,eval:222,O8Na4V4,verified,False,False,False,False,16,3,192.329781916304,12.020611369769,3.658320965468182,3.549427919569483,1.9517632434882506,1.9517632434882506,3.1162943840026855,0,0,True,125,1.9517632434882506
k4_tau,223,eval:223,Ni3Ge,not_converged,False,True,False,True,4,2,44.400853301557206,11.100213325389301,9.301839447713506,2.037333971043788,2.4807649165726255,2.4807649165726255,3.5581872463226323,0,0,True,125,2.4807649165726255
k4_tau,224,eval:224,Al8Cu4Ho,not_converged,True,True,True,True,13,3,204.3614975820525,15.720115198619423,5.159420466109852,1.9106793563106557,2.549826878850238,2.549826878850238,5.239294052124023,0,0,True,125,2.549826878850238
k4_tau,225,eval:225,Mg2Ag4,not_converged,False,True,False,True,6,2,114.95164094509605,19.158606824182673,6.935057542879937,2.7398743362391254,2.878394344658344,2.878394344658344,3.46537184715271,0,0,True,125,2.878394344658344
k4_tau,226,eval:226,Si2Ti2Sr,not_converged,False,False,False,False,5,3,102.13440764580324,20.426881529160646,3.8942862556828897,1.9327288351825516,2.5252383871336277,2.5252383871336277,4.178615570068359,0,0,True,125,2.5252383871336277
k4_tau,227,eval:227,O12KSr2Sb3Ba2,not_converged,False,True,False,True,20,5,320.9307710683367,16.046538553416834,5.413516649670885,1.4376770280646671,1.9257589124561671,1.9257589124561671,6.043025016784669,0,0,True,125,1.9257589124561671
k4_tau,228,eval:228,Nd2Hg6,not_converged,False,True,False,False,8,2,209.90799593274724,26.238499491593405,11.803095586213823,1.7185223774340497,3.207659152268207,3.207659152268207,5.137237548828125,0,0,True,125,3.207659152268207
k4_tau,229,eval:229,O12Ca2Sr4Tl2,not_converged,False,False,False,False,20,4,316.39143410519574,15.819571705259786,5.413143878737546,1.450950827554361,2.1411714499690504,2.1411714499690504,5.955746173858642,0,0,True,125,2.1411714499690504
k4_tau,230,eval:230,Li6AlAs2In,not_converged,False,True,False,True,10,4,189.44631600208396,18.944631600208396,2.9213498714699067,3.512337255234586,2.3698940851459986,2.3698940851459986,4.475492477416992,0,0,True,125,2.3698940851459986
k4_tau,231,eval:231,O6FeCuBaW,not_converged,False,False,False,False,10,5,144.2895422426449,14.42895422426449,6.174872611750487,2.0242067101373458,1.8591961205757894,1.8591961205757894,4.138346195220947,0,0,True,125,1.8591961205757894
k4_tau,232,eval:232,Ga3Pd3Au3,verified,False,True,False,True,9,3,162.1282131559857,18.014245906220633,11.464315865568047,2.257835793726051,2.606471933453302,2.606471933453302,3.802257537841797,0,0,True,125,2.606471933453302
k4_tau,233,eval:233,ZnTm2Ir,verified,False,True,False,True,4,3,83.4745738286054,20.86864345715135,11.846023321815967,1.9961616658731076,2.987482891519397,2.987482891519397,4.875522613525391,0,0,True,125,2.987482891519397
k4_tau,234,eval:234,Y6Ir2,not_converged,False,True,False,True,8,2,232.0779523156976,29.0097440394622,6.567437722397938,1.8801421421745357,2.8978308838535627,2.8978308838535627,4.40703248977661,0,0,True,125,2.8978308838535627
k4_tau,235,eval:235,CNZr2,not_converged,False,True,False,True,4,3,51.59310356431588,12.89827589107897,6.709519622188787,2.6513982540937646,2.315739419122836,2.315739419122836,3.2587392256723584,0,0,True,125,2.315739419122836
k4_tau,236,eval:236,Na2Br6Th,verified,False,True,False,True,9,3,342.7172179822132,38.07969088691257,3.6699684144323066,2.010006055661763,2.866781767335868,2.866781767335868,7.64258623123169,0,0,True,125,2.866781767335868
k4_tau,237,eval:237,O8Ti2Tb2,not_converged,False,False,False,False,12,3,160.95780034999686,13.413150029166404,5.587269331960269,2.3014896274115575,1.842908222059872,1.842908222059872,3.8725183010101314,0,0,True,125,1.842908222059872
k4_tau,238,eval:238,Mg3In3Nd3,not_converged,False,True,False,True,9,3,260.1114498074053,28.90127220082281,5.4269658596979555,1.7567216920897295,2.860460377964309,2.860460377964309,4.4941277503967285,0,0,True,125,2.860460377964309
k4_tau,239,eval:239,Nd4Pt8,not_converged,False,True,False,True,12,2,256.63153237630075,21.385961031358395,13.831639072013829,2.1927086695547864,2.9933313208202335,2.9933313208202335,5.162319660186768,0,0,True,125,2.9933313208202335
k4_tau,240,eval:240,AlMn2Ir,not_converged,False,False,False,False,4,3,50.57046076800635,12.642615192001587,10.805542767822564,1.9928091012791735,2.5286162636229874,2.5286162636229874,4.120784759521484,0,0,True,125,2.5286162636229874
k4_tau,241,eval:241,Al3FeTb2,not_converged,False,True,False,False,6,3,118.67020493793862,19.778367489656436,6.361731708747609,1.9968257755741374,2.746667513556548,2.746667513556548,5.497078895568848,0,0,True,125,2.746667513556548
k4_tau,242,eval:242,Fe6Zr6,verified,False,True,False,True,12,2,209.65506320698557,17.471255267248797,6.989017567718584,2.2339329819132754,2.4655196489076787,2.4655196489076787,5.296787738800049,0,0,True,125,2.4655196489076787
k4_tau,243,eval:243,C4Mg2Cr4,not_converged,False,False,False,False,10,3,115.18519228777694,11.518519228777695,4.391727458124996,2.841264191558289,1.8853263292872378,1.8853263292872378,3.0384550094604488,0,0,True,125,1.8853263292872378
k4_tau,244,eval:244,OF11V3Ba2,not_converged,False,True,False,True,17,4,281.55314876298087,16.561949927234167,3.848068759900806,1.4111968786686724,1.8523385388617686,1.8523385388617686,5.82806921005249,0,0,True,125,1.8523385388617686
k4_tau,245,eval:245,In6Yb2,verified,False,False,False,False,8,2,222.4672553645338,27.808406920566725,7.725352680087902,2.2386174345046275,3.334432273867951,3.334432273867951,4.875114917755127,0,0,True,125,3.334432273867951
k4_tau,246,eval:246,Co6Ge6Tm,not_converged,False,False,False,False,13,3,186.38761113669275,14.337508548976366,8.538209316457067,2.6739014434286212,2.394593125730571,2.394593125730571,4.1062822341918945,0,0,True,125,2.394593125730571
k4_tau,247,eval:247,Li4S8Cu2Er2,not_converged,False,False,False,False,16,4,299.51482503454287,18.71967656465893,4.135308248597361,2.3236954144759,2.578993311207876,2.578993311207876,5.268221378326416,0,0,True,125,2.578993311207876
k4_tau,248,eval:248,S8Fe4Cu2,not_converged,False,True,False,True,14,3,225.22268631438885,16.08733473674206,4.475277094007705,2.0013175133074275,2.258361458267851,2.258361458267851,6.811517238616943,0,0,True,125,2.258361458267851
k4_tau,249,eval:249,Li2C10N4,not_converged,False,False,False,False,16,3,233.5935874558555,14.599599215990969,1.3507590795097526,2.111599464232608,1.1402640318110564,1.1402640318110564,4.552011013031006,0,0,True,125,1.1402640318110564
k4_tau,250,eval:250,Ba6Pt2,verified,True,True,True,True,8,2,368.2012120254789,46.025151503184865,5.475566703978005,2.0585082000708455,3.4160436520982516,3.4160436520982516,5.29596471786499,0,0,True,125,3.4160436520982516
k4_tau,251,eval:251,C2Si6La8,verified,False,False,False,False,16,3,402.78198909098165,25.173874318186353,5.375053074607153,2.049997558010437,2.9976626990911677,2.9976626990911677,7.5935163497924805,0,0,True,125,2.9976626990911677
k4_tau,252,eval:252,Zn2PdHo,verified,False,True,False,True,4,3,72.62100423539155,18.155251058847888,9.195909829947414,1.991228244598358,2.854471797196014,2.854471797196014,4.658909797668457,0,0,True,125,2.854471797196014
k4_tau,253,eval:253,CaPd2Yb,not_converged,False,False,False,False,4,3,88.18266043609933,22.04566510902483,8.02107689009173,1.9977039137348025,3.050674630207561,3.050674630207561,4.985234260559082,0,0,True,125,3.050674630207561
k4_tau,254,eval:254,O12V4Tl4,not_converged,False,True,False,True,20,3,287.96709512050984,14.398354756025492,6.996350622456076,4.278068077315732,2.011084258422121,2.011084258422121,4.0285186767578125,0,0,True,125,2.011084258422121
k4_tau,255,eval:255,Pd2Sb6Nd2,not_converged,True,True,True,True,10,3,286.28863239478073,28.628863239478072,7.145206885821035,2.7130407052117635,2.7291432993132183,2.7291432993132183,4.714020729064941,0,0,True,125,2.7291432993132183
k8_native,0,eval:0,O8K8Zn4,generation_failure,False,False,False,False,,,,,,,,,,,,,,
k8_native,1,eval:1,PrPu,verified,False,False,False,False,2,2,58.179000000000016,29.089500000000008,10.985994772309583,1.3030303030303028,3.3000000000000003,3.398161267509239,3.3000000000000003,0,0,True,125,3.3000000000000003
k8_native,2,eval:2,O4MgZnSr,not_converged,False,False,False,False,7,4,100.12910067671658,14.304157239530939,4.002238580959016,3.6701041807241754,1.463941597195735,1.463941597195735,3.5052111296362667,0,0,True,125,1.463941597195735
k8_native,3,eval:3,O7Cu2Sr2Ba2,invalid_terminal,False,False,False,False,13,4,154.2136102741333,11.86258540570256,7.41880819107111,2.0244321191627535,0.8039999999999999,0.8039999999999999,4.800000000000001,0,4,True,125,0.8039999999999999
k8_native,4,eval:4,P4Se8Ag4,not_converged,False,False,False,False,16,3,251.05600000000007,15.691000000000004,7.851393018001793,1.3653846153846159,0.852,0.852,5.2,0,2,True,125,0.852
k8_native,5,eval:5,O8Cr4Ag4,not_converged,False,False,False,False,16,3,225.50400000000002,14.094000000000001,5.651273112476629,1.3333333333333333,0.881346696822539,0.881346696822539,5.4,0,1,True,125,0.881346696822539
k8_native,6,eval:6,Cu3In3Pr3,verified,False,False,False,False,9,3,178.03577045919735,19.78175227324415,8.933537001841085,2.2954528294974814,1.2959999999999994,1.2959999999999994,4.699999999999999,0,0,True,125,1.2959999999999994
k8_native,7,eval:7,S8Cu4Ho4,not_converged,False,False,False,False,16,3,149.7690000000001,9.360562500000006,12.976897101377736,1.8837209302325582,0.8909999999999999,0.8909999999999999,4.3,0,2,True,125,0.8909999999999999
k8_native,8,eval:8,Ni4Sn8,verified,False,True,False,True,12,2,167.90400000000002,13.992000000000003,11.714023938530405,1.6363636363636365,1.543660908360382,1.543660908360382,4.4,0,0,True,125,1.543660908360382
k8_native,9,eval:9,O8KBa3Bi3,invalid_terminal,False,False,False,False,15,4,203.15570332136886,13.543713554757923,9.857641956598217,1.7492151364509847,0.546077833280202,0.546077833280202,5.6000000000000005,0,4,True,125,0.546077833280202
k8_native,10,eval:10,Cu2In2Ce2,not_converged,False,True,False,True,6,3,88.26530915371,14.710884858951667,11.983155942042927,1.7381579973267818,1.6660000000000001,1.6660000000000001,4.0,0,0,True,125,1.6660000000000001
k8_native,11,eval:11,O2P2As2,verified,False,False,False,False,6,3,27.9909086842683,4.66515144737805,14.46262546157853,8.733946459037286,1.0674309660133015,1.0674309660133015,3.1,0,0,True,175,1.0674309660133015
k8_native,12,eval:12,CuPd,not_converged,True,True,True,True,2,2,53.76000000000004,26.88000000000002,5.2499103979489465,1.7142857142857144,2.8000000000000003,3.423448553724738,2.8000000000000003,0,0,True,125,2.8000000000000003
k8_native,13,eval:13,NaCl,not_converged,False,True,False,True,2,2,56.01134235134881,28.005671175674404,1.73262231319106,2.0808809224776046,2.206807649071391,2.206807649071391,4.1000000000000005,0,0,True,125,2.206807649071391
k8_native,14,eval:14,O8P2Co2,not_converged,False,False,False,False,12,3,182.0189050243841,15.168242085365343,2.8081097333491805,2.3183415637395717,0.9661633834829281,0.9661633834829281,5.87491277550443,0,1,True,125,0.9661633834829281
k8_native,15,eval:15,Si6Cr2Y,invalid_terminal,False,False,False,False,9,3,215.3285563969629,23.9253951552181,2.78707653860624,2.5883876327561524,0.888,0.888,4.0,0,4,True,125,0.888
k8_native,16,eval:16,Sb6Yb8,verified,False,False,False,False,14,2,333.5776240247537,23.826973144625264,10.527807047724538,2.104842788379154,1.02,1.02,7.4,0,0,True,125,1.02
k8_native,17,eval:17,P4Cu4Sr4,invalid_terminal,False,False,False,False,12,3,121.93637685284898,10.161364737737415,9.921573797365445,1.9452726714676518,0.768,0.768,4.4,0,2,True,125,0.768
k8_native,18,eval:18,Li4NTe,verified,False,False,False,False,6,3,84.17766924784746,14.02961154130791,3.34110776171889,3.437088864401876,0.8909999999999999,0.8909999999999999,3.0,0,1,True,125,0.8909999999999999
k8_native,19,eval:19,O3F9Mn6,invalid_terminal,False,False,False,False,18,3,207.843776440314,11.546876468906333,4.383060383472325,2.8448925561338747,0.6910155817016675,0.6910155817016675,5.700000000000001,0,2,True,125,0.6910155817016675
k8_native,20,eval:20,O6NaZnBaOs,verified,False,False,False,False,10,5,114.47775944697733,11.447775944697733,7.426041367570659,2.1510035002264973,1.3212210261723811,1.3212210261723811,4.9,0,0,True,125,1.3212210261723811
k8_native,21,eval:21,YPd3,not_converged,False,True,False,True,4,2,102.02256202175421,25.505640505438553,6.643386777843061,3.5625878913199847,1.5935645512867787,1.5935645512867787,4.067240503037512,0,0,True,125,1.5935645512867787
k8_native,22,eval:22,LiF2Te,not_converged,False,False,False,False,4,3,61.400482315804,15.350120578951,4.666181065468979,7.278819376264674,1.9508223308023962,1.9508223308023962,3.9016446616047924,0,0,True,125,1.9508223308023962
k8_native,23,eval:23,H8Li8C4,not_converged,False,False,False,False,20,3,228.8550000000001,11.442750000000006,0.8100026197082241,1.3272727272727272,0.9068544535921957,0.9068544535921957,5.5,0,2,True,125,0.9068544535921957
k8_native,24,eval:24,O8Ti2Gd4,verified,False,False,False,False,14,3,193.5360000000001,13.824000000000007,7.316417358168837,1.185185185185185,0.8209360511026419,0.8209360511026419,5.4,0,3,True,125,0.8209360511026419
k8_native,25,eval:25,F6S3Y4,not_converged,False,False,False,False,13,3,172.23763783518004,13.249049064244618,5.454949686476197,2.732618470204761,1.167091379325374,1.167091379325374,5.5834491529494175,0,0,True,125,1.167091379325374
k8_native,26,eval:26,O6Ba2PrTa,not_converged,False,False,False,False,10,4,156.05705239430867,15.605705239430867,7.368671476067829,2.172035456924553,0.8495316356675603,0.8495316356675603,5.4,0,1,True,125,0.8495316356675603
k8_native,27,eval:27,Li4Si8Cs4,invalid_terminal,False,False,False,False,16,3,127.81363296845886,7.988352060528679,10.186538917821393,4.78288176806678,0.665285212899086,0.665285212899086,2.661140851596344,0,2,True,125,0.665285212899086
k8_native,28,eval:28,Li2O12Gd4Ta2,not_converged,False,False,False,False,20,4,180.18,9.009,11.029438720372733,1.7111111111111115,0.6930000000000002,0.6930000000000002,4.5,0,1,True,125,0.6930000000000002
k8_native,29,eval:29,O8Rb4Mo2,invalid_terminal,False,False,False,False,14,3,179.27145688479283,12.805104063199488,6.129563336388123,2.051471462814032,0.7701766031242446,0.7701766031242446,5.7,0,2,True,125,0.7701766031242446
k8_native,30,eval:30,Si6Co8Ba4,invalid_terminal,False,False,False,False,18,3,316.01186196618613,17.55621455367701,6.249312231430219,2.8818937463283882,0.8249169558477083,0.8249169558477083,5.9,0,2,True,125,0.8249169558477083
k8_native,31,eval:31,CuPdBi,not_converged,False,False,False,False,3,3,64.14872718924362,21.382909063081204,9.809318577609176,2.0941790956258295,2.1788758569500923,2.1788758569500923,4.2,0,0,True,125,2.1788758569500923
k8_native,32,eval:32,O8NaV2Fe,invalid_terminal,False,False,False,False,12,4,52.864359133760374,4.4053632611466975,9.697080495356815,4.55441585010024,0.5380089691672993,0.5380089691672993,3.162063489141419,0,3,True,125,0.5380089691672993
k8_native,33,eval:33,NaAu2Tl,not_converged,False,True,False,True,4,3,77.47344737392294,19.368361843480734,13.316862286120264,2.153252047106361,1.6349694186742454,1.6349694186742454,4.3,0,0,True,125,1.6349694186742454
k8_native,34,eval:34,MgGa3,verified,False,True,False,True,4,2,124.8722291304196,31.2180572826049,3.1047151214899245,2.2945607399674475,1.3977113435899415,1.3977113435899415,4.9,0,0,True,125,1.3977113435899415
k8_native,35,eval:35,NiGa3Tb,verified,False,True,False,True,5,3,49.13158292506435,9.82631658501287,14.42448400456021,3.847709216783218,1.2232278641944558,1.2232278641944558,3.2887676947361117,0,0,True,125,1.2232278641944558
k8_native,36,eval:36,O8AlKMo2,invalid_terminal,False,False,False,False,12,4,166.192,13.849333333333334,3.856343383233915,1.4468085106382973,0.7082718404680509,0.7082718404680509,4.7,0,5,True,125,0.7082718404680509
k8_native,37,eval:37,C4Mn2Ta2,invalid_terminal,False,False,False,False,8,3,89.54400000000005,11.193000000000007,9.639646807335,1.2682926829268293,1.05,1.05,4.1000000000000005,0,0,True,125,1.05
k8_native,38,eval:38,Co9Y3,invalid_terminal,False,False,False,False,12,2,183.97600000000014,15.331333333333346,7.19464911225562,1.173076923076923,0.5219999999999999,0.5219999999999999,5.2,0,3,True,125,0.5219999999999999
k8_native,39,eval:39,Si2AsBaTl,not_converged,False,False,False,False,5,4,57.9660973853637,11.59321947707274,13.544256413060005,3.5399791032718566,1.0894379284750462,1.0894379284750462,3.8231754410450067,0,0,True,125,1.0894379284750462
k8_native,40,eval:40,O6Sr2InTa,not_converged,False,False,False,False,10,4,127.95804312351768,12.795804312351768,7.358110626015241,2.1114750897146806,1.3,1.3,5.2,0,0,True,125,1.3
k8_native,41,eval:41,In3Pr3Tl3,invalid_terminal,False,False,False,False,9,3,98.68359476123682,10.964843862359647,23.226623073952467,1.7379233225380368,0.516,0.516,4.3,0,3,True,125,0.516
k8_native,42,eval:42,H3N2Br,not_converged,False,False,False,False,6,3,99.97397261287566,16.66232876881261,1.8427019062213323,2.6504738649300617,1.3199999999999998,1.3199999999999998,3.9000000000000004,0,0,True,125,1.3199999999999998
k8_native,43,eval:43,O8Eu4,invalid_terminal,False,False,False,False,12,2,116.727,9.72725,10.4680979105476,1.8717948717948711,0.6569999999999998,0.6569999999999998,3.9000000000000004,0,4,True,125,0.6569999999999998
k8_native,44,eval:44,Li2P4FeTe,not_converged,False,False,False,False,8,4,163.17309485634297,20.39663685704287,3.268932051738465,2.552922630141089,1.6752084510507044,1.6752084510507044,5.182566487278413,0,0,True,125,1.6752084510507044
k8_native,45,eval:45,S4Nb2Ag2,invalid_terminal,False,False,False,False,8,3,169.7343972664212,21.21679965830265,5.183208720160671,3.336892596165685,1.186087867510619,1.186087867510619,4.744351470042476,0,0,True,125,1.186087867510619
k8_native,46,eval:46,Bi6Th2,not_converged,False,False,False,False,8,2,168.87495373796548,21.109369217245685,16.892601147265225,2.1594301529706605,1.0,1.0,4.0,0,0,True,125,1.0
k8_native,47,eval:47,F6K2YIn,not_converged,False,True,False,True,10,4,135.26669881386184,13.526669881386184,4.860216675375766,2.256358812186852,1.6,1.6,4.9,0,0,True,125,1.6
k8_native,48,eval:48,Li2O8Fe2Rh2,invalid_terminal,False,False,False,False,14,4,107.27847068515896,7.6627479060827834,7.110610755098291,1.873142044743399,0.5750513163790988,0.5750513163790988,3.9999999999999996,0,5,True,125,0.5750513163790988
k8_native,49,eval:49,C2K2Lu2,verified,False,False,False,False,6,3,145.59999999999997,24.266666666666662,5.156703709075023,2.275000000000001,2.0,2.0,4.0,0,0,True,125,2.0
k8_native,50,eval:50,N2Mg2S,verified,False,False,False,False,5,3,71.84546749795707,14.369093499591415,2.512076830613976,2.369617237609294,1.2329817516897807,1.2329817516897807,3.4000000000000004,0,0,True,125,1.2329817516897807
k8_native,51,eval:51,B4Rh4Dy2,not_converged,False,True,False,True,10,3,112.41813083789346,11.241813083789346,11.519475996095842,4.2847124855917045,1.4056961048417813,1.4056961048417813,3.563391007902556,0,0,True,125,1.4056961048417813
k8_native,52,eval:52,Li2O8Mn3Fe,invalid_terminal,False,False,False,False,14,4,122.60881794072698,8.757772710051928,4.909971056245839,2.203093552029758,0.6155695049282089,0.6155695049282089,4.5,0,1,True,125,0.6155695049282089
k8_native,53,eval:53,Ge12Hf4,invalid_terminal,False,False,False,False,16,2,151.31700000000006,9.457312500000004,17.400669888800486,1.604651162790698,0.5519999999999997,0.5519999999999997,4.3,0,4,True,125,0.5519999999999997
k8_native,54,eval:54,Zn2Sn8Tm2,not_converged,False,False,False,False,12,3,131.20000000000005,10.933333333333337,17.951622341185846,2.0,0.9633275663033837,0.9633275663033837,4.0,0,1,True,125,0.9633275663033837
k8_native,55,eval:55,Ni4Sn4Ce4,not_converged,False,False,False,False,12,3,145.91200000000003,12.159333333333336,14.454009762141343,1.3260869565217388,1.5250000000000001,1.5250000000000001,4.6000000000000005,0,0,True,125,1.5250000000000001
k8_native,56,eval:56,O6Cl2Ba4Nd2,verified,False,True,False,True,14,4,244.87301304706912,17.49092950336208,6.813059064510152,2.5425237411473254,0.5819999999999995,0.5819999999999995,5.300000000000001,0,1,True,125,0.5819999999999995
k8_native,57,eval:57,O12Ca4Mn2Bi2,invalid_terminal,False,False,False,False,20,4,281.666,14.0833,5.188803974879278,1.305084745762712,0.5266355476038435,0.5266355476038435,5.9,0,3,True,125,0.5266355476038435
k8_native,58,eval:58,Sn5U,verified,False,True,False,True,6,2,102.88381796959129,17.14730299493188,13.421637087999398,1.7326338915462256,1.5438843868632135,1.5438843868632135,4.0,0,0,True,125,1.5438843868632135
k8_native,59,eval:59,Ni4Sn2Au12,invalid_terminal,False,False,False,False,18,3,222.6,12.366666666666667,21.154286215015574,1.6800000000000006,0.6719999999999997,0.6719999999999997,5.0,0,3,True,125,0.6719999999999997
k8_native,60,eval:60,N2I2,verified,False,False,False,False,4,2,116.22060918787163,29.055152296967908,4.026626677323115,1.8540880149926062,2.2,2.2,4.4,0,0,True,125,2.2
k8_native,61,eval:61,O4Br2Ta2,invalid_terminal,False,False,False,False,8,3,166.66800000000003,20.833500000000004,5.835433254378467,1.7674418604651163,0.5488916104296,0.5488916104296,4.3,0,1,True,125,0.5488916104296
k8_native,62,eval:62,S8Zn2In4,invalid_terminal,False,False,False,False,14,3,154.44148805633378,11.0315348611667,9.102664037149385,4.059651740818012,0.6168778086025213,0.6168778086025213,4.640167424915228,0,2,True,125,0.6168778086025213
k8_native,63,eval:63,Ge4Ag6Sb8,invalid_terminal,False,False,False,False,18,3,372.18600000000026,20.677000000000014,8.52987561608431,1.403225806451613,0.609,0.609,6.2,0,1,True,125,0.609
k8_native,64,eval:64,Li2O8Na3CuLa2,invalid_terminal,False,False,False,False,16,5,200.0339788863507,12.502123680396918,4.583998193479436,1.617303564777303,0.748,0.748,5.1000000000000005,0,6,True,125,0.748
k8_native,65,eval:65,Mg5Er,verified,False,False,False,False,6,2,117.7446134562376,19.624102242706268,4.072688335651507,2.897287359482303,2.4000000000000004,2.4000000000000004,4.800000000000001,0,0,True,125,2.4000000000000004
k8_native,66,eval:66,Li2Sb2Sm2,verified,False,True,False,True,6,3,81.77271670153806,13.62878611692301,11.333650419266228,1.7641173499867124,1.225,1.225,4.1000000000000005,0,0,True,125,1.225
k8_native,67,eval:67,Mg8Cu4Ce4,invalid_terminal,False,True,False,True,16,3,135.15703869921182,8.447314918700739,12.397652847117554,5.39741732517685,0.7077890354766921,0.7077890354766921,2.849667579271385,0,3,True,125,0.7077890354766921
k8_native,68,eval:68,Na2K4As2,verified,False,False,False,False,8,3,179.17000000000007,22.39625000000001,3.2643206220799525,2.317073170731707,1.14,1.14,4.1000000000000005,0,0,True,125,1.14
k8_native,69,eval:69,H4C12Re4,generation_failure,False,False,False,False,,,,,,,,,,,,,,
k8_native,70,eval:70,ZnGe,not_converged,False,False,False,False,2,2,84.54734361291315,42.273671806456576,2.7113300999092727,2.085970457398311,3.3700890195957736,3.3700890195957736,4.7,0,0,True,125,3.3700890195957736
k8_native,71,eval:71,LiAsCd,verified,False,False,False,False,3,3,65.61701279393935,21.872337597979783,4.916391171632522,1.735795795376251,1.4631855658118014,1.4631855658118014,4.1000000000000005,0,0,True,125,1.4631855658118014
k8_native,72,eval:72,F6MgSn,not_converged,True,True,True,True,8,3,13.627800828668251,1.7034751035835314,31.31595070069825,16.835124917672655,0.5300000000000001,0.5300000000000001,1.8672505079886421,0,8,True,125,0.5300000000000001
k8_native,73,eval:73,O4Cl2Bi2,not_converged,False,False,False,False,8,3,145.05800000000005,18.132250000000006,6.328868002677334,1.4878048780487805,1.0250000000000001,1.0250000000000001,4.1000000000000005,0,0,True,125,1.0250000000000001
k8_native,74,eval:74,Cl2Ca,verified,False,False,False,False,3,2,47.60281029877804,15.867603432926012,3.8714787343608834,9.20453975704375,1.9898389811649642,2.421860976465498,1.9898389811649642,0,0,True,245,1.9898389811649642
k8_native,75,eval:75,Cl3RbAu,verified,False,False,False,False,5,3,172.48000000000008,34.496000000000016,3.7430808097143378,1.0181818181818185,2.75,2.75,5.5,0,0,True,125,2.75
k8_native,76,eval:76,Li2O8Ni2Sr2Hf2,verified,False,False,False,False,16,5,188.32800000000003,11.770500000000002,6.978729145898826,1.0535714285714286,0.516732038875083,0.516732038875083,5.6000000000000005,0,2,True,125,0.516732038875083
k8_native,77,eval:77,Ag2Ce,not_converged,False,False,False,False,3,2,94.91984835638966,31.639949452129887,6.225324022060472,1.7569066293568316,2.2,2.2,4.4,0,0,True,125,2.2
k8_native,78,eval:78,C8Si6Ba4,invalid_terminal,False,False,False,False,18,3,264.9600000000002,14.720000000000011,5.100859397130052,2.400000000000001,0.5760000000000006,0.5760000000000006,4.0,0,3,True,125,0.5760000000000006
k8_native,79,eval:79,O12Ge4Ba4,invalid_terminal,False,False,False,False,20,3,163.19999999999996,8.159999999999998,10.499051284884372,2.0,0.8,0.8,4.0,0,2,True,125,0.8
k8_native,80,eval:80,AgCe2Pt,not_converged,False,True,False,True,4,3,97.2922362370194,24.32305905925485,9.953519258871701,2.066438397136048,3.005723706530592,3.005723706530592,4.9,0,0,True,125,3.005723706530592
k8_native,81,eval:81,Ge2Pr10Pb6,verified,False,False,False,False,18,3,337.97334203010763,18.776296779450423,13.745024478459996,1.7495783058529086,1.1532341479508834,1.1532341479508834,6.6000000000000005,0,0,True,125,1.1532341479508834
k8_native,82,eval:82,MgSr3,not_converged,True,True,True,True,4,2,155.91951341728864,38.97987835432216,3.058300341048365,3.8629828997854756,1.6802091861711699,1.6802091861711699,5.300000000000001,0,0,True,125,1.6802091861711699
k8_native,83,eval:83,Co7Ge2Sm2,not_converged,False,False,False,False,11,3,85.28463651549313,7.753148774135739,16.716100229424153,5.050743491522379,0.9065392060947144,0.9065392060947144,3.7937588825706205,0,1,True,125,0.9065392060947144
k8_native,84,eval:84,F6KSbCs2,verified,False,True,False,True,10,4,131.1485089202313,13.114850892023131,6.845570972299732,2.3740652872088317,1.083983394706764,1.083983394706764,4.6000000000000005,0,0,True,125,1.083983394706764
k8_native,85,eval:85,YPtBi,verified,False,False,False,False,3,3,68.53420344616256,22.84473448205419,11.944347750968197,2.091746688232045,2.15,2.15,4.3,0,0,True,125,2.15
k8_native,86,eval:86,O8Mn2Ni2,not_converged,False,False,False,False,12,3,147.88340380731623,12.323616983943019,3.98908817340539,1.4044615357876276,0.6863699416551037,0.6863699416551037,4.800000000000001,0,2,True,125,0.6863699416551037
k8_native,87,eval:87,O12KNiSr4Lu2,invalid_terminal,False,False,False,False,20,5,269.87400000000014,13.493700000000008,6.092707311333139,2.106382978723404,0.5939999999999994,0.5939999999999994,4.7,0,6,True,125,0.5939999999999994
k8_native,88,eval:88,AlAgLu2,not_converged,True,True,True,True,4,3,76.36753236814708,19.09188309203677,10.541159467049496,2.072975019783151,2.761227082295116,2.761227082295116,4.5,0,0,True,125,2.761227082295116
k8_native,89,eval:89,Li2O8F2P2In4,verified,False,False,False,False,18,5,251.39157197934114,13.96619844329673,4.630995332911899,1.8585133776288605,0.7256623658133119,0.7256623658133119,6.0,0,3,True,125,0.7256623658133119
k8_native,90,eval:90,S2Se2Eu2,verified,False,True,False,True,6,3,90.6312905568491,15.105215092808182,9.636925743921568,3.206456281779348,0.8099999999999998,0.8099999999999998,3.4,0,1,True,125,0.8099999999999998
k8_native,91,eval:91,O8La2Pb2,not_converged,False,False,False,False,12,3,107.66515316218873,8.97209609684906,12.650187160217671,3.0111594143240072,1.02,1.02,4.647513554691868,0,0,True,125,1.02
k8_native,92,eval:92,O12Ca4Fe2Ho2,invalid_terminal,False,False,False,False,20,4,211.19999999999996,10.559999999999999,6.241609712845325,1.163636363636364,0.5120000000000005,0.5120000000000005,5.5,0,8,True,125,0.5120000000000005
k8_native,93,eval:93,O2ZnSr,not_converged,False,False,False,False,4,3,47.37191169881155,11.842977924702888,6.485824179114974,2.08806472161909,1.3723006230414676,1.3723006230414676,3.8000000000000003,0,0,True,125,1.3723006230414676
k8_native,94,eval:94,NaSc2As6Tl,verified,False,False,False,False,10,4,236.5173188119637,23.65173188119637,5.383645600763993,2.2997617560832024,1.717352322617581,1.717352322617581,5.800000000000001,0,0,True,125,1.717352322617581
k8_native,95,eval:95,O6Al2In2,not_converged,False,False,False,False,10,3,85.91134784087916,8.591134784087917,7.337018161590738,2.1834527461790705,1.07678837823406,1.07678837823406,4.6,0,0,True,125,1.07678837823406
k8_native,96,eval:96,CaCd2Nd,verified,False,True,False,True,4,3,82.76331320397945,20.690828300994863,8.208906198721273,2.1079608229118416,1.7003676073131953,1.7003676073131953,4.5,0,0,True,125,1.7003676073131953
k8_native,97,eval:97,SrAg3,not_converged,False,False,False,False,4,2,97.0426650420949,24.260666260523724,7.036642214542971,2.7946622503917586,1.128925225831364,1.128925225831364,4.515700903325456,0,0,True,125,1.128925225831364
k8_native,98,eval:98,Ni6As2,invalid_terminal,False,False,False,False,8,2,114.95707812375012,14.369634765468765,7.251372451172441,1.9573656177198615,0.756,0.756,4.3,0,1,True,125,0.756
k8_native,99,eval:99,O5F8V4Mn2,invalid_terminal,False,False,False,False,19,4,98.80855172774768,5.200450090934089,9.169589038358367,4.478483505704088,0.6960000000000001,0.6960000000000001,4.170091090465917,0,7,True,125,0.6960000000000001
k8_native,100,eval:100,O2S8Zn2Os2,verified,False,False,False,False,14,4,242.63220155240427,17.330871539457448,5.473691551427571,2.3800223249335586,1.5781951717072256,1.5781951717072256,6.50155310850113,0,0,True,125,1.5781951717072256
k8_native,101,eval:101,LiF6K2Ag,invalid_terminal,False,False,False,False,10,4,240.290440596375,24.0290440596375,2.121512674473774,2.336184709525011,0.806,0.806,6.2,0,1,True,125,0.806
k8_native,102,eval:102,V6Fe2,not_converged,False,True,False,True,8,2,59.433591410918446,7.429198926364806,11.660202539745327,1.7330095959471206,0.9500000000000001,0.9500000000000001,3.8000000000000003,0,5,True,125,0.9500000000000001
k8_native,103,eval:103,Sn8Yb6,not_converged,False,False,False,False,14,2,359.46833881789917,25.676309915564225,9.183058602965627,2.416986937144332,1.188,1.188,6.5,0,0,True,125,1.188
k8_native,104,eval:104,Cu2Zr12Sn4,not_converged,False,False,False,False,18,3,406.71172515470363,22.59509584192798,6.927028696070308,1.298011951627146,0.825,0.825,7.300000000000001,0,8,True,125,0.825
k8_native,105,eval:105,Sb6Dy2,verified,False,True,False,True,8,2,135.50266480313218,16.937833100391522,12.935528756477854,1.8872047983765985,1.425,1.425,4.5,0,0,True,125,1.425
k8_native,106,eval:106,Al4Pd4Ce4,invalid_terminal,False,False,False,False,12,3,231.98499999999996,19.33208333333333,7.831309063009653,1.9302325581395352,0.6639999999999997,0.6639999999999997,4.3,0,4,True,125,0.6639999999999997
k8_native,107,eval:107,Cl6K2AsRb,not_converged,False,True,False,True,10,4,305.7755996020613,30.577559960206127,2.4508427876133076,2.0581750329999684,2.6361667246211877,2.6361667246211877,7.2,0,0,True,125,2.6361667246211877
k8_native,108,eval:108,ZnSn2Pb,verified,False,True,False,True,4,3,61.34575590862009,15.336438977155023,13.805732231264669,2.0974652280739683,2.5200446424617167,2.5200446424617167,4.1000000000000005,0,0,True,125,2.5200446424617167
k8_native,109,eval:109,Zn3Ac,not_converged,False,False,False,False,4,2,95.31599999999997,23.828999999999994,7.373210872675296,1.3333333333333333,0.7989999999999999,0.7989999999999999,3.9000000000000004,0,1,True,125,0.7989999999999999
k8_native,110,eval:110,Ni4Ge8,verified,False,False,False,False,12,2,131.5440000000001,10.962000000000009,10.299391815581954,2.892857142857142,1.4000000000000001,1.4000000000000001,2.8000000000000003,0,0,True,125,1.4000000000000001
k8_native,111,eval:111,O2F10Mn2Ba4,not_converged,False,False,False,False,18,4,309.3200000000003,17.18444444444446,4.730415421494484,1.3818181818181818,0.6963361257323936,0.6963361257323936,5.5,0,3,True,125,0.6963361257323936
k8_native,112,eval:112,CeTl3,verified,False,False,False,False,4,2,85.91400000000002,21.478500000000004,14.559064349088725,1.4594594594594592,1.85,1.85,3.7,0,0,True,125,1.85
k8_native,113,eval:113,O6Ba2LaBi,not_converged,False,False,False,False,10,4,145.40378162895215,14.540378162895214,8.205821978886341,2.189931922346981,1.2919999999999998,1.2919999999999998,5.4,0,0,True,125,1.2919999999999998
k8_native,114,eval:114,B4Rh4Tm4,verified,False,False,False,False,12,3,256.92375654072947,21.41031304506079,7.307265820439178,2.3319193512760323,0.8370000000000001,0.8370000000000001,5.5,0,1,True,125,0.8370000000000001
k8_native,115,eval:115,Ti6Rh2,not_converged,False,True,False,True,8,2,81.02453762904172,10.128067203630215,10.103943457101938,2.105007510399504,1.1500000000000001,1.1500000000000001,4.6000000000000005,0,0,True,125,1.1500000000000001
k8_native,116,eval:116,ZnTbTl2,verified,False,True,False,True,4,3,83.08787521654409,20.771968804136023,12.652734924761262,2.0436863730745336,1.750892629489313,1.750892629489313,4.800000000000001,0,0,True,125,1.750892629489313
k8_native,117,eval:117,O12Cr4La4,invalid_terminal,False,False,False,False,20,3,199.81000000000006,9.990500000000003,7.941592534643003,1.2264150943396226,0.5800000000000001,0.5800000000000001,5.300000000000001,0,10,True,125,0.5800000000000001
k8_native,118,eval:118,Li4O8Cr4,not_converged,False,True,False,True,16,3,152.10511326861229,9.506569579288268,3.9710069243961743,1.7633623580725613,1.55,1.55,5.1000000000000005,0,0,True,125,1.55
k8_native,119,eval:119,Li2F8Mn2Te2,invalid_terminal,False,False,False,False,14,4,100.24102365901582,7.16007311850113,8.795355500170702,5.032421948850188,0.7310061931924217,0.7310061931924217,2.8580309765993026,0,1,True,125,0.7310061931924217
k8_native,120,eval:120,Ru8Yb4,invalid_terminal,False,False,False,False,12,2,160.44507308174002,13.370422756811669,15.53182120312526,1.636107536894336,0.672,0.672,5.6000000000000005,0,2,True,125,0.672
k8_native,121,eval:121,Cu3GaHf,not_converged,False,False,False,False,5,3,107.543,21.5086,6.776166090926202,1.4878048780487803,1.0250000000000001,1.0250000000000001,4.1000000000000005,0,0,True,125,1.0250000000000001
k8_native,122,eval:122,S4K2Mn2,verified,False,True,False,True,8,3,131.47433931480742,16.434292414350928,3.995325570945894,3.2478799122359345,1.4978578543801926,1.4978578543801926,5.0876666740179575,0,0,True,125,1.4978578543801926
k8_native,123,eval:123,S12Er8,invalid_terminal,False,False,False,False,20,2,284.59200000000016,14.229600000000008,10.052506929112347,1.3750000000000002,0.5989699491627272,0.5989699491627272,5.6000000000000005,0,3,True,125,0.5989699491627272
k8_native,124,eval:124,O12Sr4Nb2Sm2,not_converged,False,False,False,False,20,4,365.5079999999999,18.275399999999998,4.674874235662724,1.181818181818182,0.7396080042833498,0.7396080042833498,6.6000000000000005,0,3,True,125,0.7396080042833498
k8_native,125,eval:125,O12Ca4Ti2Bi2,invalid_terminal,False,False,False,False,20,4,328.56,16.428,4.376753614134324,1.2333333333333332,0.6968070034091216,0.6968070034091216,6.0,0,3,True,125,0.6968070034091216
k8_native,126,eval:126,Li2F8V2,invalid_terminal,False,False,False,False,12,3,192.26469240023687,16.02205770001974,2.3125048350133204,1.2958327599379384,0.756,0.756,5.2,0,2,True,125,0.756
k8_native,127,eval:127,Li2O8Mn3Rh,invalid_terminal,False,False,False,False,14,4,126.31755539116493,9.022682527940352,5.384457797390102,2.033488290388048,0.6455044538963306,0.6455044538963306,5.5,0,3,True,125,0.6455044538963306
k8_native,128,eval:128,B2Fe3La3,verified,False,False,False,False,8,3,70.09090002988978,8.761362503736223,14.353881406717916,1.7538511194887536,1.0250000000000001,1.0250000000000001,4.1000000000000005,0,0,True,125,1.0250000000000001
k8_native,129,eval:129,Ga2As6Sb2,invalid_terminal,False,False,False,False,10,3,342.1176306396523,34.21176306396523,4.040690519187713,1.8043667631566132,0.6642662764265135,0.6642662764265135,6.199999999999999,0,2,True,125,0.6642662764265135
k8_native,130,eval:130,K4Zn2As4,invalid_terminal,False,False,False,False,10,3,126.14400000000008,12.614400000000007,7.725824398257385,2.027777777777778,0.5839999999999997,0.5839999999999997,3.6,0,1,True,125,0.5839999999999997
k8_native,131,eval:131,K4As12Eu4,invalid_terminal,False,False,False,False,20,3,369.35700000000014,18.467850000000006,7.477829249219422,1.9056603773584906,0.6060000000000006,0.6060000000000006,5.300000000000001,0,1,True,125,0.6060000000000006
k8_native,132,eval:132,O12Ga4Nb2,invalid_terminal,False,False,False,False,18,3,193.8538011730971,10.769655620727617,5.62522863478538,1.3277724373310322,0.6462638804055432,0.6462638804055432,5.699999999999999,0,5,True,125,0.6462638804055432
k8_native,133,eval:133,Co4Ge4Pd4,not_converged,False,False,False,False,12,3,140.98000000000002,11.748333333333335,11.212852826853505,2.1714285714285717,0.912,0.912,3.5,0,2,True,125,0.912
k8_native,134,eval:134,F6Rb3Nd,verified,False,True,False,True,10,3,149.0694231826232,14.90694231826232,5.732717445390307,2.1349036186373986,1.5250000000000001,1.5250000000000001,5.4,0,0,True,125,1.5250000000000001
k8_native,135,eval:135,As8Cd2Tl4,verified,False,True,False,True,14,3,456.96092228421304,32.64006587744379,5.965835037061478,3.0204440091952747,1.449282105038407,1.449282105038407,6.499999999999999,0,0,True,125,1.449282105038407
k8_native,136,eval:136,Cu3In3Pr3,generation_failure,False,False,False,False,,,,,,,,,,,,,,
k8_native,137,eval:137,B2Co2Eu2,not_converged,False,False,False,False,6,3,45.236951222945535,7.539491870490923,16.276743203513302,4.121076508424772,1.5,1.5,2.3257679823964437,0,0,True,125,1.5
k8_native,138,eval:138,F2I2Ba2,verified,False,False,False,False,6,3,173.37600000000003,28.896000000000004,5.425367631930189,2.285714285714286,2.4000000000000004,2.4000000000000004,4.2,0,0,True,125,2.4000000000000004
k8_native,139,eval:139,ScZn2Sn,verified,False,True,False,True,4,3,81.28475292451839,20.321188231129597,6.015913474145482,2.0712250975648026,1.6820746119004353,1.6820746119004353,4.6000000000000005,0,0,True,125,1.6820746119004353
k8_native,140,eval:140,O10Cu2Sr4Cs2,invalid_terminal,False,False,False,False,18,4,371.69495223945665,20.649719568858703,4.035816552218463,2.6780902117885717,0.5618698767785284,0.5618698767785284,6.500000000000001,0,4,True,125,0.5618698767785284
k8_native,141,eval:141,AgIn2Ce,verified,False,True,False,True,4,3,76.50329687013497,19.125824217533744,10.366965000784365,2.041659579964948,1.662640971466781,1.662640971466781,4.6000000000000005,0,0,True,125,1.662640971466781
k8_native,142,eval:142,Li4N8As4,invalid_terminal,False,False,False,False,16,3,212.1060000000002,13.256625000000012,3.4407964033406206,1.3018867924528306,0.6210000000000002,0.6210000000000002,5.300000000000001,0,6,True,125,0.6210000000000002
k8_native,143,eval:143,Na4Au4,not_converged,False,False,False,False,8,2,62.72000000000003,7.840000000000003,23.293755909453118,1.5312500000000004,1.0,1.0,3.2,0,0,True,125,1.0
k8_native,144,eval:144,YIn2Eu,verified,False,False,False,False,4,3,65.71001896210346,16.427504740525865,11.890018559261566,2.064868451508555,1.6278820596099708,1.6278820596099708,4.4,0,0,True,125,1.6278820596099708
k8_native,145,eval:145,F6K2AgTl,not_converged,False,False,False,False,10,4,196.58134202410963,19.658134202410963,4.261034435947243,2.2113341921409564,1.475,1.475,5.9,0,0,True,125,1.475
k8_native,146,eval:146,Zn10Pt6,not_converged,False,True,False,True,16,2,178.9650396475983,11.185314977974894,16.92961722384431,4.4144146054668605,1.409272954760902,1.409272954760902,5.402605781871619,0,0,True,125,1.409272954760902
k8_native,147,eval:147,TiCoTm2,not_converged,False,True,False,True,4,3,90.01186481792276,22.50296620448069,8.203247520668963,2.0560492377456585,1.7686506155823993,1.7686506155823993,4.800000000000001,0,0,True,125,1.7686506155823993
k8_native,148,eval:148,Li2SnEr,not_converged,False,True,False,True,4,3,81.35687781619943,20.339219454049857,6.12012546479425,2.0543240831941865,1.6817030058842137,1.6817030058842137,4.7,0,0,True,125,1.6817030058842137
k8_native,149,eval:149,O5F8Cu2Sr2Os,invalid_terminal,False,False,False,False,18,5,378.98589377389527,21.054771876327514,3.174622942256986,2.32011368434321,0.5513057741016406,0.5513057741016406,6.2,0,3,True,125,0.5513057741016406
k8_native,150,eval:150,In3Yb,verified,False,False,False,False,4,2,132.28800000000004,33.07200000000001,6.4958197548613645,1.1041666666666667,2.4000000000000004,2.4000000000000004,4.800000000000001,0,0,True,125,2.4000000000000004
k8_native,151,eval:151,Si2Co2Ce,not_converged,False,False,False,False,5,3,53.09617787686121,10.619235575372242,9.82488755046833,5.450179490496898,1.18747450274915,1.18747450274915,3.7395369201920863,0,0,True,125,1.18747450274915
k8_native,152,eval:152,V2FeRu,not_converged,False,True,False,True,4,3,71.51395142208266,17.878487855520664,6.009235691949849,2.1038287169253023,1.6288416129261922,1.6288416129261922,4.3,0,0,True,125,1.6288416129261922
k8_native,153,eval:153,LiYAu2,not_converged,True,True,True,True,4,3,101.26334792016306,25.315836980040764,8.031521975296446,2.0362319751620404,1.8565761497983324,1.8565761497983324,5.1000000000000005,0,0,True,125,1.8565761497983324
k8_native,154,eval:154,Sc6Lu2,invalid_terminal,False,False,False,False,8,2,82.22391593690975,10.277989492113718,12.514429103874516,1.7529060423541682,0.552,0.552,4.3,0,1,True,125,0.552
k8_native,155,eval:155,ScPtAu2,not_converged,False,True,False,True,4,3,60.10973325510604,15.02743331377651,17.51358656390527,2.060345980056222,2.575364051935182,2.575364051935182,4.2,0,0,True,125,2.575364051935182
k8_native,156,eval:156,NiGd3,invalid_terminal,True,True,True,True,4,2,78.93600000000004,19.73400000000001,11.158685369414844,1.1794871794871795,1.1,1.1,3.9000000000000004,0,0,True,125,1.1
k8_native,157,eval:157,MgScTc2,not_converged,False,False,False,False,4,3,76.11297392691996,19.02824348172999,5.787135681242318,2.107557975046557,1.7181021506301655,1.7181021506301655,4.5,0,0,True,125,1.7181021506301655
k8_native,158,eval:158,N2Br2,verified,True,True,True,True,4,2,92.67857461139553,23.169643652848883,3.3652305675961123,1.772821302359827,1.6526971894451812,1.6526971894451812,4.2,0,0,True,125,1.6526971894451812
k8_native,159,eval:159,MgGa2Er,verified,True,True,True,True,4,3,68.59501462934456,17.14875365733614,8.013046420433689,2.083025121116921,1.5935416530483286,1.5935416530483286,4.3,0,0,True,125,1.5935416530483286
k8_native,160,eval:160,Ga3Tm,not_converged,False,True,False,True,4,2,37.296,9.324,16.83438308161368,1.3214285714285716,1.4000000000000001,1.4000000000000001,2.8000000000000003,0,0,True,125,1.4000000000000001
k8_native,161,eval:161,AgYbHg2,not_converged,False,False,False,False,4,3,84.74674772520771,21.186686931301928,13.36492707235743,2.0573607667724345,2.882164984868146,2.882164984868146,4.7,0,0,True,125,2.882164984868146
k8_native,162,eval:162,Cu2Ge10Tb6,invalid_terminal,False,False,False,False,18,3,238.2396085009529,13.235533805608494,12.595165606591546,2.7136311828517328,0.636,0.636,5.300000000000001,0,5,True,125,0.636
k8_native,163,eval:163,Cu3In3Yb3,verified,False,False,False,False,9,3,240.0622419290465,26.67358243656072,7.292109731258445,2.2746901100667376,1.4406123697927908,1.4406123697927908,5.0,0,0,True,125,1.4406123697927908
k8_native,164,eval:164,K2Ag6Sn2,verified,False,True,False,True,10,3,337.6901628864444,33.76901628864444,4.734546726396743,2.1927524358318444,1.5026553830366078,1.5026553830366078,5.2,0,0,True,125,1.5026553830366078
k8_native,165,eval:165,Sr4In2Th2,not_converged,False,False,False,False,8,3,286.38000000000005,35.79750000000001,6.05461906661036,2.093023255813953,1.85,1.85,4.3,0,0,True,125,1.85
k8_native,166,eval:166,S4Sc2W,not_converged,False,False,False,False,7,3,93.36706480740418,13.338152115343453,7.149805344787759,4.242640687119284,1.122,1.122,3.3000000000000003,0,0,True,125,1.122
k8_native,167,eval:167,CdErHg2,not_converged,False,True,False,True,4,3,80.45319534984301,20.113298837460754,14.052618029382174,2.185026059685302,1.7202834068838773,1.7202834068838773,4.3,0,0,True,125,1.7202834068838773
k8_native,168,eval:168,AlGaSm2,not_converged,False,True,False,True,4,3,80.94958431023599,20.237396077558998,8.152468947111457,2.1186869928993515,2.766654116437398,2.766654116437398,4.5,0,0,True,125,2.766654116437398
k8_native,169,eval:169,P4Co2Br10Hg2,invalid_terminal,False,False,False,False,18,4,279.6581109538456,15.536561719658089,8.562120737153322,2.065011487377755,0.6842175295945752,0.6842175295945752,6.1000000000000005,0,2,True,125,0.6842175295945752
k8_native,170,eval:170,AlMnRu2,not_converged,False,False,False,False,4,3,71.14908432299043,17.787271080747608,6.62962904299122,2.1451791775978863,1.568637944205099,1.568637944205099,4.3,0,0,True,125,1.568637944205099
k8_native,171,eval:171,F3RbAu,verified,False,False,False,False,5,3,90.91782901392948,18.183565802785896,6.19940095070375,3.886353045591708,1.2765688387235528,1.2765688387235528,3.9945882662489223,0,0,True,125,1.2765688387235528
k8_native,172,eval:172,O6FeBa2Os,not_converged,False,False,False,False,10,4,164.32574329193895,16.432574329193894,6.23211311599008,3.7973050532025723,0.6720000000000002,0.6720000000000002,5.618684474478183,0,1,True,125,0.6720000000000002
k8_native,173,eval:173,LiYAu2,not_converged,True,True,False,False,4,3,88.2836958447028,22.0709239611757,9.212332994571598,2.0427546212323486,1.786232067789625,1.786232067789625,4.8999999999999995,0,0,True,125,1.786232067789625
k8_native,174,eval:174,Cl6K2AgSb,verified,False,False,False,False,10,4,343.8052165078362,34.38052165078362,2.5141609659597735,2.66912779032785,2.075,2.075,5.800000000000001,0,0,True,125,2.075
k8_native,175,eval:175,Sb2,verified,False,True,False,True,2,1,47.29537935147577,23.647689675737887,8.549978434326992,1.7502246211836963,2.196033697373517,2.196033697373517,3.6,0,0,True,125,2.196033697373517
k8_native,176,eval:176,F12Na4Fe4,invalid_terminal,False,False,False,False,20,3,178.69800000000015,8.934900000000008,5.048763530553061,2.0256410256410255,0.5529999999999996,0.5529999999999996,3.9000000000000004,0,5,True,125,0.5529999999999996
k8_native,177,eval:177,Cu2Ga4Sm4,not_converged,False,False,False,False,10,3,135.99999999999991,13.59999999999999,12.30049197522382,2.125000000000001,2.0,2.0,4.0,0,0,True,125,2.0
k8_native,178,eval:178,Pr12Pt4,invalid_terminal,False,False,False,False,16,2,191.5200000000001,11.970000000000006,21.426327821470178,1.4583333333333335,0.6839999999999999,0.6839999999999999,4.800000000000001,0,7,True,125,0.6839999999999999
k8_native,179,eval:179,Mg4Nd2,invalid_terminal,False,False,False,False,6,2,75.07896135656047,12.513160226093412,8.530706186812758,3.5531345894446855,0.5414124636674977,0.5414124636674977,2.9152643678549715,0,1,True,125,0.5414124636674977
k8_native,180,eval:180,Na2K2As2,verified,False,False,False,False,6,3,147.2381750498151,24.53969584163585,3.090365773202669,3.02984801750816,1.4988262074036471,1.4988262074036471,4.2,0,0,True,125,1.4988262074036471
k8_native,181,eval:181,O8K4Nd4,invalid_terminal,False,False,False,False,16,3,257.7120000000002,16.107000000000014,5.5500556918806065,1.3928571428571428,0.5460000000000002,0.5460000000000002,5.6000000000000005,0,5,True,125,0.5460000000000002
k8_native,182,eval:182,O12Ca4Ru4,invalid_terminal,False,False,False,False,20,3,287.1000000000001,14.355000000000004,4.3759617471116234,1.2931034482758619,0.5249999999999997,0.5249999999999997,5.800000000000001,0,10,True,125,0.5249999999999997
k8_native,183,eval:183,Pr6Hg2,invalid_terminal,False,False,False,False,8,2,131.3639293984464,16.4204911748058,15.758290863137557,1.7320508075688767,0.648,0.648,5.300000000000001,0,2,True,125,0.648
k8_native,184,eval:184,H3Li6F6Cl3,invalid_terminal,False,False,False,False,18,4,305.915679658219,16.995315536567723,1.438549343348072,2.2207214146691463,0.712,0.712,4.9,0,2,True,125,0.712
k8_native,185,eval:185,NiGa3Lu,not_converged,False,True,False,True,5,3,120.60915628124744,24.121831256249486,6.096846551387157,3.822862590749568,1.6795513189819546,1.6795513189819546,4.7243145989285065,0,0,True,125,1.6795513189819546
k8_native,186,eval:186,Co2Ge2Tb2,not_converged,False,False,False,False,6,3,76.13217802631192,12.688696337718653,12.672281163327341,4.3248221884163955,1.1540395407711312,1.1540395407711312,2.5646902954125594,0,0,True,125,1.1540395407711312
k8_native,187,eval:187,Cd2CeTl,not_converged,False,True,False,True,4,3,104.77625440909789,26.194063602274472,9.022848406150027,2.1008076718417055,1.8585948993796364,1.8585948993796364,4.9,0,0,True,125,1.8585948993796364
k8_native,188,eval:188,O8BaLa2Os,invalid_terminal,False,False,False,False,12,4,145.84451746380935,12.15370978865078,8.349838342580352,1.595275265857029,0.5231416362729929,0.5231416362729929,5.4,0,2,True,125,0.5231416362729929
k8_native,189,eval:189,H4Hg2,verified,False,False,False,False,6,2,145.6320000000001,24.272000000000016,4.620344139514274,1.8048780487804876,2.0500000000000003,2.0500000000000003,4.1000000000000005,0,0,True,125,2.0500000000000003
k8_native,190,eval:190,Cl6KRb2Sb,verified,False,True,False,True,10,4,261.3466663265479,26.134666632654792,3.4597084970995264,2.2918964530245445,1.5,1.5,6.0,0,0,True,125,1.5
k8_native,191,eval:191,Li4O8P2Co2,invalid_terminal,False,False,False,False,16,4,152.766,9.547875,3.6476196633911693,1.6829268292682928,0.5399999999999999,0.5399999999999999,4.1000000000000005,0,11,True,125,0.5399999999999999
k8_native,192,eval:192,Cl6K2AsCs,verified,False,False,False,False,10,4,193.41067521726933,19.341067521726934,4.2819766602346325,2.216769899824246,1.475,1.475,5.9,0,0,True,125,1.475
k8_native,193,eval:193,F6CaTe,verified,False,True,False,True,8,3,122.06880160235116,15.258600200293895,3.8316212477673472,3.562767984037857,1.3287804635296099,1.3287804635296099,4.500582833771777,0,0,True,125,1.3287804635296099
k8_native,194,eval:194,Si2Ti4As2,not_converged,False,False,False,False,8,3,75.68000000000004,9.460000000000004,8.721389024552249,1.1000000000000003,1.032,1.032,4.0,0,0,True,125,1.032
k8_native,195,eval:195,Co2Sn2Ce2,not_converged,False,True,False,True,6,3,211.01437491295763,35.16906248549294,5.001095847489261,1.8181810109069565,1.2855858586652242,1.2855858586652242,5.700000000000001,0,0,True,125,1.2855858586652242
k8_native,196,eval:196,Al4Fe8,invalid_terminal,False,False,False,False,12,2,95.54999999999998,7.962499999999999,9.639749126983983,1.2820512820512822,0.65,0.65,3.9000000000000004,0,3,True,125,0.65
k8_native,197,eval:197,O4Pd2Ba2,not_converged,False,True,False,True,8,3,142.79286665218973,17.849108331523716,6.41329898455188,1.7660116960366539,1.2750000000000001,1.2750000000000001,5.1000000000000005,0,0,True,125,1.2750000000000001
k8_native,198,eval:198,F14In4Cs2,invalid_terminal,False,False,False,False,20,3,369.58695428721904,18.47934771436095,4.4527945026907,2.4668035036961933,0.6007729238340638,0.6007729238340638,6.6000000000000005,0,2,True,125,0.6007729238340638
k8_native,199,eval:199,Li4O8Cr3Co,invalid_terminal,False,False,False,False,16,4,136.85768907153164,8.553605566970727,4.497590010892404,2.40932479311615,0.5640000000000001,0.5640000000000001,4.7,0,2,True,125,0.5640000000000001
k8_native,200,eval:200,Li2F10S2,invalid_terminal,False,False,False,False,14,3,330.25705568238845,23.589789691599176,1.347489397040352,2.584479523319034,0.6420000000000007,0.6420000000000007,5.4,0,1,True,125,0.6420000000000007
k8_native,201,eval:201,Ho3Ir,not_converged,False,False,False,False,4,2,92.16000000000001,23.040000000000003,12.37851081429221,1.2000000000000002,2.0,2.0,4.0,0,0,True,125,2.0
k8_native,202,eval:202,AlNiRh5,not_converged,False,False,False,False,7,3,68.85000000000007,9.835714285714294,14.475811142540115,1.7000000000000002,1.4200619704787534,1.4200619704787534,3.0,0,0,True,125,1.4200619704787534
k8_native,203,eval:203,Mg4Pb2,not_converged,False,True,False,True,6,2,35.784664788163816,5.964110798027303,23.741035504540907,4.180567134568484,1.2102429508160748,1.2102429508160748,3.0315365133548107,0,0,True,125,1.2102429508160748
k8_native,204,eval:204,Pd3Gd,not_converged,False,False,False,False,4,2,76.75200000000007,19.188000000000017,10.309353119470051,1.2307692307692308,1.9500000000000002,1.9500000000000002,3.9000000000000004,0,0,True,125,1.9500000000000002
k8_native,205,eval:205,O12Mn2Fe2Sr4,not_converged,False,False,False,False,20,4,242.38364556624953,12.119182278312476,5.2343318060208315,1.97705669416151,1.068195348923309,1.068195348923309,5.800000000000001,0,0,True,125,1.068195348923309
k8_native,206,eval:206,Co2Ga10Dy6,generation_failure,False,False,False,False,,,,,,,,,,,,,,
k8_native,207,eval:207,O7NaK3Nb2,not_converged,True,True,True,True,13,4,166.46066339138994,12.804666414722304,4.37022721891915,2.0723846681915776,1.425,1.425,5.7,0,0,True,125,1.425
k8_native,208,eval:208,S8Ag4W2,invalid_terminal,False,False,False,False,14,3,147.16532665255752,10.511809046611251,11.911677606544043,3.0746831914923054,0.5039999999999999,0.5039999999999999,4.923744614305172,0,10,True,125,0.5039999999999999
k8_native,209,eval:209,O12Sm4Lu4,invalid_terminal,False,False,False,False,20,3,192.63999999999996,9.631999999999998,12.872115430777795,1.860465116279069,0.5665650889350667,0.5665650889350667,4.3,0,6,True,125,0.5665650889350667
k8_native,210,eval:210,O6As2Ag2,invalid_terminal,False,False,False,False,10,3,135.63156590937595,13.563156590937595,5.651081111288544,2.469998471667894,0.5730453515068441,0.5730453515068441,4.841028100496097,0,1,True,125,0.5730453515068441
k8_native,211,eval:211,CuGaPr2Pt2,invalid_terminal,False,False,False,False,6,4,68.64,11.44,19.480665830703714,1.575757575757576,0.792,0.792,3.3000000000000003,0,4,True,125,0.792
k8_native,212,eval:212,O8Nb4,not_converged,False,False,False,False,12,2,131.63194876272922,10.96932906356077,6.302723099072794,1.174635660081317,0.513164404648876,0.513164404648876,4.6000000000000005,0,2,True,125,0.513164404648876
k8_native,213,eval:213,Ca4As2Sb2,verified,False,False,False,False,8,3,116.5015356995548,14.56269196244435,7.891735454703382,3.3320517024833953,1.6106751827528905,1.6106751827528905,4.774412487229277,0,0,True,125,1.6106751827528905
k8_native,214,eval:214,NaSb4Tm,verified,False,True,False,True,6,3,99.38810073645638,16.564683456076065,11.34387521297181,2.0235830982024203,1.821228980661136,1.821228980661136,5.1000000000000005,0,0,True,125,1.821228980661136
k8_native,215,eval:215,LiAg2Cd,not_converged,False,True,False,True,4,3,74.8401817207842,18.71004543019605,7.43487477142188,2.060173804401337,1.7170104833692776,1.7170104833692776,4.5,0,0,True,125,1.7170104833692776
k8_native,216,eval:216,Li6F8Cs2,verified,False,False,False,False,16,3,263.0880000000002,16.443000000000012,2.899884927433882,1.2413793103448274,1.4500000000000002,1.4500000000000002,5.800000000000001,0,0,True,125,1.4500000000000002
k8_native,217,eval:217,Ge2Ru2Dy,not_converged,False,False,False,False,5,3,82.21179882570614,16.442359765141227,10.299520177581991,2.4495273238016115,0.865202866384526,0.865202866384526,4.152735058890631,0,1,True,125,0.865202866384526
k8_native,218,eval:218,S2KLa,verified,False,True,False,True,4,3,35.41665361448672,8.85416340362168,11.352641861784381,4.203294592778309,1.814842481538281,1.814842481538281,2.8906640710589846,0,0,True,125,1.814842481538281
k8_native,219,eval:219,B4Fe8Rb4,invalid_terminal,False,False,False,False,16,3,385.154,24.072125,3.586516739111338,1.3442622950819667,0.5543735202911482,0.5543735202911482,6.1000000000000005,0,2,True,125,0.5543735202911482
k8_native,220,eval:220,NaSe2Sm,verified,False,True,False,True,4,3,84.04598161724594,21.011495404311486,6.545064771545636,4.25721784631522,1.9858397149542624,1.9858397149542624,3.7535946810193628,0,0,True,125,1.9858397149542624
k8_native,221,eval:221,O6Sr2AgOs,verified,False,False,False,False,10,4,156.85891148417423,15.685891148417422,6.027087248801084,2.4432436006078206,1.325707358356285,1.325707358356285,5.199999999999999,0,0,True,125,1.325707358356285
k8_native,222,eval:222,O8Na4V4,invalid_terminal,False,False,False,False,16,3,127.83999999999997,7.989999999999998,5.503786557167852,1.7,0.8160000000000001,0.8160000000000001,4.0,0,8,True,125,0.8160000000000001
k8_native,223,eval:223,Ni3Ge,not_converged,False,False,False,False,4,2,56.82600000000003,14.206500000000007,7.267969041505034,1.2727272727272732,1.0250000000000001,1.0250000000000001,3.3000000000000003,0,0,True,125,1.0250000000000001
k8_native,224,eval:224,Al8Cu4Ho,not_converged,False,True,False,True,13,3,241.9836697272304,18.614128440556183,4.35726466293461,1.8675614262387494,0.9880000000000001,0.9880000000000001,6.0,0,2,True,125,0.9880000000000001
k8_native,225,eval:225,Mg2Ag4,not_converged,False,True,False,True,6,2,180.84720902926253,30.14120150487709,4.40812025179621,3.903829074204257,1.823162257109911,1.823162257109911,4.841996730876904,0,0,True,125,1.823162257109911
k8_native,226,eval:226,Si2Ti2Sr,verified,False,False,False,False,5,3,92.33291082078685,18.46658216415737,4.307679855337366,3.9879816295851045,1.6597801407896529,1.6597801407896529,4.41401486398208,0,0,True,125,1.6597801407896529
k8_native,227,eval:227,O12KSr2Sb3Ba2,invalid_terminal,False,False,False,False,20,5,178.08,8.904,9.756087559356219,1.1320754716981127,0.54,0.54,5.300000000000001,0,4,True,125,0.54
k8_native,228,eval:228,Nd2Hg6,not_converged,False,True,False,True,8,2,267.7360837069782,33.467010463372276,9.253755063573537,1.8669491672407674,1.636143025532915,1.636143025532915,5.5,0,0,True,125,1.636143025532915
k8_native,229,eval:229,O12Ca2Sr4Tl2,not_converged,False,False,False,False,20,4,276.0379516787766,13.80189758393883,6.204481464942032,1.207569638185195,0.8896682750136171,0.8896682750136171,5.800000000000002,0,3,True,125,0.8896682750136171
k8_native,230,eval:230,Li6AlAs2In,not_converged,False,False,False,False,10,4,96.93585441930142,9.693585441930143,5.709331951717311,2.110461333381804,1.2750000000000001,1.2750000000000001,4.800000000000001,0,0,True,125,1.2750000000000001
k8_native,231,eval:231,O6FeCuBaW,not_converged,False,False,False,False,10,5,222.86591529437615,22.286591529437615,3.9977828883311792,2.9386076578942366,1.5,1.5,5.1000000000000005,0,0,True,125,1.5
k8_native,232,eval:232,Ga3Pd3Au3,invalid_terminal,False,False,False,False,9,3,110.02852755081294,12.225391950090327,16.892792148672463,1.7320508075688774,0.504,0.504,4.2,0,3,True,125,0.504
k8_native,233,eval:233,ZnTm2Ir,verified,False,False,False,False,4,3,85.68437131706109,21.421092829265273,11.54051471876079,2.1712353960739565,1.6894895678872954,1.6894895678872954,4.4,0,0,True,125,1.6894895678872954
k8_native,234,eval:234,Y6Ir2,not_converged,False,False,False,False,8,2,118.55801175268593,14.819751469085741,12.85579503268325,1.7831908264083913,1.0250000000000001,1.0250000000000001,4.1000000000000005,0,0,True,125,1.0250000000000001
k8_native,235,eval:235,CNZr2,not_converged,False,False,False,False,4,3,93.5653846248707,23.391346156217676,3.6997116200854183,2.691655958298616,2.1193970840783942,2.1193970840783942,3.7,0,0,True,125,2.1193970840783942
k8_native,236,eval:236,Na2Br6Th,verified,False,True,False,True,9,3,384.1251522778742,42.68057247531935,3.2743530529523253,2.0715331962406034,2.075,2.075,7.7,0,0,True,125,2.075
k8_native,237,eval:237,O8Ti2Tb2,verified,False,False,False,False,12,3,206.9486000219018,17.245716668491816,4.3455939375291495,1.9150030035746732,0.9952534476961573,0.9952534476961573,5.9,0,1,True,125,0.9952534476961573
k8_native,238,eval:238,Mg3In3Nd3,invalid_terminal,False,False,False,False,9,3,203.08295718745092,22.56477302082788,6.9509326502389275,1.9207320154651915,0.8039999999999999,0.8039999999999999,5.0,0,4,True,125,0.8039999999999999
k8_native,239,eval:239,Nd4Pt8,verified,False,False,False,False,12,2,223.32553055542073,18.610460879618394,15.894442169234843,1.946153194323431,1.2264301094720955,1.2264301094720955,5.9,0,0,True,125,1.2264301094720955
k8_native,240,eval:240,AlMn2Ir,verified,False,False,False,False,4,3,68.7944187416392,17.1986046854098,7.943104783970522,2.026865813101997,1.6444984037693682,1.6444984037693682,4.5,0,0,True,125,1.6444984037693682
k8_native,241,eval:241,Al3FeTb2,verified,False,False,False,False,6,3,61.868116104344615,10.311352684057436,12.202537480921386,3.6655303607493552,1.2529964086141667,1.2529964086141667,2.9486343242342414,0,0,True,125,1.2529964086141667
k8_native,242,eval:242,Fe6Zr6,invalid_terminal,False,False,False,False,12,2,87.1394761287902,7.261623010732517,16.815374443485485,1.7679556574604354,0.516,0.516,4.3,0,4,True,125,0.516
k8_native,243,eval:243,C4Mg2Cr4,not_converged,False,False,False,False,10,3,111.24975713962301,11.124975713962302,4.54708382962814,2.9043563597917434,1.55,1.55,4.767216788733507,0,0,True,125,1.55
k8_native,244,eval:244,OF11V3Ba2,invalid_terminal,False,False,False,False,17,4,140.13070456095622,8.242982621232718,7.731609424223234,2.1480374018297583,0.6202015801334269,0.6202015801334269,4.3,0,3,True,125,0.6202015801334269
k8_native,245,eval:245,In6Yb2,verified,False,False,False,False,8,2,101.88615670443166,12.735769588053957,16.868219030460757,1.7849827044443634,1.425,1.425,4.3,0,0,True,125,1.425
k8_native,246,eval:246,Co6Ge6Tm,invalid_terminal,False,False,False,False,13,3,54.14369925710879,4.164899942854523,29.392458581790425,7.165120535851746,0.648,0.648,3.240461606810773,0,7,True,125,0.648
k8_native,247,eval:247,Li4S8Cu2Er2,verified,False,False,False,False,16,4,269.12000000000006,16.820000000000004,4.602356296605753,1.379310344827586,1.2799999999999998,1.2799999999999998,5.800000000000001,0,0,True,125,1.2799999999999998
k8_native,248,eval:248,S8Fe4Cu2,verified,False,False,False,False,14,3,105.16092049806333,7.511494321290238,9.584681498981643,2.0401830742395854,1.2999999999999998,1.2999999999999998,5.199999999999999,0,0,True,125,1.2999999999999998
k8_native,249,eval:249,Li2C10N4,not_converged,False,False,False,False,16,3,128.73719568898593,8.046074730561621,2.450951781904064,1.90196581942088,0.6912288079967523,0.6912288079967523,3.9000000000000004,0,4,True,125,0.6912288079967523
k8_native,250,eval:250,Ba6Pt2,verified,True,True,True,True,8,2,131.46265629447788,16.432832036809735,15.335992393269064,1.7866689833076919,1.5,1.5,4.6000000000000005,0,0,True,125,1.5
k8_native,251,eval:251,C2Si6La8,not_converged,False,False,False,False,16,3,308.68609492492527,19.29288093280783,7.013515038266959,1.7593906469670118,1.1299309713429402,1.1299309713429402,6.7,0,0,True,125,1.1299309713429402
k8_native,252,eval:252,Zn2PdHo,verified,False,True,False,True,4,3,80.27076180029685,20.067690450074213,8.319544896936812,2.198742398624343,1.739073028943868,1.739073028943868,4.3,0,0,True,125,1.739073028943868
k8_native,253,eval:253,CaPd2Yb,not_converged,False,False,False,False,4,3,71.78548042605834,17.946370106514586,9.853244632936155,2.0426562391400527,2.757829762693847,2.757829762693847,4.5,0,0,True,125,2.757829762693847
k8_native,254,eval:254,O12V4Tl4,invalid_terminal,False,False,False,False,20,3,309.43000000000006,15.471500000000002,6.511064748709713,1.7636363636363641,0.5820000000000001,0.5820000000000001,5.5,0,6,True,125,0.5820000000000001
k8_native,255,eval:255,Pd2Sb6Nd2,verified,True,True,True,True,10,3,105.9650459232306,10.596504592323061,19.30439882035687,2.339175402152988,0.925,0.925,3.7,0,1,True,125,0.925
k8_tau,0,eval:0,O8K8Zn4,generation_failure,False,False,False,False,,,,,,,,,,,,,,
k8_tau,1,eval:1,PrPu,verified,False,False,False,False,2,2,69.53419172553257,34.76709586276628,9.191941029257777,2.2310236846473956,3.61914337848435,3.61914337848435,3.6625971794128427,0,0,True,245,3.61914337848435
k8_tau,2,eval:2,O4MgZnSr,not_converged,False,False,False,False,7,4,97.1226565260601,13.874665218008586,4.126128383829341,1.7310477266263575,2.0153017294351443,2.0153017294351443,3.9854514598846436,0,0,True,125,2.0153017294351443
k8_tau,3,eval:3,O7Cu2Sr2Ba2,not_converged,False,True,False,True,13,4,205.37078317307927,15.797752551775329,5.570807966935572,3.3217191817461544,1.9776292080168545,1.9776292080168545,3.9456069469451904,0,0,True,125,1.9776292080168545
k8_tau,4,eval:4,P4Se8Ag4,verified,False,True,False,True,16,3,446.9412418532572,27.933827615828577,4.410287395618408,2.241757391943326,2.1597639595480063,2.1597639595480063,5.809051990509034,0,0,True,125,2.1597639595480063
k8_tau,5,eval:5,O8Cr4Ag4,not_converged,False,False,False,False,16,3,197.89521498565946,12.368450936603717,6.4396943202910615,3.142259969801977,1.7303237566720449,1.7303237566720449,3.1683506965637207,0,0,True,125,1.7303237566720449
k8_tau,6,eval:6,Cu3In3Pr3,not_converged,True,True,False,False,9,3,212.57229963051418,23.619144403390465,7.482109126226978,2.2127578787541164,2.82238619280655,2.82238619280655,4.210558891296387,0,0,True,125,2.82238619280655
k8_tau,7,eval:7,S8Cu4Ho4,not_converged,False,True,False,True,16,3,348.77304698592116,21.798315436620072,5.572497412779428,3.4747645239740153,2.2393265713582418,2.2393265713582418,3.9769279956817623,0,0,True,125,2.2393265713582418
k8_tau,8,eval:8,Ni4Sn8,not_converged,False,True,False,True,12,2,279.27331336208323,23.272776113506936,7.0426760498414485,3.0662507713264033,2.624492880380256,2.624492880380256,4.026091575622559,0,0,True,125,2.624492880380256
k8_tau,9,eval:9,O8KBa3Bi3,not_converged,False,True,False,True,15,4,328.9318824391368,21.92879216260912,6.088300623012726,1.9866682807891498,2.125385236504465,2.125385236504465,7.481871604919434,0,0,True,125,2.125385236504465
k8_tau,10,eval:10,Cu2In2Ce2,not_converged,False,True,False,True,6,3,145.0877484920856,24.1812914153476,7.29005015829598,2.2113147875265753,2.727193102537408,2.727193102537408,4.722596645355224,0,0,True,125,2.727193102537408
k8_tau,11,eval:11,O2P2As2,not_converged,False,False,False,False,6,3,129.7015398649034,21.61692331081723,3.121181360309826,1.3609472617658434,1.6528096033983097,1.6528096033983097,4.739803791046143,0,0,True,125,1.6528096033983097
k8_tau,12,eval:12,CuPd,verified,True,True,False,False,2,2,26.100574741226946,13.050287370613473,10.813370425438691,1.018689598370628,2.5520758138786257,2.5520758138786257,2.946558952331543,0,0,True,125,2.5520758138786257
k8_tau,13,eval:13,NaCl,not_converged,False,True,False,True,2,2,44.77307939599447,22.386539697997236,2.1675190283742785,2.036113711314,2.8090997322458446,2.8090997322458446,3.925852640574437,0,0,True,125,2.8090997322458446
k8_tau,14,eval:14,O8P2Co2,verified,False,True,False,True,12,3,173.46871335066476,14.455726112555396,2.946520147522466,1.946122884517206,1.4407759605849288,1.4407759605849288,5.138427257537842,0,0,True,125,1.4407759605849288
k8_tau,15,eval:15,Si6Cr2Y,not_converged,False,False,False,False,9,3,137.73110949162907,15.303456610181009,4.3573101955038025,2.1681524616599357,2.3507339863279118,2.3507339863279118,3.9940040111541752,0,0,True,125,2.3507339863279118
k8_tau,16,eval:16,Sb6Yb8,verified,False,False,False,False,14,2,498.8217213715011,35.63012295510722,7.040272527658312,1.7272351199846294,3.120390798373891,3.120390798373891,6.959852695465088,0,0,True,125,3.120390798373891
k8_tau,17,eval:17,P4Cu4Sr4,not_converged,False,True,False,False,12,3,269.43120194701976,22.452600162251645,4.4902028895925605,5.777716323808545,2.414894526684436,2.414894526684436,4.204913139343262,0,0,True,125,2.414894526684436
k8_tau,18,eval:18,Li4NTe,not_converged,False,False,False,False,6,3,94.10154797634652,15.683591329391087,2.9887570410433963,1.6401156180624996,1.928452973489585,1.928452973489585,3.860485076904297,0,0,True,125,1.928452973489585
k8_tau,19,eval:19,O3F9Mn6,not_converged,False,False,False,False,18,3,244.8430693962435,13.60239274423575,3.7207172116949283,1.5694392479488515,1.8533586323655211,1.8533586323655211,5.210243225097656,0,0,True,125,1.8533586323655211
k8_tau,20,eval:20,O6NaZnBaOs,not_converged,False,True,False,True,10,5,132.85316377486927,13.285316377486927,6.398918574198576,2.0033347625237274,1.9272939142532424,1.9272939142532424,5.7117719650268555,0,0,True,125,1.9272939142532424
k8_tau,21,eval:21,YPd3,verified,False,True,False,False,4,2,72.59282410562956,18.14820602640739,9.336671329810327,1.0080511376904708,2.936933187335677,2.936933187335677,4.160636901855468,0,0,True,125,2.936933187335677
k8_tau,22,eval:22,LiF2Te,not_converged,False,False,False,False,4,3,63.898888281593244,15.974722070398311,4.483736348120449,1.0089320444328873,1.994738450366168,1.994738450366168,3.9923465251922607,0,0,True,125,1.994738450366168
k8_tau,23,eval:23,H8Li8C4,not_converged,False,False,False,False,20,3,180.43954393517396,9.021977196758698,1.027342152892629,4.469803624720371,0.9620396580870925,0.9620396580870925,4.007837295532227,0,2,True,125,0.9620396580870925
k8_tau,24,eval:24,O8Ti2Gd4,not_converged,False,False,False,False,14,3,198.85655117365198,14.20403936954657,7.120661308231418,3.07368789740539,1.8160667068454455,1.8160667068454455,3.4178178310394283,0,0,True,125,1.8160667068454455
k8_tau,25,eval:25,F6S3Y4,verified,False,True,False,True,13,3,245.27930978874645,18.867639214518956,3.8305214138021975,2.619957758269101,2.297283236575198,2.297283236575198,3.9152352809906006,0,0,True,125,2.297283236575198
k8_tau,26,eval:26,O6Ba2PrTa,not_converged,False,True,False,False,10,4,167.44386716665423,16.744386716665424,6.867574011968171,2.0093891026076043,1.9939559562491833,1.9939559562491833,6.151926517486572,0,0,True,125,1.9939559562491833
k8_tau,27,eval:27,Li4Si8Cs4,verified,False,True,False,True,16,3,453.69342331937037,28.355838957460648,2.86973202506583,3.1913579214284358,2.243856110148149,2.243856110148149,4.722322940826416,0,0,True,125,2.243856110148149
k8_tau,28,eval:28,Li2O12Gd4Ta2,not_converged,False,True,False,True,20,4,248.87722029216974,12.443861014608487,7.984998652362736,1.4252475775126514,1.9848282136811364,1.9848282136811364,5.506373882293701,0,0,True,125,1.9848282136811364
k8_tau,29,eval:29,O8Rb4Mo2,not_converged,False,True,False,True,14,3,354.01054671450584,25.286467622464702,3.104019808393138,1.2741988965168212,1.6980133974563822,1.6980133974563822,6.55433702468872,0,0,True,125,1.6980133974563822
k8_tau,30,eval:30,Si6Co8Ba4,not_converged,False,False,False,False,18,3,383.5059730009764,21.305887388943134,5.149481190107298,4.162252825628871,2.1145090277910388,2.1145090277910388,4.127633571624756,0,0,True,125,2.1145090277910388
k8_tau,31,eval:31,CuPdBi,not_converged,False,False,False,False,3,3,65.78557008026559,21.92852336008853,9.565248132374165,1.9891291908040387,2.759627723172358,2.759627723172358,4.513784408569336,0,0,True,125,2.759627723172358
k8_tau,32,eval:32,O8NaV2Fe,not_converged,False,False,False,False,12,4,169.45933314363012,14.12161109530251,3.025091249598105,1.75813099685957,1.5972475713760974,1.5972475713760974,5.147961616516113,0,0,True,125,1.5972475713760974
k8_tau,33,eval:33,NaAu2Tl,verified,False,True,False,True,4,3,85.43775796554941,21.359439491387352,12.075495121554164,1.995111356184434,3.012769940992731,3.012769940992731,4.926004409790039,0,0,True,125,3.012769940992731
k8_tau,34,eval:34,MgGa3,not_converged,False,True,False,True,4,2,77.94431708134525,19.48607927033631,4.973970041084067,4.240761594069064,2.885253120549069,2.885253120549069,3.0753369331359868,0,0,True,245,2.885253120549069
k8_tau,35,eval:35,NiGa3Tb,verified,True,True,True,True,5,3,94.26649751052581,18.853299502105163,7.51802337773482,1.9249243547785948,2.320908360827843,2.320908360827843,4.263075351715088,0,0,True,125,2.320908360827843
k8_tau,36,eval:36,O8AlKMo2,not_converged,False,True,False,False,12,4,218.55765783149235,18.213138152624364,2.9323768652413853,1.854364541364989,1.7489334321013132,1.7489334321013132,5.7622151374816895,0,0,True,125,1.7489334321013132
k8_tau,37,eval:37,C4Mn2Ta2,not_converged,False,False,False,False,8,3,83.36755675516227,10.420944594395284,10.353818287502548,2.1373507816233834,2.0533239544898683,2.0533239544898683,3.080989122390747,0,0,True,125,2.0533239544898683
k8_tau,38,eval:38,Co9Y3,not_converged,True,True,True,True,12,2,173.22659119630492,14.435549266358743,7.6411061138780605,2.566868771411918,2.417786695422829,2.417786695422829,4.954245567321777,0,0,True,125,2.417786695422829
k8_tau,39,eval:39,Si2AsBaTl,verified,False,False,False,False,5,4,131.71034503514198,26.342069007028396,5.960865762232241,1.920823624468817,2.6285319692450817,2.6285319692450817,4.579465866088867,0,0,True,125,2.6285319692450817
k8_tau,40,eval:40,O6Sr2InTa,not_converged,False,True,False,False,10,4,144.67114008631967,14.467114008631967,6.5080667521490305,2.002621527997343,1.991372301145018,1.991372301145018,5.874201774597168,0,0,True,125,1.991372301145018
k8_tau,41,eval:41,In3Pr3Tl3,verified,False,False,False,False,9,3,282.9840290955602,31.442669899506686,8.099703246248957,1.9454088410636923,2.772400939842953,2.772400939842953,5.037407398223877,0,0,True,125,2.772400939842953
k8_tau,42,eval:42,H3N2Br,not_converged,False,False,False,False,6,3,86.03135291368676,14.338558818947794,2.1413382873461386,1.4832525486632704,0.9885681952167852,0.9885681952167852,4.53398847579956,0,2,True,125,0.9885681952167852
k8_tau,43,eval:43,O8Eu4,not_converged,False,True,False,True,12,2,176.58669437603783,14.715557864669819,6.919602120205374,4.760500752268899,2.372206089214499,2.372206089214499,3.8783822059631348,0,0,True,125,2.372206089214499
k8_tau,44,eval:44,Li2P4FeTe,not_converged,False,False,False,False,8,4,153.5076997267725,19.188462465846563,3.4747557334691304,1.7023767239172236,1.802486322380739,1.802486322380739,5.008124351501465,0,0,True,125,1.802486322380739
k8_tau,45,eval:45,S4Nb2Ag2,not_converged,False,False,False,False,8,3,164.3050859525649,20.538135744070612,5.354483112449243,5.645339129498894,2.530031871617279,2.530031871617279,3.5969040393829346,0,0,True,125,2.530031871617279
k8_tau,46,eval:46,Bi6Th2,not_converged,True,True,True,True,8,2,260.38287407579327,32.54785925947416,10.955932671777528,2.0114510737400884,3.5562857679443685,3.5562857679443685,5.049018859863281,0,0,True,125,3.5562857679443685
k8_tau,47,eval:47,F6K2YIn,not_converged,False,False,False,False,10,4,240.90718063245905,24.090718063245905,2.7289575324081614,2.013736127519231,2.2101575065629127,2.2101575065629127,6.9590911865234375,0,0,True,125,2.2101575065629127
k8_tau,48,eval:48,Li2O8Fe2Rh2,not_converged,False,False,False,False,14,4,150.56548051171154,10.754677179407967,5.066336884469701,1.9745085722374027,1.8746212127403223,1.8746212127403223,5.918642044067383,0,0,True,125,1.8746212127403223
k8_tau,49,eval:49,C2K2Lu2,verified,False,False,False,False,6,3,151.6887201383817,25.281453356396952,4.949715834877987,5.101752002266623,2.415392839640736,2.415392839640736,3.6308472156524663,0,0,True,125,2.415392839640736
k8_tau,50,eval:50,N2Mg2S,not_converged,False,False,False,False,5,3,72.29244618275737,14.458489236551475,2.496544851034442,2.0093821880160254,1.872804721719063,1.872804721719063,3.6019475460052495,0,0,True,125,1.872804721719063
k8_tau,51,eval:51,B4Rh4Dy2,not_converged,False,True,False,True,10,3,154.61186818387185,15.461186818387185,8.375799186211253,1.9045304864518406,2.0596184719269828,2.0596184719269828,5.616226196289063,0,0,True,125,2.0596184719269828
k8_tau,52,eval:52,Li2O8Mn3Fe,verified,False,False,False,False,14,4,144.6051186502695,10.328937046447821,4.163101230084727,2.2994071292525677,1.9031809822977013,1.9031809822977013,5.782488822937012,0,0,True,125,1.9031809822977013
k8_tau,53,eval:53,Ge12Hf4,not_converged,False,True,False,True,16,2,312.13343966306513,19.50833997894157,8.435549771296067,5.271765450833314,2.7557740763842835,2.7557740763842835,3.844374179840088,0,0,True,125,2.7557740763842835
k8_tau,54,eval:54,Zn2Sn8Tm2,verified,False,True,False,True,12,3,296.3846876593258,24.69872397161048,7.946607733901517,3.3685578463701136,3.0472247429188397,3.0472247429188397,4.431204795837402,0,0,True,125,3.0472247429188397
k8_tau,55,eval:55,Ni4Sn4Ce4,not_converged,False,True,False,True,12,3,271.04155327247895,22.586796106039913,7.781144429516201,1.9611252060020212,2.5185321462883365,2.5185321462883365,4.358955383300781,0,0,True,125,2.5185321462883365
k8_tau,56,eval:56,O6Cl2Ba4Nd2,not_converged,False,False,False,False,14,4,315.8779200327698,22.56270857376927,5.281579355154582,3.7539923594458036,2.1784974566394033,2.1784974566394033,4.360740661621094,0,0,True,125,2.1784974566394033
k8_tau,57,eval:57,O12Ca4Mn2Bi2,verified,False,True,False,True,20,4,267.77003696423276,13.388501848211638,5.458077673505969,1.4145051048081294,1.97020575504505,1.97020575504505,5.668402671813965,0,0,True,125,1.97020575504505
k8_tau,58,eval:58,Sn5U,verified,False,True,False,True,6,2,162.88123874566932,27.14687312427822,8.477767468184606,1.7794407156076586,3.3196165563790587,3.3196165563790587,4.704311370849609,0,0,True,125,3.3196165563790587
k8_tau,59,eval:59,Ni4Sn2Au12,not_converged,False,True,False,True,18,3,326.2809687104755,18.126720483915307,14.432175220249928,3.967689416397022,2.354536798014922,2.354536798014922,4.33539342880249,0,0,True,125,2.354536798014922
k8_tau,60,eval:60,N2I2,verified,False,False,False,False,4,2,155.21608526490127,38.80402131622532,3.015003275027518,2.5422532216362557,1.309370900717298,1.309370900717298,4.60692834854126,0,0,True,125,1.309370900717298
k8_tau,61,eval:61,O4Br2Ta2,not_converged,False,False,False,False,8,3,161.80435601492934,20.225544501866167,6.010839346939539,2.8767779246949616,1.9113130676349672,1.9113130676349672,3.825647115707398,0,0,True,125,1.9113130676349672
k8_tau,62,eval:62,S8Zn2In4,verified,False,True,False,True,14,3,367.14375699799814,26.22455407128558,3.8290967839659906,3.238882834017299,2.25010219133906,2.25010219133906,4.1147260665893555,0,0,True,125,2.25010219133906
k8_tau,63,eval:63,Ge4Ag6Sb8,not_converged,False,False,False,False,18,3,464.34643598030317,25.797024221127955,6.836921832609097,5.7654724354689275,2.6159581031441177,2.6159581031441177,3.929587364196778,0,0,True,125,2.6159581031441177
k8_tau,64,eval:64,Li2O8Na3CuLa2,not_converged,False,False,False,False,16,5,213.0041399181855,13.312758744886594,4.3048712489895085,1.4166930590946556,2.1871693989896217,2.1871693989896217,5.744620800018311,0,0,True,125,2.1871693989896217
k8_tau,65,eval:65,Mg5Er,not_converged,False,True,False,False,6,2,145.27050443181508,24.211750738635846,3.3009943462686357,2.6127677569104155,3.1342166531783606,3.1342166531783606,3.252597570419312,0,0,True,175,3.1342166531783606
k8_tau,66,eval:66,Li2Sb2Sm2,verified,True,True,True,True,6,3,151.05358928877945,25.175598214796576,6.135460860563401,2.3979769985714863,2.682083356730383,2.682083356730383,4.648815631866455,0,0,True,125,2.682083356730383
k8_tau,67,eval:67,Mg8Cu4Ce4,not_converged,False,True,False,True,16,3,392.77620466564093,24.54851279160256,4.266119041156468,3.1551332497699742,2.490157536482079,2.490157536482079,4.087100982666016,0,0,True,125,2.490157536482079
k8_tau,68,eval:68,Na2K4As2,verified,True,True,True,True,8,3,290.5953577862587,36.32441972328234,2.012655433705355,2.5035620365979945,3.1998118686899764,3.1998118686899764,5.721419811248779,0,0,True,125,3.1998118686899764
k8_tau,69,eval:69,H4C12Re4,generation_failure,False,False,False,False,,,,,,,,,,,,,,
k8_tau,70,eval:70,ZnGe,not_converged,False,False,False,False,2,2,35.858217909946795,17.929108954973398,6.392837429365812,2.128077002544094,2.6653057387852206,2.6653057387852206,3.287644147872925,0,0,True,125,2.6653057387852206
k8_tau,71,eval:71,LiAsCd,verified,False,True,False,False,3,3,68.0381706127183,22.679390204239436,4.741439981467089,2.0115943945679966,2.7862485364374567,2.7862485364374567,4.561596870422363,0,0,True,125,2.7862485364374567
k8_tau,72,eval:72,F6MgSn,not_converged,False,True,False,False,8,3,121.0635186455235,15.132939830690438,3.5251539331108814,1.983873508752823,1.9447620188987025,1.9447620188987025,5.499763488769531,0,0,True,125,1.9447620188987025
k8_tau,73,eval:73,O4Cl2Bi2,not_converged,False,False,False,False,8,3,159.68693668282674,19.960867085353343,5.74907975444368,1.9390066679678057,2.1542441746943695,2.1542441746943695,3.9451782703399663,0,0,True,125,2.1542441746943695
k8_tau,74,eval:74,Cl2Ca,verified,False,False,False,False,3,2,87.83425908700234,29.27808636233411,2.098193457577717,1.3361697454238028,2.685015446065101,2.685015446065101,4.035252571105956,0,0,True,125,2.685015446065101
k8_tau,75,eval:75,Cl3RbAu,not_converged,False,True,False,False,5,3,145.74833790116963,29.149667580233928,4.429598219482325,1.0038981259375046,2.6233877658192704,2.6233877658192704,5.252527713775635,0,0,True,125,2.6233877658192704
k8_tau,76,eval:76,Li2O8Ni2Sr2Hf2,not_converged,False,False,False,False,16,5,206.92097803527915,12.932561127204947,6.351652283243864,2.8750270232109028,2.0147988757068718,2.0147988757068718,4.138354778289795,0,0,True,125,2.0147988757068718
k8_tau,77,eval:77,Ag2Ce,not_converged,False,True,False,False,3,2,72.0108419113924,24.003613970464134,8.205803410415148,1.698099747634311,2.732578583844534,2.732578583844534,3.6460740566253658,0,0,True,125,2.732578583844534
k8_tau,78,eval:78,C8Si6Ba4,verified,False,False,False,False,18,3,344.2690992429562,19.126061069053122,3.9257769832830327,1.5053481061528096,1.5133437843538373,1.5133437843538373,5.6408371925354,0,0,True,125,1.5133437843538373
k8_tau,79,eval:79,O12Ge4Ba4,not_converged,False,True,False,True,20,3,325.2983596542685,16.264917982713424,5.267303442643246,2.6926333395798068,1.6901917850380483,1.6901917850380483,4.5853962898254395,0,0,True,125,1.6901917850380483
k8_tau,80,eval:80,AgCe2Pt,verified,False,True,False,True,4,3,101.36840753119965,25.342101882799913,9.553273753716699,1.9984153961801092,3.1920996563456496,3.1920996563456496,5.206509590148926,0,0,True,125,3.1920996563456496
k8_tau,81,eval:81,Ge2Pr10Pb6,verified,False,False,False,False,18,3,587.7084107215693,32.650467262309405,7.904348099369936,1.7200575007284797,3.0237193593363294,3.0237193593363294,7.386872768402099,0,0,True,125,3.0237193593363294
k8_tau,82,eval:82,MgSr3,verified,False,True,False,True,4,2,196.026529589291,49.00663239732275,2.432572275085767,2.019400017725601,4.069146752145884,4.069146752145884,5.84578275680542,0,0,True,125,4.069146752145884
k8_tau,83,eval:83,Co7Ge2Sm2,not_converged,False,False,False,False,11,3,178.60134231618693,16.236485665107903,7.982171430151584,2.225619257525111,2.4051207442191247,2.4051207442191247,3.890872001647949,0,0,True,125,2.4051207442191247
k8_tau,84,eval:84,F6KSbCs2,not_converged,False,True,False,True,10,4,228.63201483968467,22.863201483968467,3.9267747622932427,2.0072250581761786,2.182698178916502,2.182698178916502,6.845179557800293,0,0,True,125,2.182698178916502
k8_tau,85,eval:85,YPtBi,not_converged,False,True,False,True,3,3,78.77900189826404,26.25966729942135,10.391047602427253,1.990297820236186,2.9337351079514007,2.9337351079514007,4.778469562530517,0,0,True,125,2.9337351079514007
k8_tau,86,eval:86,O8Mn2Ni2,not_converged,False,False,False,False,12,3,135.16754000280082,11.263961666900068,4.364360978667474,1.964816075302395,1.8698539599829276,1.8698539599829276,5.713651657104492,0,0,True,125,1.8698539599829276
k8_tau,87,eval:87,O12KNiSr4Lu2,not_converged,False,False,False,False,20,5,295.6212141177312,14.78106070588656,5.5620612270535235,1.4297794970074549,1.8349819231714213,1.8349819231714213,5.9086809158325195,0,0,True,125,1.8349819231714213
k8_tau,88,eval:88,AlAgLu2,verified,True,True,True,True,4,3,89.36583049934094,22.341457624835236,9.007943330237827,2.011332771105361,3.063357055754806,3.063357055754806,4.993318783754763,0,0,True,125,3.063357055754806
k8_tau,89,eval:89,Li2O8F2P2In4,verified,False,True,False,True,18,5,238.5794476384413,13.254413757691184,4.879687701909714,1.3670023074347692,1.6103817459680212,1.6103817459680212,5.056089878082275,0,0,True,125,1.6103817459680212
k8_tau,90,eval:90,S2Se2Eu2,not_converged,False,False,False,False,6,3,188.986289983616,31.49771499726933,4.621536394242429,4.249827858830922,2.723936691829089,2.723936691829089,4.152217388153076,0,0,True,125,2.723936691829089
k8_tau,91,eval:91,O8La2Pb2,not_converged,False,False,False,False,12,3,205.9144248418496,17.159535403487467,6.614322134941476,1.3570305000544596,2.2163530805579303,2.2163530805579303,5.32370662689209,0,0,True,125,2.2163530805579303
k8_tau,92,eval:92,O12Ca4Fe2Ho2,not_converged,False,True,False,True,20,4,255.7335162360551,12.786675811802755,5.154693802966916,1.4597681132855589,1.9298645189915937,1.9298645189915937,5.540843963623047,0,0,True,125,1.9298645189915937
k8_tau,93,eval:93,O2ZnSr,not_converged,False,False,False,False,4,3,53.46634600138058,13.366586500345145,5.746528672431027,2.503420673915807,2.220088701435687,2.220088701435687,3.346723079681396,0,0,True,125,2.220088701435687
k8_tau,94,eval:94,NaSc2As6Tl,verified,False,True,False,True,10,4,240.68515196335383,24.068515196335383,5.290419506727181,2.2579930050169055,2.438720957501459,2.438720957501459,4.088598251342773,0,0,True,125,2.438720957501459
k8_tau,95,eval:95,O6Al2In2,not_converged,False,True,False,True,10,3,109.55315380805767,10.955315380805768,5.753673878705885,1.9933823604415832,1.860518981612928,1.860518981612928,5.209271430969238,0,0,True,125,1.860518981612928
k8_tau,96,eval:96,CaCd2Nd,verified,False,True,False,False,4,3,120.00233503121763,30.000583757804407,5.661525457901447,1.992275680812462,3.378699908509926,3.378699908509926,5.5209269523620605,0,0,True,125,3.378699908509926
k8_tau,97,eval:97,SrAg3,not_converged,False,True,False,True,4,2,94.07549490736976,23.51887372684244,7.2585800810224,2.0033888079572395,3.113267595732716,3.113267595732716,5.087126731872559,0,0,True,125,3.113267595732716
k8_tau,98,eval:98,Ni6As2,not_converged,False,False,False,False,8,2,90.52781110437473,11.315976388046842,9.208182316622437,2.603564254467314,2.422810384755111,2.422810384755111,3.9624315024961523,0,0,True,125,2.422810384755111
k8_tau,99,eval:99,O5F8V4Mn2,not_converged,False,False,False,False,19,4,275.5656629824515,14.503455946444817,3.287905332663013,1.5874899295034242,1.5521680095132797,1.5521680095132797,5.33821439743042,0,0,True,125,1.5521680095132797
k8_tau,100,eval:100,O2S8Zn2Os2,not_converged,False,False,False,False,14,4,221.79107724241936,15.842219803029954,5.988039952978135,1.0341538226811076,1.8301036646889086,1.8301036646889086,5.949281692504882,0,0,True,125,1.8301036646889086
k8_tau,101,eval:101,LiF6K2Ag,not_converged,False,True,False,True,10,4,149.45476291912848,14.945476291912849,3.410926526014723,2.0116357242869163,2.063608754185474,2.063608754185474,5.916865348815918,0,0,True,125,2.063608754185474
k8_tau,102,eval:102,V6Fe2,not_converged,False,False,False,False,8,2,105.72254086424671,13.215317608030839,6.5549664986356655,1.2264756543514832,2.485766787581517,2.485766787581517,4.140188694000244,0,0,True,125,2.485766787581517
k8_tau,103,eval:103,Sn8Yb6,not_converged,False,False,False,False,14,2,423.6432534302684,30.26023238787631,7.79197778920565,3.2771896813212034,3.0178467966329845,3.0178467966329845,5.015326976776124,0,0,True,125,3.0178467966329845
k8_tau,104,eval:104,Cu2Zr12Sn4,not_converged,False,True,False,True,18,3,403.37483554841725,22.40971308602318,6.984332047745526,1.7974818911914892,2.8371628824829256,2.8371628824829256,5.99656343460083,0,0,True,125,2.8371628824829256
k8_tau,105,eval:105,Sb6Dy2,verified,False,True,False,True,8,2,223.30361206208258,27.912951507760322,7.849396617252143,2.208254931149272,3.294656859759003,3.294656859759003,4.640864849090576,0,0,True,125,3.294656859759003
k8_tau,106,eval:106,Al4Pd4Ce4,not_converged,False,False,False,False,12,3,264.7997011579639,22.06664176316366,6.860831885525921,1.8860237764618328,2.546851759470759,2.546851759470759,4.486306667327881,0,0,True,125,2.546851759470759
k8_tau,107,eval:107,Cl6K2AsRb,verified,False,True,False,True,10,4,343.69738193803977,34.369738193803975,2.1804295356778316,2.0292650035795456,2.51637395090991,2.51637395090991,7.812683747052436,0,0,True,125,2.51637395090991
k8_tau,108,eval:108,ZnSn2Pb,not_converged,False,False,False,False,4,3,109.28205455911916,27.32051363977979,7.74988247627395,1.012989516890573,3.3584116845530683,3.3584116845530683,4.751918315887451,0,0,True,125,3.3584116845530683
k8_tau,109,eval:109,Zn3Ac,not_converged,False,True,False,True,4,2,98.80876741028585,24.702191852571463,7.112577010719389,1.897900966210382,2.5779223838201077,2.5779223838201077,4.409820079803467,0,0,True,125,2.5779223838201077
k8_tau,110,eval:110,Ni4Ge8,verified,False,True,False,True,12,2,198.1614865559555,16.51345721299629,6.836965247565137,5.356567961429357,2.3702539612012736,2.3702539612012736,3.908626556396484,0,0,True,125,2.3702539612012736
k8_tau,111,eval:111,O2F10Mn2Ba4,not_converged,False,False,False,False,18,4,310.071881816048,17.22621565644711,4.718944812431378,3.915317363029988,1.6179531255532456,1.6179531255532456,4.273842811584473,0,0,True,125,1.6179531255532456
k8_tau,112,eval:112,CeTl3,verified,False,True,False,False,4,2,117.08833214400775,29.272083036001938,10.682767715481742,1.014990939081698,3.440609071177464,3.440609071177464,4.856960773468018,0,0,True,125,3.440609071177464
k8_tau,113,eval:113,O6Ba2LaBi,not_converged,False,True,False,False,10,4,179.03585287408518,17.903585287408518,6.664349782181259,1.997369960726737,2.1275445951544367,2.1275445951544367,6.284234523773193,0,0,True,125,2.1275445951544367
k8_tau,114,eval:114,B4Rh4Tm4,verified,False,False,False,False,12,3,178.96187654816927,14.91348971234744,10.49055933498544,4.1685233612916575,1.6678788744678674,1.6678788744678674,3.5001518726348873,0,0,True,125,1.6678788744678674
k8_tau,115,eval:115,Ti6Rh2,not_converged,False,True,False,True,8,2,126.6597486698798,15.832468583734975,6.463516274419611,1.0146523081536496,2.4867080240128696,2.4867080240128696,4.9779229164123535,0,0,True,125,2.4867080240128696
k8_tau,116,eval:116,ZnTbTl2,verified,False,False,False,False,4,3,99.2087672452741,24.802191811318526,10.5967334316076,2.00592472480835,3.168411549525223,3.168411549525223,5.172384455439246,0,0,True,125,3.168411549525223
k8_tau,117,eval:117,O12Cr4La4,not_converged,False,True,False,False,20,3,247.17673944586113,12.358836972293057,6.419736775816546,1.4281153322889062,1.9945106772234864,1.9945106772234864,5.543474197387695,0,0,True,125,1.9945106772234864
k8_tau,118,eval:118,Li4O8Cr4,not_converged,False,False,False,False,16,3,150.59545412726297,9.412215882953936,4.010814679142277,2.388574665776983,2.095675891378091,2.095675891378091,5.954135894775391,0,0,True,125,2.095675891378091
k8_tau,119,eval:119,Li2F8Mn2Te2,not_converged,False,False,False,False,14,4,268.71988691752364,19.194277636965975,3.280946002528897,1.5156538046832841,1.8332558423344425,1.8332558423344425,5.4456353187561035,0,0,True,125,1.8332558423344425
k8_tau,120,eval:120,Ru8Yb4,not_converged,False,False,False,False,12,2,220.21574751634367,18.351312293028638,11.316194305509434,2.436587929378985,2.5332405033673804,2.5332405033673804,5.2566142082214355,0,0,True,125,2.5332405033673804
k8_tau,121,eval:121,Cu3GaHf,not_converged,False,False,False,False,5,3,72.553379002557,14.510675800511398,10.044042606076196,1.5116233061335627,2.3462099139281425,2.3462099139281425,3.96523380279541,0,0,True,125,2.3462099139281425
k8_tau,122,eval:122,S4K2Mn2,verified,False,True,False,True,8,3,200.76468083136896,25.09558510392112,2.6164103547121176,2.108562222968747,2.5685389928293207,2.5685389928293207,3.9810373783111577,0,0,True,125,2.5685389928293207
k8_tau,123,eval:123,S12Er8,not_converged,False,True,False,True,20,2,469.4410374770078,23.47205187385039,6.094190374462228,3.342840592897108,2.4428404163336945,2.4428404163336945,3.8976802825927734,0,0,True,125,2.4428404163336945
k8_tau,124,eval:124,O12Sr4Nb2Sm2,verified,False,True,False,False,20,4,292.79139631544535,14.639569815772267,5.835908956449321,1.4298046587711988,2.011126473931463,2.011126473931463,5.854650497436523,0,0,True,125,2.011126473931463
k8_tau,125,eval:125,O12Ca4Ti2Bi2,not_converged,False,True,False,True,20,4,270.823939901535,13.541196995076751,5.309819242651903,1.438091334602664,1.8832171770711421,1.8832171770711421,5.674536228179932,0,0,True,125,1.8832171770711421
k8_tau,126,eval:126,Li2F8V2,not_converged,False,True,False,True,12,3,177.7470663729196,14.812255531076632,2.501380415725584,1.6413841246668894,1.885394297235648,1.885394297235648,5.342785358428955,0,0,True,125,1.885394297235648
k8_tau,127,eval:127,Li2O8Mn3Rh,not_converged,False,True,False,True,14,4,156.9983901041813,11.214170721727237,4.332219875769923,1.967271208684831,1.9066196856640978,1.9066196856640978,5.995820999145508,0,0,True,125,1.9066196856640978
k8_tau,128,eval:128,B2Fe3La3,not_converged,False,False,False,False,8,3,157.04405446495477,19.630506808119346,6.40633273349212,1.8195667745530488,1.9723854207482,1.9723854207482,3.633900880813599,0,0,True,125,1.9723854207482
k8_tau,129,eval:129,Ga2As6Sb2,not_converged,False,False,False,False,10,3,263.33879903906694,26.333879903906695,5.249478890376217,3.925298983296511,2.7305622561998497,2.7305622561998497,4.7502760887146,0,0,True,125,2.7305622561998497
k8_tau,130,eval:130,K4Zn2As4,verified,False,True,False,True,10,3,290.69143301071205,29.069143301071204,3.352580372940909,1.721874549089848,2.498382702430539,2.498382702430539,6.188309669494629,0,0,True,125,2.498382702430539
k8_tau,131,eval:131,K4As12Eu4,not_converged,False,True,False,True,20,3,596.0966084550496,29.80483042275248,4.633457964410168,2.1517717015593467,2.602123803400449,2.602123803400449,6.501070022583008,0,0,True,125,2.602123803400449
k8_tau,132,eval:132,O12Ga4Nb2,not_converged,False,False,False,False,18,3,210.3241260813915,11.684673671188417,5.184721190278024,1.460600627012507,1.8876987270212813,1.8876987270212813,5.167469501495361,0,0,True,125,1.8876987270212813
k8_tau,133,eval:133,Co4Ge4Pd4,not_converged,False,True,False,True,12,3,181.71088773774872,15.142573978145727,8.699467661020146,4.361653783524047,2.4783688472293712,2.4783688472293712,3.452662229537964,0,0,True,125,2.4783688472293712
k8_tau,134,eval:134,F6Rb3Nd,verified,False,True,False,False,10,3,259.23926804301647,25.923926804301647,3.296463877962702,2.0143115940186194,2.308108493761784,2.308108493761784,7.118728160858154,0,0,True,125,2.308108493761784
k8_tau,135,eval:135,As8Cd2Tl4,verified,False,True,False,True,14,3,414.20652340530904,29.58618024323636,6.581628551666945,3.504997179145331,2.569688026126641,2.569688026126641,4.084480285644531,0,0,True,125,2.569688026126641
k8_tau,136,eval:136,Cu3In3Pr3,generation_failure,False,False,False,False,,,,,,,,,,,,,,
k8_tau,137,eval:137,B2Co2Eu2,verified,True,True,True,True,6,3,101.64407929438529,16.94067988239755,7.2440051941757755,1.9908843417765432,2.062343169699567,2.062343169699567,3.7008631229400635,0,0,True,125,2.062343169699567
k8_tau,138,eval:138,F2I2Ba2,verified,True,True,False,False,6,3,190.88614568198878,31.814357613664797,4.9276941246463775,1.9281461060089873,2.7000675590974628,2.7000675590974628,4.618140697479248,0,0,True,125,2.7000675590974628
k8_tau,139,eval:139,ScZn2Sn,verified,False,False,False,False,4,3,73.96541532159037,18.491353830397593,6.6112255063409044,1.9995313933676364,2.867723493893657,2.867723493893657,4.6783647537231445,0,0,True,125,2.867723493893657
k8_tau,140,eval:140,O10Cu2Sr4Cs2,verified,False,False,False,False,18,4,323.08598572293823,17.949221429052123,4.643013646250975,3.190185845652652,1.7068437103627845,1.7068437103627845,4.602653503417969,0,0,True,125,1.7068437103627845
k8_tau,141,eval:141,AgIn2Ce,not_converged,False,True,False,True,4,3,98.89927830864914,24.724819577162286,8.019340632821836,2.0048245346468403,3.152039396009308,3.152039396009308,5.145997047424316,0,0,True,125,3.152039396009308
k8_tau,142,eval:142,Li4N8As4,not_converged,False,True,False,True,16,3,194.8296558847372,12.176853492796075,3.745905922857709,1.2248360075078963,1.8582426919708774,1.8582426919708774,5.272432327270508,0,0,True,125,1.8582426919708774
k8_tau,143,eval:143,Na4Au4,not_converged,False,True,False,True,8,2,184.332288542791,23.041536067848874,7.925819085687457,1.446080966075584,2.8503553164539666,2.8503553164539666,4.651976585388183,0,0,True,125,2.8503553164539666
k8_tau,144,eval:144,YIn2Eu,not_converged,False,True,False,True,4,3,115.86108472820868,28.96527118205217,6.743362940383539,2.014351230979136,3.3303695979212864,3.3303695979212864,5.435604176598526,0,0,True,125,3.3303695979212864
k8_tau,145,eval:145,F6K2AgTl,not_converged,False,True,False,False,10,4,197.28532044101306,19.728532044101307,4.245829674285892,2.0053156278184603,2.206474647856966,2.206474647856966,6.51688142908819,0,0,True,125,2.206474647856966
k8_tau,146,eval:146,Zn10Pt6,not_converged,False,True,False,True,16,2,252.34680313894788,15.771675196184242,12.006530615787822,3.099439178334891,2.6356566927138334,2.6356566927138334,3.737212896347046,0,0,True,125,2.6356566927138334
k8_tau,147,eval:147,TiCoTm2,not_converged,False,False,False,False,4,3,81.36523645858094,20.341309114645235,9.075001057414646,1.994453748740541,2.9644998116942403,2.9644998116942403,4.844933986663818,0,0,True,125,2.9644998116942403
k8_tau,148,eval:148,Li2SnEr,not_converged,False,True,False,True,4,3,79.12739308133763,19.781848270334407,6.292565447559409,2.0061314135338626,2.9431418850895295,2.9431418850895295,4.805922985076904,0,0,True,125,2.9431418850895295
k8_tau,149,eval:149,O5F8Cu2Sr2Os,not_converged,False,False,False,False,18,5,269.2405768194517,14.957809823302872,4.468632950423298,2.7364293193606226,1.7494658511431684,1.7494658511431684,5.289943695068359,0,0,True,125,1.7494658511431684
k8_tau,150,eval:150,In3Yb,not_converged,False,False,False,False,4,2,110.93652115707552,27.73413028926888,7.7460424643601975,1.0229759382329608,3.376532287095444,3.376532287095444,4.7403950691223145,0,0,True,125,3.376532287095444
k8_tau,151,eval:151,Si2Co2Ce,not_converged,True,True,False,False,5,3,78.98483138825164,15.796966277650327,6.604609617200742,1.9033891825068685,2.295341917130351,2.295341917130351,3.9907236099243164,0,0,True,125,2.295341917130351
k8_tau,152,eval:152,V2FeRu,not_converged,True,True,True,True,4,3,50.343138408267976,12.585784602066994,8.536301131503729,2.0012120471342607,2.523787473191656,2.523787473191656,4.1224236488342285,0,0,True,125,2.523787473191656
k8_tau,153,eval:153,LiYAu2,not_converged,True,True,False,False,4,3,79.71201674577594,19.928004186443985,10.202963584608806,2.021433375233689,2.940401834905402,2.940401834905402,4.788623498759953,0,0,True,125,2.940401834905402
k8_tau,154,eval:154,Sc6Lu2,verified,False,True,False,True,8,2,213.01595147541042,26.626993934426302,4.830555456097739,1.7350884584535866,3.3235786299262666,3.3235786299262666,5.438204765319825,0,0,True,125,3.3235786299262666
k8_tau,155,eval:155,ScPtAu2,not_converged,True,True,True,True,4,3,71.85388488126594,17.963471220316485,14.651080013782654,1.0063672274572704,2.929243464486519,2.929243464486519,4.146265983581543,0,0,True,125,2.929243464486519
k8_tau,156,eval:156,NiGd3,not_converged,False,False,False,False,4,2,104.48490367432024,26.12122591858006,8.430136386646394,1.9862510581315203,3.3006476897618566,3.3006476897618566,4.703400611877441,0,0,True,125,3.3006476897618566
k8_tau,157,eval:157,MgScTc2,not_converged,False,False,False,False,4,3,67.5689695525838,16.89224238814595,6.518911123472967,2.0005351662255437,2.785531887724262,2.785531887724262,4.544456481933594,0,0,True,125,2.785531887724262
k8_tau,158,eval:158,N2Br2,not_converged,False,False,False,False,4,2,122.54256491443827,30.63564122860957,2.545113793409413,2.465446203340556,1.2093749482642775,1.2093749482642775,4.309426784515381,0,0,True,125,1.2093749482642775
k8_tau,159,eval:159,MgGa2Er,not_converged,True,True,True,True,4,3,81.07372437481185,20.26843109370296,6.779693922708625,1.9963030400770083,2.9578492010529263,2.9578492010529263,4.825444221496582,0,0,True,125,2.9578492010529263
k8_tau,160,eval:160,Ga3Tm,not_converged,False,True,False,False,4,2,80.06858250862147,20.01714562715537,7.841467049129522,1.0243717914388086,3.028161570281227,3.028161570281227,4.247318744659424,0,0,True,125,3.028161570281227
k8_tau,161,eval:161,AgYbHg2,verified,False,False,False,False,4,3,92.06011609930196,23.01502902482549,12.303200896956746,2.003633802269388,3.0928413028121815,3.0928413028121815,5.047765092962571,0,0,True,125,3.0928413028121815
k8_tau,162,eval:162,Cu2Ge10Tb6,not_converged,False,True,False,True,18,3,392.08709268473893,21.782616260263275,7.653063258401495,4.568644755862817,2.2355976033395786,2.2355976033395786,4.088781356811523,0,0,True,125,2.2355976033395786
k8_tau,163,eval:163,Cu3In3Yb3,not_converged,False,False,False,False,9,3,200.14472516714076,22.238302796348975,8.746471879369427,2.264324568539044,2.763769442192913,2.763769442192913,4.07582950592041,0,0,True,125,2.763769442192913
k8_tau,164,eval:164,K2Ag6Sn2,not_converged,False,True,False,True,10,3,263.5499214637704,26.354992146377036,6.066440264335966,2.877767787425987,2.7705052937922554,2.7705052937922554,4.564723014831543,0,0,True,125,2.7705052937922554
k8_tau,165,eval:165,Sr4In2Th2,verified,False,False,False,False,8,3,310.12682390278337,38.76585298784792,5.59100882173099,1.7521504315134566,3.588539179617439,3.588539179617439,5.608695983886719,0,0,True,125,3.588539179617439
k8_tau,166,eval:166,S4Sc2W,not_converged,False,False,False,False,7,3,156.60779430130475,22.372542043043534,4.262599712647647,5.407479192003477,2.4796787384365073,2.4796787384365073,3.597768545150757,0,0,True,125,2.4796787384365073
k8_tau,167,eval:167,CdErHg2,verified,False,True,False,True,4,3,90.96484284462882,22.741210711157205,12.428736071425721,2.0142801836918296,3.0702575039556654,3.0702575039556654,5.01435616289339,0,0,True,125,3.0702575039556654
k8_tau,168,eval:168,AlGaSm2,verified,False,True,False,True,4,3,99.80160437122672,24.95040109280668,6.612508651825273,1.996683443634752,3.1703941315480293,3.1703941315480293,5.191747665405273,0,0,True,125,3.1703941315480293
k8_tau,169,eval:169,P4Co2Br10Hg2,verified,False,False,False,False,18,4,602.0672050282559,33.448178057125325,3.9770751356547813,1.750688221616623,2.1406052380468803,2.1406052380468803,8.173995971679688,0,0,True,125,2.1406052380468803
k8_tau,170,eval:170,AlMnRu2,verified,False,True,False,False,4,3,55.86329576216894,13.965823940542235,8.443684343618019,1.9940376118521461,2.6204261941567495,2.6204261941567495,4.271354675292969,0,0,True,125,2.6204261941567495
k8_tau,171,eval:171,F3RbAu,not_converged,False,False,False,False,5,3,93.44738245542952,18.689476491085905,6.031587625193313,1.0065240463897043,2.263578262025071,2.263578262025071,4.528340816497803,0,0,True,125,2.263578262025071
k8_tau,172,eval:172,O6FeBa2Os,not_converged,True,True,True,True,10,4,138.5198471796531,13.851984717965312,7.3931399789685806,2.3558989436900335,1.9980896913954875,1.9980896913954875,5.746503353118896,0,0,True,125,1.9980896913954875
k8_tau,173,eval:173,LiYAu2,not_converged,True,True,False,False,4,3,83.34243444106465,20.835608610266164,9.758519889264825,2.004433604066339,2.9897870016355492,2.9897870016355492,4.8871870040893555,0,0,True,125,2.9897870016355492
k8_tau,174,eval:174,Cl6K2AgSb,verified,False,True,False,False,10,4,312.63780133688044,31.263780133688044,2.7648021177897895,2.0236103854040315,2.640945691436939,2.640945691436939,7.569381889262334,0,0,True,125,2.640945691436939
k8_tau,175,eval:175,Sb2,verified,False,True,False,False,2,1,67.37345024376619,33.68672512188309,6.001985530432995,1.9962564877403906,3.2073265256869785,3.2073265256869785,4.526375265102726,0,0,True,125,3.2073265256869785
k8_tau,176,eval:176,F12Na4Fe4,not_converged,False,True,False,True,20,3,258.14353650538055,12.907176825269028,3.494970114674813,1.4615925509954901,2.0743147319552855,2.0743147319552855,5.542618751525879,0,0,True,125,2.0743147319552855
k8_tau,177,eval:177,Cu2Ga4Sm4,verified,False,True,False,True,10,3,225.29327849512313,22.529327849512313,7.425285475912015,2.926008677491747,2.5486944444576918,2.5486944444576918,4.088252544403076,0,0,True,125,2.5486944444576918
k8_tau,178,eval:178,Pr12Pt4,verified,False,True,False,True,16,2,524.7084474910561,32.794277968191004,7.8206675040007205,1.6303945390573715,2.8582147803215547,2.8582147803215547,6.628126621246339,0,0,True,125,2.8582147803215547
k8_tau,179,eval:179,Mg4Nd2,not_converged,True,True,False,False,6,2,163.1120582661081,27.185343044351352,3.9266046112849917,2.0245313294006437,3.040239443658704,3.040239443658704,6.08529992278129,0,0,True,125,3.040239443658704
k8_tau,180,eval:180,Na2K2As2,verified,False,False,False,False,6,3,194.3937226159006,32.39895376931677,2.340712501204774,1.9617373687168722,3.123294474633699,3.123294474633699,5.402015209197998,0,0,True,125,3.123294474633699
k8_tau,181,eval:181,O8K4Nd4,not_converged,False,False,False,False,16,3,303.6914523748279,18.980715773426745,4.709766907435327,3.543967195486049,2.26117768730556,2.26117768730556,3.684240102767945,0,0,True,125,2.26117768730556
k8_tau,182,eval:182,O12Ca4Ru4,not_converged,False,True,False,True,20,3,239.00123934661835,11.950061967330917,5.2566196770791915,1.429518843036728,2.005061324845564,2.005061324845564,5.450125694274902,0,0,True,125,2.005061324845564
k8_tau,183,eval:183,Pr6Hg2,verified,False,True,False,True,8,2,269.243206213357,33.65540077666962,7.688480008461176,1.7234025281144347,3.468926144992977,3.468926144992977,5.8213152885437,0,0,True,125,3.468926144992977
k8_tau,184,eval:184,H3Li6F6Cl3,not_converged,False,True,False,True,18,4,266.67465747003007,14.815258748335005,1.6502310503264355,1.6360040811426901,1.268142448344117,1.268142448344117,5.439074993133545,0,0,True,125,1.268142448344117
k8_tau,185,eval:185,NiGa3Lu,verified,False,True,False,True,5,3,90.64792114153423,18.129584228306847,8.111995391388106,1.2942330165486222,2.192308511235371,2.192308511235371,4.121596336364745,0,0,True,125,2.192308511235371
k8_tau,186,eval:186,Co2Ge2Tb2,not_converged,False,True,False,True,6,3,116.84127321181329,19.473545535302215,8.257085351825598,1.6052523555363216,2.46626947854577,2.46626947854577,4.174651145935059,0,0,True,125,2.46626947854577
k8_tau,187,eval:187,Cd2CeTl,not_converged,False,True,False,True,4,3,108.20006544113534,27.050016360283834,8.737335381851677,1.992008048570668,3.252484977288174,3.252484977288174,5.324032783508301,0,0,True,125,3.252484977288174
k8_tau,188,eval:188,O8BaLa2Os,not_converged,False,True,False,True,12,4,218.52128861140497,18.21010738428375,5.572812386897518,1.3664173530200872,1.9286609280382019,1.9286609280382019,5.431288242340088,0,0,True,125,1.9286609280382019
k8_tau,189,eval:189,H4Hg2,not_converged,False,False,False,False,6,2,87.17847909988332,14.52974651664722,7.718303469768192,2.6742956158850224,1.0770153322049072,1.0770153322049072,3.694608688354492,0,0,True,125,1.0770153322049072
k8_tau,190,eval:190,Cl6KRb2Sb,verified,True,True,True,True,10,4,372.9516650719844,37.29516650719844,2.4243980302489696,2.009867655898718,2.668189348589875,2.668189348589875,8.038936614990234,0,0,True,125,2.668189348589875
k8_tau,191,eval:191,Li4O8P2Co2,not_converged,False,False,False,False,16,4,176.4486368476879,11.028039802980494,3.158042337151198,1.266270442038597,1.5827507462316424,1.5827507462316424,5.092711448669434,0,0,True,125,1.5827507462316424
k8_tau,192,eval:192,Cl6K2AsCs,verified,False,True,False,True,10,4,351.42726279666573,35.142726279666576,2.3566185233606918,2.003398139006332,2.5297450274933904,2.5297450274933904,7.899907416214181,0,0,True,125,2.5297450274933904
k8_tau,193,eval:193,F6CaTe,not_converged,False,True,False,True,8,3,162.72363043122397,20.340453803902996,2.8743300076920946,2.0102206105780067,2.0287103685133014,2.0287103685133014,6.091753959655762,0,0,True,125,2.0287103685133014
k8_tau,194,eval:194,Si2Ti4As2,not_converged,False,False,False,False,8,3,130.39221870398293,16.299027337997867,5.061918018869888,1.814340933472625,2.4569619856420806,2.4569619856420806,3.54315733909607,0,0,True,125,2.4569619856420806
k8_tau,195,eval:195,Co2Sn2Ce2,not_converged,False,True,False,True,6,3,132.8631143773255,22.143852396220918,7.942784715558597,2.0763735811241966,2.534071874908315,2.534071874908315,4.209235191345215,0,0,True,125,2.534071874908315
k8_tau,196,eval:196,Al4Fe8,not_converged,False,True,False,True,12,2,144.4027347695337,12.033561230794476,6.378535908986467,1.7645448979586889,2.419677183196551,2.419677183196551,4.006696701049805,0,0,True,125,2.419677183196551
k8_tau,197,eval:197,O4Pd2Ba2,verified,False,False,False,False,8,3,137.528043036004,17.1910053795005,6.658811733851231,2.001862570530126,2.062734190039335,2.062734190039335,4.092441558837891,0,0,True,125,2.062734190039335
k8_tau,198,eval:198,F14In4Cs2,verified,False,True,False,True,20,3,421.00389149697776,21.050194574848888,3.908977545230462,1.91423464365751,1.8444021849311503,1.8444021849311503,7.070230960845948,0,0,True,125,1.8444021849311503
k8_tau,199,eval:199,Li4O8Cr3Co,not_converged,False,True,False,True,16,4,151.46175172513958,9.466359482821224,4.063928802295595,1.790372235843174,1.9667384267303385,1.9667384267303385,5.041341781616211,0,0,True,125,1.9667384267303385
k8_tau,200,eval:200,Li2F10S2,not_converged,False,True,False,True,14,3,209.25624606201026,14.94687471871502,2.1266647433688006,1.7142581439573197,1.5695564182081703,1.5695564182081703,4.957274436950684,0,0,True,125,1.5695564182081703
k8_tau,201,eval:201,Ho3Ir,verified,False,False,False,False,4,2,101.832800729579,25.45820018239475,11.202712175958105,1.021135891775941,3.279788614156761,3.279788614156761,4.620119094848633,0,0,True,125,3.279788614156761
k8_tau,202,eval:202,AlNiRh5,not_converged,False,False,False,False,7,3,104.30227689841928,14.900325271202755,9.555492236612837,1.7179972386267328,2.5801540716223847,2.5801540716223847,4.317120552062988,0,0,True,125,2.5801540716223847
k8_tau,203,eval:203,Mg4Pb2,verified,False,True,False,True,6,2,151.94971873216775,25.32495312202796,5.591092924307198,2.043668427402981,3.2597030251580885,3.2597030251580885,5.6817472427780595,0,0,True,125,3.2597030251580885
k8_tau,204,eval:204,Pd3Gd,not_converged,False,True,False,False,4,2,70.57938857771585,17.64484714442896,11.210970887829326,1.0138247940585465,2.9008761683107056,2.9008761683107056,4.113519668579102,0,0,True,125,2.9008761683107056
k8_tau,205,eval:205,O12Mn2Fe2Sr4,not_converged,False,True,False,True,20,4,241.1073487827471,12.055367439137354,5.262039633598615,1.3719280033125143,1.8830279725990116,1.8830279725990116,5.592981338500977,0,0,True,125,1.8830279725990116
k8_tau,206,eval:206,Co2Ga10Dy6,generation_failure,False,False,False,False,,,,,,,,,,,,,,
k8_tau,207,eval:207,O7NaK3Nb2,not_converged,True,True,True,True,13,4,234.56035080451485,18.043103908039605,3.101423235159949,1.8201563353291204,1.8639508719927662,1.8639508719927662,5.798050403594971,0,0,True,125,1.8639508719927662
k8_tau,208,eval:208,S8Ag4W2,not_converged,False,True,False,True,14,3,368.62086175024797,26.33006155358914,4.755525548998121,1.545455298398761,2.2004212655532633,2.2004212655532633,6.148821830749513,0,0,True,125,2.2004212655532633
k8_tau,209,eval:209,O12Sm4Lu4,verified,False,True,False,True,20,3,288.34722776476104,14.417361388238053,8.599646807105792,1.4593871347719118,2.192334666248077,2.192334666248077,5.726222515106201,0,0,True,125,2.192334666248077
k8_tau,210,eval:210,O6As2Ag2,verified,False,True,False,True,10,3,160.50061401932743,16.050061401932744,4.775464473379922,1.3603724787442917,1.6748870896306065,1.6748870896306065,5.2721734046936035,0,0,True,125,1.6748870896306065
k8_tau,211,eval:211,CuGaPr2Pt2,verified,False,True,False,True,6,4,132.75723583980738,22.12620597330123,10.07216589107798,2.4148439014759107,2.6570755154980428,2.6570755154980428,4.438786983489991,0,0,True,125,2.6570755154980428
k8_tau,212,eval:212,O8Nb4,not_converged,False,True,False,True,12,2,166.84819181639514,13.904015984699596,4.972422625687073,2.681284121750338,1.8454501951530005,1.8454501951530005,3.9403548240661617,0,0,True,125,1.8454501951530005
k8_tau,213,eval:213,Ca4As2Sb2,verified,False,True,False,True,8,3,248.22680894331097,31.02835111791387,3.7038678606932303,1.884986655821735,3.0172087317506264,3.0172087317506264,4.5945258140563965,0,0,True,125,3.0172087317506264
k8_tau,214,eval:214,NaSb4Tm,verified,True,True,True,True,6,3,181.26721479597262,30.211202465995438,6.219802150530325,2.1059793421383985,3.11629459200007,3.11629459200007,4.4134907722473145,0,0,True,125,3.11629459200007
k8_tau,215,eval:215,LiAg2Cd,not_converged,True,True,True,True,4,3,69.49272539044672,17.37318134761168,8.006987434126168,1.9879294982878357,2.809584532771181,2.809584532771181,4.591124534606934,0,0,True,125,2.809584532771181
k8_tau,216,eval:216,Li6F8Cs2,verified,False,True,False,True,16,3,244.3748750344139,15.273429689650868,3.1219450268006783,1.651586930633206,1.740188892346579,1.740188892346579,6.082642555236816,0,0,True,125,1.740188892346579
k8_tau,217,eval:217,Ge2Ru2Dy,not_converged,False,True,False,True,5,3,90.96109856516232,18.192219713032465,9.308837450265472,1.9187917284985339,2.4256537086716548,2.4256537086716548,4.295577526092529,0,0,True,125,2.4256537086716548
k8_tau,218,eval:218,S2KLa,verified,False,True,False,True,4,3,120.98298564435264,30.24574641108816,3.3233812365161066,2.6709584489684457,2.910738265059182,2.910738265059182,4.303175926208496,0,0,True,125,2.910738265059182
k8_tau,219,eval:219,B4Fe8Rb4,not_converged,False,False,False,False,16,3,354.6617653856307,22.16636033660192,3.894869430409864,1.6115885892600892,2.0068420026984097,2.0068420026984097,5.884924411773682,0,0,True,125,2.0068420026984097
k8_tau,220,eval:220,NaSe2Sm,not_converged,False,True,False,False,4,3,109.48589600728127,27.371474001820317,5.0242671753485535,2.5584106691381585,2.921453141112559,2.921453141112559,4.25715093770586,0,0,True,125,2.921453141112559
k8_tau,221,eval:221,O6Sr2AgOs,not_converged,False,True,False,True,10,4,134.4247025748852,13.44247025748852,7.03295099158148,1.9551868847137572,1.8775542139406984,1.8775542139406984,5.663714408874512,0,0,True,125,1.8775542139406984
k8_tau,222,eval:222,O8Na4V4,not_converged,False,False,False,False,16,3,197.42120224363615,12.338825140227259,3.563974210834889,3.283054371431473,1.9760457029887546,1.9760457029887546,3.2543096542358394,0,0,True,125,1.9760457029887546
k8_tau,223,eval:223,Ni3Ge,not_converged,False,True,False,True,4,2,44.468887485287055,11.117221871321764,9.287608305676937,2.032604241094337,2.484414120391468,2.484414120391468,3.56183409690857,0,0,True,125,2.484414120391468
k8_tau,224,eval:224,Al8Cu4Ho,not_converged,False,True,False,True,13,3,204.94767880347138,15.76520606180549,5.144663746695928,1.9142250855964753,2.525522385083679,2.525522385083679,5.166435241699219,0,0,True,125,2.525522385083679
k8_tau,225,eval:225,Mg2Ag4,not_converged,False,True,False,False,6,2,114.21552256643209,19.03592042773868,6.9797539484095505,2.4910305207006322,2.8944296954004414,2.8944296954004414,3.1537938117980957,0,0,True,125,2.8944296954004414
k8_tau,226,eval:226,Si2Ti2Sr,verified,False,False,False,False,5,3,102.30789858542917,20.461579717085833,3.887682431432638,1.9332730327167504,2.5257353928388535,2.5257353928388535,4.178403854370117,0,0,True,125,2.5257353928388535
k8_tau,227,eval:227,O12KSr2Sb3Ba2,not_converged,False,True,False,True,20,5,320.574105429588,16.0287052714794,5.419539641986949,1.433803344944506,1.8435233065820726,1.8435233065820726,6.047241687774658,0,0,True,125,1.8435233065820726
k8_tau,228,eval:228,Nd2Hg6,not_converged,False,True,False,False,8,2,209.77291425810193,26.221614282262742,11.810696099957092,1.7186698268048592,3.2134093104673322,3.2134093104673322,5.1346435546875,0,0,True,125,3.2134093104673322
k8_tau,229,eval:229,O12Ca2Sr4Tl2,not_converged,False,False,False,False,20,4,317.3329141169097,15.866645705845485,5.397083878228157,1.4514543558877966,2.146382694559241,2.146382694559241,5.953810214996338,0,0,True,125,2.146382694559241
k8_tau,230,eval:230,Li6AlAs2In,not_converged,False,False,False,False,10,4,184.75881992116584,18.475881992116584,2.995467123784837,3.351610891789536,2.55434552466167,2.55434552466167,4.5163655281066895,0,0,True,125,2.55434552466167
k8_tau,231,eval:231,O6FeCuBaW,not_converged,False,False,False,False,10,5,141.13028753987865,14.113028753987866,6.313099463531987,2.1929614509685877,1.883285538498549,1.883285538498549,4.006451606750488,0,0,True,125,1.883285538498549
k8_tau,232,eval:232,Ga3Pd3Au3,not_converged,False,True,False,True,9,3,171.45238809743333,19.050265344159257,10.840846645332842,2.0487339671746296,2.5426332361076356,2.5426332361076356,3.9280548095703125,0,0,True,125,2.5426332361076356
k8_tau,233,eval:233,ZnTm2Ir,verified,False,True,False,True,4,3,83.47441154566503,20.86860288641626,11.846046351717714,1.996161545278548,2.9874810093273894,2.9874810093273894,4.875523090362549,0,0,True,125,2.9874810093273894
k8_tau,234,eval:234,Y6Ir2,verified,False,True,False,True,8,2,231.79996463447054,28.974995579308818,6.575313766671418,1.8887762671993151,2.937219624436915,2.937219624436915,4.397516250610352,0,0,True,125,2.937219624436915
k8_tau,235,eval:235,CNZr2,not_converged,False,True,False,True,4,3,51.59010724077118,12.897526810192796,6.709909307201919,2.6514556689610824,2.315723806925202,2.315723806925202,3.2586367776165552,0,0,True,125,2.315723806925202
k8_tau,236,eval:236,Na2Br6Th,verified,False,True,False,True,9,3,344.1674558640244,38.24082842933605,3.654504060877149,2.009673034469405,2.8713369297903037,2.8713369297903037,7.663792610168458,0,0,True,125,2.8713369297903037
k8_tau,237,eval:237,O8Ti2Tb2,not_converged,False,False,False,False,12,3,154.60958112783499,12.884131760652915,5.81668079736757,2.433569931782668,1.675415288002287,1.675415288002287,3.632617950439453,0,0,True,125,1.675415288002287
k8_tau,238,eval:238,Mg3In3Nd3,not_converged,False,True,False,False,9,3,251.21981459728522,27.91331273303169,5.61904704883331,2.0412018636240625,3.0168194378758417,3.0168194378758417,4.696769714355469,0,0,True,125,3.0168194378758417
k8_tau,239,eval:239,Nd4Pt8,not_converged,False,True,False,True,12,2,256.0285091646353,21.33570909705294,13.864216691760229,2.030705063092346,2.856441249742822,2.856441249742822,4.629974365234375,0,0,True,125,2.856441249742822
k8_tau,240,eval:240,AlMn2Ir,not_converged,False,False,False,False,4,3,50.56961743993098,12.642404359982745,10.805722967279214,1.9928172934630182,2.5285982582059847,2.5285982582059847,4.120726585388184,0,0,True,125,2.5285982582059847
k8_tau,241,eval:241,Al3FeTb2,verified,False,True,False,False,6,3,118.35490133610986,19.725816889351645,6.378679692303778,1.997375550848176,2.744611391955524,2.744611391955524,5.494688510894775,0,0,True,125,2.744611391955524
k8_tau,242,eval:242,Fe6Zr6,verified,False,True,False,True,12,2,209.40754267101406,17.450628555917838,6.997278613869122,2.232717309153062,2.463840887097366,2.463840887097366,5.296241283416748,0,0,True,125,2.463840887097366
k8_tau,243,eval:243,C4Mg2Cr4,not_converged,False,False,False,False,10,3,114.05876687269293,11.405876687269293,4.435099428211924,3.0920231514091516,1.9355500737219908,1.9355500737219908,3.0871837139129643,0,0,True,125,1.9355500737219908
k8_tau,244,eval:244,OF11V3Ba2,not_converged,False,True,False,True,17,4,276.81134804727736,16.283020473369255,3.9139864880882262,1.6892476003874823,1.7901315119303236,1.7901315119303236,5.87352991104126,0,0,True,125,1.7901315119303236
k8_tau,245,eval:245,In6Yb2,verified,False,False,False,False,8,2,222.33423296812677,27.791779121015846,7.729974752509571,1.9266529386955997,3.3636416044924964,3.3636416044924964,4.8609747886657715,0,0,True,125,3.3636416044924964
k8_tau,246,eval:246,Co6Ge6Tm,not_converged,False,True,False,True,13,3,187.76154263735833,14.443195587489102,8.47573158766138,2.1368350065251995,2.4783281277476235,2.4783281277476235,5.191104888916016,0,0,True,125,2.4783281277476235
k8_tau,247,eval:247,Li4S8Cu2Er2,verified,False,False,False,False,16,4,304.6998308601823,19.043739428761395,4.064938674386369,1.3906425737679404,2.4974057258148235,2.4974057258148235,6.498626708984376,0,0,True,125,2.4974057258148235
k8_tau,248,eval:248,S8Fe4Cu2,not_converged,False,True,False,True,14,3,225.10674260203743,16.079053043002673,4.477582134870021,2.0014183130857344,2.274825434757731,2.274825434757731,6.810436066746736,0,0,True,125,2.274825434757731
k8_tau,249,eval:249,Li2C10N4,not_converged,False,False,False,False,16,3,254.64423341870634,15.915264588669146,1.2390960318839614,1.941278886587002,1.215761766286536,1.215761766286536,4.88417387008667,0,0,True,125,1.215761766286536
k8_tau,250,eval:250,Ba6Pt2,verified,True,True,True,True,8,2,367.20656827567683,45.900821034459604,5.490398242052911,2.0897646640568506,3.41290443512675,3.41290443512675,5.241918087005615,0,0,True,125,3.41290443512675
k8_tau,251,eval:251,C2Si6La8,not_converged,False,False,False,False,16,3,401.2700495889115,25.079378099306968,5.395305657817755,2.0506052650643634,2.983081213034389,2.983081213034389,7.591116905212402,0,0,True,125,2.983081213034389
k8_tau,252,eval:252,Zn2PdHo,not_converged,False,True,False,True,4,3,73.03061290085817,18.257653225214543,9.144332495408136,1.9929193726461474,2.8579091112061965,2.8579091112061965,4.667952537536621,0,0,True,125,2.8579091112061965
k8_tau,253,eval:253,CaPd2Yb,not_converged,False,False,False,False,4,3,88.18299394327647,22.045748485819118,8.021046554461337,1.997703113035283,3.0506759089893776,3.0506759089893776,4.985238075256348,0,0,True,125,3.0506759089893776
k8_tau,254,eval:254,O12V4Tl4,not_converged,False,True,False,True,20,3,408.6405277491308,20.43202638745654,4.930296014178277,3.1613348705523237,1.6270426962851199,1.6270426962851199,5.376853942871094,0,0,True,125,1.6270426962851199
k8_tau,255,eval:255,Pd2Sb6Nd2,not_converged,True,True,True,True,10,3,297.63214381554235,29.763214381554235,6.872885036191624,2.8401545731893845,2.4671114063744835,2.4671114063744835,4.704491138458252,0,0,True,125,2.4671114063744835
g_native,0,eval:0,O8K8Zn4,invalid_terminal,False,False,False,False,20,3,226.3305448914193,11.316527244570965,5.1534885246133335,2.315121418773162,0.5765049036354656,0.5765049036354656,6.027826791187498,0,4,True,125,0.5765049036354656
g_native,1,eval:1,PrPu,verified,False,False,False,False,2,2,58.12478929350197,29.062394646750985,10.996240977851654,1.4808976747179396,2.0852272187509175,2.0852272187509175,3.5682302074310535,0,0,True,125,2.0852272187509175
g_native,2,eval:2,O4MgZnSr,not_converged,False,False,False,False,7,4,107.78335768849635,15.39762252692805,3.7180187962158406,2.0762420905128987,0.8401037187729179,0.8401037187729179,3.9537165523572515,0,1,True,125,0.8401037187729179
g_native,3,eval:3,O7Cu2Sr2Ba2,not_converged,False,False,False,False,13,4,286.9147748476975,22.07036729597673,3.9875297313764992,1.36309081187935,0.9234249299792654,0.9234249299792654,6.0787492860933465,0,1,True,125,0.9234249299792654
g_native,4,eval:4,P4Se8Ag4,invalid_terminal,False,False,False,False,16,3,345.28933215198384,21.58058325949899,5.708659787554151,2.7203969145145983,1.029056928723357,1.029056928723357,4.7107460194539765,0,0,True,125,1.029056928723357
g_native,5,eval:5,O8Cr4Ag4,invalid_raw,False,False,False,False,16,3,128.68187667887494,8.042617292429684,9.90337353515718,2.7775190205787204,0.43135235767341445,0.43135235767341445,4.698169407370663,1,5,True,125,0.43135235767341445
g_native,6,eval:6,Cu3In3Pr3,not_converged,False,True,False,True,9,3,132.8393788840282,14.759930987114245,11.973024538431927,3.0605377415215878,0.8489113785469015,0.8489113785469015,4.498967556947553,0,1,True,125,0.8489113785469015
g_native,7,eval:7,S8Cu4Ho4,verified,False,False,False,False,16,3,294.9696285145347,18.435601782158418,6.588939043534359,5.813846290922517,0.8905279680345973,0.8905279680345973,3.6535613920935797,0,1,True,125,0.8905279680345973
g_native,8,eval:8,Ni4Sn8,invalid_terminal,False,False,False,False,12,2,89.36510506563206,7.447092088802672,22.008942684401447,6.736688254596734,0.5763285026448027,0.5763285026448027,2.742540681668276,0,1,True,125,0.5763285026448027
g_native,9,eval:9,O8KBa3Bi3,invalid_terminal,False,False,False,False,15,4,242.74171665784104,16.182781110522736,8.250070125382614,3.474946148303288,0.6690764894845505,0.6690764894845505,5.504492741417559,0,4,True,125,0.6690764894845505
g_native,10,eval:10,Cu2In2Ce2,verified,False,False,False,False,6,3,309.4207383529946,51.57012305883243,3.4183131017381583,2.413140680021216,2.1428258021295115,2.1428258021295115,5.008193432378468,0,0,True,125,2.1428258021295115
g_native,11,eval:11,O2P2As2,not_converged,False,False,False,False,6,3,116.63701331548268,19.439502219247114,3.4707852775246026,4.5121899513844586,0.7746338177908398,0.7746338177908398,3.8046978898570907,0,1,True,125,0.7746338177908398
g_native,12,eval:12,CuPd,not_converged,False,True,False,True,2,2,26.248326843498063,13.124163421749031,10.75250185189033,2.478426623659698,1.31471979798806,1.31471979798806,2.409786865183261,0,0,True,125,1.31471979798806
g_native,13,eval:13,NaCl,not_converged,False,True,False,True,2,2,67.68361084449356,33.84180542224678,1.4338257125894112,3.766092497637436,2.665477577442269,2.665477577442269,4.244252156483282,0,0,True,175,2.665477577442269
g_native,14,eval:14,O8P2Co2,invalid_raw,False,False,False,False,12,3,124.91030992804933,10.409192494004111,4.091968542444198,1.711150650229481,0.42847241575589523,0.42847241575589523,4.310673693117857,1,1,True,125,0.42847241575589523
g_native,15,eval:15,Si6Cr2Y,not_converged,False,False,False,False,9,3,82.50142241635386,9.166824712928207,7.274264492038184,3.332481763810696,1.1068736701800508,1.1068736701800508,3.787315405632692,0,0,True,125,1.1068736701800508
g_native,16,eval:16,Sb6Yb8,verified,False,False,False,False,14,2,524.0600732844852,37.43286237746322,6.701218124023371,1.4545498785108883,1.721029195961684,1.721029195961684,7.146824961141186,0,0,True,125,1.721029195961684
g_native,17,eval:17,P4Cu4Sr4,not_converged,False,False,False,False,12,3,539.3384774956745,44.94487312463954,2.2431196957176254,3.7770431579395365,1.353754945783957,1.353754945783957,6.561071959225897,0,0,True,125,1.353754945783957
g_native,18,eval:18,Li4NTe,not_converged,False,False,False,False,6,3,376.4735974123976,62.745599568732935,0.7470554801730351,1.6659500861919208,1.9099517157989279,1.9099517157989279,6.538539954121792,0,0,True,125,1.9099517157989279
g_native,19,eval:19,O3F9Mn6,invalid_raw,False,False,False,False,18,3,146.14381773612513,8.119100985340285,6.23352965988401,3.450636810519642,0.41793869779087167,0.41793869779087167,4.077346668833111,1,4,True,125,0.41793869779087167
g_native,20,eval:20,O6NaZnBaOs,verified,False,False,False,False,10,5,195.5763833574141,19.55763833574141,4.346724091765599,3.9252853465964677,0.8568092136090416,0.8568092136090416,4.199012996475215,0,1,True,125,0.8568092136090416
g_native,21,eval:21,YPd3,verified,False,True,False,True,4,2,47.3740751974219,11.843518799355476,14.306882757130424,2.2223890277398497,1.0450990148209247,1.0450990148209247,3.196020963261808,0,0,True,125,1.0450990148209247
g_native,22,eval:22,LiF2Te,not_converged,False,True,False,True,4,3,93.50726456655504,23.37681614163876,3.0639947529289895,5.065232227581631,1.9361600533654149,1.9361600533654149,2.753252151633602,0,0,True,125,1.9361600533654149
g_native,23,eval:23,H8Li8C4,invalid_raw,False,False,False,False,20,3,318.3182849292757,15.915914246463785,0.5823515591462555,2.555521465683467,0.4236805428876414,0.4236805428876414,6.180216954888296,1,3,True,125,0.4236805428876414
g_native,24,eval:24,O8Ti2Gd4,invalid_terminal,False,False,False,False,14,3,177.6255742030191,12.687541014501365,7.971769584328792,4.347381090746397,0.5332326226953445,0.5332326226953445,3.677634350060537,0,4,True,125,0.5332326226953445
g_native,25,eval:25,F6S3Y4,invalid_raw,False,False,False,False,13,3,336.7369617573573,25.902843212104408,2.7901530132157766,1.7336104270212813,0.40173790215126304,0.40173790215126304,5.95038243375652,1,3,True,125,0.40173790215126304
g_native,26,eval:26,O6Ba2PrTa,not_converged,False,False,False,False,10,4,254.06980735121357,25.40698073512136,4.5260519642444335,2.624930453249582,0.5348045052931883,0.5348045052931883,5.636169686819779,0,1,True,125,0.5348045052931883
g_native,27,eval:27,Li4Si8Cs4,invalid_raw,False,False,False,False,16,3,382.25003273835335,23.890627046147085,3.4060913929405414,1.6714914949804867,0.46796815490637655,0.46796815490637655,6.41421272377846,1,1,True,125,0.46796815490637655
g_native,28,eval:28,Li2O12Gd4Ta2,invalid_terminal,False,False,False,False,20,4,265.8591339249518,13.29295669624759,7.474952014241275,2.5081876560533725,0.6471942593916973,0.6471942593916973,5.672954605135482,0,3,True,125,0.6471942593916973
g_native,29,eval:29,O8Rb4Mo2,invalid_terminal,False,False,False,False,14,3,296.3387188721544,21.16705134801103,3.7081072414839436,2.3009420531200027,0.5575142857150011,0.5575142857150011,5.5147764299963296,0,3,True,125,0.5575142857150011
g_native,30,eval:30,Si6Co8Ba4,invalid_terminal,False,False,False,False,18,3,260.63930397012376,14.479961331673543,7.576972329885812,2.5087897909855235,0.7713547718015933,0.7713547718015933,5.752300121886336,0,2,True,125,0.7713547718015933
g_native,31,eval:31,CuPdBi,not_converged,False,False,False,False,3,3,39.09354731270993,13.031182437569976,16.09614232021481,2.3708511189205597,2.0012594898586773,2.0012594898586773,2.5118880532195056,0,0,True,125,2.0012594898586773
g_native,32,eval:32,O8NaV2Fe,invalid_terminal,False,False,False,False,12,4,188.13316623179418,15.677763852649514,2.7248249531075617,4.480034540952028,0.7959993758299967,0.7959993758299967,4.954737816033829,0,3,True,125,0.7959993758299967
g_native,33,eval:33,NaAu2Tl,not_converged,False,True,False,True,4,3,102.47350498930356,25.61837624732589,10.067999817291398,1.7757491386573971,1.3750761483372036,1.3750761483372036,4.896626174129714,0,0,True,125,1.3750761483372036
g_native,34,eval:34,MgGa3,verified,False,True,False,True,4,2,42.62452314761884,10.65613078690471,9.095531619032935,2.2679950524442276,1.7751263681185108,1.7751263681185108,3.5124791946619625,0,0,True,125,1.7751263681185108
g_native,35,eval:35,NiGa3Tb,invalid_terminal,False,False,False,False,5,3,39.21767268083743,7.843534536167486,18.070876815890166,3.2787781062849075,1.0491295236280116,1.0491295236280116,3.2761347505586125,0,0,True,125,1.0491295236280116
g_native,36,eval:36,O8AlKMo2,invalid_terminal,False,False,False,False,12,4,108.11867883773674,9.009889903144728,5.927684526262629,4.79539547388371,0.5307850395406631,0.5307850395406631,2.8875465709845316,0,1,True,125,0.5307850395406631
g_native,37,eval:37,C4Mn2Ta2,invalid_raw,False,False,False,False,8,3,79.36383109735283,9.920478887169104,10.876144986715449,3.4769079354336974,0.2957629556453689,0.2957629556453689,3.290679570086891,1,2,True,125,0.2957629556453689
g_native,38,eval:38,Co9Y3,invalid_raw,False,False,False,False,12,2,127.36530368816162,10.6137753073468,10.392490943350777,1.4851179814648146,0.3522661093022147,0.3522661093022147,4.898235966022513,1,4,True,125,0.3522661093022147
g_native,39,eval:39,Si2AsBaTl,verified,False,False,False,False,5,4,186.56095856968847,37.31219171393769,4.208317175635126,3.9570978095572347,2.3180729906371065,2.3180729906371065,4.93432195373744,0,0,True,125,2.3180729906371065
g_native,40,eval:40,O6Sr2InTa,invalid_raw,False,False,False,False,10,4,179.3350528569969,17.933505285699688,5.250113805369966,6.7745528805702895,0.35383576437877573,0.35383576437877573,2.6630645340712475,1,1,True,125,0.35383576437877573
g_native,41,eval:41,In3Pr3Tl3,not_converged,False,False,False,False,9,3,264.1956661766387,29.355074019626525,8.675716344148698,1.9704295533055856,0.752799922916916,0.752799922916916,6.212437254535771,0,1,True,125,0.752799922916916
g_native,42,eval:42,H3N2Br,verified,False,False,False,False,6,3,88.67250018352574,14.778750030587624,2.077557636527446,2.867567700901722,1.3303644150709486,1.3303644150709486,4.0920719285048515,0,0,True,125,1.3303644150709486
g_native,43,eval:43,O8Eu4,invalid_terminal,False,False,False,False,12,2,134.3281852788951,11.194015439907924,9.09645032624787,2.873195011573319,0.6985889271809762,0.6985889271809762,3.910244107031574,0,1,True,125,0.6985889271809762
g_native,44,eval:44,Li2P4FeTe,verified,False,False,False,False,8,4,204.05237253739352,25.50654656717419,2.614043410152029,3.3821899139194285,1.2189595400354203,1.2189595400354203,5.877361256497961,0,0,True,125,1.2189595400354203
g_native,45,eval:45,S4Nb2Ag2,not_converged,False,False,False,False,8,3,169.79329011483216,21.22416126435402,5.181410922819962,1.5565818573164394,1.403143085678062,1.403143085678062,5.261995790798663,0,0,True,125,1.403143085678062
g_native,46,eval:46,Bi6Th2,invalid_terminal,False,False,False,False,8,2,293.3189245752399,36.66486557190499,9.725718316298256,3.0386508238837604,0.6792464367456387,0.6792464367456387,6.353873561706803,0,2,True,125,0.6792464367456387
g_native,47,eval:47,F6K2YIn,not_converged,False,False,False,False,10,4,429.63342849045404,42.963342849045404,1.5302009145519038,2.9534929637171934,0.9140434131264161,0.9140434131264161,5.488320060239742,0,1,True,125,0.9140434131264161
g_native,48,eval:48,Li2O8Fe2Rh2,invalid_raw,False,False,False,False,14,4,65.71264982370245,4.693760701693032,11.608350134881363,1.4456111195929628,0.27897104402280914,0.27897104402280914,3.6562888588414637,3,4,True,125,0.27897104402280914
g_native,49,eval:49,C2K2Lu2,verified,False,False,False,False,6,3,136.9352861861506,22.822547697691764,5.48299916663306,2.2960507719910286,1.1883297476419798,1.1883297476419798,3.8413284641994094,0,0,True,125,1.1883297476419798
g_native,50,eval:50,N2Mg2S,invalid_raw,False,False,False,False,5,3,35.036797700943524,7.0073595401887045,5.151193777089598,1.5484027312775914,0.4440362889566849,0.4440362889566849,3.134644627696977,1,1,True,125,0.4440362889566849
g_native,51,eval:51,B4Rh4Dy2,invalid_raw,False,False,False,False,10,3,110.03572674800024,11.003572674800024,11.768886324337476,2.8328537634872917,0.48863101842733514,0.48863101842733514,3.2696061984482365,1,1,True,125,0.48863101842733514
g_native,52,eval:52,Li2O8Mn3Fe,invalid_terminal,False,False,False,False,14,4,95.15816236551272,6.797011597536623,6.3263700387268536,3.8979272241687277,0.7262389211900009,0.7262389211900009,3.391242946397547,0,6,True,125,0.7262389211900009
g_native,53,eval:53,Ge12Hf4,invalid_raw,False,False,False,False,16,2,244.04817253629474,15.253010783518421,10.788923916945302,3.4722101812204267,0.47039317094734506,0.47039317094734506,4.2174690158761905,1,5,True,125,0.47039317094734506
g_native,54,eval:54,Zn2Sn8Tm2,not_converged,False,False,False,False,12,3,195.89946254678523,16.3249552122321,12.022763209986326,1.7710841108114384,1.0896790534199687,1.0896790534199687,4.330740239579103,0,0,True,125,1.0896790534199687
g_native,55,eval:55,Ni4Sn4Ce4,verified,False,False,False,False,12,3,452.31261620130937,37.69271801677578,4.662734128722414,8.180781749828233,1.685837498057746,1.685837498057746,4.2046342324610455,0,0,True,125,1.685837498057746
g_native,56,eval:56,O6Cl2Ba4Nd2,invalid_terminal,False,False,False,False,14,4,262.5997521541982,18.7571251538713,6.353144995409606,1.8948493010951752,0.9940663831998197,0.9940663831998197,5.822672326823128,0,1,True,125,0.9940663831998197
g_native,57,eval:57,O12Ca4Mn2Bi2,verified,False,False,False,False,20,4,468.96009553993713,23.448004776996857,3.116490452573876,2.2817035505663785,0.8690155847681881,0.8690155847681881,6.5842997599245665,0,3,True,125,0.8690155847681881
g_native,58,eval:58,Sn5U,verified,False,False,False,False,6,2,141.15623677152269,23.526039461920448,9.782559372496861,2.3103070462155775,1.5725770767028342,1.5725770767028342,4.233890578622815,0,0,True,125,1.5725770767028342
g_native,59,eval:59,Ni4Sn2Au12,invalid_terminal,False,False,False,False,18,3,472.5015573767757,26.250086520931983,9.965986435273324,1.5471311244353736,0.6036534461378047,0.6036534461378047,7.422206078106698,0,2,True,125,0.6036534461378047
g_native,60,eval:60,N2I2,verified,True,True,True,True,4,2,86.58859188338222,21.647147970845555,5.404603484497135,2.3961865602356984,0.8849736994916756,0.8849736994916756,3.7200491585097764,0,1,True,125,0.8849736994916756
g_native,61,eval:61,O4Br2Ta2,not_converged,False,True,False,True,8,3,99.6083410383973,12.451042629799662,9.764041640507171,4.139810826372066,1.3029487270677536,1.3029487270677536,4.518774542534275,0,0,True,125,1.3029487270677536
g_native,62,eval:62,S8Zn2In4,invalid_terminal,False,False,False,False,14,3,218.04243707335957,15.574459790954254,6.447501679231553,2.311180022772658,0.5419220736611189,0.5419220736611189,5.197755353601673,0,1,True,125,0.5419220736611189
g_native,63,eval:63,Ge4Ag6Sb8,invalid_terminal,False,False,False,False,18,3,543.7452041090957,30.20806689494976,5.838580758150454,2.6826739643353696,0.5974614379823066,0.5974614379823066,6.8171476543941125,0,1,True,125,0.5974614379823066
g_native,64,eval:64,Li2O8Na3CuLa2,invalid_terminal,False,False,False,False,16,5,276.30325530915235,17.26895345682202,3.3186557893556667,4.5221505911596775,0.7108715744427636,0.7108715744427636,4.1410675604786515,0,2,True,125,0.7108715744427636
g_native,65,eval:65,Mg5Er,verified,False,True,False,True,6,2,147.9479404757225,24.657990079287085,3.241255757039105,2.337215187845174,0.9392404788946335,0.9392404788946335,5.083617631640396,0,2,True,125,0.9392404788946335
g_native,66,eval:66,Li2Sb2Sm2,invalid_terminal,False,False,False,False,6,3,92.50854932598452,15.418091554330752,10.018353889250788,2.4701516960753196,0.6239094998431766,0.6239094998431766,4.002298435561956,0,1,True,125,0.6239094998431766
g_native,67,eval:67,Mg8Cu4Ce4,verified,False,False,False,False,16,3,373.4988530777426,23.34367831735891,4.486305732479676,2.808678047442084,1.007427942844209,1.007427942844209,5.464421736980953,0,0,True,125,1.007427942844209
g_native,68,eval:68,Na2K4As2,verified,False,True,False,True,8,3,266.47866754247195,33.309833442808994,2.194803551263058,1.9709163938154965,1.7235095449146707,1.7235095449146707,6.295397823050059,0,0,True,125,1.7235095449146707
g_native,69,eval:69,H4C12Re4,invalid_raw,False,False,False,False,20,3,129.65573185220128,6.482786592610064,11.436761834652941,4.635633584378449,0.2583406194294969,0.2583406194294969,4.754341811520515,2,10,True,125,0.2583406194294969
g_native,70,eval:70,ZnGe,not_converged,False,False,False,False,2,2,30.81713010575232,15.40856505287616,7.438582269614857,5.784088063394478,1.7138595803732914,1.7138595803732914,2.6493648387759405,0,0,True,125,1.7138595803732914
g_native,71,eval:71,LiAsCd,not_converged,False,True,False,True,3,3,40.70029792876638,13.56676597625546,7.926204937704239,2.787488296772622,1.5518621830521675,1.5518621830521675,2.9677257833764283,0,0,True,125,1.5518621830521675
g_native,72,eval:72,F6MgSn,not_converged,False,False,False,False,8,3,235.61707931028624,29.45213491378578,1.8112759064783064,1.8295829584348786,1.6068769173796014,1.6068769173796014,5.42408333576514,0,0,True,125,1.6068769173796014
g_native,73,eval:73,O4Cl2Bi2,not_converged,False,False,False,False,8,3,192.83127326573697,24.10390915821712,4.760913098713083,5.2623207944341965,1.7061233246926077,1.7061233246926077,3.9282781798675264,0,0,True,125,1.7061233246926077
g_native,74,eval:74,Cl2Ca,verified,False,True,False,True,3,2,72.66345794787709,24.221152649292364,2.5362578794382666,2.8559165953248433,1.7589109474630453,1.7589109474630453,3.362964861605636,0,0,True,125,1.7589109474630453
g_native,75,eval:75,Cl3RbAu,verified,False,True,False,True,5,3,122.95767222840759,24.591534445681518,5.25064086167997,1.956173679678938,1.0506866410803166,1.0506866410803166,3.663201661545226,0,0,True,125,1.0506866410803166
g_native,76,eval:76,Li2O8Ni2Sr2Hf2,invalid_terminal,False,False,False,False,16,5,256.822978648933,16.05143616555831,5.117494195818894,3.9784841181500425,0.5114249482701896,0.5114249482701896,4.564912362363188,0,3,True,125,0.5114249482701896
g_native,77,eval:77,Ag2Ce,not_converged,False,True,False,True,3,2,56.189136167377576,18.729712055792525,10.516388975676048,3.7817465362108873,1.6138074165374874,1.6138074165374874,1.935827858533016,0,0,True,125,1.6138074165374874
g_native,78,eval:78,C8Si6Ba4,not_converged,False,False,False,False,18,3,231.72501651786504,12.87361202877028,5.832446259678582,4.991835518152309,0.8825031196931883,0.8825031196931883,6.008803290033401,0,1,True,125,0.8825031196931883
g_native,79,eval:79,O12Ge4Ba4,invalid_raw,False,False,False,False,20,3,335.3186257629381,16.765931288146906,5.109901562415719,3.714752845682136,0.29625921255221854,0.29625921255221854,6.933820535374004,1,5,True,125,0.29625921255221854
g_native,80,eval:80,AgCe2Pt,verified,False,True,False,True,4,3,126.96695547065849,31.741738867664623,7.627182549459972,2.62497573601038,2.3043570370578617,2.3043570370578617,5.0001892422829215,0,0,True,125,2.3043570370578617
g_native,81,eval:81,Ge2Pr10Pb6,not_converged,False,False,False,False,18,3,254.6344132579677,14.146356292109317,18.24361365706095,3.7973240022334687,1.132322423449157,1.132322423449157,4.470109568799127,0,0,True,125,1.132322423449157
g_native,82,eval:82,MgSr3,not_converged,True,True,True,True,4,2,169.6344031255443,42.40860078138608,2.8110376920846605,2.295400808443439,0.9242883515696512,0.9242883515696512,4.7415706526145405,0,1,True,125,0.9242883515696512
g_native,83,eval:83,Co7Ge2Sm2,invalid_terminal,False,False,False,False,11,3,126.95043612618005,11.54094873874364,11.229788376670209,3.966552066665024,0.6264653461323401,0.6264653461323401,4.195563269769826,0,1,True,125,0.6264653461323401
g_native,84,eval:84,F6KSbCs2,invalid_raw,False,False,False,False,10,4,195.62777383734985,19.562777383734986,4.589258509229735,4.276016289801239,0.33047451182354914,0.33047451182354914,4.934629406485388,1,2,True,125,0.33047451182354914
g_native,85,eval:85,YPtBi,invalid_terminal,False,False,False,False,3,3,52.46548705860492,17.48849568620164,15.602568558682803,3.7657864830889234,1.203889264560639,1.203889264560639,3.7459863424762294,0,0,True,125,1.203889264560639
g_native,86,eval:86,O8Mn2Ni2,invalid_terminal,False,False,False,False,12,3,106.35596741162928,8.86299728430244,5.546655740411188,1.806561994004688,0.7034006933736037,0.7034006933736037,4.493048055424966,0,2,True,125,0.7034006933736037
g_native,87,eval:87,O12KNiSr4Lu2,invalid_terminal,False,False,False,False,20,5,202.05157211170882,10.10257860558544,8.137839640414438,1.6823303287157816,0.7206770474411192,0.7206770474411192,5.209161238793029,0,5,True,125,0.7206770474411192
g_native,88,eval:88,AlAgLu2,verified,True,True,True,True,4,3,62.43056933624443,15.607642334061108,12.894361614132416,5.109493368309877,2.064993539738805,2.064993539738805,3.3579019421612335,0,0,True,175,2.064993539738805
g_native,89,eval:89,Li2O8F2P2In4,invalid_terminal,False,False,False,False,18,5,186.6318326694184,10.368435148301023,6.237913328707724,2.2271063650557434,0.5397693711388843,0.5397693711388843,5.619897086915682,0,4,True,125,0.5397693711388843
g_native,90,eval:90,S2Se2Eu2,not_converged,False,False,False,False,6,3,86.2562079348519,14.37603465580865,10.125729360045677,1.893642320980527,0.8594293949888511,0.8594293949888511,3.6619134761998415,0,3,True,125,0.8594293949888511
g_native,91,eval:91,O8La2Pb2,invalid_terminal,False,False,False,False,12,3,163.883748291871,13.656979024322583,8.310673586190768,3.2501858096910143,0.5171952761076086,0.5171952761076086,5.267499485111254,0,1,True,125,0.5171952761076086
g_native,92,eval:92,O12Ca4Fe2Ho2,invalid_terminal,False,False,False,False,20,4,384.1406456480713,19.207032282403567,3.431628457668135,1.7303165291942386,0.7619530522505352,0.7619530522505352,6.657405091728451,0,2,True,125,0.7619530522505352
g_native,93,eval:93,O2ZnSr,verified,False,False,False,False,4,3,50.944658932832134,12.736164733208033,6.030973545472924,2.4786822552550287,1.1074893214728687,1.1074893214728687,3.5267593300425233,0,0,True,125,1.1074893214728687
g_native,94,eval:94,NaSc2As6Tl,not_converged,False,False,False,False,10,4,428.1873429453563,42.81873429453563,2.973757734564845,2.9396942353193642,1.5758431343129473,1.5758431343129473,6.9670928167369395,0,0,True,125,1.5758431343129473
g_native,95,eval:95,O6Al2In2,not_converged,False,False,False,False,10,3,110.99619579135887,11.099619579135886,5.678871378439994,3.7202339231184283,0.8832899158789909,0.8832899158789909,4.20543224466971,0,2,True,125,0.8832899158789909
g_native,96,eval:96,CaCd2Nd,not_converged,False,False,False,False,4,3,156.96895922473465,39.24223980618366,4.3282205484598775,4.899057950472427,1.288840844591953,1.288840844591953,4.020017790351019,0,0,True,125,1.288840844591953
g_native,97,eval:97,SrAg3,verified,False,True,False,True,4,2,108.40914815823403,27.102287039558508,6.298864302948527,2.078431122536003,1.5629792014454942,1.5629792014454942,4.644790838719555,0,0,True,125,1.5629792014454942
g_native,98,eval:98,Ni6As2,invalid_terminal,False,True,False,True,8,2,116.60664631553851,14.575830789442314,7.148791391514003,2.6920570250491314,0.7845246438264979,0.7845246438264979,2.8233509583217047,0,1,True,125,0.7845246438264979
g_native,99,eval:99,O5F8V4Mn2,invalid_raw,False,False,False,False,19,4,136.22570143013203,7.169773759480633,6.650975574411053,3.5723271296067005,0.3491399861471527,0.3491399861471527,3.5681815784798334,1,5,True,125,0.3491399861471527
g_native,100,eval:100,O2S8Zn2Os2,not_converged,False,False,False,False,14,4,330.1643901754381,23.583170726817006,4.022522934820326,1.959249947006803,0.906322121011668,0.906322121011668,6.73696884364255,0,2,True,125,0.906322121011668
g_native,101,eval:101,LiF6K2Ag,invalid_raw,False,False,False,False,10,4,155.62950265708668,15.562950265708668,3.2755949648142364,2.661064651896264,0.3612112489925501,0.3612112489925501,3.69988403148459,1,1,True,125,0.3612112489925501
g_native,102,eval:102,V6Fe2,invalid_terminal,False,True,False,True,8,2,79.36768775226903,9.92096096903363,8.731610220003732,2.3474084201458694,0.6435321545118665,0.6435321545118665,3.878787526940806,0,1,True,125,0.6435321545118665
g_native,103,eval:103,Sn8Yb6,invalid_terminal,False,False,False,False,14,2,208.37974468547154,14.884267477533681,15.841361290935597,2.2348403953526197,0.5350301898927478,0.5350301898927478,6.268024560182208,0,2,True,125,0.5350301898927478
g_native,104,eval:104,Cu2Zr12Sn4,verified,False,False,False,False,18,3,420.88809780699427,23.38267210038857,6.693712190613708,2.106424286942361,0.9414235585004588,0.9414235585004588,6.857672209613114,0,1,True,125,0.9414235585004588
g_native,105,eval:105,Sb6Dy2,verified,False,True,False,True,8,2,180.7703881471806,22.596298518397575,9.69627069513837,2.047778453780962,1.422766569727227,1.422766569727227,4.674591621882864,0,0,True,125,1.422766569727227
g_native,106,eval:106,Al4Pd4Ce4,invalid_terminal,False,False,False,False,12,3,107.11222652515688,8.926018877096407,16.96114712502596,1.6565373621885393,0.5256255260415826,0.5256255260415826,4.130672061029228,0,2,True,125,0.5256255260415826
g_native,107,eval:107,Cl6K2AsRb,verified,False,True,False,True,10,4,368.9579881570925,36.89579881570925,2.031147032907629,2.4943930809405113,1.089387885702401,1.089387885702401,6.673686295049672,0,0,True,125,1.089387885702401
g_native,108,eval:108,ZnSn2Pb,not_converged,False,False,False,False,4,3,95.21831391176313,23.804578477940783,8.894539766622604,3.8604863860221474,1.2457929157651961,1.2457929157651961,3.8700374688012773,0,0,True,125,1.2457929157651961
g_native,109,eval:109,Zn3Ac,invalid_terminal,False,False,False,False,4,2,37.68602044237579,9.421505110593948,18.64842610841649,4.576966260413391,0.7701737626513058,0.7701737626513058,2.802312266714716,0,1,True,125,0.7701737626513058
g_native,110,eval:110,Ni4Ge8,not_converged,False,True,False,True,12,2,468.0629514736337,39.00524595613614,2.894532012677854,2.9383700621420856,1.4677915054055308,1.4677915054055308,8.047431524027965,0,0,True,125,1.4677915054055308
g_native,111,eval:111,O2F10Mn2Ba4,invalid_raw,False,False,False,False,18,4,167.8977418852358,9.327652326957544,8.714900401560097,1.5093513167745218,0.37896762267397494,0.37896762267397494,4.67593166726778,3,5,True,125,0.37896762267397494
g_native,112,eval:112,CeTl3,verified,False,False,False,False,4,2,136.98735112853976,34.24683778213494,9.130970444956748,1.933696534124687,1.799378738616959,1.799378738616959,4.690909377761177,0,0,True,125,1.799378738616959
g_native,113,eval:113,O6Ba2LaBi,invalid_raw,False,False,False,False,10,4,183.13065153820475,18.313065153820475,6.515335019463571,1.7708833818133642,0.4698300850425338,0.4698300850425338,5.085443365758567,1,2,True,125,0.4698300850425338
g_native,114,eval:114,B4Rh4Tm4,verified,False,False,False,False,12,3,306.34525557709054,25.528771298090877,6.128412797163318,3.3567162198060263,1.7209078562676983,1.7209078562676983,5.3309842978285875,0,0,True,125,1.7209078562676983
g_native,115,eval:115,Ti6Rh2,not_converged,False,True,False,True,8,2,120.59525869094108,15.074407336367635,6.78855334553184,1.4941996634785588,1.518332347493725,1.518332347493725,4.798233321785923,0,0,True,125,1.518332347493725
g_native,116,eval:116,ZnTbTl2,invalid_raw,False,False,False,False,4,3,192.6674317885939,48.16685794714847,5.4564949084394785,4.535837736844568,0.42604038060562616,0.42604038060562616,4.439853923375507,1,1,True,125,0.42604038060562616
g_native,117,eval:117,O12Cr4La4,invalid_terminal,False,False,False,False,20,3,379.9736024697138,18.99868012348569,4.1761048505297085,1.543033515197739,0.629063184108158,0.629063184108158,6.598622476597173,0,2,True,125,0.629063184108158
g_native,118,eval:118,Li4O8Cr4,invalid_raw,False,False,False,False,16,3,136.07271409808192,8.50454463113012,4.4388800651859555,1.5355256031302598,0.38560324413080976,0.38560324413080976,4.781579690381689,1,6,True,125,0.38560324413080976
g_native,119,eval:119,Li2F8Mn2Te2,not_converged,False,False,False,False,14,4,214.09932694889767,15.292809067778405,4.117973892521878,3.473820082085359,0.5988700929758242,0.5988700929758242,4.388978446116902,0,3,True,125,0.5988700929758242
g_native,120,eval:120,Ru8Yb4,not_converged,False,False,False,False,12,2,403.5294832974776,33.627456941456465,6.175519487855792,1.3878737472450122,1.3618135425203979,1.3618135425203979,6.82961520414598,0,0,True,125,1.3618135425203979
g_native,121,eval:121,Cu3GaHf,not_converged,False,False,False,False,5,3,63.27696721773487,12.655393443546973,11.516500583995008,3.0914332271990252,0.8420950399206372,0.8420950399206372,3.44275514994498,0,1,True,125,0.8420950399206372
g_native,122,eval:122,S4K2Mn2,verified,False,True,False,True,8,3,207.29139325892191,25.91142415736524,2.5340308708888415,2.8365222596707897,1.506407128543934,1.506407128543934,4.346441754362857,0,0,True,125,1.506407128543934
g_native,123,eval:123,S12Er8,invalid_terminal,False,False,False,False,20,2,405.4583965280732,20.27291982640366,7.055873244869062,2.1204375954467536,0.540392223766163,0.540392223766163,7.042572893651452,0,2,True,125,0.540392223766163
g_native,124,eval:124,O12Sr4Nb2Sm2,verified,False,False,False,False,20,4,742.5105293611647,37.12552646805823,2.3012521231163303,1.8257098512819896,1.3408475355162583,1.3408475355162583,8.383313931694014,0,0,True,125,1.3408475355162583
g_native,125,eval:125,O12Ca4Ti2Bi2,invalid_terminal,False,False,False,False,20,4,244.41167578132425,12.220583789066213,5.883623042405629,2.924674803816842,0.6446129692561625,0.6446129692561625,5.698721725314392,0,5,True,125,0.6446129692561625
g_native,126,eval:126,Li2F8V2,not_converged,False,False,False,False,12,3,211.87416099875415,17.65618008322951,2.0984768915758014,2.7530870516826735,0.7827126686194795,0.7827126686194795,4.593916344035602,0,3,True,125,0.7827126686194795
g_native,127,eval:127,Li2O8Mn3Rh,not_converged,False,False,False,False,14,4,188.3529688103888,13.453783486456343,3.6110476536099054,2.275417357253416,1.0972616061160305,1.0972616061160305,4.955839644041782,0,0,True,125,1.0972616061160305
g_native,128,eval:128,B2Fe3La3,not_converged,False,False,False,False,8,3,121.34326530423631,15.167908163029539,8.291160322714962,2.644344362867008,1.5972063336088593,1.5972063336088593,4.224938490173206,0,0,True,125,1.5972063336088593
g_native,129,eval:129,Ga2As6Sb2,verified,False,False,False,False,10,3,150.22267747117047,15.022267747117047,9.202282170998478,2.832557829984558,1.5304016244836016,1.5304016244836016,4.5771521577148535,0,0,True,125,1.5304016244836016
g_native,130,eval:130,K4Zn2As4,verified,False,False,False,False,10,3,196.25924805117035,19.625924805117034,4.965709400046632,1.5601114314750513,1.219313321538953,1.219313321538953,5.320474866411243,0,0,True,125,1.219313321538953
g_native,131,eval:131,K4As12Eu4,verified,False,False,False,False,20,3,750.9247441714153,37.546237208570766,3.678116348465211,1.5299920256836284,1.0032031784739435,1.0032031784739435,8.429944427082564,0,0,True,125,1.0032031784739435
g_native,132,eval:132,O12Ga4Nb2,invalid_raw,False,False,False,False,18,3,175.50711080713552,9.750395044840863,6.213263658127307,2.2716116369752637,0.347120083158214,0.347120083158214,5.193698145569636,2,6,True,125,0.347120083158214
g_native,133,eval:133,Co4Ge4Pd4,not_converged,False,False,False,False,12,3,236.7372698468356,19.728105820569635,6.677393857555873,3.3561524391729787,1.1599707224483713,1.1599707224483713,4.183900114958644,0,0,True,125,1.1599707224483713
g_native,134,eval:134,F6Rb3Nd,invalid_terminal,False,False,False,False,10,3,192.42556895745886,19.242556895745885,4.441056806968423,3.079480708584269,0.7489879521656228,0.7489879521656228,5.960163883994394,0,4,True,125,0.7489879521656228
g_native,135,eval:135,As8Cd2Tl4,verified,False,True,False,True,14,3,438.5784389233827,31.327031351670193,6.21588577729269,2.7330123090919427,1.1274032835467147,1.1274032835467147,7.332512511932362,0,0,True,125,1.1274032835467147
g_native,136,eval:136,Cu3In3Pr3,not_converged,False,False,False,False,9,3,161.43557081595796,17.93728564621755,9.852160431617252,2.1936592923019234,0.9094827949916305,0.9094827949916305,4.174175180914374,0,1,True,125,0.9094827949916305
g_native,137,eval:137,B2Co2Eu2,not_converged,False,True,False,True,6,3,67.79137754038564,11.298562923397606,10.861414313746558,2.749535097049363,1.13586370232587,1.13586370232587,3.5123831118468516,0,0,True,125,1.13586370232587
g_native,138,eval:138,F2I2Ba2,verified,True,True,True,True,6,3,196.9249062121297,32.82081770202162,4.776584925932492,1.8094128776427532,1.2750093625749959,1.2750093625749959,5.268095142352668,0,0,True,125,1.2750093625749959
g_native,139,eval:139,ScZn2Sn,not_converged,False,True,False,True,4,3,65.04446683628986,16.261116709072464,7.517965234336746,2.9416115829200993,1.6213296190325668,1.6213296190325668,3.888340491216424,0,0,True,125,1.6213296190325668
g_native,140,eval:140,O10Cu2Sr4Cs2,invalid_terminal,False,False,False,False,18,4,189.57840457157732,10.53213358730985,7.91278228136831,1.9290420151829535,0.6044955089017474,0.6044955089017474,5.156669795280933,0,6,True,125,0.6044955089017474
g_native,141,eval:141,AgIn2Ce,not_converged,False,False,False,False,4,3,193.76172608925893,48.44043152231473,4.093207761433494,2.150444774891923,0.7948069528852962,0.7948069528852962,5.642378311453327,0,1,True,125,0.7948069528852962
g_native,142,eval:142,Li4N8As4,not_converged,False,False,False,False,16,3,213.96636676466946,13.372897922791841,3.4108798170585874,3.2704061374205344,0.7673687834713702,0.7673687834713702,5.270222685829821,0,1,True,125,0.7673687834713702
g_native,143,eval:143,Na4Au4,not_converged,False,True,False,True,8,2,316.6004344372115,39.57505430465144,4.614600018594238,3.151951916755822,1.4537446166849253,1.4537446166849253,5.016985923502742,0,0,True,125,1.4537446166849253
g_native,144,eval:144,YIn2Eu,verified,True,True,True,True,4,3,74.7396486642456,18.6849121660614,10.453532481784322,3.604446199465132,1.4308573361398575,1.4308573361398575,3.7712619769872737,0,0,True,125,1.4308573361398575
g_native,145,eval:145,F6K2AgTl,not_converged,False,False,False,False,10,4,305.92128198800935,30.592128198800935,2.73808955815727,4.083015606885462,1.2150644782067,1.2150644782067,6.1951473931878045,0,0,True,125,1.2150644782067
g_native,146,eval:146,Zn10Pt6,invalid_terminal,False,False,False,False,16,2,393.0116846056188,24.563230287851177,7.709210021896239,2.6872440638104056,0.59814439211176,0.59814439211176,7.3508048592487665,0,2,True,125,0.59814439211176
g_native,147,eval:147,TiCoTm2,not_converged,False,True,False,True,4,3,90.62659235961169,22.656648089902923,8.14760422601394,4.362571318136744,1.103263735278502,1.103263735278502,3.025687719403603,0,0,True,125,1.103263735278502
g_native,148,eval:148,Li2SnEr,not_converged,False,True,False,True,4,3,55.05768805796455,13.764422014491137,9.043501774627261,4.6535220291525965,1.5870997725542044,1.5870997725542044,2.7818522570598843,0,0,True,125,1.5870997725542044
g_native,149,eval:149,O5F8Cu2Sr2Os,invalid_raw,False,False,False,False,18,5,175.9965285370916,9.77758491872731,6.836142298754567,3.0321977712396064,0.21531105464597766,0.21531105464597766,4.393252284292555,1,4,True,125,0.21531105464597766
g_native,150,eval:150,In3Yb,invalid_raw,False,False,False,False,4,2,88.50052788463455,22.125131971158638,9.70976133443262,1.6477800136562666,0.42588184462766915,0.42588184462766915,4.43967061030467,1,1,True,125,0.42588184462766915
g_native,151,eval:151,Si2Co2Ce,not_converged,False,False,False,False,5,3,192.055002307405,38.411000461481,2.7162217632053425,4.827278162757673,1.643423807358802,1.643423807358802,4.651159970043616,0,0,True,125,1.643423807358802
g_native,152,eval:152,V2FeRu,not_converged,False,True,False,True,4,3,53.547588932846914,13.386897233211728,8.025462918543006,4.1357956855896605,1.5115508063665681,1.5115508063665681,3.332971539331428,0,0,True,125,1.5115508063665681
g_native,153,eval:153,LiYAu2,verified,True,True,True,True,4,3,100.82245662810776,25.20561415702694,8.066643397837462,2.753934119803545,1.0029802474989526,1.0029802474989526,3.424869922038534,0,0,True,125,1.0029802474989526
g_native,154,eval:154,Sc6Lu2,verified,False,True,False,True,8,2,141.99623698446882,17.749529623058603,7.2465678562168,2.316753361298546,1.6060232973450488,1.6060232973450488,4.9752984445314965,0,0,True,125,1.6060232973450488
g_native,155,eval:155,ScPtAu2,verified,True,True,True,True,4,3,65.87484358252733,16.468710895631833,15.980865523842903,7.09012727765767,1.6339016366552244,1.6339016366552244,3.366223733180558,0,0,True,125,1.6339016366552244
g_native,156,eval:156,NiGd3,not_converged,False,False,False,False,4,2,69.79640549123438,17.449101372808595,12.619876082741131,2.951456120158968,1.0141351998849852,1.0141351998849852,3.6545373513953714,0,0,True,125,1.0141351998849852
g_native,157,eval:157,MgScTc2,not_converged,False,False,False,False,4,3,94.17106066468304,23.54276516617076,4.677404120851497,5.126332619688304,1.0863775774668936,1.0863775774668936,3.175989305044778,0,0,True,125,1.0863775774668936
g_native,158,eval:158,N2Br2,verified,False,False,False,False,4,2,80.94515106882403,20.236287767206008,3.853038361474223,3.1731222460584476,1.2191259610915721,1.2191259610915721,2.8776485275521626,0,0,True,125,1.2191259610915721
g_native,159,eval:159,MgGa2Er,not_converged,False,False,False,False,4,3,135.281999280634,33.8204998201585,4.063031588519335,2.5853548269883517,1.1985994763884902,1.1985994763884902,4.983251183525383,0,0,True,125,1.1985994763884902
g_native,160,eval:160,Ga3Tm,verified,False,True,False,True,4,2,164.01531354336092,41.00382838584023,3.828027626492797,1.8277257590330378,2.1090392862656757,2.1090392862656757,4.9515561872457265,0,0,True,125,2.1090392862656757
g_native,161,eval:161,AgYbHg2,verified,False,False,False,False,4,3,141.40681892580713,35.35170473145178,8.0097559054853,2.492857380889837,1.5424641565223434,1.5424641565223434,5.333810504271428,0,0,True,125,1.5424641565223434
g_native,162,eval:162,Cu2Ge10Tb6,not_converged,False,False,False,False,18,3,440.97554544347247,24.498641413526247,6.804611625575244,4.251776797518225,1.18657084869781,1.18657084869781,5.487411662801116,0,0,True,125,1.18657084869781
g_native,163,eval:163,Cu3In3Yb3,invalid_terminal,False,False,False,False,9,3,219.49946097916373,24.388828997684858,7.975236944407318,2.09704220762812,0.5390560046295527,0.5390560046295527,5.87240649568506,0,2,True,125,0.5390560046295527
g_native,164,eval:164,K2Ag6Sn2,verified,False,True,False,True,10,3,252.87797164357625,25.287797164357624,6.322456024298833,4.171818980953917,0.9871152674945242,0.9871152674945242,4.362769747045601,0,1,True,125,0.9871152674945242
g_native,165,eval:165,Sr4In2Th2,not_converged,False,False,False,False,8,3,250.87328278139594,31.359160347674493,6.911544302654048,1.8816333144217279,1.4632735955369967,1.4632735955369967,6.280220264345436,0,0,True,125,1.4632735955369967
g_native,166,eval:166,S4Sc2W,not_converged,False,False,False,False,7,3,99.2136568374949,14.173379548213557,6.728472271519379,1.5457158364009524,0.874625886207953,0.874625886207953,4.36743709502558,0,1,True,125,0.874625886207953
g_native,167,eval:167,CdErHg2,not_converged,False,False,False,False,4,3,85.46061026617213,21.36515256654303,13.22922946575455,4.050523779477706,0.7396317719653294,0.7396317719653294,3.4295997980567106,0,1,True,125,0.7396317719653294
g_native,168,eval:168,AlGaSm2,not_converged,False,True,False,True,4,3,84.58145136227655,21.14536284056914,7.802407758932278,2.527355723427826,1.3947592198036487,1.3947592198036487,4.422262347042887,0,0,True,125,1.3947592198036487
g_native,169,eval:169,P4Co2Br10Hg2,invalid_raw,False,False,False,False,18,4,474.50203967493417,26.36122442638523,5.046272325302156,2.5093009574002463,0.4111003257593967,0.4111003257593967,7.365072028422148,1,2,True,125,0.4111003257593967
g_native,170,eval:170,AlMnRu2,not_converged,False,True,False,True,4,3,86.79047827638861,21.697619569097153,5.434836230626611,2.7267931648088233,1.3350214901396873,1.3350214901396873,3.2368283360482852,0,0,True,125,1.3350214901396873
g_native,171,eval:171,F3RbAu,not_converged,False,False,False,False,5,3,124.31414453088699,24.8628289061774,4.533965766742133,2.6243817303035226,2.057020502186779,2.057020502186779,4.081300359679292,0,0,True,125,2.057020502186779
g_native,172,eval:172,O6FeBa2Os,not_converged,False,True,False,True,10,4,145.3833237084069,14.538332370840688,7.04411340958559,3.1816381556147473,0.9575238126624152,0.9575238126624152,5.119500445471154,0,1,True,125,0.9575238126624152
g_native,173,eval:173,LiYAu2,invalid_terminal,False,True,False,True,4,3,47.4308998798124,11.8577249699531,17.147024538301803,2.6318365473523793,0.5635543653972729,0.5635543653972729,3.401000792225796,0,1,True,125,0.5635543653972729
g_native,174,eval:174,Cl6K2AgSb,invalid_terminal,False,False,False,False,10,4,289.58846924609924,28.958846924609922,2.984862130345315,5.166663571239986,0.6611057061896388,0.6611057061896388,3.2255263746886995,0,1,True,125,0.6611057061896388
g_native,175,eval:175,Sb2,verified,False,True,False,True,2,1,75.1302990915056,37.5651495457528,5.382308847272397,1.8342702833771245,1.637741005378026,1.637741005378026,3.9871986936653867,0,0,True,125,1.637741005378026
g_native,176,eval:176,F12Na4Fe4,invalid_raw,False,False,False,False,20,3,426.5056842024418,21.32528421012209,2.115338619858906,2.7880687905887855,0.4235137029617332,0.4235137029617332,6.838688031177932,2,7,True,125,0.4235137029617332
g_native,177,eval:177,Cu2Ga4Sm4,not_converged,False,False,False,False,10,3,149.52736084748312,14.952736084748313,11.187697683882424,2.936660580833322,0.9666862266885531,0.9666862266885531,4.695429746928682,0,1,True,125,0.9666862266885531
g_native,178,eval:178,Pr12Pt4,invalid_raw,False,False,False,False,16,2,243.0983192155653,15.193644950972832,16.880290730143493,1.4468495241441028,0.2618786375007442,0.2618786375007442,5.770174124931717,3,5,True,125,0.2618786375007442
g_native,179,eval:179,Mg4Nd2,invalid_raw,False,False,False,False,6,2,109.37537615606972,18.229229359344952,5.855765553939477,2.884647317846593,0.4440778026429887,0.4440778026429887,4.306188077406948,1,1,True,125,0.4440778026429887
g_native,180,eval:180,Na2K2As2,not_converged,False,False,False,False,6,3,100.70292011242302,16.78382001873717,4.518437163240107,2.3553029077786585,0.7671378184457475,0.7671378184457475,4.277873065500275,0,1,True,125,0.7671378184457475
g_native,181,eval:181,O8K4Nd4,not_converged,False,False,False,False,16,3,442.3856885724124,27.649105535775774,3.2331876672629143,2.8807727574525797,1.081658915736995,1.081658915736995,6.678756007877611,0,0,True,125,1.081658915736995
g_native,182,eval:182,O12Ca4Ru4,not_converged,False,False,False,False,20,3,329.09833168746945,16.45491658437347,3.8175174305922597,3.1005636946675326,0.8319786262001041,0.8319786262001041,6.297450846673425,0,1,True,125,0.8319786262001041
g_native,183,eval:183,Pr6Hg2,not_converged,False,False,False,False,8,2,123.66566937744301,15.458208672180376,16.739253657110535,3.158128291218099,0.9179442124595757,0.9179442124595757,4.5250957558272935,0,1,True,125,0.9179442124595757
g_native,184,eval:184,H3Li6F6Cl3,invalid_raw,False,False,False,False,18,4,261.1949579180945,14.510830995449693,1.6848518194987854,5.105360378377918,0.29581671945071164,0.29581671945071164,4.292365358027988,1,2,True,125,0.29581671945071164
g_native,185,eval:185,NiGa3Lu,not_converged,False,True,False,True,5,3,146.09770845028962,29.219541690057923,5.03317626497365,3.240620885729291,1.8733205003186493,1.8733205003186493,5.311386788055371,0,0,True,125,1.8733205003186493
g_native,186,eval:186,Co2Ge2Tb2,invalid_raw,False,False,False,False,6,3,150.54679041433945,25.09113173572324,6.4084286544445845,2.191954854098247,0.4514237177627013,0.4514237177627013,4.765070147461856,1,2,True,125,0.4514237177627013
g_native,187,eval:187,Cd2CeTl,not_converged,False,False,False,False,4,3,132.9199566249735,33.22998915624338,7.112402712896139,2.1331203724904184,1.7187927017214188,1.7187927017214188,4.964484641917153,0,0,True,125,1.7187927017214188
g_native,188,eval:188,O8BaLa2Os,invalid_raw,False,False,False,False,12,4,241.86283089075965,20.155235907563306,5.034994998981343,3.1157689077491897,0.46383335655105384,0.46383335655105384,5.368509926728713,1,2,True,125,0.46383335655105384
g_native,189,eval:189,H4Hg2,invalid_raw,False,False,False,False,6,2,111.00115492705469,18.500192487842448,6.0618284392439445,2.4164113061808683,0.17938952663791874,0.17938952663791874,3.8751814552998987,1,1,True,125,0.17938952663791874
g_native,190,eval:190,Cl6KRb2Sb,not_converged,False,True,False,True,10,4,586.2850805175746,58.62850805175746,1.5422246143128462,2.812505740793803,1.1921854010917343,1.1921854010917343,8.386960608617972,0,0,True,125,1.1921854010917343
g_native,191,eval:191,Li4O8P2Co2,invalid_raw,False,False,False,False,16,4,91.22523245282439,5.701577028301524,6.108312914256247,1.7772617103541763,0.24209221091228644,0.24209221091228644,3.5207817189460022,2,6,True,125,0.24209221091228644
g_native,192,eval:192,Cl6K2AsCs,verified,False,False,False,False,10,4,325.16461863420693,32.516461863420695,2.546956063667637,4.143947379739197,1.1648861729789926,1.1648861729789926,6.24606084614932,0,0,True,125,1.1648861729789926
g_native,193,eval:193,F6CaTe,not_converged,False,True,False,True,8,3,173.6225861291412,21.70282326614265,2.6938972880012995,2.814318530267423,1.0363640331164592,1.0363640331164592,5.279597192879205,0,0,True,125,1.0363640331164592
g_native,194,eval:194,Si2Ti4As2,invalid_raw,False,False,False,False,8,3,186.62912006347034,23.328640007933792,3.53661165606763,4.716051000975552,0.4089614246547969,0.4089614246547969,4.252897837609951,1,1,True,125,0.4089614246547969
g_native,195,eval:195,Co2Sn2Ce2,not_converged,False,False,False,False,6,3,164.30879307016897,27.38479884502816,6.422681917498242,2.727339177863038,1.169980389250657,1.169980389250657,5.231963836229951,0,0,True,125,1.169980389250657
g_native,196,eval:196,Al4Fe8,invalid_terminal,False,False,False,False,12,2,178.78579733584036,14.898816444653363,5.151852344026631,4.8977088973905785,0.7445959389332858,0.7445959389332858,3.4487352847392336,0,1,True,125,0.7445959389332858
g_native,197,eval:197,O4Pd2Ba2,not_converged,False,True,False,True,8,3,101.776337908972,12.7220422386215,8.997900352052374,3.871509991780991,1.3157344846243262,1.3157344846243262,2.828003224104751,0,0,True,125,1.3157344846243262
g_native,198,eval:198,F14In4Cs2,verified,False,False,False,False,20,3,561.7557416537194,28.08778708268597,2.929555741560673,1.8230841017255153,1.1882078082930259,1.1882078082930259,6.596207097274082,0,0,True,125,1.1882078082930259
g_native,199,eval:199,Li4O8Cr3Co,invalid_terminal,False,False,False,False,16,4,78.53787223217235,4.908617014510772,7.83736250789072,1.4128031947184685,0.7261683709725127,0.7261683709725127,3.8219765674792807,0,5,True,125,0.7261683709725127
g_native,200,eval:200,Li2F10S2,invalid_terminal,False,False,False,False,14,3,230.81899323066054,16.487070945047183,1.927995069214565,3.9926490580004264,0.529628173199486,0.529628173199486,6.433359236099834,0,3,True,125,0.529628173199486
g_native,201,eval:201,Ho3Ir,verified,False,True,False,True,4,2,75.6173338267019,18.904333456675474,15.086535043137571,1.5083036399960896,1.4354742752715988,1.4354742752715988,4.0644055645414365,0,0,True,125,1.4354742752715988
g_native,202,eval:202,AlNiRh5,invalid_terminal,False,False,False,False,7,3,47.084323708528274,6.726331958361182,21.1675461950697,7.060035175196753,0.9083214524207263,0.9083214524207263,2.602829852811485,0,2,True,125,0.9083214524207263
g_native,203,eval:203,Mg4Pb2,verified,False,True,False,True,6,2,146.65972098642527,24.44328683107088,5.792762944997878,3.6260144425752934,1.257248067988674,1.257248067988674,3.3251890252203506,0,0,True,125,1.257248067988674
g_native,204,eval:204,Pd3Gd,not_converged,False,False,False,False,4,2,152.67504213916803,38.16876053479201,5.1826641705086605,3.4776648854748187,1.752838924992725,1.752838924992725,3.7761305389942312,0,0,True,125,1.752838924992725
g_native,205,eval:205,O12Mn2Fe2Sr4,invalid_terminal,False,False,False,False,20,4,246.1039244724197,12.305196223620985,5.1552059885533525,3.9315930376778314,0.8774043025793867,0.8774043025793867,4.553869932422251,0,2,True,125,0.8774043025793867
g_native,206,eval:206,Co2Ga10Dy6,invalid_raw,False,False,False,False,18,3,367.03907990810467,20.391059994894704,8.098660745659178,2.2099280133861803,0.34110512488025974,0.34110512488025974,6.611392196805057,1,2,True,125,0.34110512488025974
g_native,207,eval:207,O7NaK3Nb2,invalid_terminal,False,False,False,False,13,4,74.66778539523831,5.743675799633716,9.742768158740422,3.024521418741077,0.5227881870495555,0.5227881870495555,3.2651460841470823,0,4,True,125,0.5227881870495555
g_native,208,eval:208,S8Ag4W2,invalid_terminal,False,False,False,False,14,3,335.07563650624235,23.93397403616017,5.2316126120806485,2.46884561071007,0.8960915462362009,0.8960915462362009,6.604249090777197,0,2,True,125,0.8960915462362009
g_native,209,eval:209,O12Sm4Lu4,invalid_terminal,False,False,False,False,20,3,255.52699080253376,12.776349540126688,9.70419723097387,3.104401090159312,0.6475922112161465,0.6475922112161465,5.145071270834276,0,3,True,125,0.6475922112161465
g_native,210,eval:210,O6As2Ag2,verified,False,False,False,False,10,3,189.56493616025085,18.956493616025085,4.0432845637498165,1.9534635086406849,1.1434968215984018,1.1434968215984018,5.795656320776114,0,0,True,125,1.1434968215984018
g_native,211,eval:211,CuGaPr2Pt2,not_converged,False,True,False,True,6,4,68.04844372093314,11.34140728682219,19.65001445298545,6.099276147065764,1.1848819706170175,1.1848819706170175,2.8084669749759517,0,0,True,125,1.1848819706170175
g_native,212,eval:212,O8Nb4,invalid_terminal,False,False,False,False,12,2,96.3589809889733,8.029915082414442,8.609884782174674,2.65485105119226,0.5805560218922086,0.5805560218922086,3.8583707171948687,0,4,True,125,0.5805560218922086
g_native,213,eval:213,Ca4As2Sb2,verified,False,True,False,True,8,3,168.44770388013706,21.055962985017132,5.458069647905611,2.9478298840337835,1.358704891366185,1.358704891366185,5.311345011131865,0,0,True,125,1.358704891366185
g_native,214,eval:214,NaSb4Tm,not_converged,False,True,False,True,6,3,318.8506206249563,53.141770104159384,3.5359699479298676,2.439932946044547,1.4782970243364473,1.4782970243364473,6.6173881012418745,0,0,True,125,1.4782970243364473
g_native,215,eval:215,LiAg2Cd,not_converged,False,True,False,True,4,3,60.070867238329434,15.017716809582359,9.262849107153352,1.9188853613111574,1.7224770243955176,1.7224770243955176,3.5347540578511936,0,0,True,125,1.7224770243955176
g_native,216,eval:216,Li6F8Cs2,invalid_terminal,False,False,False,False,16,3,416.6412428613295,26.040077678833093,1.8311315522900589,2.3101821534447127,0.7270928891260506,0.7270928891260506,5.813661102554326,0,2,True,125,0.7270928891260506
g_native,217,eval:217,Ge2Ru2Dy,invalid_terminal,False,False,False,False,5,3,89.61345824520342,17.922691649040683,9.448827189815475,3.884604234555812,0.5743288233850135,0.5743288233850135,3.5002338271393976,0,3,True,125,0.5743288233850135
g_native,218,eval:218,S2KLa,not_converged,False,False,False,False,4,3,89.20518354295855,22.301295885739638,4.507278259614957,2.083449877481685,1.0587393107051202,1.0587393107051202,4.198685178882165,0,0,True,125,1.0587393107051202
g_native,219,eval:219,B4Fe8Rb4,invalid_terminal,False,False,False,False,16,3,114.28415253323554,7.142759533327221,12.087076270123871,2.424807001855558,0.8922611793084212,0.8922611793084212,3.36221595406954,0,4,True,125,0.8922611793084212
g_native,220,eval:220,NaSe2Sm,verified,False,True,False,True,4,3,168.00739993014656,42.00184998253664,3.2741795522204455,1.89562319948986,1.5579771331258137,1.5579771331258137,5.220971067589293,0,0,True,125,1.5579771331258137
g_native,221,eval:221,O6Sr2AgOs,not_converged,False,False,False,False,10,4,211.62913281937202,21.1629132819372,4.467259930956653,5.007624366434134,1.4776863336928756,1.4776863336928756,5.978651808083604,0,0,True,125,1.4776863336928756
g_native,222,eval:222,O8Na4V4,verified,False,False,False,False,16,3,165.88502705415925,10.367814190884953,4.241516464524678,1.5082012793190012,1.0238417253292753,1.0238417253292753,5.08583781895737,0,0,True,125,1.0238417253292753
g_native,223,eval:223,Ni3Ge,not_converged,False,False,False,False,4,2,45.93161250731816,11.48290312682954,8.991837782458902,2.1849005952520324,1.6093766992649101,1.6093766992649101,3.0874785087460173,0,0,True,125,1.6093766992649101
g_native,224,eval:224,Al8Cu4Ho,verified,False,False,False,False,13,3,298.4682744756217,22.959098036586283,3.532659861293971,3.2069459437115366,0.8127462958698782,0.8127462958698782,5.336453807249362,0,1,True,125,0.8127462958698782
g_native,225,eval:225,Mg2Ag4,not_converged,False,True,False,True,6,2,145.80200761999853,24.300334603333088,5.467663015179013,1.789243081289534,1.8060452969561052,1.8060452969561052,4.415526600496794,0,0,True,125,1.8060452969561052
g_native,226,eval:226,Si2Ti2Sr,not_converged,False,False,False,False,5,3,95.99922071365698,19.199844142731397,4.143165089993088,2.178840515475192,1.2925833681088503,1.2925833681088503,3.6623276646819853,0,0,True,125,1.2925833681088503
g_native,227,eval:227,O12KSr2Sb3Ba2,invalid_raw,False,False,False,False,20,5,459.54585060165624,22.977292530082813,3.780610945122293,3.871050484013628,0.34848966085891026,0.34848966085891026,5.146246996181446,1,2,True,125,0.34848966085891026
g_native,228,eval:228,Nd2Hg6,verified,False,True,False,True,8,2,244.18177040402477,30.522721300503097,10.146392731142067,3.138476934986789,1.3334875789810487,1.3334875789810487,5.7570103308975265,0,0,True,125,1.3334875789810487
g_native,229,eval:229,O12Ca2Sr4Tl2,not_converged,False,False,False,False,20,4,477.8278628940742,23.89139314470371,3.584287329831166,2.598206383839223,0.8714571397744493,0.8714571397744493,6.976190122657598,0,1,True,125,0.8714571397744493
g_native,230,eval:230,Li6AlAs2In,invalid_terminal,False,False,False,False,10,4,253.58350255979317,25.358350255979317,2.1824723032707474,2.7416970685747954,0.8451885861326,0.8451885861326,5.30429622755453,0,1,True,125,0.8451885861326
g_native,231,eval:231,O6FeCuBaW,verified,False,False,False,False,10,5,80.62538872042505,8.062538872042506,11.050731744632335,5.325881639744249,0.7411311780833728,0.7411311780833728,2.157687390180471,0,2,True,125,0.7411311780833728
g_native,232,eval:232,Ga3Pd3Au3,not_converged,False,False,False,False,9,3,169.509643155785,18.834404795087224,10.965093263939961,4.482328745863213,0.7574021394262325,0.7574021394262325,5.048051050064229,0,1,True,125,0.7574021394262325
g_native,233,eval:233,ZnTm2Ir,invalid_terminal,False,False,False,False,4,3,119.79084990550476,29.94771247637619,8.25473522503882,3.523625802110249,0.6301159063472324,0.6301159063472324,4.502048566431275,0,1,True,125,0.6301159063472324
g_native,234,eval:234,Y6Ir2,not_converged,False,False,False,False,8,2,245.51852225754175,30.68981528219272,6.207912480738156,2.5774453753510853,1.1428358481597283,1.1428358481597283,5.814170530183672,0,0,True,125,1.1428358481597283
g_native,235,eval:235,CNZr2,verified,False,False,False,False,4,3,52.1954318738621,13.048857968465525,6.632092662265041,6.2805268726607855,1.268389758507829,1.268389758507829,2.6877443716935456,0,0,True,125,1.268389758507829
g_native,236,eval:236,Na2Br6Th,invalid_terminal,False,False,False,False,9,3,537.0478749551816,59.671986106131286,2.341991140327664,3.20273115912082,0.832914608568673,0.832914608568673,5.423568899460372,0,1,True,125,0.832914608568673
g_native,237,eval:237,O8Ti2Tb2,not_converged,False,False,False,False,12,3,289.6114777023055,24.134289808525455,3.1052449604906047,3.593737371809214,0.9720200173654968,0.9720200173654968,4.973441537556011,0,1,True,125,0.9720200173654968
g_native,238,eval:238,Mg3In3Nd3,invalid_terminal,False,False,False,False,9,3,243.73139215512614,27.081265795014016,5.7916870918411885,1.569228986910001,0.5200359361738818,0.5200359361738818,5.382061503042256,0,1,True,125,0.5200359361738818
g_native,239,eval:239,Nd4Pt8,invalid_raw,False,False,False,False,12,2,118.45261913976175,9.871051594980147,29.966705304663837,1.9057553411784875,0.2849686452329004,0.2849686452329004,4.913243859889222,1,2,True,125,0.2849686452329004
g_native,240,eval:240,AlMn2Ir,invalid_terminal,True,True,True,True,4,3,67.49816268446348,16.87454067111587,8.095646679623828,4.679821335688169,0.7921573136875019,0.7921573136875019,3.3496563658965894,0,1,True,125,0.7921573136875019
g_native,241,eval:241,Al3FeTb2,invalid_terminal,False,False,False,False,6,3,72.34000389026757,12.056667315044594,10.43610678791835,2.856023543899655,0.753552185695784,0.753552185695784,3.1971641154621033,0,2,True,125,0.753552185695784
g_native,242,eval:242,Fe6Zr6,not_converged,False,False,False,False,12,2,347.6328856816691,28.969407140139094,4.215029648422118,1.5045420585687284,0.9983637757136592,0.9983637757136592,6.798157095448627,0,1,True,125,0.9983637757136592
g_native,243,eval:243,C4Mg2Cr4,invalid_raw,False,False,False,False,10,3,152.80553571892455,15.280553571892455,3.3104950639362727,2.381613463757289,0.47627319806307716,0.47627319806307716,4.748195864240635,1,3,True,125,0.47627319806307716
g_native,244,eval:244,OF11V3Ba2,invalid_terminal,False,False,False,False,17,4,192.26802589612066,11.309883876242392,5.635028866379966,4.112729946618901,0.6480891400618135,0.6480891400618135,4.424826174529525,0,3,True,125,0.6480891400618135
g_native,245,eval:245,In6Yb2,verified,False,False,False,False,8,2,242.39038367062614,30.298797958828267,7.0903720743211665,3.7978721778331987,1.621449525612912,1.621449525612912,5.7018620401064375,0,0,True,125,1.621449525612912
g_native,246,eval:246,Co6Ge6Tm,invalid_raw,False,False,False,False,13,3,255.2346763887695,19.63343664528996,6.2351106064266375,4.073473375011856,0.24431784133053697,0.24431784133053697,5.202185668788822,1,1,True,125,0.24431784133053697
g_native,247,eval:247,Li4S8Cu2Er2,invalid_terminal,False,False,False,False,16,4,296.0424756205111,18.502654726281943,4.183812217981351,2.3095480159098907,0.7216307209163499,0.7216307209163499,5.8048376820669185,0,3,True,125,0.7216307209163499
g_native,248,eval:248,S8Fe4Cu2,not_converged,False,False,False,False,14,3,344.31314651624285,24.593796179731633,2.9273756733134735,2.2788703848928242,1.2423071150767286,1.2423071150767286,5.19635408151741,0,0,True,125,1.2423071150767286
g_native,249,eval:249,Li2C10N4,not_converged,False,False,False,False,16,3,230.15006873751872,14.38437929609492,1.370969215443103,2.957930671102654,0.7811868315127145,0.7811868315127145,4.795592169714062,0,2,True,125,0.7811868315127145
g_native,250,eval:250,Ba6Pt2,invalid_terminal,False,False,False,False,8,2,126.0954158208991,15.761926977612388,15.988767583705508,5.133928570865324,0.8335417724494176,0.8335417724494176,4.0574140589780425,0,1,True,125,0.8335417724494176
g_native,251,eval:251,C2Si6La8,invalid_terminal,False,False,False,False,16,3,140.71938539110099,8.794961586943812,15.385048498064128,3.2748405533274703,0.6201116317345842,0.6201116317345842,4.240606533685557,0,4,True,125,0.6201116317345842
g_native,252,eval:252,Zn2PdHo,not_converged,True,True,True,True,4,3,101.37594776986418,25.343986942466046,6.587521215830352,2.5135613829267336,1.5409438492204832,1.5409438492204832,3.86432520557853,0,0,True,125,1.5409438492204832
g_native,253,eval:253,CaPd2Yb,not_converged,False,False,False,False,4,3,111.60335286241745,27.900838215604363,6.3378015228877,2.2307929415526258,1.3719299045710631,1.3719299045710631,4.169631906212407,0,0,True,125,1.3719299045710631
g_native,254,eval:254,O12V4Tl4,verified,False,False,False,False,20,3,386.5403504343655,19.327017521718275,5.2121822803990705,2.3672465493706363,0.9163964444303959,0.9163964444303959,6.844763150852636,0,1,True,125,0.9163964444303959
g_native,255,eval:255,Pd2Sb6Nd2,verified,False,True,False,True,10,3,292.8161038439004,29.281610384390042,6.985925571258794,1.721888234177782,0.9545591367071907,0.9545591367071907,5.566619443255741,0,1,True,125,0.9545591367071907
g_tau,0,eval:0,O8K8Zn4,not_converged,False,True,False,True,20,3,387.8622389016134,19.39311194508067,3.007232333754675,1.5055017784641387,1.8694119761621768,1.8694119761621768,6.3558640480041495,0,0,True,125,1.8694119761621768
g_tau,1,eval:1,PrPu,verified,False,False,False,False,2,2,69.17195983268618,34.58597991634309,9.240076346025063,2.2208254968902326,3.607752029933491,3.607752029933491,3.661629438400269,0,0,True,245,3.607752029933491
g_tau,2,eval:2,O4MgZnSr,not_converged,False,False,False,False,7,4,96.44414460336394,13.777734943337705,4.155156867772218,1.9068125920435248,2.038565335124157,2.038565335124157,3.1633234024047847,0,0,True,125,2.038565335124157
g_tau,3,eval:3,O7Cu2Sr2Ba2,verified,False,True,False,True,13,4,206.50746596854327,15.885189689887945,5.540144467467645,3.3190749044524175,1.9716459124606005,1.9716459124606005,3.9261925220489498,0,0,True,125,1.9716459124606005
g_tau,4,eval:4,P4Se8Ag4,verified,False,True,False,True,16,3,413.8307411879401,25.864421324246255,4.763153457061014,9.835569603857161,2.5952782681582285,2.5952782681582285,3.8846480846405025,0,0,True,125,2.5952782681582285
g_tau,5,eval:5,O8Cr4Ag4,not_converged,False,False,False,False,16,3,235.10180947890015,14.69386309243126,5.4205652214272,1.301640323099002,1.735456153844634,1.735456153844634,5.555659294128418,0,0,True,125,1.735456153844634
g_tau,6,eval:6,Cu3In3Pr3,not_converged,True,True,False,False,9,3,211.84666094389536,23.53851788265504,7.507737605879682,2.2147281376490904,2.8288313142546846,2.8288313142546846,4.203344345092773,0,0,True,125,2.8288313142546846
g_tau,7,eval:7,S8Cu4Ho4,verified,False,True,False,True,16,3,380.0613184880727,23.753832405504543,5.113745617964636,8.273149494647386,2.369840898749482,2.369840898749482,4.161423206329346,0,0,True,125,2.369840898749482
g_tau,8,eval:8,Ni4Sn8,verified,False,True,False,True,12,2,299.3518025954973,24.945983549624774,6.570301091631354,4.749652487641118,2.418162373516377,2.418162373516377,3.9283392429351807,0,0,True,125,2.418162373516377
g_tau,9,eval:9,O8KBa3Bi3,verified,False,False,False,False,15,4,330.78428820609145,22.052285880406096,6.054205886390908,1.99759151690007,2.120075436549194,2.120075436549194,7.512020587921143,0,0,True,125,2.120075436549194
g_tau,10,eval:10,Cu2In2Ce2,not_converged,False,True,False,True,6,3,143.97585793714367,23.995976322857278,7.34634944369146,2.2658434264215424,2.7200635888453277,2.7200635888453277,3.6410322189331055,0,0,True,125,2.7200635888453277
g_tau,11,eval:11,O2P2As2,verified,False,False,False,False,6,3,250.2427258503629,41.707120975060484,1.6177174671278511,4.193506185706192,2.2275878693211077,2.2275878693211077,3.7697532176971436,0,0,True,125,2.2275878693211077
g_tau,12,eval:12,CuPd,verified,True,True,False,False,2,2,26.052298249423878,13.026149124711939,10.833408257944265,1.0168600824530416,2.5508995208765923,2.5508995208765923,2.9499149322509766,0,0,True,125,2.5508995208765923
g_tau,13,eval:13,NaCl,not_converged,False,True,False,True,2,2,45.34739266123994,22.67369633061997,2.14006794778037,2.0383590738739343,2.8172514929764714,2.8172514929764714,3.9455516651888267,0,0,True,125,2.8172514929764714
g_tau,14,eval:14,O8P2Co2,not_converged,False,False,False,False,12,3,191.152314871012,15.929359572584334,2.6739360137879506,2.0773893072108645,1.5146043955022077,1.5146043955022077,5.2309489250183105,0,0,True,125,1.5146043955022077
g_tau,15,eval:15,Si6Cr2Y,not_converged,False,False,False,False,9,3,135.8004552179914,15.088939468665712,4.419257407219775,1.9516678393264097,2.319849345437561,2.319849345437561,4.11672830581665,0,0,True,125,2.319849345437561
g_tau,16,eval:16,Sb6Yb8,verified,False,False,False,False,14,2,448.60906038518704,32.04350431322764,7.828287859713874,1.9945397576140578,3.2117607284653333,3.2117607284653333,8.319262504577637,0,0,True,125,3.2117607284653333
g_tau,17,eval:17,P4Cu4Sr4,not_converged,False,True,False,False,12,3,272.6128322407163,22.71773602005969,4.437798292857522,5.879633641977749,2.4119346446530834,2.4119346446530834,4.196653842926025,0,0,True,125,2.4119346446530834
g_tau,18,eval:18,Li4NTe,not_converged,False,False,False,False,6,3,89.69625981348378,14.949376635580629,3.1355450569758276,1.6223859620534091,2.1843859111007426,2.1843859111007426,3.8079006671905518,0,0,True,125,2.1843859111007426
g_tau,19,eval:19,O3F9Mn6,not_converged,False,True,False,True,18,3,239.01493326382501,13.278607403545834,3.8114431179129085,4.651931016576523,1.9268288294364364,1.9268288294364364,3.1737256050109868,0,0,True,125,1.9268288294364364
g_tau,20,eval:20,O6NaZnBaOs,not_converged,False,True,False,True,10,5,132.49380725281773,13.249380725281773,6.4162740504385125,2.001655713606278,1.932710659800017,1.932710659800017,5.707154750823975,0,0,True,125,1.932710659800017
g_tau,21,eval:21,YPd3,verified,False,True,False,False,4,2,72.75218019312841,18.188045048282103,9.316220321889581,1.008214023488296,2.940001155841239,2.940001155841239,4.165762424468994,0,0,True,125,2.940001155841239
g_tau,22,eval:22,LiF2Te,verified,False,False,False,False,4,3,146.78317056699632,36.69579264174908,1.9518979382033277,2.9881864936812645,1.814836117598444,1.814836117598444,3.632426261901856,0,0,True,125,1.814836117598444
g_tau,23,eval:23,H8Li8C4,not_converged,False,False,False,False,20,3,188.00047647116773,9.400023823558387,0.9860248921324146,3.250906309249622,1.1116078783783627,1.1116078783783627,3.2937612533569336,0,0,True,125,1.1116078783783627
g_tau,24,eval:24,O8Ti2Gd4,verified,False,False,False,False,14,3,196.61348146481583,14.043820104629702,7.201897546806613,6.351332946640571,1.689527290327326,1.689527290327326,3.612960577011109,0,0,True,125,1.689527290327326
g_tau,25,eval:25,F6S3Y4,not_converged,False,False,False,False,13,3,269.7128836927988,20.747144899446063,3.4835104487576305,2.9757003744995427,2.1725292891522745,2.1725292891522745,3.954784870147705,0,0,True,125,2.1725292891522745
g_tau,26,eval:26,O6Ba2PrTa,verified,False,True,False,False,10,4,167.57738248443528,16.757738248443527,6.862102352768111,2.0086882584842254,1.9977030173756523,1.9977030173756523,6.150912761688232,0,0,True,125,1.9977030173756523
g_tau,27,eval:27,Li4Si8Cs4,verified,False,True,False,True,16,3,476.9615698077375,29.810098112983592,2.7297346974645595,3.0687408342040654,2.2122593075492656,2.2122593075492656,4.362138271331787,0,0,True,125,2.2122593075492656
g_tau,28,eval:28,Li2O12Gd4Ta2,not_converged,False,True,False,True,20,4,248.95610982696377,12.447805491348188,7.982468355639134,1.4264740088456995,1.9844472246025446,1.9844472246025446,5.502545356750488,0,0,True,125,1.9844472246025446
g_tau,29,eval:29,O8Rb4Mo2,not_converged,False,True,False,True,14,3,343.90419638226825,24.564585455876305,3.1952379788947742,1.2924189466796117,1.693378701252504,1.693378701252504,6.421050548553467,0,0,True,125,1.693378701252504
g_tau,30,eval:30,Si6Co8Ba4,not_converged,False,False,False,False,18,3,380.71306959145943,21.150726088414412,5.187257680387831,3.757615849877159,1.7355146428450778,1.7355146428450778,4.085769176483154,0,0,True,125,1.7355146428450778
g_tau,31,eval:31,CuPdBi,not_converged,False,False,False,False,3,3,65.46125508910357,21.820418363034523,9.612637284312832,1.9856925031183208,2.7513687398285227,2.7513687398285227,4.500580787658691,0,0,True,125,2.7513687398285227
g_tau,32,eval:32,O8NaV2Fe,verified,False,False,False,False,12,4,155.9989354368799,12.999911286406657,3.28611182133961,1.9853799275888506,1.5767796732774937,1.5767796732774937,6.011563777923584,0,0,True,125,1.5767796732774937
g_tau,33,eval:33,NaAu2Tl,not_converged,False,True,False,True,4,3,85.6081421152696,21.4020355288174,12.05146150841996,1.995736748249102,3.0151824982470132,3.0151824982470132,4.928404331207275,0,0,True,125,3.0151824982470132
g_tau,34,eval:34,MgGa3,verified,False,True,False,False,4,2,76.42131695130317,19.105329237825792,5.073096270801145,1.0092765025450847,2.9880257949890194,2.9880257949890194,4.220117092132568,0,0,True,125,2.9880257949890194
g_tau,35,eval:35,NiGa3Tb,verified,True,True,True,True,5,3,94.30109265536971,18.860218531073944,7.5152653279565085,1.924817740021618,2.3207985901050736,2.3207985901050736,4.264181137084961,0,0,True,125,2.3207985901050736
g_tau,36,eval:36,O8AlKMo2,not_converged,False,False,False,False,12,4,173.70160693132436,14.475133910943697,3.689622858813264,3.028402423995749,1.789982592046811,1.789982592046811,3.9135189056396484,0,0,True,125,1.789982592046811
g_tau,37,eval:37,C4Mn2Ta2,not_converged,False,False,False,False,8,3,81.13292618705641,10.141615773382052,10.638991766744786,2.920568836151294,2.1300167047362004,2.1300167047362004,3.036319494247436,0,0,True,125,2.1300167047362004
g_tau,38,eval:38,Co9Y3,not_converged,True,True,True,True,12,2,172.88712580923075,14.407260484102563,7.656109492715445,2.569668928114512,2.4279205802130033,2.4279205802130033,4.945603370666504,0,0,True,125,2.4279205802130033
g_tau,39,eval:39,Si2AsBaTl,verified,False,False,False,False,5,4,132.45620117457705,26.49124023491541,5.927300339959188,1.495112775275337,2.5588323008815976,2.5588323008815976,4.1629252433776855,0,0,True,125,2.5588323008815976
g_tau,40,eval:40,O6Sr2InTa,not_converged,False,False,False,False,10,4,168.39051675223814,16.839051675223814,5.591344779686103,1.7045799125057963,1.846425165116515,1.846425165116515,4.158691883087158,0,0,True,125,1.846425165116515
g_tau,41,eval:41,In3Pr3Tl3,verified,False,True,False,True,9,3,281.06358422861183,31.229287136512426,8.155046714403165,2.54232388641709,2.664902708225548,2.664902708225548,4.765768527984619,0,0,True,125,2.664902708225548
g_tau,42,eval:42,H3N2Br,not_converged,False,False,False,False,6,3,75.9997432091452,12.666623868190866,2.4239848995186795,1.1154618286804565,0.9113628655282506,0.9113628655282506,4.021788597106933,0,2,True,125,0.9113628655282506
g_tau,43,eval:43,O8Eu4,verified,False,True,False,True,12,2,177.62500640925157,14.80208386743763,6.879153388961379,4.732661915308347,2.362029079413369,2.362029079413369,3.8888235092163086,0,0,True,125,2.362029079413369
g_tau,44,eval:44,Li2P4FeTe,not_converged,False,False,False,False,8,4,141.33044491882782,17.666305614853478,3.774146186715934,1.8957474036592235,2.1242312951863584,2.1242312951863584,5.5898699760437,0,0,True,125,2.1242312951863584
g_tau,45,eval:45,S4Nb2Ag2,not_converged,False,False,False,False,8,3,150.5035964578268,18.81294955722835,5.845500232076205,5.568497266998149,2.5618749252422854,2.5618749252422854,3.5223627090454097,0,0,True,125,2.5618749252422854
g_tau,46,eval:46,Bi6Th2,not_converged,True,True,True,True,8,2,259.78471149282257,32.47308893660282,10.981159056148439,2.010451982330405,3.5569688619128286,3.5569688619128286,5.047643661499023,0,0,True,125,3.5569688619128286
g_tau,47,eval:47,F6K2YIn,not_converged,False,False,False,False,10,4,241.73512764514342,24.173512764514342,2.7196108054400536,2.0093520994222818,2.220593858769746,2.220593858769746,6.96759033203125,0,0,True,125,2.220593858769746
g_tau,48,eval:48,Li2O8Fe2Rh2,not_converged,False,False,False,False,14,4,151.2937341743377,10.806695298166977,5.041950029241701,1.9761414936456712,1.9054862360851201,1.9054862360851201,5.9303812980651855,0,0,True,125,1.9054862360851201
g_tau,49,eval:49,C2K2Lu2,verified,False,False,False,False,6,3,156.9572861168996,26.159547686149935,4.783569330334406,5.1901338056626685,2.4373876162192216,2.4373876162192216,3.652377843856812,0,0,True,125,2.4373876162192216
g_tau,50,eval:50,N2Mg2S,not_converged,False,False,False,False,5,3,71.46266769622783,14.292533539245564,2.5255331224610047,1.9665000237882102,2.016617728940624,2.016617728940624,3.5383059978485107,0,0,True,125,2.016617728940624
g_tau,51,eval:51,B4Rh4Dy2,not_converged,False,True,False,True,10,3,154.76635617903938,15.476635617903938,8.367438451642387,1.905037035048383,2.073352512969036,2.073352512969036,5.613453388214111,0,0,True,125,2.073352512969036
g_tau,52,eval:52,Li2O8Mn3Fe,not_converged,False,False,False,False,14,4,144.92720249790972,10.35194303556498,4.153849221909653,2.788201320580572,1.7387763776341394,1.7387763776341394,2.9308547973632817,0,0,True,125,1.7387763776341394
g_tau,53,eval:53,Ge12Hf4,not_converged,False,True,False,True,16,2,327.29547509471536,20.45596719341971,8.044771058327832,5.960642066751684,2.666312183623773,2.666312183623773,3.7363641262054443,0,0,True,125,2.666312183623773
g_tau,54,eval:54,Zn2Sn8Tm2,verified,False,True,False,True,12,3,300.2104121449732,25.017534345414433,7.845340320928708,3.34304325791868,2.3724264115028166,2.3724264115028166,4.463536739349365,0,0,True,125,2.3724264115028166
g_tau,55,eval:55,Ni4Sn4Ce4,not_converged,False,False,False,False,12,3,521.9638750718848,43.49698958932373,4.040535318891782,15.845730057937603,3.0273839840368333,3.0273839840368333,3.6750264525945093,0,0,True,125,3.0273839840368333
g_tau,56,eval:56,O6Cl2Ba4Nd2,verified,False,False,False,False,14,4,336.3990833670575,24.028505954789818,4.959390152005455,3.102905005134968,2.2278447388743285,2.2278447388743285,3.9957478046417236,0,0,True,125,2.2278447388743285
g_tau,57,eval:57,O12Ca4Mn2Bi2,not_converged,False,True,False,True,20,4,267.08249048984794,13.354124524492397,5.472128321507845,1.4137472313196928,1.9600135593915509,1.9600135593915509,5.668932914733887,0,0,True,125,1.9600135593915509
g_tau,58,eval:58,Sn5U,not_converged,False,True,False,True,6,2,164.33880501218636,27.389800835364394,8.402575806202611,1.7897030437323045,3.3196291172970223,3.3196291172970223,4.700410842895508,0,0,True,125,3.3196291172970223
g_tau,59,eval:59,Ni4Sn2Au12,verified,False,True,False,True,18,3,313.8073554992401,17.433741972180005,15.005843645605273,2.267251734733847,2.4477693307198276,2.4477693307198276,5.390727996826172,0,0,True,125,2.4477693307198276
g_tau,60,eval:60,N2I2,verified,True,True,True,True,4,2,170.52808644290815,42.63202161072704,2.7442811044930355,1.8017853494878373,1.3047946510487411,1.3047946510487411,4.591238975524902,0,0,True,125,1.3047946510487411
g_tau,61,eval:61,O4Br2Ta2,not_converged,False,False,False,False,8,3,152.91978069517157,19.114972586896446,6.36006659975193,2.9088041242589835,1.8689524874919285,1.8689524874919285,3.7376236915588383,0,0,True,125,1.8689524874919285
g_tau,62,eval:62,S8Zn2In4,verified,False,True,False,True,14,3,345.2626776710123,24.661619833643734,4.071766426239059,3.4228723665536815,2.24302972144109,2.24302972144109,4.004429340362549,0,0,True,125,2.24302972144109
g_tau,63,eval:63,Ge4Ag6Sb8,not_converged,False,True,False,True,18,3,487.6350748444577,27.09083749135876,6.510401834938965,10.315008510467718,2.7685715914541382,2.7685715914541382,4.238630746131512,0,0,True,125,2.7685715914541382
g_tau,64,eval:64,Li2O8Na3CuLa2,not_converged,False,False,False,False,16,5,221.02397782914446,13.813998614321529,4.148669329254215,3.6068549781818966,1.9596143928382437,1.9596143928382437,3.9318284988403316,0,0,True,125,1.9596143928382437
g_tau,65,eval:65,Mg5Er,verified,False,True,False,True,6,2,146.04940639690994,24.341567732818323,3.283389680515403,2.0238883995087718,3.2194312090401587,3.2194312090401587,5.5836591720581055,0,0,True,125,3.2194312090401587
g_tau,66,eval:66,Li2Sb2Sm2,verified,True,True,True,True,6,3,151.44226643981463,25.240377739969105,6.119714177001192,2.391720285373155,2.68629506513219,2.68629506513219,4.653006076812745,0,0,True,125,2.68629506513219
g_tau,67,eval:67,Mg8Cu4Ce4,not_converged,False,True,False,True,16,3,375.28469867652007,23.455293667282504,4.464957008763059,4.3443016500054,2.8597855162783024,2.8597855162783024,4.414371967315674,0,0,True,125,2.8597855162783024
g_tau,68,eval:68,Na2K4As2,verified,False,True,False,True,8,3,294.21774698577667,36.777218373222084,1.9878757547767487,2.3208568520011683,3.054041167206762,3.054041167206762,5.892355918884277,0,0,True,125,3.054041167206762
g_tau,69,eval:69,H4C12Re4,not_converged,False,False,False,False,20,3,200.7968380989565,10.039841904947824,7.384786233339386,1.814793865784402,1.6722335417959797,1.6722335417959797,4.652458667755127,0,0,True,125,1.6722335417959797
g_tau,70,eval:70,ZnGe,not_converged,False,False,False,False,2,2,36.61248987803709,18.306244939018544,6.261135431342957,2.13809038368533,2.7108132621809475,2.7108132621809475,3.279867887496948,0,0,True,125,2.7108132621809475
g_tau,71,eval:71,LiAsCd,verified,False,True,False,False,3,3,68.24849191744192,22.749497305813975,4.726828290935125,2.0133655250155926,2.7865188982165505,2.7865188982165505,4.563554286956787,0,0,True,125,2.7865188982165505
g_tau,72,eval:72,F6MgSn,not_converged,False,True,False,False,8,3,120.59140976248788,15.073926220310986,3.5389547211534746,1.9810142732182938,1.9535661102048336,1.9535661102048336,5.49717903137207,0,0,True,125,1.9535661102048336
g_tau,73,eval:73,O4Cl2Bi2,verified,False,False,False,False,8,3,146.59249133713013,18.324061417141266,6.26261909023056,1.9825720825227175,2.2486877075888008,2.2486877075888008,3.811439275741577,0,0,True,125,2.2486877075888008
g_tau,74,eval:74,Cl2Ca,verified,False,False,False,False,3,2,88.25474286059041,29.418247620196805,2.088196756276873,1.3267871197424255,2.678821571478139,2.678821571478139,4.056333065032959,0,0,True,125,2.678821571478139
g_tau,75,eval:75,Cl3RbAu,not_converged,False,True,False,False,5,3,145.67049940275572,29.134099880551144,4.431965159085025,1.0031571579700436,2.621363019384815,2.621363019384815,5.254604339599609,0,0,True,125,2.621363019384815
g_tau,76,eval:76,Li2O8Ni2Sr2Hf2,not_converged,False,False,False,False,16,5,212.64360217514312,13.290225135946445,6.18071782618846,4.351927507986077,1.7970026232422256,1.7970026232422256,3.6686296463012695,0,0,True,125,1.7970026232422256
g_tau,77,eval:77,Ag2Ce,not_converged,False,True,False,False,3,2,71.11321518217017,23.70440506072339,8.30938118364707,1.7010050135100778,2.729205496569762,2.729205496569762,3.6148099899291997,0,0,True,125,2.729205496569762
g_tau,78,eval:78,C8Si6Ba4,not_converged,False,False,False,False,18,3,332.4671156743846,18.47039531524359,4.065134992740907,1.3002999148162493,1.7188176998292497,1.7188176998292497,6.103177070617676,0,0,True,125,1.7188176998292497
g_tau,79,eval:79,O12Ge4Ba4,not_converged,False,False,False,False,20,3,354.2386673327232,17.71193336663616,4.83697949349994,1.6146058160519179,1.564910925121732,1.564910925121732,5.9916348457336435,0,0,True,125,1.564910925121732
g_tau,80,eval:80,AgCe2Pt,not_converged,False,False,False,False,4,3,107.01680301260441,26.754200753151103,9.049047624883821,1.7251174201236497,2.9270703322670384,2.9270703322670384,3.955787420272827,0,0,True,125,2.9270703322670384
g_tau,81,eval:81,Ge2Pr10Pb6,verified,False,False,False,False,18,3,565.7053558699785,31.428075326109916,8.211786950693941,1.7216287641879404,3.0722705549833016,3.0722705549833016,7.358335971832275,0,0,True,125,3.0722705549833016
g_tau,82,eval:82,MgSr3,verified,False,True,False,True,4,2,197.0520725138766,49.26301812846915,2.4199121327516555,2.018006347668136,4.077572649123157,4.077572649123157,5.856525897979737,0,0,True,125,4.077572649123157
g_tau,83,eval:83,Co7Ge2Sm2,not_converged,False,False,False,False,11,3,178.25381064533198,16.20489187684836,7.997733831674044,2.4277918039391757,2.1576106416532794,2.1576106416532794,4.1505818367004395,0,0,True,125,2.1576106416532794
g_tau,84,eval:84,F6KSbCs2,not_converged,False,True,False,True,10,4,234.21838999909386,23.421838999909387,3.8331167152511005,2.3325755394092953,2.1532976852695067,2.1532976852695067,6.82990598678589,0,0,True,125,2.1532976852695067
g_tau,85,eval:85,YPtBi,not_converged,False,True,False,True,3,3,79.08336333136937,26.361121110456455,10.35105645882239,1.9802597340176555,2.930834444173969,2.930834444173969,4.783777713775635,0,0,True,125,2.930834444173969
g_tau,86,eval:86,O8Mn2Ni2,not_converged,False,False,False,False,12,3,132.87023369275292,11.072519474396076,4.439820122050967,1.9773421788206536,1.8463810340103362,1.8463810340103362,5.694769859313965,0,0,True,125,1.8463810340103362
g_tau,87,eval:87,O12KNiSr4Lu2,verified,False,False,False,False,20,5,294.2039275624353,14.710196378121765,5.588855684429224,1.4172028310592615,1.7953893117443827,1.7953893117443827,5.9100661277771,0,0,True,125,1.7953893117443827
g_tau,88,eval:88,AlAgLu2,verified,True,True,True,True,4,3,89.494622513848,22.373655628462,8.994979968468385,2.011197022965399,3.0663104737217517,3.0663104737217517,4.994066456362615,0,0,True,125,3.0663104737217517
g_tau,89,eval:89,Li2O8F2P2In4,not_converged,False,False,False,False,18,5,248.55824941863935,13.808791634368852,4.683784180539904,1.5418074807635487,1.4570288273004557,1.4570288273004557,6.112141609191894,0,0,True,125,1.4570288273004557
g_tau,90,eval:90,S2Se2Eu2,not_converged,False,False,False,False,6,3,144.83136646449358,24.1385610774156,6.030510092482325,2.078201526518905,2.9103261351632326,2.9103261351632326,4.099104404449462,0,0,True,125,2.9103261351632326
g_tau,91,eval:91,O8La2Pb2,not_converged,False,False,False,False,12,3,185.14847655090583,15.429039712575486,7.356173615399513,1.9707452698802974,2.444948992601071,2.444948992601071,5.619243621826172,0,0,True,125,2.444948992601071
g_tau,92,eval:92,O12Ca4Fe2Ho2,not_converged,False,True,False,True,20,4,256.07238968353556,12.803619484176778,5.147872337904336,1.464625331398439,1.9260728407291334,1.9260728407291334,5.5344557762146,0,0,True,125,1.9260728407291334
g_tau,93,eval:93,O2ZnSr,not_converged,False,False,False,False,4,3,58.850650712136996,14.712662678034249,5.220773034607873,1.0769226089850736,1.9733643966625707,1.9733643966625707,3.7241327762603764,0,0,True,125,1.9733643966625707
g_tau,94,eval:94,NaSc2As6Tl,verified,False,True,False,True,10,4,231.53313627982655,23.153313627982655,5.499538611992048,2.965902282004737,2.5599577022378095,2.5599577022378095,3.8421714305877686,0,0,True,125,2.5599577022378095
g_tau,95,eval:95,O6Al2In2,not_converged,False,False,False,False,10,3,115.59988839434253,11.559988839434252,5.452713909593343,5.105145304520735,1.8642717055941367,1.8642717055941367,3.274298191070556,0,0,True,125,1.8642717055941367
g_tau,96,eval:96,CaCd2Nd,verified,False,True,False,False,4,3,120.51645519134867,30.129113797837167,5.637373533001392,1.9914603478827528,3.3801869955973776,3.3801869955973776,5.524778366088867,0,0,True,125,3.3801869955973776
g_tau,97,eval:97,SrAg3,not_converged,False,True,False,True,4,2,93.53159744623547,23.382899361558867,7.300789595082901,2.003228116988173,3.1080738352534536,3.1080738352534536,5.074761867523193,0,0,True,125,3.1080738352534536
g_tau,98,eval:98,Ni6As2,not_converged,False,True,False,True,8,2,92.00869242483496,11.50108655310437,9.05997648053561,1.8636621872935057,2.4851082544398295,2.4851082544398295,3.663867235183716,0,0,True,125,2.4851082544398295
g_tau,99,eval:99,O5F8V4Mn2,not_converged,False,False,False,False,19,4,290.7852291266566,15.304485743508241,3.115817868534794,3.8396401144789833,1.7471782025910825,1.7471782025910825,3.476001024246216,0,0,True,125,1.7471782025910825
g_tau,100,eval:100,O2S8Zn2Os2,verified,False,False,False,False,14,4,274.50381112063866,19.60741508004562,4.838161722854905,2.285574014236816,1.6595105168552167,1.6595105168552167,7.0313682556152335,0,0,True,125,1.6595105168552167
g_tau,101,eval:101,LiF6K2Ag,not_converged,False,True,False,True,10,4,148.5359738796171,14.85359738796171,3.432025266103241,2.0075445783133454,2.057577930780182,2.057577930780182,5.901332855224609,0,0,True,125,2.057577930780182
g_tau,102,eval:102,V6Fe2,not_converged,False,False,False,False,8,2,107.20257622035213,13.400322027544016,6.464468839734951,1.131302858277872,2.5108433595895336,2.5108433595895336,4.446920394897461,0,0,True,125,2.5108433595895336
g_tau,103,eval:103,Sn8Yb6,verified,False,False,False,False,14,2,432.2559759652961,30.875426854664006,7.636722231320858,3.0369223692653313,3.2152210630770246,3.2152210630770246,5.201700210571289,0,0,True,125,3.2152210630770246
g_tau,104,eval:104,Cu2Zr12Sn4,not_converged,False,True,False,True,18,3,433.49335526373227,24.08296418131846,6.499070301690963,1.6568330705372694,2.2374244843625344,2.2374244843625344,6.3439245223999015,0,0,True,125,2.2374244843625344
g_tau,105,eval:105,Sb6Dy2,verified,False,True,False,True,8,2,223.6591431709422,27.957392896367775,7.836919127427023,2.2183425586673358,3.291347414079912,3.291347414079912,4.6369428634643555,0,0,True,125,3.291347414079912
g_tau,106,eval:106,Al4Pd4Ce4,verified,False,True,False,True,12,3,258.9713851976409,21.580948766470076,7.015239276709261,1.7674971996331588,2.6332169734532074,2.6332169734532074,4.523248672485352,0,0,True,125,2.6332169734532074
g_tau,107,eval:107,Cl6K2AsRb,verified,False,True,False,True,10,4,362.1603915947489,36.21603915947489,2.069270799086778,2.0297449129637615,2.5390467597313915,2.5390467597313915,7.947495937375037,0,0,True,125,2.5390467597313915
g_tau,108,eval:108,ZnSn2Pb,verified,False,True,False,True,4,3,107.84512345491605,26.961280863729012,7.853142102924868,2.5532606450484447,2.9796894171440385,2.9796894171440385,3.478487253189087,0,0,True,125,2.9796894171440385
g_tau,109,eval:109,Zn3Ac,not_converged,False,True,False,True,4,2,98.36158246123132,24.59039561530783,7.144913186171208,1.9048421229869268,2.618070136090083,2.618070136090083,4.396419525146484,0,0,True,125,2.618070136090083
g_tau,110,eval:110,Ni4Ge8,verified,False,False,False,False,12,2,196.74002209688294,16.395001841406913,6.8863629400313,4.893781385996619,2.4297188490759933,2.4297188490759933,4.0127339363098145,0,0,True,125,2.4297188490759933
g_tau,111,eval:111,O2F10Mn2Ba4,not_converged,False,False,False,False,18,4,302.10822294249436,16.78379016347191,4.843337542835417,3.873776495200051,1.8596912092219606,1.8596912092219606,4.248435020446777,0,0,True,125,1.8596912092219606
g_tau,112,eval:112,CeTl3,not_converged,False,True,False,False,4,2,115.94126266483397,28.985315666208493,10.788458101439982,1.0126433878906294,3.4312911636910717,3.4312911636910717,4.846932888031006,0,0,True,125,3.4312911636910717
g_tau,113,eval:113,O6Ba2LaBi,verified,False,False,False,False,10,4,185.65843824430888,18.56584382443089,6.426627081360899,2.168368838169171,2.195136849069261,2.195136849069261,4.394166469573975,0,0,True,125,2.195136849069261
g_tau,114,eval:114,B4Rh4Tm4,not_converged,False,False,False,False,12,3,180.90699691787006,15.075583076489172,10.377764357457297,4.187991557427716,2.1165440678799023,2.1165440678799023,3.511643648147583,0,0,True,125,2.1165440678799023
g_tau,115,eval:115,Ti6Rh2,verified,False,True,False,True,8,2,127.141520401504,15.892690050188,6.439024358497301,1.015714910201236,2.486919564603596,2.486919564603596,4.981372833251953,0,0,True,125,2.486919564603596
g_tau,116,eval:116,ZnTbTl2,verified,False,True,False,True,4,3,102.4758554348582,25.61896385871455,10.258893239928657,1.009709890982347,3.294052895253892,3.294052895253892,4.66294002532959,0,0,True,125,3.294052895253892
g_tau,117,eval:117,O12Cr4La4,not_converged,False,True,False,False,20,3,246.61496644874657,12.330748322437328,6.434360522384606,1.4305522684096352,2.001916836767832,2.001916836767832,5.535313606262207,0,0,True,125,2.001916836767832
g_tau,118,eval:118,Li4O8Cr4,not_converged,False,True,False,False,16,3,153.88317958889317,9.617698724305823,3.9251233282244935,2.352108187775633,2.0121701981640485,2.0121701981640485,5.960233211517334,0,0,True,125,2.0121701981640485
g_tau,119,eval:119,Li2F8Mn2Te2,verified,False,False,False,False,14,4,271.05898722811116,19.361356230579368,3.252633117971862,2.4264687762139174,1.8249111691160749,1.8249111691160749,4.1718950271606445,0,0,True,125,1.8249111691160749
g_tau,120,eval:120,Ru8Yb4,not_converged,False,False,False,False,12,2,221.021385396201,18.41844878301675,11.274946012852133,2.431463254259585,2.5405900773356533,2.5405900773356533,5.265817642211914,0,0,True,125,2.5405900773356533
g_tau,121,eval:121,Cu3GaHf,not_converged,False,True,False,True,5,3,70.32534822224596,14.065069644449192,10.362255549926424,1.4388218242668034,2.1360733519229558,2.1360733519229558,3.6556336879730225,0,0,True,125,2.1360733519229558
g_tau,122,eval:122,S4K2Mn2,not_converged,False,True,False,True,8,3,218.0941804959735,27.261772561996686,2.4085135540669094,2.957813644992374,2.371305425465749,2.371305425465749,4.178232669830322,0,0,True,125,2.371305425465749
g_tau,123,eval:123,S12Er8,not_converged,False,False,False,False,20,2,467.48888587474,23.374444293737,6.119638644706708,3.645106593006561,2.5153021519262637,2.5153021519262637,3.9877190589904785,0,0,True,125,2.5153021519262637
g_tau,124,eval:124,O12Sr4Nb2Sm2,not_converged,False,True,False,False,20,4,294.1127186555982,14.70563593277991,5.809690719732112,1.4381223783950372,1.998594575579276,1.998594575579276,5.85277795791626,0,0,True,125,1.998594575579276
g_tau,125,eval:125,O12Ca4Ti2Bi2,not_converged,False,True,False,True,20,4,277.407084011713,13.870354200585648,5.183811987293214,2.4870453899229297,1.8945507451552637,1.8945507451552637,5.824447154998779,0,0,True,125,1.8945507451552637
g_tau,126,eval:126,Li2F8V2,not_converged,False,False,False,False,12,3,145.42428568699,12.118690473915834,3.05735062529293,1.4046349471597546,1.8882872635779027,1.8882872635779027,5.019871711730957,0,0,True,125,1.8882872635779027
g_tau,127,eval:127,Li2O8Mn3Rh,not_converged,False,False,False,False,14,4,159.89173603672677,11.420838288337626,4.253825513014537,8.294144986889314,1.6375580939908179,1.6375580939908179,3.05224347114563,0,0,True,125,1.6375580939908179
g_tau,128,eval:128,B2Fe3La3,verified,False,False,False,False,8,3,158.58068645388988,19.822585806736235,6.3442559697311784,2.996866639743761,2.10001192175099,2.10001192175099,3.7277786731719966,0,0,True,125,2.10001192175099
g_tau,129,eval:129,Ga2As6Sb2,not_converged,False,False,False,False,10,3,255.8334860606634,25.58334860606634,5.4034813341237635,1.534121664370688,2.501875368528417,2.501875368528417,6.079845428466796,0,0,True,125,2.501875368528417
g_tau,130,eval:130,K4Zn2As4,verified,False,True,False,True,10,3,302.7349850893308,30.27349850893308,3.2192063715602806,1.9266799771610401,2.5097041684866843,2.5097041684866843,6.341852664947511,0,0,True,125,2.5097041684866843
g_tau,131,eval:131,K4As12Eu4,not_converged,False,True,False,True,20,3,601.2701628622614,30.06350814311307,4.593589951072715,2.164273164821564,2.65789643392693,2.65789643392693,6.507853984832765,0,0,True,125,2.65789643392693
g_tau,132,eval:132,O12Ga4Nb2,not_converged,False,False,False,False,18,3,198.80891608695214,11.044939782608452,5.485025394152658,1.7946108987555145,1.935742568023148,1.935742568023148,4.749325752258301,0,0,True,125,1.935742568023148
g_tau,133,eval:133,Co4Ge4Pd4,not_converged,False,False,False,False,12,3,189.3566464258881,15.779720535490675,8.348204414089624,4.9512711635726285,2.1955915858146464,2.1955915858146464,3.964032173156738,0,0,True,125,2.1955915858146464
g_tau,134,eval:134,F6Rb3Nd,verified,False,True,False,False,10,3,259.595470213028,25.959547021302804,3.2919406573312653,2.0169030574883053,2.3109354542622653,2.3109354542622653,7.12351148122476,0,0,True,125,2.3109354542622653
g_tau,135,eval:135,As8Cd2Tl4,verified,False,True,False,True,14,3,390.3491621439971,27.882083010285506,6.983884545204751,1.366624254884771,2.4562206204243684,2.4562206204243684,6.3925209045410165,0,0,True,125,2.4562206204243684
g_tau,136,eval:136,Cu3In3Pr3,not_converged,True,True,False,False,9,3,213.96341331144657,23.77371259016073,7.433463125461543,2.2727991301807666,2.8100171778026106,2.8100171778026106,4.152408599853516,0,0,True,125,2.8100171778026106
g_tau,137,eval:137,B2Co2Eu2,not_converged,True,True,True,True,6,3,101.79620394672261,16.966033991120437,7.233179723981715,1.9746035695415765,2.050572410730024,2.050572410730024,3.7117326259613033,0,0,True,125,2.050572410730024
g_tau,138,eval:138,F2I2Ba2,verified,True,True,False,False,6,3,187.47097937505723,31.245163229176203,5.0174621250134575,1.8315296428339518,2.7127390431302127,2.7127390431302127,4.667787551879883,0,0,True,125,2.7127390431302127
g_tau,139,eval:139,ScZn2Sn,verified,False,False,False,False,4,3,74.07014474289527,18.517536185723817,6.6018777478911455,1.9989004440922007,2.8696391477259677,2.8696391477259677,4.677023887634277,0,0,True,125,2.8696391477259677
g_tau,140,eval:140,O10Cu2Sr4Cs2,not_converged,False,False,False,False,18,4,334.63592011164275,18.59088445064682,4.482760368712308,1.9562982581927968,1.809013443066784,1.809013443066784,6.032472610473633,0,0,True,125,1.809013443066784
g_tau,141,eval:141,AgIn2Ce,not_converged,False,True,False,True,4,3,99.45343508165284,24.86335877041321,7.9746566867816275,1.024541620456522,3.2499757999366925,3.2499757999366925,4.582740306854248,0,0,True,125,3.2499757999366925
g_tau,142,eval:142,Li4N8As4,not_converged,False,True,False,True,16,3,196.8818901777021,12.305118136106381,3.7068597892282,1.2836894676414932,1.829143152716066,1.829143152716066,5.209502696990967,0,0,True,125,1.829143152716066
g_tau,143,eval:143,Na4Au4,not_converged,False,True,False,True,8,2,207.07307812996004,25.884134766245005,7.055404709461939,3.3757970022054256,2.667307840505423,2.667307840505423,4.625422477722168,0,0,True,125,2.667307840505423
g_tau,144,eval:144,YIn2Eu,verified,False,True,False,True,4,3,116.5471082548317,29.136777063707925,6.703669929592179,2.0169979057017158,3.337989971374871,3.337989971374871,5.44467001991801,0,0,True,125,3.337989971374871
g_tau,145,eval:145,F6K2AgTl,not_converged,False,True,False,False,10,4,196.93082228856414,19.693082228856415,4.253472656515162,1.9976913011461117,2.203349895271053,2.203349895271053,6.513314247131348,0,0,True,125,2.203349895271053
g_tau,146,eval:146,Zn10Pt6,not_converged,False,True,False,True,16,2,250.79896632275663,15.67493539517229,12.0806304033361,3.208920560526088,2.6455294487546457,2.6455294487546457,3.648065805435181,0,0,True,125,2.6455294487546457
g_tau,147,eval:147,TiCoTm2,not_converged,False,False,False,False,4,3,83.28770478201578,20.821926195503945,8.865529538014767,2.2156526038825732,2.887316853999559,2.887316853999559,3.347836494445801,0,0,True,125,2.887316853999559
g_tau,148,eval:148,Li2SnEr,not_converged,False,True,False,True,4,3,79.37574869566387,19.84393717391597,6.27287689049888,2.0038734123655964,2.945743607450115,2.945743607450115,4.809498310089111,0,0,True,125,2.945743607450115
g_tau,149,eval:149,O5F8Cu2Sr2Os,not_converged,False,False,False,False,18,5,260.52537921686724,14.473632178714846,4.618119420008053,2.1940893223704343,1.5043162890912765,1.5043162890912765,5.192964553833008,0,0,True,125,1.5043162890912765
g_tau,150,eval:150,In3Yb,not_converged,False,False,False,False,4,2,110.11243764655471,27.528109411638678,7.804013988768394,1.0215992299175642,3.3665863433509937,3.3665863433509937,4.737492084503174,0,0,True,125,3.3665863433509937
g_tau,151,eval:151,Si2Co2Ce,not_converged,True,True,False,False,5,3,78.86307335403411,15.772614670806822,6.614806585814359,1.9053454037407687,2.2945798779643822,2.2945798779643822,3.9864199161529545,0,0,True,125,2.2945798779643822
g_tau,152,eval:152,V2FeRu,not_converged,True,True,True,True,4,3,50.70991078915818,12.677477697289545,8.474560153433092,1.989065173366865,2.524328506022897,2.524328506022897,4.129454135894775,0,0,True,125,2.524328506022897
g_tau,153,eval:153,LiYAu2,verified,True,True,False,False,4,3,79.53130153307441,19.882825383268603,10.22614729591286,2.018472047641271,2.941230186074682,2.941230186074682,4.788107401437921,0,0,True,125,2.941230186074682
g_tau,154,eval:154,Sc6Lu2,verified,False,True,False,True,8,2,212.72509451821716,26.590636814777145,4.837160227691311,1.7383588977891615,3.314601514056633,3.314601514056633,5.433948040008546,0,0,True,125,3.314601514056633
g_tau,155,eval:155,ScPtAu2,not_converged,False,True,False,True,4,3,71.4014841435952,17.8503710358988,14.743909448428276,1.9848080372365469,2.8276636823343213,2.8276636823343213,4.632503509521484,0,0,True,125,2.8276636823343213
g_tau,156,eval:156,NiGd3,verified,False,False,False,False,4,2,104.24454034258075,26.061135085645187,8.449574293535843,1.011346092781037,3.3169981900620087,3.3169981900620087,4.678082466125488,0,0,True,125,3.3169981900620087
g_tau,157,eval:157,MgScTc2,not_converged,False,False,False,False,4,3,67.38042777479619,16.845106943699047,6.537152134001528,1.9972331005467001,2.786651860342626,2.786651860342626,4.541093826293945,0,0,True,125,2.786651860342626
g_tau,158,eval:158,N2Br2,verified,False,False,False,False,4,2,129.36477245584572,32.34119311396143,2.4108941431482553,1.7448196143562968,2.302466328031713,2.302466328031713,4.2093505859375,0,0,True,125,2.302466328031713
g_tau,159,eval:159,MgGa2Er,not_converged,False,True,False,True,4,3,83.22179618390132,20.80544904597533,6.604700470783554,1.0501973676487837,3.053540512714114,3.053540512714114,4.238772392272949,0,0,True,125,3.053540512714114
g_tau,160,eval:160,Ga3Tm,verified,False,True,False,False,4,2,80.76017736630858,20.190044341577146,7.774316152923551,1.0223120970850896,3.039640719213103,3.039640719213103,4.2636847496032715,0,0,True,125,3.039640719213103
g_tau,161,eval:161,AgYbHg2,verified,False,False,False,False,4,3,92.08598832421816,23.02149708105454,12.299744223617099,2.0022439647457757,3.0935363231523856,3.0935363231523856,5.049964597982258,0,0,True,125,3.0935363231523856
g_tau,162,eval:162,Cu2Ge10Tb6,verified,False,False,False,False,18,3,429.021827696448,23.834545983136,6.994206656641588,5.977546197809039,2.7494106064133574,2.7494106064133574,4.0436692237854,0,0,True,125,2.7494106064133574
g_tau,163,eval:163,Cu3In3Yb3,not_converged,False,False,False,False,9,3,201.92510998566658,22.43612333174073,8.669353754977678,2.1511050724803202,2.780939964940394,2.780939964940394,4.227040767669678,0,0,True,125,2.780939964940394
g_tau,164,eval:164,K2Ag6Sn2,verified,False,True,False,True,10,3,274.90301984550814,27.490301984550815,5.815905027630865,2.19575495348427,2.6146999291782076,2.6146999291782076,4.714227199554443,0,0,True,125,2.6146999291782076
g_tau,165,eval:165,Sr4In2Th2,verified,False,False,False,False,8,3,308.55650213052354,38.56956276631544,5.619462874136429,1.7182418822653005,3.5940422256136517,3.5940422256136517,6.187088966369628,0,0,True,125,3.5940422256136517
g_tau,166,eval:166,S4Sc2W,not_converged,False,False,False,False,7,3,139.69680951488925,19.956687073555607,4.7786083397700905,2.391983640137359,2.4393901597654297,2.4393901597654297,3.5974242687225346,0,0,True,125,2.4393901597654297
g_tau,167,eval:167,CdErHg2,verified,False,True,False,True,4,3,91.08641519841689,22.77160379960422,12.412147530801716,2.01419661265578,3.072352967339415,3.072352967339415,5.01707654022661,0,0,True,125,3.072352967339415
g_tau,168,eval:168,AlGaSm2,not_converged,True,True,True,True,4,3,104.58328674848715,26.14582168712179,6.310176251754929,1.7452498495185889,2.7686125761186786,2.7686125761186786,4.037896633148193,0,0,True,125,2.7686125761186786
g_tau,169,eval:169,P4Co2Br10Hg2,verified,False,False,False,False,18,4,596.1090237340194,33.1171679852233,4.016826479344563,1.550064655529748,1.998896525153467,1.998896525153467,7.2821664810180655,0,0,True,125,1.998896525153467
g_tau,170,eval:170,AlMnRu2,verified,False,True,False,False,4,3,55.84344553535364,13.96086138383841,8.446685753143717,1.9923285984597985,2.6191110299892952,2.6191110299892952,4.270649433135986,0,0,True,125,2.6191110299892952
g_tau,171,eval:171,F3RbAu,not_converged,False,False,False,False,5,3,93.7708366575476,18.75416733150952,6.010782197489419,1.0061116158691883,2.266036524659181,2.266036524659181,4.533265113830566,0,0,True,125,2.266036524659181
g_tau,172,eval:172,O6FeBa2Os,not_converged,True,True,True,True,10,4,132.07538763063718,13.207538763063718,7.7538793444885155,2.012478926163648,1.96284472456311,1.96284472456311,5.685492992401123,0,0,True,125,1.96284472456311
g_tau,173,eval:173,LiYAu2,not_converged,True,True,False,False,4,3,83.24031221196691,20.810078052991727,9.770491994814462,2.0050087327388986,2.991384741587878,2.991384741587878,4.887072563171387,0,0,True,125,2.991384741587878
g_tau,174,eval:174,Cl6K2AgSb,verified,False,True,False,True,10,4,348.39106779115093,34.83910677911509,2.481067211962848,1.0250814098076415,2.285401140570254,2.285401140570254,6.9819297790527335,0,0,True,125,2.285401140570254
g_tau,175,eval:175,Sb2,not_converged,False,True,False,False,2,1,61.92669292264357,30.963346461321784,6.5298896875303996,1.365870334953437,3.1392353250120952,3.1392353250120952,3.254324197769165,0,0,True,125,3.1392353250120952
g_tau,176,eval:176,F12Na4Fe4,not_converged,False,True,False,True,20,3,288.58374511976535,14.429187255988268,3.126315881056805,1.4110960619619553,1.972799721974492,1.972799721974492,5.704564094543457,0,0,True,125,1.972799721974492
g_tau,177,eval:177,Cu2Ga4Sm4,not_converged,False,True,False,True,10,3,228.95133461425354,22.895133461425353,7.306648425740572,1.7026974362493132,2.5683461325634593,2.5683461325634593,4.358892440795898,0,0,True,125,2.5683461325634593
g_tau,178,eval:178,Pr12Pt4,verified,False,True,False,True,16,2,505.87687000779874,31.61730437548742,8.111796659737989,1.5105360760192408,2.9434860165739622,2.9434860165739622,6.706666469573974,0,0,True,125,2.9434860165739622
g_tau,179,eval:179,Mg4Nd2,not_converged,False,True,False,True,6,2,167.9113969830285,27.985232830504753,3.8143721727752755,2.2279376897916934,3.058852144886155,3.058852144886155,3.9245302677154537,0,0,True,125,3.058852144886155
g_tau,180,eval:180,Na2K2As2,verified,False,False,False,False,6,3,207.9580608858755,34.65967681431258,2.1880364470818967,2.4231151706162453,3.0328759043629843,3.0328759043629843,5.400836944580078,0,0,True,125,3.0328759043629843
g_tau,181,eval:181,O8K4Nd4,verified,False,False,False,False,16,3,362.70471288660315,22.669044555412697,3.943472201071491,1.4618629297380896,2.1969038580032576,2.1969038580032576,6.283361911773682,0,0,True,125,2.1969038580032576
g_tau,182,eval:182,O12Ca4Ru4,not_converged,False,True,False,True,20,3,239.7037699632105,11.985188498160525,5.241213426841677,1.427697444221104,2.0108060374178947,2.0108060374178947,5.4603705406188965,0,0,True,125,2.0108060374178947
g_tau,183,eval:183,Pr6Hg2,verified,False,True,False,True,8,2,271.22177570333196,33.902721962916495,7.632392358678722,1.7267422872291163,3.4684737112959936,3.4684737112959936,5.86851978302002,0,0,True,125,3.4684737112959936
g_tau,184,eval:184,H3Li6F6Cl3,not_converged,False,False,False,False,18,4,255.20950609360915,14.178305894089398,1.7243668028995505,3.3360051787038003,1.1916130309648987,1.1916130309648987,3.5108511447906494,0,0,True,125,1.1916130309648987
g_tau,185,eval:185,NiGa3Lu,not_converged,False,False,False,False,5,3,94.37273696857054,18.874547393714106,7.791821474711821,1.0197650027479184,2.252117723318208,2.252117723318208,4.505894660949707,0,0,True,125,2.252117723318208
g_tau,186,eval:186,Co2Ge2Tb2,not_converged,False,True,False,True,6,3,117.1388924437261,19.523148740621018,8.236106261542416,1.606162196427505,2.460134603120561,2.460134603120561,4.174178123474121,0,0,True,125,2.460134603120561
g_tau,187,eval:187,Cd2CeTl,not_converged,False,True,False,True,4,3,106.44421095083372,26.61105273770843,8.881462426680649,1.9861808980140414,3.2328114624162807,3.2328114624162807,5.289509296417236,0,0,True,125,3.2328114624162807
g_tau,188,eval:188,O8BaLa2Os,not_converged,False,True,False,True,12,4,193.66052403396367,16.138377002830307,6.2882105170843925,1.1175085540709273,2.0125751575679836,2.0125751575679836,5.5464725494384775,0,0,True,125,2.0125751575679836
g_tau,189,eval:189,H4Hg2,not_converged,False,False,False,False,6,2,87.47667526472281,14.579445877453802,7.691992816250701,1.2375353283056074,1.9194375940511614,1.9194375940511614,4.128362655639648,0,0,True,125,1.9194375940511614
g_tau,190,eval:190,Cl6KRb2Sb,verified,False,True,False,True,10,4,394.0004829943419,39.40004829943419,2.294878613617276,2.0113409762565455,2.6636173404145658,2.6636173404145658,8.18945598602295,0,0,True,125,2.6636173404145658
g_tau,191,eval:191,Li4O8P2Co2,not_converged,False,False,False,False,16,4,177.58097044061063,11.098810652538164,3.1379052840798254,1.261829733174242,1.591207465774117,1.591207465774117,5.103291034698486,0,0,True,125,1.591207465774117
g_tau,192,eval:192,Cl6K2AsCs,verified,False,True,False,True,10,4,365.43000818498047,36.543000818498044,2.2663163357436806,1.3806029955528316,2.4518679763222155,2.4518679763222155,5.781408786773681,0,0,True,125,2.4518679763222155
g_tau,193,eval:193,F6CaTe,not_converged,False,True,False,True,8,3,152.96454829121708,19.120568536402136,3.0577112091267566,1.9954499226458617,2.0171523554746127,2.0171523554746127,5.956162929534912,0,0,True,125,2.0171523554746127
g_tau,194,eval:194,Si2Ti4As2,not_converged,False,False,False,False,8,3,121.10330480136345,15.137913100170431,5.450179270175321,1.7314665877374598,2.7084732367862543,2.7084732367862543,4.115534782409668,0,0,True,125,2.7084732367862543
g_tau,195,eval:195,Co2Sn2Ce2,not_converged,False,True,False,True,6,3,130.83647740054303,21.806079566757173,8.065817233117853,1.938925974927878,2.6677146847318713,2.6677146847318713,4.456521034240723,0,0,True,125,2.6677146847318713
g_tau,196,eval:196,Al4Fe8,not_converged,False,True,False,True,12,2,153.15109310065793,12.762591091721495,6.014178615610302,5.8816831750619185,2.486490541994828,2.486490541994828,2.922672986984253,0,0,True,125,2.486490541994828
g_tau,197,eval:197,O4Pd2Ba2,not_converged,False,True,False,True,8,3,139.7424686411497,17.467808580143714,6.553293036874793,2.224710128255999,2.0546004086858445,2.0546004086858445,3.9089479446411133,0,0,True,125,2.0546004086858445
g_tau,198,eval:198,F14In4Cs2,not_converged,False,True,False,True,20,3,411.43264611276555,20.57163230563828,3.9999129234515713,1.501582570463915,2.0596642485871084,2.0596642485871084,6.2718658447265625,0,0,True,125,2.0596642485871084
g_tau,199,eval:199,Li4O8Cr3Co,not_converged,False,True,False,True,16,4,148.20179795414168,9.262612372133855,4.153321914977061,1.4406614117373282,1.981927438557147,1.981927438557147,5.206550121307373,0,0,True,125,1.981927438557147
g_tau,200,eval:200,Li2F10S2,verified,False,False,False,False,14,3,223.96043731375804,15.99717409383986,1.9870379169082195,1.7383336781797452,1.536627930144989,1.536627930144989,5.285415172576904,0,0,True,125,1.536627930144989
g_tau,201,eval:201,Ho3Ir,verified,False,False,False,False,4,2,101.88619259395936,25.47154814848984,11.196841570000979,1.0207609377990914,3.2818747311385628,3.2818747311385628,4.622836112976074,0,0,True,125,3.2818747311385628
g_tau,202,eval:202,AlNiRh5,not_converged,False,False,False,False,7,3,104.59022855223394,14.941461221747705,9.529184618486047,1.7222976252306195,2.5829230822292124,2.5829230822292124,4.3382039070129395,0,0,True,125,2.5829230822292124
g_tau,203,eval:203,Mg4Pb2,not_converged,False,True,False,True,6,2,170.90570889180304,28.48428481530051,4.970957393773981,5.850451911241018,3.1934272829317862,3.1934272829317862,3.6025648117065425,0,0,True,245,3.1934272829317862
g_tau,204,eval:204,Pd3Gd,not_converged,False,True,False,False,4,2,70.62822038163553,17.657055095408882,11.2032197094875,1.0138975844909508,2.9011188204064213,2.9011188204064213,4.115226745605469,0,0,True,125,2.9011188204064213
g_tau,205,eval:205,O12Mn2Fe2Sr4,not_converged,False,True,False,True,20,4,258.02197938544776,12.901098969272388,4.917086630637074,4.12676493813599,1.9685419521990024,1.9685419521990024,3.9407272338867188,0,0,True,125,1.9685419521990024
g_tau,206,eval:206,Co2Ga10Dy6,not_converged,False,True,False,True,18,3,376.61839276899263,20.923244042721812,7.892670792628799,3.353058379078105,2.4326119791306637,2.4326119791306637,4.315470218658447,0,0,True,125,2.4326119791306637
g_tau,207,eval:207,O7NaK3Nb2,not_converged,False,True,False,True,13,4,245.98616667265415,18.922012820973396,2.957365171678423,2.1156821217022723,1.7432595426342832,1.7432595426342832,5.903629302978516,0,0,True,125,1.7432595426342832
g_tau,208,eval:208,S8Ag4W2,not_converged,False,False,False,False,14,3,354.76932962367613,25.340666401691152,4.941199194999466,2.9709979969542033,2.4060837893786013,2.4060837893786013,3.8487379550933842,0,0,True,125,2.4060837893786013
g_tau,209,eval:209,O12Sm4Lu4,not_converged,False,False,False,False,20,3,330.1043980877601,16.505219904388007,7.511818476062217,4.506559304588739,1.889279282549385,1.889279282549385,3.642712354660034,0,0,True,125,1.889279282549385
g_tau,210,eval:210,O6As2Ag2,verified,False,False,False,False,10,3,151.9838212937533,15.198382129375329,5.043069543063688,1.8760634448569362,1.732571339226433,1.732571339226433,5.707881450653076,0,0,True,125,1.732571339226433
g_tau,211,eval:211,CuGaPr2Pt2,not_converged,False,True,False,True,6,4,131.24251273537982,21.873752122563303,10.188412845428848,1.7969176469300672,2.6678453405542357,2.6678453405542357,4.16972541809082,0,0,True,125,2.6678453405542357
g_tau,212,eval:212,O8Nb4,not_converged,False,False,False,False,12,2,166.29775459178538,13.858146215982115,4.988881095113726,2.9117425609199605,1.8921972661915567,1.8921972661915567,3.827686071395874,0,0,True,125,1.8921972661915567
g_tau,213,eval:213,Ca4As2Sb2,verified,False,False,False,False,8,3,244.63550119369165,30.579437649211457,3.758241527993226,2.058247072299525,3.074916293526715,3.074916293526715,4.374244689941406,0,0,True,125,3.074916293526715
g_tau,214,eval:214,NaSb4Tm,verified,False,True,False,True,6,3,197.70734706652084,32.95122451108681,5.702601492241413,2.016514858039165,3.0305801942381354,3.0305801942381354,4.60905647277832,0,0,True,125,3.0305801942381354
g_tau,215,eval:215,LiAg2Cd,not_converged,True,True,True,True,4,3,69.51252525325432,17.37813131331358,8.0047067336032,1.9880503211339937,2.8098943646397943,2.8098943646397943,4.591987609863281,0,0,True,125,2.8098943646397943
g_tau,216,eval:216,Li6F8Cs2,verified,False,True,False,True,16,3,242.43276627226754,15.152047892016721,3.146954669204707,1.6299518905379102,1.6851455361546954,1.6851455361546954,6.133342742919921,0,0,True,125,1.6851455361546954
g_tau,217,eval:217,Ge2Ru2Dy,verified,False,True,False,True,5,3,90.97642518253492,18.195285036506984,9.307269208938141,1.9117861653221806,2.4396451164057344,2.4396451164057344,4.29008674621582,0,0,True,125,2.4396451164057344
g_tau,218,eval:218,S2KLa,verified,False,True,False,True,4,3,120.50556079146368,30.12639019786592,3.336547971623737,2.6730330616993316,2.9240888095552804,2.9240888095552804,4.299715042114259,0,0,True,125,2.9240888095552804
g_tau,219,eval:219,B4Fe8Rb4,not_converged,False,False,False,False,16,3,344.75034978632505,21.546896861645315,4.006845153288026,1.3874033246774309,2.0354449706979842,2.0354449706979842,6.250455379486083,0,0,True,125,2.0354449706979842
g_tau,220,eval:220,NaSe2Sm,verified,False,True,False,True,4,3,110.0142527481661,27.503563187041525,5.0001375252006,1.3734045225807416,2.9503863587085677,2.9503863587085677,4.311804294586182,0,0,True,125,2.9503863587085677
g_tau,221,eval:221,O6Sr2AgOs,not_converged,False,True,False,True,10,4,138.1489655974908,13.814896559749078,6.84335449909627,1.9994226026541981,1.8773689430592926,1.8773689430592926,5.7691802978515625,0,0,True,125,1.8773689430592926
g_tau,222,eval:222,O8Na4V4,not_converged,False,False,False,False,16,3,197.77187512452855,12.360742195283034,3.5576548638440553,2.3677346052745727,1.9357850072167135,1.9357850072167135,4.474719047546387,0,0,True,125,1.9357850072167135
g_tau,223,eval:223,Ni3Ge,not_converged,False,True,False,True,4,2,44.635111078560044,11.158777769640011,9.253020744714796,2.0312385765963397,2.4871017347205813,2.4871017347205813,3.5670509338378906,0,0,True,125,2.4871017347205813
g_tau,224,eval:224,Al8Cu4Ho,not_converged,False,True,False,True,13,3,205.4366679005828,15.802820607737138,5.1324181991695434,1.9161170241108194,2.4983263756300076,2.4983263756300076,5.151856422424316,0,0,True,125,2.4983263756300076
g_tau,225,eval:225,Mg2Ag4,not_converged,False,True,False,True,6,2,112.7477822418745,18.79129704031242,7.07061574739016,2.547536511779821,2.901955162813135,2.901955162813135,3.530603885650635,0,0,True,125,2.901955162813135
g_tau,226,eval:226,Si2Ti2Sr,verified,False,False,False,False,5,3,102.48380192587527,20.496760385175055,3.881009607889487,1.9251053876455708,2.526925259705678,2.526925259705678,4.186600208282471,0,0,True,125,2.526925259705678
g_tau,227,eval:227,O12KSr2Sb3Ba2,not_converged,False,False,False,False,20,5,352.7363348344491,17.636816741722456,4.925390159722441,1.6526740100015063,1.822468668219476,1.822468668219476,5.940280437469482,0,0,True,125,1.822468668219476
g_tau,228,eval:228,Nd2Hg6,verified,False,True,False,True,8,2,213.33386463223692,26.666733079029616,11.613552984547644,1.4121589176193043,3.3252024047247266,3.3252024047247266,4.762981414794922,0,0,True,125,3.3252024047247266
g_tau,229,eval:229,O12Ca2Sr4Tl2,not_converged,False,False,False,False,20,4,346.1613705434161,17.308068527170807,4.947612589246805,2.5416839331058103,2.0520563005469703,2.0520563005469703,5.887960433959961,0,0,True,125,2.0520563005469703
g_tau,230,eval:230,Li6AlAs2In,not_converged,False,False,False,False,10,4,190.7472797187058,19.07472797187058,2.9014252351031655,3.523859300679763,2.5779383570660084,2.5779383570660084,4.478753089904785,0,0,True,125,2.5779383570660084
g_tau,231,eval:231,O6FeCuBaW,not_converged,False,False,False,False,10,5,155.0587949399938,15.505879493999378,5.7460110076369375,1.7206180539693743,1.8846570009859989,1.8846570009859989,3.9643073081970215,0,0,True,125,1.8846570009859989
g_tau,232,eval:232,Ga3Pd3Au3,not_converged,False,True,False,True,9,3,166.55137569632933,18.50570841070326,11.15985406046291,1.8301105227389134,2.554781368572775,2.554781368572775,3.9107174873352046,0,0,True,125,2.554781368572775
g_tau,233,eval:233,ZnTm2Ir,not_converged,False,True,False,True,4,3,83.52736516657019,20.881841291642548,11.838536345308642,1.9956982637768335,2.9878659730200225,2.9878659730200225,4.873226642608643,0,0,True,125,2.9878659730200225
g_tau,234,eval:234,Y6Ir2,not_converged,False,True,False,True,8,2,233.3535685431438,29.169196067892976,6.531537135217141,1.8769933120629236,2.889726972961206,2.889726972961206,4.410478115081787,0,0,True,125,2.889726972961206
g_tau,235,eval:235,CNZr2,not_converged,False,True,False,True,4,3,50.995461903097116,12.748865475774279,6.788151882851599,2.655801017815119,2.3147083464165323,2.3147083464165323,3.2452429574576462,0,0,True,125,2.3147083464165323
g_tau,236,eval:236,Na2Br6Th,verified,False,True,False,True,9,3,345.2560345893469,38.361781621038546,3.642981553017128,2.011753895092886,2.8329823657729998,2.8329823657729998,7.652963161468506,0,0,True,125,2.8329823657729998
g_tau,237,eval:237,O8Ti2Tb2,not_converged,False,False,False,False,12,3,161.719620853368,13.476635071114002,5.56094910988404,5.800141386681719,1.479843836523441,1.479843836523441,3.5576965808868404,0,0,True,125,1.479843836523441
g_tau,238,eval:238,Mg3In3Nd3,verified,False,True,False,True,9,3,261.4352396138018,29.04835995708909,5.399486159197967,1.7662758669809435,2.9476926813458393,2.9476926813458393,4.477849006652832,0,0,True,125,2.9476926813458393
g_tau,239,eval:239,Nd4Pt8,not_converged,False,False,False,False,12,2,254.81671467305307,21.23472622275442,13.93014871446421,1.9140847574176538,2.9531271810177184,2.9531271810177184,6.000900268554688,0,0,True,125,2.9531271810177184
g_tau,240,eval:240,AlMn2Ir,not_converged,False,False,False,False,4,3,50.34158796818999,12.585396992047498,10.854669045451503,1.9946910614761353,2.527785081232473,2.527785081232473,4.123599052429199,0,0,True,125,2.527785081232473
g_tau,241,eval:241,Al3FeTb2,not_converged,False,True,False,False,6,3,118.4932951488931,19.748882524815517,6.371229736573947,1.9977535969568028,2.7455205777507605,2.7455205777507605,5.49652338027954,0,0,True,125,2.7455205777507605
g_tau,242,eval:242,Fe6Zr6,verified,False,True,False,True,12,2,210.32483776204458,17.527069813503715,6.9667612037934905,2.2292508347710482,2.491129245142532,2.491129245142532,5.30730676651001,0,0,True,125,2.491129245142532
g_tau,243,eval:243,C4Mg2Cr4,not_converged,False,False,False,False,10,3,103.35653256100123,10.335653256100123,4.894339614586787,6.24320993788072,1.804355494290049,1.804355494290049,2.964086294174194,0,0,True,125,1.804355494290049
g_tau,244,eval:244,OF11V3Ba2,not_converged,False,True,False,True,17,4,281.3069097999152,16.547465282347954,3.851437125299001,1.6778260802954768,1.8599346237804109,1.8599346237804109,5.80055046081543,0,0,True,125,1.8599346237804109
g_tau,245,eval:245,In6Yb2,verified,False,False,False,False,8,2,223.34033668535776,27.91754208566972,7.69515275641149,1.9284412689145822,3.3627518116358526,3.3627518116358526,4.867465019226074,0,0,True,125,3.3627518116358526
g_tau,246,eval:246,Co6Ge6Tm,not_converged,False,True,False,True,13,3,189.2430426460123,14.55715712661633,8.40937883701386,2.8846475655301447,2.4278333247945416,2.4278333247945416,4.026431083679199,0,0,True,125,2.4278333247945416
g_tau,247,eval:247,Li4S8Cu2Er2,not_converged,False,False,False,False,16,4,306.295116582026,19.143444786376627,4.043767136623107,1.418150658728864,2.510393698308831,2.510393698308831,6.460768699645997,0,0,True,125,2.510393698308831
g_tau,248,eval:248,S8Fe4Cu2,verified,False,False,False,False,14,3,268.24990393845627,19.16070742417545,3.7574437653663213,9.312751818756634,2.3004890623275687,2.3004890623275687,3.5138981342315674,0,0,True,125,2.3004890623275687
g_tau,249,eval:249,Li2C10N4,not_converged,False,False,False,False,16,3,213.82587169747757,13.364116981092348,1.4756336857948817,5.7598257513361535,1.3967494636897528,1.3967494636897528,3.270612955093384,0,0,True,125,1.3967494636897528
g_tau,250,eval:250,Ba6Pt2,verified,True,True,True,True,8,2,368.4961001035676,46.06201251294595,5.471184895483075,2.0900917163813775,3.3821430409490603,3.3821430409490603,5.248607635498047,0,0,True,125,3.3821430409490603
g_tau,251,eval:251,C2Si6La8,verified,False,False,False,False,16,3,420.53167851195786,26.283229906997366,5.148184261696005,1.7330720551706833,2.523246260189867,2.523246260189867,7.0008559226989755,0,0,True,125,2.523246260189867
g_tau,252,eval:252,Zn2PdHo,not_converged,False,True,False,True,4,3,72.79261947328153,18.198154868320383,9.174229634008588,1.993671059258532,2.855545195270811,2.855545195270811,4.662691116333008,0,0,True,125,2.855545195270811
g_tau,253,eval:253,CaPd2Yb,not_converged,False,False,False,False,4,3,88.51324007391777,22.128310018479443,7.9911197368904014,1.9957023757439412,3.0514019245765285,3.0514019245765285,4.987168788909912,0,0,True,125,3.0514019245765285
g_tau,254,eval:254,O12V4Tl4,verified,False,True,False,True,20,3,375.83703937646214,18.791851968823106,5.360617911783775,3.4218267997460234,1.7057912950103153,1.7057912950103153,5.488958835601807,0,0,True,125,1.7057912950103153
g_tau,255,eval:255,Pd2Sb6Nd2,verified,True,True,True,True,10,3,282.5022966725904,28.25022966725904,7.240973017257409,2.8365716712517153,2.6083020596721136,2.6083020596721136,4.619167804718018,0,0,True,125,2.6083020596721136
g_quantized,0,eval:0,O8K8Zn4,invalid_terminal,False,False,False,False,20,3,224.71788645010156,11.235894322505079,5.190471859152202,2.309137292667727,0.6066847972874181,0.6066847972874181,6.0,0,4,True,125,0.6066847972874181
g_quantized,1,eval:1,PrPu,verified,False,False,False,False,2,2,59.02187754016215,29.510938770081076,10.829106366927741,1.4790555696935908,2.1137232291354606,2.1137232291354606,3.6,0,0,True,125,2.1137232291354606
g_quantized,2,eval:2,O4MgZnSr,verified,False,False,False,False,7,4,109.22548286660397,15.603640409514853,3.668929074861634,2.039648704555413,0.820805824846955,0.820805824846955,3.9999999999999996,0,1,True,125,0.820805824846955
g_quantized,3,eval:3,O7Cu2Sr2Ba2,not_converged,False,False,False,False,13,4,287.7575907640437,22.135199289541823,3.9758506180103343,1.3476686921578276,0.9189205805069663,0.9189205805069663,6.1,0,1,True,125,0.9189205805069663
g_quantized,4,eval:4,P4Se8Ag4,verified,False,False,False,False,16,3,343.4917542774759,21.468234642342242,5.7385346255944,2.722905611092838,1.0290350871434248,1.0290350871434248,4.7,0,0,True,125,1.0290350871434248
g_quantized,5,eval:5,O8Cr4Ag4,invalid_raw,False,False,False,False,16,3,129.534156303664,8.095884768979,9.83821355170924,2.7496421112651084,0.40175301646438827,0.40175301646438827,4.756354772058118,1,4,True,125,0.40175301646438827
g_quantized,6,eval:6,Cu3In3Pr3,verified,False,True,False,True,9,3,134.86922361519498,14.985469290577221,11.792824933777805,3.049986189296738,0.8467428901568459,0.8467428901568459,4.536218469488418,0,1,True,125,0.8467428901568459
g_quantized,7,eval:7,S8Cu4Ho4,verified,False,True,False,True,16,3,301.2562413904893,18.828515086905583,6.451441115395928,5.714542428263432,0.9300889568892211,0.9300889568892211,3.7,0,1,True,125,0.9300889568892211
g_quantized,8,eval:8,Ni4Sn8,invalid_terminal,False,False,False,False,12,2,91.07036374272639,7.589196978560532,21.596833421367513,6.620502552737395,0.5490051610633719,0.5490051610633719,2.7707860159976354,0,2,True,125,0.5490051610633719
g_quantized,9,eval:9,O8KBa3Bi3,invalid_terminal,False,False,False,False,15,4,245.73539710471374,16.382359806980915,8.149563344875277,3.453002256911488,0.6347051642406344,0.6347051642406344,5.5,0,4,True,125,0.6347051642406344
g_quantized,10,eval:10,Cu2In2Ce2,verified,False,False,False,False,6,3,308.3441923187658,51.3906987197943,3.4302477238426152,2.4136182969196165,2.10775821809686,2.10775821809686,5.0,0,0,True,125,2.10775821809686
g_quantized,11,eval:11,O2P2As2,not_converged,False,False,False,False,6,3,113.89949106988824,18.98324851164804,3.554204016429022,4.585307323281998,0.747871993628296,0.747871993628296,3.742419056786351,0,1,True,125,0.747871993628296
g_quantized,12,eval:12,CuPd,not_converged,False,True,False,True,2,2,25.834756217835263,12.917378108917632,10.924631167949318,2.472862032760276,1.3198518654935536,1.3198518654935536,2.4,0,0,True,125,1.3198518654935536
g_quantized,13,eval:13,NaCl,not_converged,False,True,False,True,2,2,67.56006584031392,33.78003292015696,1.4364477053517246,3.7777174099357467,2.6704512837104883,2.6704512837104883,4.2396722016189745,0,0,True,175,2.6704512837104883
g_quantized,14,eval:14,O8P2Co2,invalid_raw,False,False,False,False,12,3,122.45568726712632,10.20464060559386,4.173991998734611,1.7073910609774265,0.4614027482871082,0.4614027482871082,4.299999999999999,1,1,True,125,0.4614027482871082
g_quantized,15,eval:15,Si6Cr2Y,not_converged,False,False,False,False,9,3,82.64707880703234,9.183008756336926,7.2614444005595145,3.2949613581427797,1.1022497818057428,1.1022497818057428,3.8060109680917606,0,0,True,125,1.1022497818057428
g_quantized,16,eval:16,Sb6Yb8,verified,False,False,False,False,14,2,520.9295839688175,37.20925599777268,6.7414886181262155,1.4618885154971928,1.7335282097476366,1.7335282097476366,7.1000000000000005,0,0,True,125,1.7335282097476366
g_quantized,17,eval:17,P4Cu4Sr4,not_converged,False,False,False,False,12,3,541.0574593039602,45.08812160866335,2.2359931292422157,3.7607176072955193,1.36478871413487,1.36478871413487,6.6000000000000005,0,0,True,125,1.36478871413487
g_quantized,18,eval:18,Li4NTe,not_converged,False,False,False,False,6,3,375.60103323779293,62.60017220629882,0.748790975527832,1.67186489941516,1.9130979700980804,1.9130979700980804,6.5,0,0,True,125,1.9130979700980804
g_quantized,19,eval:19,O3F9Mn6,invalid_raw,False,False,False,False,18,3,147.93022886788293,8.218346048215718,6.15825331603069,3.4641705294467737,0.4375677278959241,0.4375677278959241,4.1000000000000005,1,4,True,125,0.4375677278959241
g_quantized,20,eval:20,O6NaZnBaOs,not_converged,False,False,False,False,10,5,199.81570028074074,19.981570028074074,4.254503405516403,3.899827681695612,0.8635552720736216,0.8635552720736216,4.24902626576306,0,1,True,125,0.8635552720736216
g_quantized,21,eval:21,YPd3,not_converged,False,True,False,True,4,2,47.25600336416152,11.81400084104038,14.342629323812295,2.242259442683449,1.0551585514370923,1.0551585514370923,3.2,0,0,True,125,1.0551585514370923
g_quantized,22,eval:22,LiF2Te,not_converged,False,True,False,True,4,3,93.33722925997682,23.334307314994206,3.0695765265824284,5.0554303569604295,1.9308697421130894,1.9308697421130894,2.7775813038510937,0,0,True,125,1.9308697421130894
g_quantized,23,eval:23,H8Li8C4,invalid_raw,False,False,False,False,20,3,318.960096823712,15.948004841185599,0.5811797506312545,2.5527202244593843,0.42038663570917584,0.42038663570917584,6.183194661164886,1,4,True,125,0.42038663570917584
g_quantized,24,eval:24,O8Ti2Gd4,invalid_terminal,False,False,False,False,14,3,178.82745967470453,12.773389976764609,7.918191939908539,4.300338667586184,0.5019090929334854,0.5019090929334854,3.7000000000000006,0,4,True,125,0.5019090929334854
g_quantized,25,eval:25,F6S3Y4,invalid_raw,False,False,False,False,13,3,338.77593672416833,26.05968744032064,2.7733600491034776,1.7339435664012048,0.42226626657392696,0.42226626657392696,6.0,1,3,True,125,0.42226626657392696
g_quantized,26,eval:26,O6Ba2PrTa,not_converged,False,False,False,False,10,4,252.1399469529995,25.213994695299952,4.560694029302385,2.6149944511103613,0.5477530516545819,0.5477530516545819,5.6000000000000005,0,1,True,125,0.5477530516545819
g_quantized,27,eval:27,Li4Si8Cs4,invalid_terminal,False,False,False,False,16,3,379.88518063737916,23.742823789836198,3.427294911259395,1.674660197481939,0.5144154191141768,0.5144154191141768,6.4,0,1,True,125,0.5144154191141768
g_quantized,28,eval:28,Li2O12Gd4Ta2,invalid_terminal,False,False,False,False,20,4,268.8197884409822,13.44098942204911,7.392626414007671,2.502698658262991,0.6643061989089124,0.6643061989089124,5.7,0,4,True,125,0.6643061989089124
g_quantized,29,eval:29,O8Rb4Mo2,invalid_terminal,False,False,False,False,14,3,295.2066445729916,21.086188898070827,3.7223272903337774,2.2871155742103157,0.5079038133313696,0.5079038133313696,5.5,0,3,True,125,0.5079038133313696
g_quantized,30,eval:30,Si6Co8Ba4,invalid_terminal,False,False,False,False,18,3,261.8323278544378,14.546240436357655,7.542448292940437,2.51571440905539,0.7899854136335731,0.7899854136335731,5.800000000000002,0,2,True,125,0.7899854136335731
g_quantized,31,eval:31,CuPdBi,verified,False,False,False,False,3,3,38.42823514251833,12.809411714172777,16.374816564271523,2.3561766414115084,1.9637927581982222,1.9637927581982222,2.5,0,0,True,125,1.9637927581982222
g_quantized,32,eval:32,O8NaV2Fe,invalid_terminal,False,False,False,False,12,4,186.2633949747936,15.521949581232802,2.7521776134537768,4.481806139835124,0.7878774783279389,0.7878774783279389,4.995573898216308,0,2,True,125,0.7878774783279389
g_quantized,33,eval:33,NaAu2Tl,not_converged,False,True,False,True,4,3,103.64682678030069,25.91170669507517,9.954026201848032,1.7853130734087759,1.3732526343952276,1.3732526343952276,4.9,0,0,True,125,1.3732526343952276
g_quantized,34,eval:34,MgGa3,not_converged,False,True,False,True,4,2,42.587586966072564,10.646896741518141,9.103420166637385,2.273493655709878,1.7869611452119132,1.7869611452119132,3.518967179662402,0,0,True,125,1.7869611452119132
g_quantized,35,eval:35,NiGa3Tb,invalid_terminal,False,False,False,False,5,3,39.56142181218945,7.91228436243789,17.91385899591086,3.2863562426733814,1.03778417790792,1.03778417790792,3.303363949166439,0,0,True,125,1.03778417790792
g_quantized,36,eval:36,O8AlKMo2,invalid_terminal,False,False,False,False,12,4,107.6136544156723,8.967804534639358,5.955502794012304,4.772166776961757,0.5199683755870275,0.5199683755870275,2.900000000000001,0,1,True,125,0.5199683755870275
g_quantized,37,eval:37,C4Mn2Ta2,invalid_raw,False,False,False,False,8,3,79.16166934424382,9.895208668030477,10.903920304691889,3.455141716223972,0.2841144135731238,0.2841144135731238,3.3000000000000003,1,2,True,125,0.2841144135731238
g_quantized,38,eval:38,Co9Y3,invalid_raw,False,False,False,False,12,2,127.66519326097423,10.638766105081187,10.368078653752864,1.479221298584454,0.37960856508735696,0.37960856508735696,4.9,1,4,True,125,0.37960856508735696
g_quantized,39,eval:39,Si2AsBaTl,verified,False,False,False,False,5,4,182.28614607959983,36.457229215919966,4.307006885256854,4.015463356860303,2.2993865951909447,2.2993865951909447,4.873414990270248,0,0,True,125,2.2993865951909447
g_quantized,40,eval:40,O6Sr2InTa,invalid_raw,False,False,False,False,10,4,171.45191857238163,17.145191857238164,5.49150715040723,7.0255926056032365,0.33759622139184314,0.33759622139184314,2.581609944240886,1,1,True,125,0.33759622139184314
g_quantized,41,eval:41,In3Pr3Tl3,not_converged,False,False,False,False,9,3,261.9870151747823,29.109668352753587,8.748855959799277,1.9705871117968674,0.7329095031721434,0.7329095031721434,6.2,0,1,True,125,0.7329095031721434
g_quantized,42,eval:42,H3N2Br,not_converged,False,False,False,False,6,3,88.43488866127723,14.739148110212872,2.0831397279400905,2.8910127044554264,1.3725141347189194,1.3725141347189194,4.098146206879566,0,0,True,125,1.3725141347189194
g_quantized,43,eval:43,O8Eu4,invalid_terminal,False,False,False,False,12,2,135.10013155755723,11.258344296463102,9.044474277835286,2.8907298142422913,0.7048768803747484,0.7048768803747484,3.9000000000000004,0,1,True,125,0.7048768803747484
g_quantized,44,eval:44,Li2P4FeTe,verified,False,False,False,False,8,4,208.1487544569134,26.018594307114174,2.562598854597874,3.3098182404439673,1.1945737498800475,1.1945737498800475,5.974414723393876,0,0,True,125,1.1945737498800475
g_quantized,45,eval:45,S4Nb2Ag2,not_converged,False,False,False,False,8,3,171.98645365630375,21.49830670703797,5.115337803177525,1.5662431536683925,1.4079732364523374,1.4079732364523374,5.300000000000001,0,0,True,125,1.4079732364523374
g_quantized,46,eval:46,Bi6Th2,invalid_terminal,False,False,False,False,8,2,299.4224068695349,37.42780085869186,9.527467456706805,2.985715074665755,0.677199345909383,0.677199345909383,6.4,0,2,True,125,0.677199345909383
g_quantized,47,eval:47,F6K2YIn,not_converged,False,False,False,False,10,4,428.59590365512736,42.85959036551274,1.5339051530626961,2.9310209479922658,0.9174426790687898,0.9174426790687898,5.5,0,1,True,125,0.9174426790687898
g_quantized,48,eval:48,Li2O8Fe2Rh2,invalid_raw,False,False,False,False,14,4,66.93496355495216,4.781068825353726,11.396367562344798,1.439826891713864,0.26091617538409695,0.26091617538409695,3.7,3,4,True,125,0.26091617538409695
g_quantized,49,eval:49,C2K2Lu2,verified,False,False,False,False,6,3,135.23843720053577,22.53973953342263,5.551794856428204,2.299169140396179,1.1717323912807833,1.1717323912807833,3.8000000000000003,0,0,True,125,1.1717323912807833
g_quantized,50,eval:50,N2Mg2S,invalid_raw,False,False,False,False,5,3,35.13143034806742,7.026286069613484,5.1373181364411975,1.5291668795112754,0.4564415828894291,0.4564415828894291,3.1,1,1,True,125,0.4564415828894291
g_quantized,51,eval:51,B4Rh4Dy2,invalid_terminal,False,False,False,False,10,3,110.64893209225734,11.064893209225733,11.703664330292195,2.837558117399636,0.5118219139977012,0.5118219139977012,3.3000000000000003,0,1,True,125,0.5118219139977012
g_quantized,52,eval:52,Li2O8Mn3Fe,invalid_terminal,False,False,False,False,14,4,95.41495208759592,6.815353720542566,6.309343914744224,3.925278040947686,0.7082806814308477,0.7082806814308477,3.360674796401439,0,6,True,125,0.7082806814308477
g_quantized,53,eval:53,Ge12Hf4,invalid_raw,False,False,False,False,16,2,241.31016287790413,15.081885179869008,10.911339722131196,3.506224677679586,0.43262085312388776,0.43262085312388776,4.2,1,5,True,125,0.43262085312388776
g_quantized,54,eval:54,Zn2Sn8Tm2,not_converged,False,False,False,False,12,3,195.7991745850281,16.316597882085677,12.02892124624758,1.7855592915412357,1.0635916919016886,1.0635916919016886,4.3,0,0,True,125,1.0635916919016886
g_quantized,55,eval:55,Ni4Sn4Ce4,not_converged,False,False,False,False,12,3,451.1422029024256,37.595183575202135,4.674830815749933,8.253799307249144,1.6875372224127034,1.6875372224127034,4.1854861089822855,0,0,True,125,1.6875372224127034
g_quantized,56,eval:56,O6Cl2Ba4Nd2,not_converged,False,False,False,False,14,4,264.10613442374455,18.864723887410324,6.316908559637965,1.8898785555378417,1.0227129657184402,1.0227129657184402,5.800000000000001,0,0,True,125,1.0227129657184402
g_quantized,57,eval:57,O12Ca4Mn2Bi2,not_converged,False,False,False,False,20,4,473.2698040081526,23.66349020040763,3.0881109422378668,2.2529260945353355,0.830660963784497,0.830660963784497,6.6000000000000005,0,3,True,125,0.830660963784497
g_quantized,58,eval:58,Sn5U,verified,False,False,False,False,6,2,141.39588977344405,23.56598162890734,9.765978835934948,2.326737444746507,1.5804256254209081,1.5804256254209081,4.2,0,0,True,125,1.5804256254209081
g_quantized,59,eval:59,Ni4Sn2Au12,invalid_terminal,False,False,False,False,18,3,470.2284089440187,26.123800496889928,10.014163376554036,1.5378344477040191,0.6218625543676495,0.6218625543676495,7.4,0,2,True,125,0.6218625543676495
g_quantized,60,eval:60,N2I2,verified,True,True,True,True,4,2,85.51922822604867,21.379807056512167,5.472184619973976,2.3938410054278605,0.8833653488337534,0.8833653488337534,3.7000000000000006,0,1,True,125,0.8833653488337534
g_quantized,61,eval:61,O4Br2Ta2,verified,False,False,False,False,8,3,99.60185906653942,12.450232383317427,9.76467707285478,4.165939243937139,1.3564662236877327,1.3564662236877327,4.531827992600552,0,0,True,125,1.3564662236877327
g_quantized,62,eval:62,S8Zn2In4,invalid_terminal,False,False,False,False,14,3,217.49404540633677,15.535288957595483,6.463758474618297,2.3213825195962015,0.5282553404551732,0.5282553404551732,5.150259146275025,0,1,True,125,0.5282553404551732
g_quantized,63,eval:63,Ge4Ag6Sb8,invalid_terminal,False,False,False,False,18,3,539.3625025366032,29.964583474255733,5.886023353713785,2.6854876331211965,0.6548345656244536,0.6548345656244536,6.800000000000001,0,1,True,125,0.6548345656244536
g_quantized,64,eval:64,Li2O8Na3CuLa2,not_converged,False,False,False,False,16,5,275.8350782154446,17.239692388465286,3.324288570481726,4.519655909641679,0.7543934052253721,0.7543934052253721,4.156109262685155,0,3,True,125,0.7543934052253721
g_quantized,65,eval:65,Mg5Er,verified,False,True,False,True,6,2,149.86255321880986,24.977092203134976,3.199846149083397,2.3542685628296858,0.9072115293768306,0.9072115293768306,5.083237234571225,0,2,True,125,0.9072115293768306
g_quantized,66,eval:66,Li2Sb2Sm2,invalid_terminal,False,False,False,False,6,3,91.23987544943314,15.206645908238857,10.157657278286905,2.492839474398362,0.6176281791035585,0.6176281791035585,4.0,0,1,True,125,0.6176281791035585
g_quantized,67,eval:67,Mg8Cu4Ce4,verified,False,False,False,False,16,3,373.9642596236449,23.372766226477808,4.48072242872515,2.816458202009389,0.9872349180996353,0.9872349180996353,5.5,0,1,True,125,0.9872349180996353
g_quantized,68,eval:68,Na2K4As2,verified,False,True,False,True,8,3,265.4086271532279,33.176078394153485,2.2036522781168086,1.9646299114749177,1.7157199108387773,1.7157199108387773,6.300000000000001,0,0,True,125,1.7157199108387773
g_quantized,69,eval:69,H4C12Re4,invalid_raw,False,False,False,False,20,3,130.01680529431235,6.500840264715618,11.405000471551496,4.5978089837784335,0.28875334478707976,0.28875334478707976,4.828671732446227,2,10,True,125,0.28875334478707976
g_quantized,70,eval:70,ZnGe,verified,False,False,False,False,2,2,30.713878084071798,15.356939042035899,7.4635888368634555,5.793289356623874,1.7434573891511773,1.7434573891511773,2.6072216728374005,0,0,True,125,1.7434573891511773
g_quantized,71,eval:71,LiAsCd,not_converged,False,False,False,False,3,3,40.301703353623545,13.433901117874514,8.004597214624098,2.753454561865039,1.5337024917883362,1.5337024917883362,2.9678562934518395,0,0,True,125,1.5337024917883362
g_quantized,72,eval:72,F6MgSn,not_converged,False,False,False,False,8,3,233.80642970258478,29.225803712823097,1.8253028347098177,1.825496302124285,1.583932573846923,1.583932573846923,5.400000000000001,0,0,True,125,1.583932573846923
g_quantized,73,eval:73,O4Cl2Bi2,not_converged,False,False,False,False,8,3,188.95489867798506,23.619362334748132,4.8585823450753995,5.340778518019858,1.6945741318339422,1.6945741318339422,3.83632686237863,0,0,True,125,1.6945741318339422
g_quantized,74,eval:74,Cl2Ca,verified,False,True,False,True,3,2,72.76813375314654,24.25604458438218,2.532609512739709,2.8612782178261127,1.7379552724289107,1.7379552724289107,3.4000000000000004,0,0,True,125,1.7379552724289107
g_quantized,75,eval:75,Cl3RbAu,verified,False,True,False,True,5,3,124.35204891370003,24.870409782740005,5.1917647010993635,1.949548951597943,1.0811043257761013,1.0811043257761013,3.7,0,0,True,125,1.0811043257761013
g_quantized,76,eval:76,Li2O8Ni2Sr2Hf2,invalid_raw,False,False,False,False,16,5,260.06174515352217,16.253859072095135,5.05376175881989,3.938619392461014,0.48929644726453114,0.48929644726453114,4.6000000000000005,1,3,True,125,0.48929644726453114
g_quantized,77,eval:77,Ag2Ce,not_converged,False,True,False,True,3,2,54.629278641741806,18.20975954724727,10.816668768748167,3.839067189574591,1.5936449435170008,1.5936449435170008,1.9000000000000001,0,0,True,125,1.5936449435170008
g_quantized,78,eval:78,C8Si6Ba4,invalid_terminal,False,False,False,False,18,3,235.4141835279552,13.078565751553066,5.741046208896277,4.896320380212007,0.8328185468235298,0.8328185468235298,6.0,0,1,True,125,0.8328185468235298
g_quantized,79,eval:79,O12Ge4Ba4,invalid_raw,False,False,False,False,20,3,329.539533327328,16.4769766663664,5.199513249268284,3.7623290589202982,0.24077278651763342,0.24077278651763342,6.900000000000001,1,6,True,125,0.24077278651763342
g_quantized,80,eval:80,AgCe2Pt,not_converged,False,True,False,True,4,3,124.93912179291395,31.234780448228488,7.750976101216613,2.6439774047894216,2.3215192864293814,2.3215192864293814,5.0,0,0,True,125,2.3215192864293814
g_quantized,81,eval:81,Ge2Pr10Pb6,not_converged,False,False,False,False,18,3,251.6383006613816,13.979905592298978,18.460829877888653,3.82259539577061,1.11854275687913,1.11854275687913,4.427064605373419,0,0,True,125,1.11854275687913
g_quantized,82,eval:82,MgSr3,invalid_terminal,False,False,False,False,4,2,168.44938169623228,42.11234542405807,2.830813008979152,2.3005172838851244,0.9083235412794193,0.9083235412794193,4.7,0,1,True,125,0.9083235412794193
g_quantized,83,eval:83,Co7Ge2Sm2,invalid_terminal,False,False,False,False,11,3,126.78064602380773,11.525513274891612,11.24482779299986,3.9430314739990315,0.6631683570146607,0.6631683570146607,4.186350581480409,0,1,True,125,0.6631683570146607
g_quantized,84,eval:84,F6KSbCs2,invalid_raw,False,False,False,False,10,4,192.7181788888861,19.27181788888861,4.6585456073781035,4.307586912705072,0.3509668760882084,0.3509668760882084,4.886917689017998,1,1,True,125,0.3509668760882084
g_quantized,85,eval:85,YPtBi,invalid_terminal,False,False,False,False,3,3,53.84501017990281,17.94833672663427,15.202826706904455,3.6771218005037687,1.2097374622868222,1.2097374622868222,3.7881490088851,0,0,True,125,1.2097374622868222
g_quantized,86,eval:86,O8Mn2Ni2,invalid_terminal,False,False,False,False,12,3,106.19578189097324,8.849648490914436,5.555022305653767,1.8172475726086808,0.7099037523764206,0.7099037523764206,4.5,0,2,True,125,0.7099037523764206
g_quantized,87,eval:87,O12KNiSr4Lu2,invalid_terminal,False,False,False,False,20,5,203.6116776655459,10.180583883277295,8.07548619897725,1.6917362254499475,0.7301923843360936,0.7301923843360936,5.2,0,3,True,125,0.7301923843360936
g_quantized,88,eval:88,AlAgLu2,not_converged,True,True,True,True,4,3,62.708553364312436,15.677138341078109,12.837201523705232,5.143921635440224,2.0807740803264076,2.0807740803264076,3.3606747964014367,0,0,True,175,2.0807740803264076
g_quantized,89,eval:89,Li2O8F2P2In4,invalid_terminal,False,False,False,False,18,5,183.851794468672,10.21398858159289,6.332237332435126,2.260122327528088,0.5746234569064647,0.5746234569064647,5.6000000000000005,0,4,True,125,0.5746234569064647
g_quantized,90,eval:90,S2Se2Eu2,not_converged,False,False,False,False,6,3,87.89711007080126,14.649518345133544,9.936697764791175,1.8870982556600344,0.8599417858864702,0.8599417858864702,3.7,0,3,True,125,0.8599417858864702
g_quantized,91,eval:91,O8La2Pb2,invalid_terminal,False,False,False,False,12,3,164.8468484681308,13.737237372344232,8.262119359828077,3.1912621427360146,0.5235212625554322,0.5235212625554322,5.287441402993202,0,1,True,125,0.5235212625554322
g_quantized,92,eval:92,O12Ca4Fe2Ho2,invalid_terminal,False,False,False,False,20,4,384.79959806326195,19.239979903163096,3.4257519446166693,1.7245466051379763,0.7330547429473019,0.7330547429473019,6.7,0,3,True,125,0.7330547429473019
g_quantized,93,eval:93,O2ZnSr,not_converged,False,False,False,False,4,3,51.2877078424804,12.8219269606201,5.990634076506085,2.4525049033351873,1.137069916464719,1.137069916464719,3.5000000000000004,0,0,True,125,1.137069916464719
g_quantized,94,eval:94,NaSc2As6Tl,not_converged,False,False,False,False,10,4,434.1855084824155,43.41855084824155,2.9326760061087866,2.900690384600785,1.549003577354068,1.549003577354068,7.043850007983434,0,0,True,125,1.549003577354068
g_quantized,95,eval:95,O6Al2In2,not_converged,False,False,False,False,10,3,107.86042265741153,10.786042265741154,5.843970419041899,3.8420095276885875,0.8289854347275804,0.8289854347275804,4.092656438790194,0,2,True,125,0.8289854347275804
g_quantized,96,eval:96,CaCd2Nd,optimizer_stop_unverified,False,False,False,False,4,3,162.18142484632654,40.545356211581634,4.189112750924544,4.73348528447639,1.2945131743946838,1.2945131743946838,4.142532150417568,0,0,True,125,1.2945131743946838
g_quantized,97,eval:97,SrAg3,not_converged,False,True,False,True,4,2,108.94111241000238,27.235278102500594,6.26810667103361,2.065566817475585,1.576337405891499,1.576337405891499,4.6000000000000005,0,0,True,125,1.576337405891499
g_quantized,98,eval:98,Ni6As2,invalid_terminal,False,False,False,False,8,2,114.72231422782318,14.340289278477897,7.2662114165377485,2.6953721129797397,0.7767276824730721,0.7767276824730721,2.8000000000000003,0,1,True,125,0.7767276824730721
g_quantized,99,eval:99,O5F8V4Mn2,invalid_raw,False,False,False,False,19,4,136.21087280394255,7.168993305470661,6.651699634308461,3.5754227554800195,0.36784773473264337,0.36784773473264337,3.5999999999999996,1,5,True,125,0.36784773473264337
g_quantized,100,eval:100,O2S8Zn2Os2,not_converged,False,False,False,False,14,4,327.6227593585744,23.4016256684696,4.053728850650767,1.9875429296029283,0.9090083920631559,0.9090083920631559,6.7,0,2,True,125,0.9090083920631559
g_quantized,101,eval:101,LiF6K2Ag,invalid_raw,False,False,False,False,10,4,154.86139481583874,15.486139481583873,3.2918418169119987,2.660182111882632,0.31418343233488144,0.31418343233488144,3.7000000000000006,1,1,True,125,0.31418343233488144
g_quantized,102,eval:102,V6Fe2,invalid_terminal,False,True,False,True,8,2,78.44220480077999,9.805275600097499,8.83462818613796,2.366101376681209,0.6540041761228995,0.6540041761228995,3.9000000000000004,0,1,True,125,0.6540041761228995
g_quantized,103,eval:103,Sn8Yb6,invalid_terminal,False,False,False,False,14,2,212.7387816959043,15.195627263993163,15.516770355459,2.218167856517073,0.5455566125240106,0.5455566125240106,6.300000000000001,0,2,True,125,0.5455566125240106
g_quantized,104,eval:104,Cu2Zr12Sn4,verified,False,False,False,False,18,3,426.44244023428934,23.69124667968274,6.6065276936954325,2.088568202845155,0.93555890386129,0.93555890386129,6.916645098526883,0,1,True,125,0.93555890386129
g_quantized,105,eval:105,Sb6Dy2,not_converged,False,True,False,True,8,2,181.9437847074133,22.742973088426663,9.633737255488002,2.0553268344670834,1.43202582229749,1.43202582229749,4.699999999999999,0,0,True,125,1.43202582229749
g_quantized,106,eval:106,Al4Pd4Ce4,invalid_terminal,False,False,False,False,12,3,105.73929854687381,8.811608212239484,17.18137209106733,1.65798181944709,0.5108613034049138,0.5108613034049138,4.1000000000000005,0,2,True,125,0.5108613034049138
g_quantized,107,eval:107,Cl6K2AsRb,verified,False,True,False,True,10,4,366.50484471172615,36.65048447117262,2.04474220116324,2.5185479762097804,1.040986263747278,1.040986263747278,6.615232832114488,0,0,True,125,1.040986263747278
g_quantized,108,eval:108,ZnSn2Pb,invalid_terminal,False,False,False,False,4,3,96.64443064397848,24.16110766099462,8.763289037511647,3.8243843394381116,1.2459260146772344,1.2459260146772344,3.8675852058918827,0,0,True,125,1.2459260146772344
g_quantized,109,eval:109,Zn3Ac,invalid_terminal,False,False,False,False,4,2,37.72455444046126,9.431138610115315,18.629377549020173,4.555932163886155,0.7536906508055993,0.7536906508055993,2.8000000000000007,0,1,True,125,0.7536906508055993
g_quantized,110,eval:110,Ni4Ge8,not_converged,False,True,False,True,12,2,466.29440848247174,38.857867373539314,2.905510279220606,2.944013358230648,1.4879205093330559,1.4879205093330559,8.0,0,0,True,125,1.4879205093330559
g_quantized,111,eval:111,O2F10Mn2Ba4,invalid_raw,False,False,False,False,18,4,167.68487485850747,9.315826381028193,8.725963503931608,1.5099722645144833,0.34936010663931205,0.34936010663931205,4.7,3,6,True,125,0.34936010663931205
g_quantized,112,eval:112,CeTl3,not_converged,False,True,False,True,4,2,136.4629779585864,34.1157444896466,9.166057147508596,1.9263182226160576,1.7642127277060256,1.7642127277060256,4.7,0,0,True,125,1.7642127277060256
g_quantized,113,eval:113,O6Ba2LaBi,invalid_raw,False,False,False,False,10,4,185.13547575499308,18.51354757549931,6.444780732802726,1.7714161971919065,0.4273724634764361,0.4273724634764361,5.1000000000000005,1,2,True,125,0.4273724634764361
g_quantized,114,eval:114,B4Rh4Tm4,not_converged,False,False,False,False,12,3,303.4734802730764,25.289456689423034,6.186406083785468,3.381005874818533,1.7335055280006786,1.7335055280006786,5.310849840512235,0,0,True,125,1.7335055280006786
g_quantized,115,eval:115,Ti6Rh2,not_converged,False,True,False,True,8,2,121.83969870960273,15.229962338700341,6.71921677016707,1.4902783558897386,1.5194765276478504,1.5194765276478504,4.800000000000001,0,0,True,125,1.5194765276478504
g_quantized,116,eval:116,ZnTbTl2,invalid_raw,False,False,False,False,4,3,191.31821278806018,47.829553197015045,5.4949753358880535,4.600558505797787,0.4818761484994231,0.4818761484994231,4.399268200341206,1,1,True,125,0.4818761484994231
g_quantized,117,eval:117,O12Cr4La4,invalid_terminal,False,False,False,False,20,3,379.75791121886846,18.98789556094342,4.178476754451291,1.5378055200424656,0.615196151689081,0.615196151689081,6.6,0,2,True,125,0.615196151689081
g_quantized,118,eval:118,Li4O8Cr4,invalid_raw,False,False,False,False,16,3,134.89517154445946,8.430948221528716,4.477628451116583,1.5488417454751982,0.3941557177247045,0.3941557177247045,4.800000000000001,2,6,True,125,0.3941557177247045
g_quantized,119,eval:119,Li2F8Mn2Te2,invalid_terminal,False,False,False,False,14,4,212.67408291856805,15.19100592275486,4.145570662315484,3.4734489570107145,0.6117342976145052,0.6117342976145052,4.4,0,3,True,125,0.6117342976145052
g_quantized,120,eval:120,Ru8Yb4,verified,False,False,False,False,12,2,397.81881004542186,33.15156750378515,6.2641688253590155,1.3841108968955713,1.377448697467209,1.377448697467209,6.800000000000001,0,0,True,125,1.377448697467209
g_quantized,121,eval:121,Cu3GaHf,not_converged,False,False,False,False,5,3,61.483325370836475,12.296665074167295,11.852469356872756,3.1201441894999276,0.8401636064285347,0.8401636064285347,3.4000000000000004,0,1,True,125,0.8401636064285347
g_quantized,122,eval:122,S4K2Mn2,verified,False,True,False,True,8,3,206.7990725596881,25.849884069961014,2.540063566465249,2.839973120531815,1.535102469746552,1.535102469746552,4.3,0,0,True,125,1.535102469746552
g_quantized,123,eval:123,S12Er8,invalid_terminal,False,False,False,False,20,2,403.93124766529115,20.196562383264556,7.082549489561983,2.128444406568913,0.5793479092911276,0.5793479092911276,7.0,0,2,True,125,0.5793479092911276
g_quantized,124,eval:124,O12Sr4Nb2Sm2,not_converged,False,False,False,False,20,4,747.1833424177396,37.35916712088698,2.286860312757479,1.81544027460827,1.390758443275769,1.390758443275769,8.399999999999999,0,0,True,125,1.390758443275769
g_quantized,125,eval:125,O12Ca4Ti2Bi2,invalid_terminal,False,False,False,False,20,4,248.84217803542109,12.442108901771054,5.778868272304221,2.8819282217010453,0.6577166143289743,0.6577166143289743,5.7,0,5,True,125,0.6577166143289743
g_quantized,126,eval:126,Li2F8V2,not_converged,False,False,False,False,12,3,211.14231333078897,17.595192777565746,2.1057504948396466,2.7488175422475196,0.7942407005462312,0.7942407005462312,4.6000000000000005,0,3,True,125,0.7942407005462312
g_quantized,127,eval:127,Li2O8Mn3Rh,not_converged,False,False,False,False,14,4,190.93284569131802,13.638060406522715,3.5622553239101573,2.2777116460580107,1.1480889544201318,1.1480889544201318,5.0,0,0,True,125,1.1480889544201318
g_quantized,128,eval:128,B2Fe3La3,not_converged,False,False,False,False,8,3,120.55545140377593,15.069431425471992,8.345341956785603,2.668389752455969,1.5797092382494173,1.5797092382494173,4.2,0,0,True,125,1.5797092382494173
g_quantized,129,eval:129,Ga2As6Sb2,verified,False,False,False,False,10,3,149.04093543179462,14.904093543179462,9.275246847905276,2.852641074544755,1.518041896624989,1.518041896624989,4.520751178591783,0,0,True,125,1.518041896624989
g_quantized,130,eval:130,K4Zn2As4,verified,False,False,False,False,10,3,193.42007306339084,19.342007306339084,5.038600065952716,1.5738254623851404,1.241581420999895,1.241581420999895,5.300000000000001,0,0,True,125,1.241581420999895
g_quantized,131,eval:131,K4As12Eu4,not_converged,False,False,False,False,20,3,744.1788792334503,37.20894396167252,3.711457896855331,1.5229098405307315,1.0554558020537126,1.0554558020537126,8.4,0,0,True,125,1.0554558020537126
g_quantized,132,eval:132,O12Ga4Nb2,invalid_raw,False,False,False,False,18,3,176.25008641093675,9.791671467274263,6.187071879093451,2.2792488634963264,0.3467428645945712,0.3467428645945712,5.2,2,6,True,125,0.3467428645945712
g_quantized,133,eval:133,Co4Ge4Pd4,not_converged,False,False,False,False,12,3,238.16855706672027,19.847379755560024,6.637265686951981,3.343158682255075,1.1614059160639403,1.1614059160639403,4.2,0,0,True,125,1.1614059160639403
g_quantized,134,eval:134,F6Rb3Nd,invalid_terminal,False,False,False,False,10,3,195.70113527379652,19.570113527379654,4.366724197372184,3.0547622796255185,0.7368775756003955,0.7368775756003955,6.0,0,4,True,125,0.7368775756003955
g_quantized,135,eval:135,As8Cd2Tl4,not_converged,False,False,False,False,14,3,433.6352841291474,30.97394886636767,6.286742754815054,2.777299883193694,1.0401668470313776,1.0401668470313776,7.300000000000001,0,0,True,125,1.0401668470313776
g_quantized,136,eval:136,Cu3In3Pr3,not_converged,False,False,False,False,9,3,164.0098773794305,18.22331970882561,9.69752046926412,2.1565985989691026,0.8974145809564666,0.8974145809564666,4.2,0,1,True,125,0.8974145809564666
g_quantized,137,eval:137,B2Co2Eu2,not_converged,False,False,False,False,6,3,67.91731278539051,11.319552130898417,10.8412746053776,2.76107304153143,1.1324183578445213,1.1324183578445213,3.492932168108593,0,0,True,125,1.1324183578445213
g_quantized,138,eval:138,F2I2Ba2,not_converged,False,True,False,True,6,3,197.68432523434828,32.94738753905805,4.758235320066193,1.8004988957217902,1.308987808443818,1.308987808443818,5.300000000000001,0,0,True,125,1.308987808443818
g_quantized,139,eval:139,ScZn2Sn,verified,False,True,False,True,4,3,64.34086237362833,16.08521559340708,7.60017852296655,2.936516904647022,1.6121779889015997,1.6121779889015997,3.844636456567454,0,0,True,125,1.6121779889015997
g_quantized,140,eval:140,O10Cu2Sr4Cs2,invalid_terminal,False,False,False,False,18,4,192.0068489806067,10.66704716558926,7.812703810245666,1.9278329506173824,0.6012333748242272,0.6012333748242272,5.2,0,6,True,125,0.6012333748242272
g_quantized,141,eval:141,AgIn2Ce,not_converged,False,False,False,False,4,3,193.63733331332236,48.40933332833059,4.095837241333974,2.1330540829282922,0.7720922445498634,0.7720922445498634,5.6000000000000005,0,1,True,125,0.7720922445498634
g_quantized,142,eval:142,Li4N8As4,not_converged,False,False,False,False,16,3,213.35961558202663,13.334975973876665,3.4205796628199665,3.2267189754195265,0.7724493418882905,0.7724493418882905,5.331950072313311,0,1,True,125,0.7724493418882905
g_quantized,143,eval:143,Na4Au4,not_converged,False,True,False,True,8,2,314.2953770334428,39.28692212918035,4.6484437169606965,3.1664356393841673,1.4531291717327082,1.4531291717327082,5.0,0,0,True,125,1.4531291717327082
g_quantized,144,eval:144,YIn2Eu,verified,True,True,True,True,4,3,74.40762780043757,18.60190695010939,10.500178114591701,3.5934576076377587,1.4225611252257508,1.4225611252257508,3.8000000000000003,0,0,True,125,1.4225611252257508
g_quantized,145,eval:145,F6K2AgTl,not_converged,False,False,False,False,10,4,293.3613075772349,29.33613075772349,2.8553181561236527,4.213852200899899,1.2007723453616195,1.2007723453616195,6.09695886258477,0,0,True,125,1.2007723453616195
g_quantized,146,eval:146,Zn10Pt6,invalid_terminal,False,False,False,False,16,2,391.0203599662974,24.438772497893588,7.748470227854897,2.6866155356181425,0.6085952051842202,0.6085952051842202,7.301057960449379,0,2,True,125,0.6085952051842202
g_quantized,147,eval:147,TiCoTm2,not_converged,False,True,False,True,4,3,89.63662384122465,22.409155960306162,8.237588334499755,4.390202143766415,1.088523436478085,1.088523436478085,3.0061017968230686,0,0,True,125,1.088523436478085
g_quantized,148,eval:148,Li2SnEr,verified,False,True,False,True,4,3,55.48228163086866,13.870570407717166,8.974293865053525,4.660367752580338,1.5991173593671222,1.5991173593671222,2.818522699146303,0,0,True,125,1.5991173593671222
g_quantized,149,eval:149,O5F8Cu2Sr2Os,invalid_raw,False,False,False,False,18,5,176.35964855254562,9.797758252919202,6.8220668562282105,3.061479362935793,0.2076472495804634,0.2076472495804634,4.380059379988001,1,5,True,125,0.2076472495804634
g_quantized,150,eval:150,In3Yb,invalid_raw,False,False,False,False,4,2,87.59361433781248,21.89840358445312,9.810292796197004,1.6443901585040928,0.41933295063083764,0.41933295063083764,4.4,1,1,True,125,0.41933295063083764
g_quantized,151,eval:151,Si2Co2Ce,not_converged,False,False,False,False,5,3,189.68178515822595,37.93635703164519,2.7502059650307054,4.9045243957864235,1.588620959931934,1.588620959931934,4.595002600831339,0,0,True,125,1.588620959931934
g_quantized,152,eval:152,V2FeRu,verified,False,True,False,True,4,3,53.85854615509651,13.464636538774128,7.979127177336202,4.122326641419042,1.525933771209534,1.525933771209534,3.3687727373249796,0,0,True,125,1.525933771209534
g_quantized,153,eval:153,LiYAu2,not_converged,False,True,False,True,4,3,100.56979121625628,25.14244780406407,8.086909540898164,2.790591862179343,1.0327654422883905,1.0327654422883905,3.4000000000000004,0,0,True,125,1.0327654422883905
g_quantized,154,eval:154,Sc6Lu2,verified,False,True,False,True,8,2,143.05043181202078,17.881303976502597,7.193165050963009,2.3497854576984736,1.5809552488024183,1.5809552488024183,4.999999999999999,0,0,True,125,1.5809552488024183
g_quantized,155,eval:155,ScPtAu2,not_converged,True,True,True,True,4,3,66.19391949201359,16.548479873003398,15.90383262957513,7.067229619864977,1.6355078945381831,1.6355078945381831,3.4146938241458216,0,0,True,125,1.6355078945381831
g_quantized,156,eval:156,NiGd3,not_converged,False,False,False,False,4,2,71.88895370248873,17.972238425622184,12.252535931534043,2.8980371985928293,1.0236107594070025,1.0236107594070025,3.6999999999999997,0,0,True,125,1.0236107594070025
g_quantized,157,eval:157,MgScTc2,invalid_terminal,True,True,True,True,4,3,92.94616553270106,23.236541383175265,4.73904549685778,5.216660647810681,1.1015702427755014,1.1015702427755014,3.1101397769082766,0,0,True,125,1.1015702427755014
g_quantized,158,eval:158,N2Br2,verified,False,False,False,False,4,2,81.10724450291369,20.276811125728422,3.8453380355228455,3.1446442920874667,1.2221871046084236,1.2221871046084236,2.9000000000000004,0,0,True,125,1.2221871046084236
g_quantized,159,eval:159,MgGa2Er,not_converged,False,False,False,False,4,3,134.44775587777124,33.61193896944281,4.0882425507716675,2.5955647840793112,1.1940173057091417,1.1940173057091417,4.965549605723515,0,0,True,125,1.1940173057091417
g_quantized,160,eval:160,Ga3Tm,not_converged,False,True,False,True,4,2,164.02171923402463,41.00542980850616,3.827878127018325,1.8329417637238095,2.114652128284807,2.114652128284807,5.0,0,0,True,125,2.114652128284807
g_quantized,161,eval:161,AgYbHg2,verified,False,False,False,False,4,3,141.1342887078102,35.28357217695255,8.025222738832532,2.4684515980695303,1.6047726277643148,1.6047726277643148,5.316772431270957,0,0,True,125,1.6047726277643148
g_quantized,162,eval:162,Cu2Ge10Tb6,not_converged,False,False,False,False,18,3,436.04092485886883,24.224495825492713,6.881618563877343,4.285097416554859,1.230962430303285,1.230962430303285,5.435374956003373,0,0,True,125,1.230962430303285
g_quantized,163,eval:163,Cu3In3Yb3,invalid_terminal,False,False,False,False,9,3,219.97707955808275,24.441897728675862,7.9579209524704195,2.0968686929938207,0.524337918085611,0.524337918085611,5.900000000000001,0,2,True,125,0.524337918085611
g_quantized,164,eval:164,K2Ag6Sn2,not_converged,False,True,False,True,10,3,251.3401094607315,25.13401094607315,6.361140920407655,4.175701586495754,0.9796016606922873,0.9796016606922873,4.377177253128924,0,1,True,125,0.9796016606922873
g_quantized,165,eval:165,Sr4In2Th2,not_converged,False,False,False,False,8,3,250.9599379414864,31.3699922426858,6.909157782387381,1.87896899212729,1.4178970334887782,1.4178970334887782,6.300000000000001,0,0,True,125,1.4178970334887782
g_quantized,166,eval:166,S4Sc2W,not_converged,False,False,False,False,7,3,100.4907955249375,14.355827932133929,6.642960039275087,1.5371874410783533,0.8705072954711951,0.8705072954711951,4.4,0,1,True,125,0.8705072954711951
g_quantized,167,eval:167,CdErHg2,not_converged,False,False,False,False,4,3,85.15596872461416,21.28899218115354,13.276556422613027,4.10172555435901,0.7605670466341474,0.7605670466341474,3.4512254909570643,0,1,True,125,0.7605670466341474
g_quantized,168,eval:168,AlGaSm2,verified,False,True,False,True,4,3,83.96212719384847,20.99053179846212,7.859960132347986,2.5212852206140917,1.3972605507617568,1.3972605507617568,4.4,0,0,True,125,1.3972605507617568
g_quantized,169,eval:169,P4Co2Br10Hg2,invalid_raw,False,False,False,False,18,4,474.7943145513261,26.37746191951812,5.043165930438284,2.5228004559100943,0.4225887607353124,0.4225887607353124,7.3999999999999995,1,2,True,125,0.4225887607353124
g_quantized,170,eval:170,AlMnRu2,not_converged,False,True,False,True,4,3,85.59644170768638,21.399110426921595,5.510650050393061,2.765762935535075,1.315471945239819,1.315471945239819,3.2,0,0,True,125,1.315471945239819
g_quantized,171,eval:171,F3RbAu,verified,False,True,False,True,5,3,126.49075315144155,25.298150630288312,4.455946870282762,2.614915341589354,2.0405592182654564,2.0405592182654564,4.1000000000000005,0,0,True,125,2.0405592182654564
g_quantized,172,eval:172,O6FeBa2Os,not_converged,False,False,False,False,10,4,148.3401492678362,14.83401492678362,6.903704931666541,3.1392350851149144,0.9760515290700105,0.9760515290700105,5.164259506067413,0,1,True,125,0.9760515290700105
g_quantized,173,eval:173,LiYAu2,invalid_terminal,False,True,False,True,4,3,47.42696899581706,11.856742248954266,17.148445733156805,2.6483155894378094,0.575230787286487,0.575230787286487,3.388966851065574,0,1,True,125,0.575230787286487
g_quantized,174,eval:174,Cl6K2AgSb,invalid_terminal,False,False,False,False,10,4,290.042208371091,29.004220837109102,2.980192641932404,5.18459745232384,0.6741023316316097,0.6741023316316097,3.2,0,1,True,125,0.6741023316316097
g_quantized,175,eval:175,Sb2,verified,False,True,False,True,2,1,75.54275603522169,37.77137801761084,5.352921904383433,1.826285060823234,1.6453347303194554,1.6453347303194554,4.0,0,0,True,125,1.6453347303194554
g_quantized,176,eval:176,F12Na4Fe4,invalid_raw,False,False,False,False,20,3,419.91629544234456,20.995814772117228,2.1485328270777866,2.810501813433354,0.43149348197678444,0.43149348197678444,6.800000000000001,2,6,True,125,0.43149348197678444
g_quantized,177,eval:177,Cu2Ga4Sm4,not_converged,False,False,False,False,10,3,150.42315929375556,15.042315929375556,11.121072822061672,2.926553774984951,0.9901726814107038,0.9901726814107038,4.699999999999999,0,1,True,125,0.9901726814107038
g_quantized,178,eval:178,Pr12Pt4,invalid_raw,False,False,False,False,16,2,245.51178070648902,15.344486294155564,16.7143519246183,1.4462674359835643,0.28909206317557445,0.28909206317557445,5.800000000000001,3,5,True,125,0.28909206317557445
g_quantized,179,eval:179,Mg4Nd2,invalid_raw,False,False,False,False,6,2,108.8642225607381,18.14403709345635,5.883260313428944,2.9005217064743234,0.4589133929421833,0.4589133929421833,4.276885053011606,1,1,True,125,0.4589133929421833
g_quantized,180,eval:180,Na2K2As2,not_converged,False,False,False,False,6,3,100.44561870713868,16.74093645118978,4.530011587757122,2.3660397272777787,0.7535157838040263,0.7535157838040263,4.3,0,1,True,125,0.7535157838040263
g_quantized,181,eval:181,O8K4Nd4,not_converged,False,False,False,False,16,3,448.7082992835204,28.044268705220023,3.1876298137337953,2.8587947071597815,1.1018496401026399,1.1018496401026399,6.697335682444899,0,0,True,125,1.1018496401026399
g_quantized,182,eval:182,O12Ca4Ru4,not_converged,False,False,False,False,20,3,327.25203136992604,16.362601568496302,3.8390552148340404,3.0998931885462877,0.854344107706384,0.854344107706384,6.335440047350759,0,1,True,125,0.854344107706384
g_quantized,183,eval:183,Pr6Hg2,invalid_terminal,True,True,True,True,8,2,123.33856389464479,15.417320486830599,16.78364773367744,3.1511059980858027,0.9604946333717658,0.9604946333717658,4.542996892079361,0,1,True,125,0.9604946333717658
g_quantized,184,eval:184,H3Li6F6Cl3,invalid_raw,False,False,False,False,18,4,263.8610511233633,14.658947284631296,1.667827813990104,5.0717500187579265,0.30541253810151175,0.30541253810151175,4.3,1,2,True,125,0.30541253810151175
g_quantized,185,eval:185,NiGa3Lu,not_converged,False,True,False,True,5,3,144.96338680956316,28.992677361912634,5.0725602838256005,3.2637634548858974,1.8538119693987878,1.8538119693987878,5.268437350481811,0,0,True,125,1.8538119693987878
g_quantized,186,eval:186,Co2Ge2Tb2,invalid_raw,False,False,False,False,6,3,151.49538138276853,25.24923023046142,6.368302166838543,2.1999041031694966,0.47304280623871453,0.47304280623871453,4.800000000000001,1,2,True,125,0.47304280623871453
g_quantized,187,eval:187,Cd2CeTl,verified,False,False,False,False,4,3,135.38753923296255,33.84688480824064,6.982771571545992,2.1101686168933877,1.7225795202434089,1.7225795202434089,5.0,0,0,True,125,1.7225795202434089
g_quantized,188,eval:188,O8BaLa2Os,invalid_raw,False,False,False,False,12,4,244.97069955565289,20.414224962971073,4.971117550724829,3.087899890523605,0.47322069626043844,0.47322069626043844,5.368856104559767,1,2,True,125,0.47322069626043844
g_quantized,189,eval:189,H4Hg2,invalid_raw,False,False,False,False,6,2,113.92609678453914,18.98768279742319,5.906196883039867,2.395608834000463,0.20201069460811696,0.20201069460811696,3.9000000000000004,1,1,True,125,0.20201069460811696
g_quantized,190,eval:190,Cl6KRb2Sb,verified,False,True,False,True,10,4,585.7046784017936,58.570467840179354,1.543752876698592,2.8140116968166153,1.150534807167289,1.150534807167289,8.388383453805268,0,0,True,125,1.150534807167289
g_quantized,191,eval:191,Li4O8P2Co2,invalid_raw,False,False,False,False,16,4,91.84965318201222,5.740603323875764,6.066786821648483,1.8059061619305734,0.26564256578587775,0.26564256578587775,3.4999999999999996,2,6,True,125,0.26564256578587775
g_quantized,192,eval:192,Cl6K2AsCs,verified,False,True,False,True,10,4,317.1827449179471,31.71827449179471,2.611049971633269,4.2177216407766345,1.0221941760896935,1.0221941760896935,6.15519687949157,0,0,True,125,1.0221941760896935
g_quantized,193,eval:193,F6CaTe,verified,False,True,False,True,8,3,173.4278686587971,21.67848358234964,2.6969218818531586,2.812633431116298,0.997873282998338,0.997873282998338,5.300000000000001,0,1,True,125,0.997873282998338
g_quantized,194,eval:194,Si2Ti4As2,invalid_raw,False,False,False,False,8,3,188.81993518407867,23.602491898009834,3.495577523287746,4.661301237102102,0.33396058104863185,0.33396058104863185,4.2875381693325085,1,1,True,125,0.33396058104863185
g_quantized,195,eval:195,Co2Sn2Ce2,not_converged,False,False,False,False,6,3,161.85984233362336,26.976640388937227,6.519857544174285,2.731700358030439,1.174935509891808,1.174935509891808,5.196929973628774,0,0,True,125,1.174935509891808
g_quantized,196,eval:196,Al4Fe8,invalid_terminal,False,False,False,False,12,2,176.12430107000154,14.677025089166795,5.229704382004798,4.9278382295636804,0.7220642979858121,0.7220642979858121,3.4000000000000004,0,1,True,125,0.7220642979858121
g_quantized,197,eval:197,O4Pd2Ba2,verified,False,False,False,False,8,3,101.3992774059926,12.674909675749076,9.031359691401697,3.891266987859742,1.3053204719267233,1.3053204719267233,2.8000000000000003,0,0,True,125,1.3053204719267233
g_quantized,198,eval:198,F14In4Cs2,verified,False,True,False,True,20,3,565.5762764034201,28.278813820171006,2.9097662454683113,1.825769292351243,1.1242006012278714,1.1242006012278714,6.6000000000000005,0,0,True,125,1.1242006012278714
g_quantized,199,eval:199,Li4O8Cr3Co,invalid_terminal,False,False,False,False,16,4,78.05060656562053,4.878162910351283,7.886290733236477,1.4088217167920327,0.7174905614019436,0.7174905614019436,3.8000000000000003,0,5,True,125,0.7174905614019436
g_quantized,200,eval:200,Li2F10S2,invalid_terminal,False,False,False,False,14,3,236.22231851192186,16.87302275085156,1.883894306148401,3.9328316707207356,0.5148835020879704,0.5148835020879704,6.432366433771099,0,3,True,125,0.5148835020879704
g_quantized,201,eval:201,Ho3Ir,verified,False,False,False,False,4,2,75.55452579100375,18.88863144775094,15.099076391542981,1.5076751245636197,1.4246848153317977,1.4246848153317977,4.1000000000000005,0,0,True,125,1.4246848153317977
g_quantized,202,eval:202,AlNiRh5,not_converged,False,False,False,False,7,3,47.84011752440318,6.834302503486169,20.83313438048084,6.88684651540778,0.9045285886977106,0.9045285886977106,2.6140522887706767,0,2,True,125,0.9045285886977106
g_quantized,203,eval:203,Mg4Pb2,not_converged,False,False,False,False,6,2,143.6696393235176,23.944939887252932,5.913323101903443,3.6391555224997187,1.1741666869754923,1.1741666869754923,3.3000000000000003,0,0,True,125,1.1741666869754923
g_quantized,204,eval:204,Pd3Gd,not_converged,False,False,False,False,4,2,154.222849149305,38.55571228732625,5.130650062491935,3.480472300611605,1.7953687757283816,1.7953687757283816,3.8000000000000003,0,0,True,125,1.7953687757283816
g_quantized,205,eval:205,O12Mn2Fe2Sr4,invalid_terminal,False,False,False,False,20,4,246.1793010041605,12.308965050208025,5.153627539243271,3.9312782996214377,0.8685316429009693,0.8685316429009693,4.6000000000000005,0,3,True,125,0.8685316429009693
g_quantized,206,eval:206,Co2Ga10Dy6,invalid_raw,False,False,False,False,18,3,370.190021351426,20.566112297301444,8.029727483531422,2.1772586164852674,0.37057822744828056,0.37057822744828056,6.600000000000001,1,2,True,125,0.37057822744828056
g_quantized,207,eval:207,O7NaK3Nb2,invalid_terminal,False,False,False,False,13,4,73.08524915195333,5.621942242457949,9.953731162903862,3.030896008294486,0.5273414648436114,0.5273414648436114,3.2406119094168657,0,4,True,125,0.5273414648436114
g_quantized,208,eval:208,S8Ag4W2,not_converged,False,False,False,False,14,3,328.97035064762986,23.497882189116417,5.328704919747267,2.490210938969566,0.9104399725152713,0.9104399725152713,6.553720627033685,0,1,True,125,0.9104399725152713
g_quantized,209,eval:209,O12Sm4Lu4,invalid_terminal,False,False,False,False,20,3,249.34872570435573,12.467436285217786,9.944644030485685,3.1340101003471883,0.6063031175609216,0.6063031175609216,5.1000000000000005,0,5,True,125,0.6063031175609216
g_quantized,210,eval:210,O6As2Ag2,verified,False,False,False,False,10,3,189.57507868809844,18.957507868809845,4.043068242456072,1.9710740178016615,1.1516670525807364,1.1516670525807364,5.800000000000001,0,0,True,125,1.1516670525807364
g_quantized,211,eval:211,CuGaPr2Pt2,verified,False,True,False,True,6,4,68.07068191869979,11.345113653116632,19.64359493587168,6.042996964311997,1.16202782254927,1.16202782254927,2.8000000000000007,0,0,True,125,1.16202782254927
g_quantized,212,eval:212,O8Nb4,invalid_terminal,False,False,False,False,12,2,97.24638537656635,8.103865448047197,8.531316828180431,2.6327768476118067,0.5350017697833485,0.5350017697833485,3.874688006537381,0,4,True,125,0.5350017697833485
g_quantized,213,eval:213,Ca4As2Sb2,verified,False,True,False,True,8,3,167.91925406296735,20.98990675787092,5.475246450670907,2.9207155322438516,1.3549941469955424,1.3549941469955424,5.329404533024341,0,0,True,125,1.3549941469955424
g_quantized,214,eval:214,NaSb4Tm,not_converged,False,True,False,True,6,3,322.94715468866156,53.82452578144359,3.491116723092209,2.411772995132728,1.4842147794901837,1.4842147794901837,6.6000000000000005,0,0,True,125,1.4842147794901837
g_quantized,215,eval:215,LiAg2Cd,not_converged,False,True,False,True,4,3,60.32578337130613,15.081445842826533,9.223707474127078,1.9491844631643127,1.7311547713180704,1.7311547713180704,3.5,0,0,True,125,1.7311547713180704
g_quantized,216,eval:216,Li6F8Cs2,invalid_terminal,False,False,False,False,16,3,415.2455417231974,25.952846357699837,1.8372862538697436,2.3144606746771568,0.7562044793205744,0.7562044793205744,5.800000000000002,0,2,True,125,0.7562044793205744
g_quantized,217,eval:217,Ge2Ru2Dy,invalid_terminal,False,False,False,False,5,3,90.85367326086742,18.170734652173486,9.319844211575553,3.8304323881006836,0.5963597907303947,0.5963597907303947,3.4858414111391096,0,3,True,125,0.5963597907303947
g_quantized,218,eval:218,S2KLa,not_converged,False,False,False,False,4,3,89.24059062386208,22.31014765596552,4.50548995269232,2.1006727627436046,1.0670482339161518,1.0670482339161518,4.199999999999999,0,0,True,125,1.0670482339161518
g_quantized,219,eval:219,B4Fe8Rb4,not_converged,False,False,False,False,16,3,115.36270935046635,7.210169334404147,11.974070962040077,2.3873930643015093,0.9146710142230735,0.9146710142230735,3.4000000000000004,0,4,True,125,0.9146710142230735
g_quantized,220,eval:220,NaSe2Sm,verified,False,True,False,True,4,3,166.52035853146452,41.63008963286613,3.3034182626328423,1.8864559955932478,1.5436017650492906,1.5436017650492906,5.2,0,0,True,125,1.5436017650492906
g_quantized,221,eval:221,O6Sr2AgOs,not_converged,False,False,False,False,10,4,213.69199019890294,21.369199019890296,4.424135618687021,4.98762409064914,1.4626163687258935,1.4626163687258935,6.0,0,0,True,125,1.4626163687258935
g_quantized,222,eval:222,O8Na4V4,not_converged,False,False,False,False,16,3,168.22236115821585,10.51389757238849,4.182583508066369,1.4987372368772522,1.01961603703656,1.01961603703656,5.1000000000000005,0,0,True,125,1.01961603703656
g_quantized,223,eval:223,Ni3Ge,not_converged,False,False,False,False,4,2,44.95224939039756,11.23806234759939,9.187740643759419,2.180282055180091,1.6052400731203393,1.6052400731203393,3.1,0,0,True,125,1.6052400731203393
g_quantized,224,eval:224,Al8Cu4Ho,not_converged,False,True,False,True,13,3,297.2025911353977,22.861737779645978,3.5477042413447517,3.2127700927126743,0.8211475818622715,0.8211475818622715,5.300000000000001,0,1,True,125,0.8211475818622715
g_quantized,225,eval:225,Mg2Ag4,verified,False,True,False,True,6,2,142.92680328861078,23.82113388143513,5.577653919768593,1.7986988822299932,1.8251647950773149,1.8251647950773149,4.4,0,0,True,125,1.8251647950773149
g_quantized,226,eval:226,Si2Ti2Sr,not_converged,False,False,False,False,5,3,96.19705411829331,19.239410823658663,4.134644491693729,2.1617609575949297,1.2461131990931118,1.2461131990931118,3.7,0,0,True,125,1.2461131990931118
g_quantized,227,eval:227,O12KSr2Sb3Ba2,invalid_raw,False,False,False,False,20,5,459.12609697628596,22.9563048488143,3.7840673488440175,3.8717970647583844,0.3360993522670316,0.3360993522670316,5.1000000000000005,1,2,True,125,0.3360993522670316
g_quantized,228,eval:228,Nd2Hg6,not_converged,False,True,False,True,8,2,241.45034763623806,30.181293454529758,10.261174459095924,3.167408995901653,1.3310533794196657,1.3310533794196657,5.706085650330365,0,0,True,125,1.3310533794196657
g_quantized,229,eval:229,O12Ca2Sr4Tl2,not_converged,False,False,False,False,20,4,476.0262881415975,23.801314407079875,3.5978524662950693,2.5922293920236306,0.8763989137490777,0.8763989137490777,6.9692231281140264,0,1,True,125,0.8763989137490777
g_quantized,230,eval:230,Li6AlAs2In,not_converged,False,False,False,False,10,4,257.9177871158802,25.791778711588016,2.1457960580845095,2.727080510764009,0.8253972058052881,0.8253972058052881,5.36802230595307,0,1,True,125,0.8253972058052881
g_quantized,231,eval:231,O6FeCuBaW,invalid_terminal,False,False,False,False,10,5,82.49213514685499,8.249213514685499,10.80066046260037,5.206496789039245,0.7250723651037582,0.7250723651037582,2.2,0,3,True,125,0.7250723651037582
g_quantized,232,eval:232,Ga3Pd3Au3,not_converged,False,False,False,False,9,3,169.61114175929038,18.84568241769893,10.958531539031727,4.529388921776318,0.7474483654379115,0.7474483654379115,5.040655681978899,0,1,True,125,0.7474483654379115
g_quantized,233,eval:233,ZnTm2Ir,invalid_terminal,False,False,False,False,4,3,121.15178270044255,30.287945675110638,8.162007411787727,3.5512061356655815,0.6337454793699442,0.6337454793699442,4.523087427029098,0,1,True,125,0.6337454793699442
g_quantized,234,eval:234,Y6Ir2,not_converged,False,False,False,False,8,2,246.04255837437742,30.755319796797178,6.1946904984455164,2.562898436735303,1.1414867655302963,1.1414867655302963,5.846490301707955,0,0,True,125,1.1414867655302963
g_quantized,235,eval:235,CNZr2,verified,False,False,False,False,4,3,55.27702828606987,13.819257071517468,6.262365244074295,5.930193899488098,1.2404933281501151,1.2404933281501151,2.807306477785435,0,0,True,125,1.2404933281501151
g_quantized,236,eval:236,Na2Br6Th,verified,False,True,False,True,9,3,537.0680935759848,59.67423261955386,2.34190297305175,3.2097685565801606,0.8620094667222984,0.8620094667222984,5.4,0,1,True,125,0.8620094667222984
g_quantized,237,eval:237,O8Ti2Tb2,not_converged,False,False,False,False,12,3,291.7480626009843,24.31233855008203,3.082504040019243,3.5591489689947537,0.9878345871993542,0.9878345871993542,5.000000000000001,0,1,True,125,0.9878345871993542
g_quantized,238,eval:238,Mg3In3Nd3,invalid_terminal,False,False,False,False,9,3,247.31293095489562,27.479214550543958,5.707812981597692,1.568293847817959,0.5287816379558193,0.5287816379558193,5.4,0,1,True,125,0.5287816379558193
g_quantized,239,eval:239,Nd4Pt8,invalid_raw,False,False,False,False,12,2,118.0201582188197,9.835013184901642,30.076512215358076,1.9041220013331863,0.2843238511859409,0.2843238511859409,4.8999999999999995,1,2,True,125,0.2843238511859409
g_quantized,240,eval:240,AlMn2Ir,not_converged,False,False,False,False,4,3,66.69542270355497,16.673855675888742,8.193085139380331,4.7241627957553725,0.7944037283230584,0.7944037283230584,3.3073303537957495,0,1,True,125,0.7944037283230584
g_quantized,241,eval:241,Al3FeTb2,invalid_terminal,False,False,False,False,6,3,72.01578396478052,12.002630660796754,10.483090845841103,2.8450599627229876,0.746308217406354,0.746308217406354,3.2,0,2,True,125,0.746308217406354
g_quantized,242,eval:242,Fe6Zr6,not_converged,False,False,False,False,12,2,346.7660258309386,28.897168819244882,4.225566551404758,1.5195683310647172,1.0272747680562895,1.0272747680562895,6.800000000000001,0,0,True,125,1.0272747680562895
g_quantized,243,eval:243,C4Mg2Cr4,invalid_terminal,False,False,False,False,10,3,149.51962123377396,14.951962123377395,3.383248081860254,2.4094107030258014,0.512969483904646,0.512969483904646,4.7,0,3,True,125,0.512969483904646
g_quantized,244,eval:244,OF11V3Ba2,invalid_terminal,False,False,False,False,17,4,192.2090300622218,11.306413533071872,5.636758458516759,4.110179715379317,0.6593242838712009,0.6593242838712009,4.4,0,3,True,125,0.6593242838712009
g_quantized,245,eval:245,In6Yb2,verified,False,False,False,False,8,2,243.1154654865575,30.389433185819687,7.069225333002227,3.795946303496718,1.6593361254461616,1.6593361254461616,5.7,0,0,True,125,1.6593361254461616
g_quantized,246,eval:246,Co6Ge6Tm,invalid_raw,False,False,False,False,13,3,255.13318748100198,19.625629806230922,6.237590858296273,4.091751071918263,0.1691460549041601,0.1691460549041601,5.169079273611393,1,1,True,125,0.1691460549041601
g_quantized,247,eval:247,Li4S8Cu2Er2,invalid_terminal,False,False,False,False,16,4,295.2065111308744,18.45040694567965,4.195659918874337,2.3009776352537425,0.743677142786508,0.743677142786508,5.800000000000001,0,3,True,125,0.743677142786508
g_quantized,248,eval:248,S8Fe4Cu2,verified,False,False,False,False,14,3,341.6551001023841,24.403935721598863,2.9501503967352414,2.273067087375533,1.2390425912247596,1.2390425912247596,5.2,0,0,True,125,1.2390425912247596
g_quantized,249,eval:249,Li2C10N4,not_converged,False,False,False,False,16,3,230.13505888504147,14.383441180315092,1.371058632699971,2.953040511376205,0.7454502889192844,0.7454502889192844,4.800000000000001,0,2,True,125,0.7454502889192844
g_quantized,250,eval:250,Ba6Pt2,invalid_terminal,False,False,False,False,8,2,124.85618083062603,15.607022603828254,16.147460890750917,5.206600038922942,0.7672836179257063,0.7672836179257063,4.033421645241865,0,1,True,125,0.7672836179257063
g_quantized,251,eval:251,C2Si6La8,invalid_terminal,False,False,False,False,16,3,142.94877022866999,8.934298139291874,15.145108036932628,3.2851260635493675,0.5975103190316688,0.5975103190316688,4.284662451639648,0,3,True,125,0.5975103190316688
g_quantized,252,eval:252,Zn2PdHo,not_converged,False,True,False,True,4,3,101.49137393842676,25.37284348460669,6.580029226070422,2.5373099072885656,1.5519805849605055,1.5519805849605055,3.873705237281571,0,0,True,125,1.5519805849605055
g_quantized,253,eval:253,CaPd2Yb,verified,False,False,False,False,4,3,111.94421317689137,27.98605329422284,6.318503472913906,2.236251702317585,1.3698878336516103,1.3698878336516103,4.199999999999999,0,0,True,125,1.3698878336516103
g_quantized,254,eval:254,O12V4Tl4,verified,False,False,False,False,20,3,381.28182231481645,19.064091115740823,5.2840671841148925,2.3779683179688247,0.9432512233377396,0.9432512233377396,6.772420639730085,0,1,True,125,0.9432512233377396
g_quantized,255,eval:255,Pd2Sb6Nd2,not_converged,False,False,False,False,10,3,297.2563847961255,29.72563847961255,6.881572985967827,1.7248926211581002,0.9300473079671805,0.9300473079671805,5.6000000000000005,0,1,True,125,0.9300473079671805
