sample_idx,group_id,formula,N,arity,reference_native:reconstructed,reference_native:novel,reference_native:unique_representative,reference_native:novel_unique,reference_native:terminal_verified,reference_native:strict_stable,reference_native:meta_stable,reference_native:strict_sun,reference_native:meta_sun,reference_native:verified_strict_sun,reference_native:verified_meta_sun,reference_native:terminal_status,reference_native:official_hull_status,reference_native:e_above_hull_eV_atom,reference_tau:reconstructed,reference_tau:novel,reference_tau:unique_representative,reference_tau:novel_unique,reference_tau:terminal_verified,reference_tau:strict_stable,reference_tau:meta_stable,reference_tau:strict_sun,reference_tau:meta_sun,reference_tau:verified_strict_sun,reference_tau:verified_meta_sun,reference_tau:terminal_status,reference_tau:official_hull_status,reference_tau:e_above_hull_eV_atom,k4_native:reconstructed,k4_native:novel,k4_native:unique_representative,k4_native:novel_unique,k4_native:terminal_verified,k4_native:strict_stable,k4_native:meta_stable,k4_native:strict_sun,k4_native:meta_sun,k4_native:verified_strict_sun,k4_native:verified_meta_sun,k4_native:terminal_status,k4_native:official_hull_status,k4_native:e_above_hull_eV_atom,k4_tau:reconstructed,k4_tau:novel,k4_tau:unique_representative,k4_tau:novel_unique,k4_tau:terminal_verified,k4_tau:strict_stable,k4_tau:meta_stable,k4_tau:strict_sun,k4_tau:meta_sun,k4_tau:verified_strict_sun,k4_tau:verified_meta_sun,k4_tau:terminal_status,k4_tau:official_hull_status,k4_tau:e_above_hull_eV_atom,k8_native:reconstructed,k8_native:novel,k8_native:unique_representative,k8_native:novel_unique,k8_native:terminal_verified,k8_native:strict_stable,k8_native:meta_stable,k8_native:strict_sun,k8_native:meta_sun,k8_native:verified_strict_sun,k8_native:verified_meta_sun,k8_native:terminal_status,k8_native:official_hull_status,k8_native:e_above_hull_eV_atom,k8_tau:reconstructed,k8_tau:novel,k8_tau:unique_representative,k8_tau:novel_unique,k8_tau:terminal_verified,k8_tau:strict_stable,k8_tau:meta_stable,k8_tau:strict_sun,k8_tau:meta_sun,k8_tau:verified_strict_sun,k8_tau:verified_meta_sun,k8_tau:terminal_status,k8_tau:official_hull_status,k8_tau:e_above_hull_eV_atom,g_native:reconstructed,g_native:novel,g_native:unique_representative,g_native:novel_unique,g_native:terminal_verified,g_native:strict_stable,g_native:meta_stable,g_native:strict_sun,g_native:meta_sun,g_native:verified_strict_sun,g_native:verified_meta_sun,g_native:terminal_status,g_native:official_hull_status,g_native:e_above_hull_eV_atom,g_tau:reconstructed,g_tau:novel,g_tau:unique_representative,g_tau:novel_unique,g_tau:terminal_verified,g_tau:strict_stable,g_tau:meta_stable,g_tau:strict_sun,g_tau:meta_sun,g_tau:verified_strict_sun,g_tau:verified_meta_sun,g_tau:terminal_status,g_tau:official_hull_status,g_tau:e_above_hull_eV_atom
0,eval:0,O8K8Zn4,20,3,True,True,True,True,False,False,False,False,False,False,False,invalid_terminal,known,2.8048793282181395,True,True,True,True,False,True,True,True,True,False,False,not_converged,known,-0.00443706849511738,True,True,True,True,False,False,False,False,False,False,False,invalid_terminal,known,1.5804888214737547,True,True,True,True,False,False,True,False,True,False,False,not_converged,known,0.07988586088720684,False,False,False,False,False,False,False,False,False,False,False,generation_failure,input_not_reconstructed,,False,False,False,False,False,False,False,False,False,False,False,generation_failure,input_not_reconstructed,,True,True,True,True,False,False,False,False,False,False,False,invalid_terminal,known,0.7253221478134764,True,True,True,True,False,False,True,False,True,False,False,not_converged,known,0.04944362303320293
1,eval:1,PrPu,2,2,True,True,True,True,True,False,False,False,False,False,False,verified,known,0.29840272792480427,True,True,True,True,True,False,False,False,False,False,False,verified,known,0.2686700237622066,True,True,True,True,True,False,False,False,False,False,False,verified,known,0.29840272792480427,True,True,True,True,True,False,False,False,False,False,False,verified,known,0.2686700237622066,True,True,True,True,True,False,False,False,False,False,False,verified,known,0.29840272792480427,True,True,True,True,True,False,False,False,False,False,False,verified,known,0.2686700237622066,True,True,True,True,True,False,False,False,False,False,False,verified,known,0.28647035487792927,True,True,True,True,True,False,False,False,False,False,False,verified,known,0.26876825221679645
2,eval:2,O4MgZnSr,7,4,True,True,True,True,False,False,False,False,False,False,False,not_converged,known,0.45269377534964494,True,True,True,True,False,False,False,False,False,False,False,not_converged,known,0.401222541981725,True,True,True,True,False,False,False,False,False,False,False,not_converged,known,0.3827274591265004,True,True,True,True,False,False,False,False,False,False,False,not_converged,known,0.23102791612723284,True,True,True,True,False,False,False,False,False,False,False,not_converged,known,0.3827279359636586,True,True,True,True,False,False,False,False,False,False,False,not_converged,known,0.22950156038382463,True,True,True,True,False,False,False,False,False,False,False,not_converged,known,0.38248904054739885,True,True,True,True,False,False,False,False,False,False,False,not_converged,known,0.2995770723161977
3,eval:3,O7Cu2Sr2Ba2,13,4,True,True,True,True,False,False,False,False,False,False,False,not_converged,known,0.21973406526340078,True,True,True,True,False,False,False,False,False,False,False,not_converged,known,0.11345373842013906,True,True,True,True,False,False,False,False,False,False,False,invalid_terminal,known,4.934425704209934,True,True,True,True,True,False,True,False,True,False,True,verified,known,0.09591662141574453,True,True,True,True,False,False,False,False,False,False,False,invalid_terminal,known,3.0547677204300268,True,True,True,True,False,False,True,False,True,False,False,not_converged,known,0.06943451616061758,True,True,True,True,False,False,False,False,False,False,False,not_converged,known,0.30942188951266836,True,True,True,True,True,False,True,False,True,False,True,verified,known,0.055123202531467186
4,eval:4,P4Se8Ag4,16,3,True,True,True,True,False,False,False,False,False,False,False,not_converged,known,4.670370440660401,True,True,True,True,True,False,True,False,True,False,True,verified,known,0.05263410109130895,True,True,True,True,False,False,False,False,False,False,False,not_converged,known,4.918289046464844,True,True,True,True,True,False,True,False,True,False,True,verified,known,0.0923150588854984,True,True,True,True,False,False,False,False,False,False,False,not_converged,known,2.6287888099536136,True,True,True,True,True,False,True,False,True,False,True,verified,known,0.06704268950073278,True,True,True,True,False,False,False,False,False,False,False,invalid_terminal,known,0.16362677115051305,True,True,True,True,True,False,True,False,True,False,True,verified,known,0.0814665366992191
5,eval:5,O8Cr4Ag4,16,3,True,True,True,True,False,False,False,False,False,False,False,not_converged,known,0.32056847132689104,True,True,True,True,True,False,False,False,False,False,False,verified,known,0.20602312602049455,True,True,True,True,False,False,False,False,False,False,False,invalid_terminal,known,1.5265130094433461,True,True,True,True,False,False,False,False,False,False,False,not_converged,known,0.4230889371777211,True,True,True,True,False,False,False,False,False,False,False,not_converged,known,0.36237946070677385,True,True,True,True,False,False,False,False,False,False,False,not_converged,known,0.259439378156725,True,True,True,True,False,False,False,False,False,False,False,invalid_raw,known,,True,True,True,True,False,False,False,False,False,False,False,not_converged,known,0.38162127055174455
6,eval:6,Cu3In3Pr3,9,3,True,True,True,True,False,False,True,False,True,False,False,not_converged,known,0.0835668052969023,True,True,True,True,False,False,True,False,True,False,False,not_converged,known,0.08468641894436324,True,True,True,True,False,False,False,False,False,False,False,not_converged,known,0.11474718707180465,True,False,True,False,False,True,True,False,False,False,False,not_converged,known,-0.0180419479074434,True,True,True,True,True,False,False,False,False,False,False,verified,known,0.2114654983816191,True,False,True,False,False,True,True,False,False,False,False,not_converged,known,-0.01807532650851762,True,True,True,True,False,False,True,False,True,False,False,not_converged,known,0.06338562625027144,True,False,True,False,False,True,True,False,False,False,False,not_converged,known,-0.018244126862521526
7,eval:7,S8Cu4Ho4,16,3,True,True,True,True,False,False,False,False,False,False,False,invalid_terminal,known,0.9659117974523816,True,True,True,True,False,False,True,False,True,False,False,not_converged,known,0.03253500835936407,True,True,True,True,False,False,False,False,False,False,False,invalid_terminal,known,1.0655826844457899,True,True,True,True,True,False,True,False,True,False,True,verified,known,0.04100029842894415,True,True,True,True,False,False,False,False,False,False,False,not_converged,known,4.544598988461903,True,True,True,True,False,False,True,False,True,False,False,not_converged,known,0.022374562192371883,True,True,True,True,True,False,False,False,False,False,False,verified,known,0.13007157223265509,True,True,True,True,True,False,True,False,True,False,True,verified,known,0.08767979519408087
8,eval:8,Ni4Sn8,12,2,True,True,True,True,False,False,False,False,False,False,False,invalid_terminal,known,5.052023825373942,True,True,True,True,False,False,True,False,True,False,False,not_converged,known,0.04581159087687148,True,True,True,True,False,False,False,False,False,False,False,invalid_terminal,known,6.1459187838700355,True,True,True,True,False,False,True,False,True,False,False,not_converged,known,0.06991713973551406,True,True,True,True,True,False,True,False,True,False,True,verified,known,0.021305498805338274,True,True,True,True,False,False,True,False,True,False,False,not_converged,known,0.008060869899088274,True,True,True,True,False,False,False,False,False,False,False,invalid_terminal,known,9.781905588832194,True,True,True,True,True,False,True,False,True,False,True,verified,known,0.0981821391251625
9,eval:9,O8KBa3Bi3,15,4,True,True,True,True,False,False,False,False,False,False,False,invalid_terminal,known,5.4885648477001485,True,True,True,True,True,False,True,False,True,False,True,verified,known,0.0851343858166036,True,True,True,True,False,False,True,False,True,False,False,not_converged,known,0.09816396116450399,True,True,True,True,True,False,True,False,True,False,True,verified,known,0.08325326322749227,True,True,True,True,False,False,False,False,False,False,False,invalid_terminal,known,4.805286763898879,True,True,True,True,False,False,True,False,True,False,False,not_converged,known,0.09880292295649618,True,True,True,True,False,False,False,False,False,False,False,invalid_terminal,known,0.7068408715648946,True,True,True,True,True,False,False,False,False,False,False,verified,known,0.10910498975947469
10,eval:10,Cu2In2Ce2,6,3,True,True,True,True,True,False,False,False,False,False,False,verified,known,0.5865544437859427,True,True,True,True,False,False,True,False,True,False,False,not_converged,known,0.08936110729912627,True,True,True,True,True,False,True,False,True,False,True,verified,known,0.05624428982476104,True,True,True,True,True,False,True,False,True,False,True,verified,known,0.09264794583062042,True,True,True,True,False,False,True,False,True,False,False,not_converged,known,0.05777016873101104,True,True,True,True,False,False,True,False,True,False,False,not_converged,known,0.09301511044243682,True,True,True,True,True,False,False,False,False,False,False,verified,known,1.3362230419609915,True,True,True,True,False,False,True,False,True,False,False,not_converged,known,0.08902732128838409
11,eval:11,O2P2As2,6,3,True,True,True,True,True,False,False,False,False,False,False,verified,known,0.33921734262133807,True,True,True,True,False,False,False,False,False,False,False,not_converged,known,0.18097750116015643,True,True,True,True,False,False,False,False,False,False,False,not_converged,known,8.435043014770997,True,True,True,True,False,False,False,False,False,False,False,not_converged,known,0.5014487879338381,True,True,True,True,True,False,False,False,False,False,False,verified,known,0.5119377749028322,True,True,True,True,False,False,False,False,False,False,False,not_converged,known,0.32479587960864276,True,True,True,True,False,False,False,False,False,False,False,not_converged,known,6.739441551453125,True,True,True,True,True,False,False,False,False,False,False,verified,known,0.4761239664616701
12,eval:12,CuPd,2,2,True,True,True,True,False,False,False,False,False,False,False,not_converged,known,0.3034191456079105,True,False,True,False,True,True,True,False,False,False,False,verified,known,-0.008189168906249655,True,True,True,True,False,False,False,False,False,False,False,not_converged,known,0.3032203045129398,True,False,True,False,True,True,True,False,False,False,False,verified,known,-0.008190122580566062,True,True,True,True,False,True,True,True,True,False,False,not_converged,known,-0.007016149497069968,True,False,True,False,True,True,True,False,False,False,False,verified,known,-0.008190122580566062,True,True,True,True,False,False,True,False,True,False,False,not_converged,known,0.04847339060302769,True,False,True,False,True,True,True,False,False,False,False,verified,known,-0.008207288718261374
13,eval:13,NaCl,2,2,True,True,True,True,False,False,True,False,True,False,False,not_converged,known,0.029909412986450334,True,True,True,True,False,False,True,False,True,False,False,not_converged,known,0.028461020118408342,True,True,True,True,False,False,True,False,True,False,False,not_converged,known,0.02914718878906264,True,True,True,True,False,False,True,False,True,False,False,not_converged,known,0.028459589606933733,True,True,True,True,False,False,True,False,True,False,False,not_converged,known,0.02914718878906264,True,True,True,True,False,False,True,False,True,False,False,not_converged,known,0.028459828025512834,True,True,True,True,False,False,True,False,True,False,False,not_converged,known,0.06833843482177748,True,True,True,True,False,False,True,False,True,False,False,not_converged,known,0.028178970939331194
14,eval:14,O8P2Co2,12,3,True,True,True,True,False,False,False,False,False,False,False,not_converged,known,0.2745642329939786,True,True,True,True,True,False,True,False,True,False,True,verified,known,0.06342646138753327,True,True,True,True,False,False,False,False,False,False,False,invalid_terminal,known,1.3103298808821622,True,True,True,True,False,False,True,False,True,False,False,not_converged,known,0.09152075307454499,True,True,True,True,False,False,False,False,False,False,False,not_converged,known,0.5118713046797696,True,True,True,True,True,False,True,False,True,False,True,verified,known,0.07502552526082429,True,True,True,True,False,False,False,False,False,False,False,invalid_raw,known,,True,True,True,True,False,False,False,False,False,False,False,not_converged,known,0.10070272939290437
15,eval:15,Si6Cr2Y,9,3,True,True,True,True,True,False,False,False,False,False,False,verified,known,0.2228267645716695,True,True,True,True,True,False,False,False,False,False,False,verified,known,0.23452310322523395,True,True,True,True,False,False,False,False,False,False,False,invalid_terminal,known,2.176985547530654,True,True,True,True,False,False,False,False,False,False,False,not_converged,known,0.18482236622572223,True,True,True,True,False,False,False,False,False,False,False,invalid_terminal,known,5.8236897444605855,True,True,True,True,False,False,False,False,False,False,False,not_converged,known,0.2420685744166402,True,True,True,True,False,False,False,False,False,False,False,not_converged,known,0.10402707813978473,True,True,True,True,False,False,False,False,False,False,False,not_converged,known,0.12928371189832966
16,eval:16,Sb6Yb8,14,2,True,True,True,True,False,False,False,False,False,False,False,not_converged,official_cache_unresolved,,True,True,True,True,True,False,False,False,False,False,False,verified,official_cache_unresolved,,True,True,True,True,False,False,False,False,False,False,False,not_converged,official_cache_unresolved,,True,True,True,True,True,False,False,False,False,False,False,verified,official_cache_unresolved,,True,True,True,True,True,False,False,False,False,False,False,verified,official_cache_unresolved,,True,True,True,True,True,False,False,False,False,False,False,verified,official_cache_unresolved,,True,True,True,True,True,False,False,False,False,False,False,verified,official_cache_unresolved,,True,False,True,False,True,False,False,False,False,False,False,verified,official_cache_unresolved,
17,eval:17,P4Cu4Sr4,12,3,True,True,True,True,False,False,False,False,False,False,False,invalid_terminal,known,2.8539679460359677,True,True,True,True,True,False,False,False,False,False,False,verified,known,0.27874545381795013,True,True,True,True,False,False,False,False,False,False,False,invalid_terminal,known,3.661050122244464,True,True,True,True,False,False,False,False,False,False,False,not_converged,known,0.1024563722444638,True,True,True,True,False,False,False,False,False,False,False,invalid_terminal,known,2.6839256696535214,True,False,True,False,False,False,True,False,False,False,False,not_converged,known,0.02754334734212005,True,True,True,True,False,False,False,False,False,False,False,not_converged,known,0.3112156801057919,True,False,True,False,False,False,True,False,False,False,False,not_converged,known,0.02727488802205169
18,eval:18,Li4NTe,6,3,True,True,True,True,False,False,False,False,False,False,False,not_converged,known,0.2896780161254888,True,True,True,True,False,False,False,False,False,False,False,not_converged,known,0.17006651443176324,True,True,True,True,False,False,False,False,False,False,False,not_converged,known,0.13419930022888238,True,True,True,True,False,False,False,False,False,False,False,not_converged,known,0.15744844955139214,True,True,True,True,True,False,False,False,False,False,False,verified,known,0.4041296629302984,True,True,True,True,False,False,False,False,False,False,False,not_converged,known,0.11863748115234429,True,True,True,True,False,False,False,False,False,False,False,not_converged,known,0.17181793731384332,True,True,True,True,False,False,False,False,False,False,False,not_converged,known,0.15937320274047906
19,eval:19,O3F9Mn6,18,3,True,True,True,True,False,False,False,False,False,False,False,invalid_terminal,known,1.819688920565171,True,True,True,True,True,False,True,False,True,False,True,verified,known,0.07266390759520025,True,True,True,True,False,False,False,False,False,False,False,not_converged,known,0.15374625165037603,True,True,True,True,False,False,True,False,True,False,False,not_converged,known,0.06591952282957525,True,True,True,True,False,False,False,False,False,False,False,invalid_terminal,known,1.382994298525376,True,True,True,True,False,False,False,False,False,False,False,not_converged,known,0.10776913601927252,True,True,True,True,False,False,False,False,False,False,False,invalid_raw,known,,True,True,True,True,False,False,True,False,True,False,False,not_converged,known,0.0619288726525733
20,eval:20,O6NaZnBaOs,10,5,True,True,True,True,False,False,False,False,False,False,False,not_converged,known,0.2487134186420885,True,True,True,True,False,False,True,False,True,False,False,not_converged,known,0.056028768220945935,True,True,True,True,False,False,False,False,False,False,False,not_converged,known,0.19106952826122914,True,True,True,True,False,False,True,False,True,False,False,not_converged,known,0.05571262518505726,True,True,True,True,True,False,False,False,False,False,False,verified,known,0.21895973364452992,True,True,True,True,False,False,True,False,True,False,False,not_converged,known,0.055715963045164685,True,True,True,True,True,False,False,False,False,False,False,verified,known,0.22195999304394398,True,True,True,True,False,False,True,False,True,False,False,not_converged,known,0.055957242647215466
21,eval:21,YPd3,4,2,True,True,True,True,True,False,True,False,True,False,True,verified,known,0.03349178052612345,True,False,True,False,True,False,True,False,False,False,False,verified,known,0.0354072353906254,True,True,True,True,False,False,True,False,True,False,False,not_converged,known,0.03451221204467814,True,False,True,False,True,False,True,False,False,False,False,verified,known,0.035407712227783605,True,True,True,True,False,False,True,False,True,False,False,not_converged,known,0.03451221204467814,True,False,True,False,True,False,True,False,False,False,False,verified,known,0.0354072353906254,True,True,True,True,True,False,True,False,True,False,True,verified,known,0.03606908536621134,True,False,True,False,True,False,True,False,False,False,False,verified,known,0.035415341622314855
22,eval:22,LiF2Te,4,3,True,True,True,True,False,False,False,False,False,False,False,not_converged,known,0.16816057165527276,True,True,True,True,False,False,False,False,False,False,False,not_converged,known,0.4710403819885247,True,True,True,True,False,False,False,False,False,False,False,not_converged,known,0.16816152532958917,True,True,True,True,False,False,False,False,False,False,False,not_converged,known,0.47087921102905206,True,True,True,True,False,False,False,False,False,False,False,not_converged,known,0.21742643316650323,True,True,True,True,False,False,False,False,False,False,False,not_converged,known,0.47104419668579034,True,True,True,True,False,False,True,False,True,False,False,not_converged,known,0.08799804647827081,True,True,True,True,True,False,False,False,False,False,False,verified,known,0.3532430072631829
23,eval:23,H8Li8C4,20,3,True,True,True,True,False,False,False,False,False,False,False,not_converged,known,0.3640320299976807,True,True,True,True,False,False,False,False,False,False,False,not_converged,known,0.29926633824047855,True,True,True,True,False,False,False,False,False,False,False,invalid_terminal,known,0.3096523283833008,True,True,True,True,False,False,False,False,False,False,False,invalid_raw,known,,True,True,True,True,False,False,False,False,False,False,False,not_converged,known,0.4124145506733399,True,True,True,True,False,False,False,False,False,False,False,not_converged,known,0.2812862395161133,True,True,True,True,False,False,False,False,False,False,False,invalid_raw,known,,True,True,True,True,False,False,False,False,False,False,False,not_converged,known,0.3060531615131836
24,eval:24,O8Ti2Gd4,14,3,True,True,True,True,False,False,False,False,False,False,False,invalid_terminal,known,1.9471980343753472,True,True,True,True,False,False,False,False,False,False,False,not_converged,known,0.20242130860630425,True,True,True,True,False,False,False,False,False,False,False,invalid_terminal,known,4.614868284314312,True,True,True,True,False,False,False,False,False,False,False,not_converged,known,0.17782509431187066,True,True,True,True,True,False,False,False,False,False,False,verified,known,0.3352557431155816,True,True,True,True,False,False,False,False,False,False,False,not_converged,known,0.1758500348025933,True,True,True,True,False,False,False,False,False,False,False,invalid_terminal,known,2.953775526135601,True,True,True,True,True,False,False,False,False,False,False,verified,known,0.19153893098179253
25,eval:25,F6S3Y4,13,3,True,True,True,True,False,False,False,False,False,False,False,invalid_terminal,known,7.455197295790358,True,True,True,True,False,False,True,False,True,False,False,not_converged,known,0.0637611957842541,True,True,True,True,False,False,False,False,False,False,False,invalid_terminal,known,2.3846611591631603,True,True,True,True,False,False,True,False,True,False,False,not_converged,known,0.06928249323908808,True,True,True,True,False,False,False,False,False,False,False,not_converged,known,0.1416258426958752,True,True,True,True,True,False,True,False,True,False,True,verified,known,0.08451648676936152,True,True,True,True,False,False,False,False,False,False,False,invalid_raw,known,,True,True,True,True,False,False,False,False,False,False,False,not_converged,known,0.1157931896502209
26,eval:26,O6Ba2PrTa,10,4,True,True,True,True,False,False,False,False,False,False,False,invalid_terminal,known,0.3144297415605468,True,False,True,False,False,False,True,False,False,False,False,not_converged,known,0.01862667149218744,True,True,True,True,False,False,False,False,False,False,False,not_converged,known,0.112248879133789,True,False,True,False,True,False,True,False,False,False,False,verified,known,0.01841877049121088,True,True,True,True,False,False,False,False,False,False,False,not_converged,known,0.1972861105791015,True,False,True,False,False,False,True,False,False,False,False,not_converged,known,0.018673401533691347,True,True,True,True,False,False,False,False,False,False,False,not_converged,known,3.21702478474292,True,False,True,False,True,False,True,False,False,False,False,verified,known,0.018424492537109316
27,eval:27,Li4Si8Cs4,16,3,True,True,True,True,False,False,False,False,False,False,False,not_converged,known,1.128413808774472,True,True,True,True,True,False,True,False,True,False,True,verified,known,0.07289994997930593,True,True,True,True,False,False,False,False,False,False,False,invalid_terminal,known,1.8193677787299163,True,True,True,True,True,False,True,False,True,False,True,verified,known,0.01467336459112234,True,True,True,True,False,False,False,False,False,False,False,invalid_terminal,known,4.200594556760311,True,True,True,True,True,False,True,False,True,False,True,verified,known,0.03217519564580984,True,True,True,True,False,False,False,False,False,False,False,invalid_raw,known,,True,True,True,True,True,False,True,False,True,False,True,verified,known,0.07302869601202078
28,eval:28,Li2O12Gd4Ta2,20,4,True,True,True,True,False,False,False,False,False,False,False,invalid_terminal,known,4.9024021884424585,True,True,True,True,False,False,True,False,True,False,False,not_converged,known,0.021055962703933062,True,True,True,True,False,False,False,False,False,False,False,invalid_terminal,known,0.24289109911750728,True,True,True,True,False,False,True,False,True,False,False,not_converged,known,0.021565224788894,True,True,True,True,False,False,False,False,False,False,False,not_converged,known,0.14733865465949947,True,True,True,True,False,False,True,False,True,False,False,not_converged,known,0.021490838192214312,True,True,True,True,False,False,False,False,False,False,False,invalid_terminal,known,3.742456223629226,True,True,True,True,False,False,True,False,True,False,False,not_converged,known,0.021424080990065875
29,eval:29,O8Rb4Mo2,14,3,True,True,True,True,True,False,False,False,False,False,False,verified,known,0.972323851473563,True,True,True,True,False,False,True,False,True,False,False,not_converged,known,0.07119651306413921,True,True,True,True,False,False,False,False,False,False,False,invalid_terminal,known,1.715020613558524,True,True,True,True,True,False,False,False,False,False,False,verified,known,0.3115629719569615,True,True,True,True,False,False,False,False,False,False,False,invalid_terminal,known,1.5321831272914341,True,True,True,True,False,False,True,False,True,False,False,not_converged,known,0.03938384521745952,True,True,True,True,False,False,False,False,False,False,False,invalid_terminal,known,2.0090159939601353,True,True,True,True,False,False,True,False,True,False,False,not_converged,known,0.03415723312639507
30,eval:30,Si6Co8Ba4,18,3,True,True,True,True,False,False,False,False,False,False,False,invalid_terminal,known,0.3741596401323788,True,True,True,True,False,False,False,False,False,False,False,not_converged,known,0.17467004662651942,True,True,True,True,False,False,False,False,False,False,False,not_converged,known,0.17949611550469324,True,True,True,True,True,False,False,False,False,False,False,verified,known,0.18250591164727137,True,True,True,True,False,False,False,False,False,False,False,invalid_terminal,known,0.49059039956231043,True,True,True,True,False,False,False,False,False,False,False,not_converged,known,0.156356161891412,True,True,True,True,False,False,False,False,False,False,False,invalid_terminal,known,0.7461488903154843,True,True,True,True,False,False,False,False,False,False,False,not_converged,known,0.1280530155291073
31,eval:31,CuPdBi,3,3,True,True,True,True,False,False,False,False,False,False,False,not_converged,known,0.1529327054182943,True,True,True,True,False,False,False,False,False,False,False,not_converged,known,0.34887844516438804,True,True,True,True,False,False,False,False,False,False,False,not_converged,known,0.15311008884114585,True,True,True,True,False,False,False,False,False,False,False,not_converged,known,0.34887892200154624,True,True,True,True,False,False,False,False,False,False,False,not_converged,known,0.1529198308150228,True,True,True,True,False,False,False,False,False,False,False,not_converged,known,0.3488417287032064,True,True,True,True,False,False,False,False,False,False,False,not_converged,known,0.16507584048909507,True,True,True,True,False,False,False,False,False,False,False,not_converged,known,0.348777355686849
32,eval:32,O8NaV2Fe,12,4,True,True,True,True,False,False,False,False,False,False,False,invalid_terminal,known,3.5549320490043126,True,True,True,True,True,False,False,False,False,False,False,verified,known,0.26270287343668564,True,True,True,True,False,False,False,False,False,False,False,not_converged,known,8.182036808220621,True,True,True,True,True,False,False,False,False,False,False,verified,known,0.1986579210441075,True,True,True,True,False,False,False,False,False,False,False,invalid_terminal,known,3.1204442293326817,True,True,True,True,False,False,False,False,False,False,False,not_converged,known,0.12537901708292587,True,True,True,True,False,False,False,False,False,False,False,invalid_terminal,known,1.3624686510245763,True,True,True,True,True,False,False,False,False,False,False,verified,known,0.2846278459708653
33,eval:33,NaAu2Tl,4,3,True,True,True,True,True,False,False,False,False,False,False,verified,known,0.1274608949479168,True,True,True,True,True,False,True,False,True,False,True,verified,known,0.09695452249613457,True,True,True,True,True,False,False,False,False,False,False,verified,known,0.127461371785075,True,True,True,True,True,False,True,False,True,False,True,verified,known,0.0969442704972332,True,True,True,True,False,False,True,False,True,False,False,not_converged,known,0.08882802522745781,True,True,True,True,True,False,True,False,True,False,True,verified,known,0.0969445089158123,True,True,True,True,False,False,True,False,True,False,False,not_converged,known,0.07760757005778007,True,True,True,True,False,False,True,False,True,False,False,not_converged,known,0.09755342996683769
34,eval:34,MgGa3,4,2,True,True,True,True,False,False,True,False,True,False,False,not_converged,known,0.05888999134887696,True,False,True,False,True,False,True,False,False,False,False,verified,known,0.05014408261169434,True,True,True,True,False,False,True,False,True,False,False,not_converged,known,0.061633235520019536,True,False,True,False,True,False,True,False,False,False,False,verified,known,0.050158626145019536,True,True,True,True,True,False,True,False,True,False,True,verified,known,0.057005054062500005,True,True,True,True,False,False,True,False,True,False,False,not_converged,known,0.08374894291748047,True,True,True,True,True,False,True,False,True,False,True,verified,known,0.03859913975585938,True,False,True,False,True,False,True,False,False,False,False,verified,known,0.050198203629150395
35,eval:35,NiGa3Tb,5,3,True,True,True,True,False,False,True,False,True,False,False,not_converged,known,0.01716272727098822,True,True,True,True,True,True,True,True,True,True,True,verified,known,-0.003286911095710998,True,True,True,True,False,False,True,False,True,False,False,not_converged,known,0.031540321265128846,True,True,True,True,True,True,True,True,True,True,True,verified,known,-0.0030971299067461544,True,True,True,True,True,False,True,False,True,False,True,verified,known,0.025081561957267517,True,True,True,True,True,True,True,True,True,True,True,verified,known,-0.0030966530695879513,True,True,True,True,False,False,False,False,False,False,False,invalid_terminal,known,0.27420370474901556,True,True,True,True,True,True,True,True,True,True,True,verified,known,-0.0030856858149492794
36,eval:36,O8AlKMo2,12,4,True,True,True,True,False,False,False,False,False,False,False,invalid_terminal,known,1.7271873656583523,True,False,True,False,True,False,True,False,False,False,False,verified,known,0.009312838680813229,True,True,True,True,False,False,False,False,False,False,False,invalid_terminal,known,4.18934080041177,True,False,True,False,True,False,True,False,False,False,False,verified,known,0.009358615048000729,True,True,True,True,False,False,False,False,False,False,False,invalid_terminal,known,3.6615869704557156,True,False,True,False,False,False,True,False,False,False,False,not_converged,known,0.010966509945461667,True,True,True,True,False,False,False,False,False,False,False,invalid_terminal,known,1.4989006224942898,True,True,True,True,False,False,False,False,False,False,False,not_converged,known,0.11598703301675073
37,eval:37,C4Mn2Ta2,8,3,True,True,True,True,False,False,False,False,False,False,False,invalid_terminal,known,0.7834762722624404,True,True,True,True,False,False,False,False,False,False,False,not_converged,known,0.3174194485319717,True,True,True,True,False,False,False,False,False,False,False,invalid_terminal,known,2.873058715499745,True,True,True,True,False,False,False,False,False,False,False,not_converged,known,0.2698463589323623,True,True,True,True,False,False,False,False,False,False,False,invalid_terminal,known,2.864717879928456,True,True,True,True,False,False,False,False,False,False,False,not_converged,known,0.2611602932585342,True,True,True,True,False,False,False,False,False,False,False,invalid_raw,known,,True,True,True,True,False,False,False,False,False,False,False,not_converged,known,0.3173336178434951
38,eval:38,Co9Y3,12,2,True,True,True,True,False,False,False,False,False,False,False,invalid_terminal,known,0.8877618284931827,True,True,True,True,False,True,True,True,True,False,False,not_converged,known,-0.007325413633282096,True,True,True,True,False,False,False,False,False,False,False,invalid_terminal,known,2.94556545932204,True,True,True,True,False,True,True,True,True,False,False,not_converged,known,-0.0073874024638485025,True,True,True,True,False,False,False,False,False,False,False,invalid_terminal,known,3.0547440024128605,True,True,True,True,False,True,True,True,True,False,False,not_converged,known,-0.007333043027813346,True,True,True,True,False,False,False,False,False,False,False,invalid_raw,known,,True,True,True,True,False,True,True,True,True,False,False,not_converged,known,-0.007303955961162956
39,eval:39,Si2AsBaTl,5,4,True,True,True,True,True,False,False,False,False,False,False,verified,known,0.2378935004234215,True,True,True,True,True,False,False,False,False,False,False,verified,known,0.24474994192122423,True,True,True,True,True,False,False,False,False,False,False,verified,known,0.2195362235069176,True,True,True,True,True,False,False,False,False,False,False,verified,known,0.13795701513289416,True,True,True,True,False,False,False,False,False,False,False,not_converged,known,9.944223322963705,True,True,True,True,True,False,False,False,False,False,False,verified,known,0.1379646445274254,True,True,True,True,True,False,False,False,False,False,False,verified,known,0.18619100103377306,True,True,True,True,True,False,False,False,False,False,False,verified,known,0.15356771001814806
40,eval:40,O6Sr2InTa,10,4,True,True,True,True,False,False,False,False,False,False,False,not_converged,known,0.12701371577661114,True,False,True,False,False,False,True,False,False,False,False,not_converged,known,0.05123046306054668,True,True,True,True,False,False,False,False,False,False,False,invalid_terminal,known,2.3483825054494627,True,False,True,False,True,False,True,False,False,False,False,verified,known,0.05113509562890606,True,True,True,True,False,False,False,False,False,False,False,not_converged,known,0.2274728145925291,True,False,True,False,False,False,True,False,False,False,False,not_converged,known,0.05121949580590801,True,True,True,True,False,False,False,False,False,False,False,invalid_raw,known,,True,True,True,True,False,False,False,False,False,False,False,not_converged,known,0.11572411921899395
41,eval:41,In3Pr3Tl3,9,3,True,True,True,True,False,False,False,False,False,False,False,invalid_terminal,known,8.84382437273397,True,True,True,True,True,False,False,False,False,False,False,verified,known,0.1065492491377773,True,True,True,True,False,False,False,False,False,False,False,invalid_terminal,known,0.6227717260970058,True,True,True,True,True,False,True,False,True,False,True,verified,known,0.02439259096516988,True,True,True,True,False,False,False,False,False,False,False,invalid_terminal,known,1.3045310835493984,True,True,True,True,True,False,False,False,False,False,False,verified,known,0.10198424860371968,True,True,True,True,False,False,False,False,False,False,False,not_converged,known,8.789973245109458,True,True,True,True,True,False,True,False,True,False,True,verified,known,0.0732235769881191
42,eval:42,H3N2Br,6,3,True,True,True,True,False,False,False,False,False,False,False,not_converged,known,0.9437741749022077,True,True,True,True,False,False,False,False,False,False,False,not_converged,known,0.3109120838377546,True,True,True,True,False,False,False,False,False,False,False,not_converged,known,1.0330957882139753,True,True,True,True,False,False,False,False,False,False,False,not_converged,known,0.29778475687242256,True,True,True,True,False,False,False,False,False,False,False,not_converged,known,1.0221561901304792,True,True,True,True,False,False,False,False,False,False,False,not_converged,known,0.31003518030381905,True,True,True,True,True,False,False,False,False,False,False,verified,known,0.3209690563414167,True,True,True,True,False,False,False,False,False,False,False,not_converged,known,0.3228153698179792
43,eval:43,O8Eu4,12,2,True,True,True,True,False,False,True,False,True,False,False,not_converged,known,0.08814791892334028,True,True,True,True,False,False,True,False,True,False,False,not_converged,known,0.09111193869873091,True,True,True,True,False,False,False,False,False,False,False,invalid_terminal,known,0.5851247713403325,True,False,True,False,False,False,True,False,False,False,False,not_converged,known,0.0491483614282231,True,True,True,True,False,False,False,False,False,False,False,invalid_terminal,known,0.21837500785156294,True,True,True,True,False,False,True,False,True,False,False,not_converged,known,0.09190921042724653,True,True,True,True,False,False,False,False,False,False,False,invalid_terminal,known,2.0192792818383793,True,True,True,True,True,False,True,False,True,False,True,verified,known,0.09085444663330122
44,eval:44,Li2P4FeTe,8,4,True,True,True,True,False,False,False,False,False,False,False,not_converged,known,0.318440696029052,True,True,True,True,False,False,False,False,False,False,False,not_converged,known,0.27412058952270435,True,True,True,True,False,False,False,False,False,False,False,not_converged,known,0.24315907600341724,True,True,True,True,True,False,False,False,False,False,False,verified,known,0.2763068878930657,True,True,True,True,False,False,False,False,False,False,False,not_converged,known,0.3507268631738274,True,True,True,True,False,False,False,False,False,False,False,not_converged,known,0.2505371773522942,True,True,True,True,True,False,False,False,False,False,False,verified,known,0.31995751502929615,True,True,True,True,False,False,False,False,False,False,False,not_converged,known,0.26855017784057544
45,eval:45,S4Nb2Ag2,8,3,True,True,True,True,False,False,False,False,False,False,False,not_converged,known,0.17609508514444983,True,True,True,True,True,False,False,False,False,False,False,verified,known,0.2665720748905436,True,True,True,True,True,False,False,False,False,False,False,verified,known,0.4603791999820963,True,True,True,True,False,False,False,False,False,False,False,not_converged,known,0.14684446334879553,True,True,True,True,False,False,False,False,False,False,False,invalid_terminal,known,0.3764510917667643,True,True,True,True,False,False,False,False,False,False,False,not_converged,known,0.14684923172037756,True,True,True,True,False,False,False,False,False,False,False,not_converged,known,0.4062815475467936,True,True,True,True,False,False,False,False,False,False,False,not_converged,known,0.1757107543949381
46,eval:46,Bi6Th2,8,2,True,True,True,True,False,False,False,False,False,False,False,not_converged,known,7.698618599190674,True,True,True,True,False,True,True,True,True,False,False,not_converged,known,-0.00453024266723645,True,True,True,True,False,False,False,False,False,False,False,invalid_terminal,known,0.18986529947753894,True,True,True,True,True,True,True,True,True,True,True,verified,known,-0.015453151450195435,True,True,True,True,False,False,False,False,False,False,False,not_converged,known,5.64042396189209,True,True,True,True,False,True,True,True,True,False,False,not_converged,known,-0.0044620549536134035,True,True,True,True,False,False,False,False,False,False,False,invalid_terminal,known,5.702736564888916,True,True,True,True,False,True,True,True,True,False,False,not_converged,known,-0.004464439139404419
47,eval:47,F6K2YIn,10,4,True,True,True,True,True,False,True,False,True,False,True,verified,known,0.0988370208420788,True,True,True,True,False,False,False,False,False,False,False,not_converged,known,0.17516625210428582,True,True,True,True,True,False,True,False,True,False,True,verified,known,0.09244644924784051,True,True,True,True,False,False,False,False,False,False,False,not_converged,known,0.17500126644754754,True,True,True,True,False,False,True,False,True,False,False,not_converged,known,0.09970438763285028,True,True,True,True,False,False,False,False,False,False,False,not_converged,known,0.17513430401468622,True,True,True,True,False,False,False,False,False,False,False,not_converged,known,0.1748276977219616,True,True,True,True,False,False,False,False,False,False,False,not_converged,known,0.17510426327371942
48,eval:48,Li2O8Fe2Rh2,14,4,True,True,True,True,False,False,False,False,False,False,False,invalid_terminal,known,4.768871142340261,True,True,True,True,False,False,False,False,False,False,False,not_converged,known,0.10266430563982176,True,True,True,True,False,False,False,False,False,False,False,invalid_terminal,known,0.8229230184083764,True,True,True,True,False,False,True,False,True,False,False,not_converged,known,0.06611139960344481,True,True,True,True,False,False,False,False,False,False,False,invalid_terminal,known,2.0142234105592554,True,True,True,True,False,False,False,False,False,False,False,not_converged,known,0.10264523215349364,True,True,True,True,False,False,False,False,False,False,False,invalid_raw,known,,True,True,True,True,False,False,False,False,False,False,False,not_converged,known,0.10314734168108153
49,eval:49,C2K2Lu2,6,3,True,True,True,True,True,False,False,False,False,False,False,verified,known,0.8121642800253248,True,True,True,True,True,False,False,False,False,False,False,verified,known,0.5764951439779615,True,True,True,True,False,False,False,False,False,False,False,not_converged,known,1.0674462052267408,True,True,True,True,True,False,False,False,False,False,False,verified,known,0.7357053490560865,True,True,True,True,True,False,False,False,False,False,False,verified,known,0.9497127266805983,True,True,True,True,True,False,False,False,False,False,False,verified,known,0.5764932366293287,True,True,True,True,True,False,False,False,False,False,False,verified,known,0.3877978058737135,True,True,True,True,True,False,False,False,False,False,False,verified,known,0.8716335030477858
50,eval:50,N2Mg2S,5,3,True,True,True,True,False,False,False,False,False,False,False,not_converged,known,0.563139417527263,True,True,True,True,False,False,False,False,False,False,False,not_converged,known,0.5633649615030931,True,True,True,True,False,False,False,False,False,False,False,not_converged,known,0.5650272158365892,True,True,True,True,False,False,False,False,False,False,False,not_converged,known,0.48844955241495835,True,True,True,True,True,False,False,False,False,False,False,verified,known,0.5609621790629076,True,True,True,True,False,False,False,False,False,False,False,not_converged,known,1.214525201676433,True,True,True,True,False,False,False,False,False,False,False,invalid_raw,known,,True,True,True,True,False,False,False,False,False,False,False,not_converged,known,0.4885310915690111
51,eval:51,B4Rh4Dy2,10,3,True,True,True,True,False,False,False,False,False,False,False,invalid_terminal,known,0.14966768785547124,True,True,True,True,False,False,True,False,True,False,False,not_converged,known,0.06550116106103765,True,True,True,True,True,False,True,False,True,False,True,verified,known,0.07060379549096929,True,True,True,True,False,True,True,True,True,False,False,not_converged,known,-0.0336118264572729,True,True,True,True,False,False,True,False,True,False,False,not_converged,known,0.034212537251223196,True,True,True,True,False,False,True,False,True,False,False,not_converged,known,0.0654782728774439,True,True,True,True,False,False,False,False,False,False,False,invalid_raw,known,,True,True,True,True,False,False,True,False,True,False,False,not_converged,known,0.06538338228296148
52,eval:52,Li2O8Mn3Fe,14,4,True,True,True,True,False,False,False,False,False,False,False,invalid_terminal,known,0.17532845717783552,True,True,True,True,False,False,True,False,True,False,False,not_converged,known,0.09878989440317731,True,True,True,True,False,False,False,False,False,False,False,invalid_terminal,known,0.6128208277833043,True,True,True,True,False,False,True,False,True,False,False,not_converged,known,0.09424515944834333,True,True,True,True,False,False,False,False,False,False,False,invalid_terminal,known,0.8121115801941929,True,True,True,True,True,False,False,False,False,False,False,verified,known,0.1516906855713902,True,True,True,True,False,False,False,False,False,False,False,invalid_terminal,known,2.1368157504212437,True,True,True,True,False,False,False,False,False,False,False,not_converged,known,0.1507889865052281
53,eval:53,Ge12Hf4,16,2,True,True,True,True,False,False,False,False,False,False,False,invalid_terminal,known,0.17659213478271507,True,True,True,True,True,False,False,False,False,False,False,verified,known,0.1106322043627932,True,True,True,True,False,False,False,False,False,False,False,invalid_terminal,known,2.7120752566546633,True,True,True,True,True,False,True,False,True,False,True,verified,known,0.08762004310791038,True,True,True,True,False,False,False,False,False,False,False,invalid_terminal,known,2.784044765779419,True,True,True,True,False,False,True,False,True,False,False,not_converged,known,0.07394101555053734,True,True,True,True,False,False,False,False,False,False,False,invalid_raw,known,,True,True,True,True,False,False,True,False,True,False,False,not_converged,known,0.07290913994018577
54,eval:54,Zn2Sn8Tm2,12,3,True,True,True,True,False,False,False,False,False,False,False,invalid_terminal,known,5.007214227484491,True,True,True,True,True,False,False,False,False,False,False,verified,known,0.10733548717382213,True,True,True,True,False,False,False,False,False,False,False,invalid_terminal,known,6.975101152228143,True,True,True,True,True,False,True,False,True,False,True,verified,known,0.062275329397943224,True,True,True,True,False,False,False,False,False,False,False,not_converged,known,5.983200708197382,True,True,True,True,True,False,True,False,True,False,True,verified,known,0.05831781940343639,True,True,True,True,False,False,False,False,False,False,False,not_converged,known,7.496020952032831,True,True,True,True,True,False,True,False,True,False,True,verified,known,0.0985266359317567
55,eval:55,Ni4Sn4Ce4,12,3,True,True,True,True,False,False,False,False,False,False,False,invalid_terminal,known,3.340885312579956,True,True,True,True,True,True,True,True,True,True,True,verified,known,-0.003081886745605722,True,True,True,True,False,False,False,False,False,False,False,not_converged,known,0.13059368851074193,True,True,True,True,True,True,True,True,True,True,True,verified,known,-0.0021873402368166595,True,True,True,True,False,False,False,False,False,False,False,not_converged,known,0.5257228923071287,True,True,True,True,False,False,True,False,True,False,False,not_converged,known,0.03400460007080053,True,True,True,True,True,False,False,False,False,False,False,verified,known,0.3767413211096189,True,True,True,True,False,False,False,False,False,False,False,not_converged,known,0.28258648636230443
56,eval:56,O6Cl2Ba4Nd2,14,4,True,True,True,True,True,False,False,False,False,False,False,verified,known,0.1450161364791427,True,True,True,True,True,False,True,False,True,False,True,verified,known,0.0828847316024337,True,True,True,True,False,False,False,False,False,False,False,invalid_terminal,known,4.41752022774196,True,True,True,True,True,False,False,False,False,False,False,verified,known,0.2622084048507247,True,True,True,True,True,False,True,False,True,False,True,verified,known,0.06289953262782433,True,True,True,True,False,False,False,False,False,False,False,not_converged,known,0.20221990616298058,True,True,True,True,False,False,False,False,False,False,False,invalid_terminal,known,1.1002811816451583,True,True,True,True,True,False,False,False,False,False,False,verified,known,0.10463184387660363
57,eval:57,O12Ca4Mn2Bi2,20,4,True,True,True,True,False,False,False,False,False,False,False,invalid_terminal,known,1.0660430173151054,True,True,True,True,True,False,True,False,True,False,True,verified,known,0.04315483372135542,True,True,True,True,False,False,False,False,False,False,False,not_converged,known,0.724181769298748,True,True,True,True,True,False,True,False,True,False,True,verified,known,0.04329645435734175,True,True,True,True,False,False,False,False,False,False,False,invalid_terminal,known,1.4082862118951835,True,True,True,True,True,False,True,False,True,False,True,verified,known,0.04347526829166792,True,True,True,True,True,False,False,False,False,False,False,verified,known,0.5113507489435234,True,True,True,True,False,False,True,False,True,False,False,not_converged,known,0.043684599804119095
58,eval:58,Sn5U,6,2,True,True,True,True,True,False,False,False,False,False,False,verified,known,0.35562432867635074,True,True,True,True,False,False,True,False,True,False,False,not_converged,known,0.0751611099873859,True,True,True,True,True,False,True,False,True,False,True,verified,known,0.07336486441243473,True,True,True,True,True,False,True,False,True,False,True,verified,known,0.07771266562093082,True,True,True,True,True,False,True,False,True,False,True,verified,known,0.07336534124959293,True,True,True,True,True,False,True,False,True,False,True,verified,known,0.07715333563435856,True,True,True,True,True,False,False,False,False,False,False,verified,known,1.0127960549031574,True,True,True,True,False,False,True,False,True,False,False,not_converged,known,0.07639564138997379
59,eval:59,Ni4Sn2Au12,18,3,True,True,True,True,False,False,False,False,False,False,False,not_converged,known,2.9342847962057617,True,True,True,True,True,False,False,False,False,False,False,verified,known,0.13853608557343744,True,True,True,True,False,False,False,False,False,False,False,invalid_terminal,known,0.41191088148713373,True,True,True,True,False,False,False,False,False,False,False,not_converged,known,0.16711389013886713,True,True,True,True,False,False,False,False,False,False,False,invalid_terminal,known,3.2074161667501953,True,True,True,True,False,False,True,False,True,False,False,not_converged,known,0.0976365704214599,True,True,True,True,False,False,False,False,False,False,False,invalid_terminal,known,0.4380911488211181,True,True,True,True,True,False,True,False,True,False,True,verified,known,0.09394108244538568
60,eval:60,N2I2,4,2,True,True,True,True,False,False,False,False,False,False,False,not_converged,known,1.4441797360687252,True,True,True,True,False,False,False,False,False,False,False,not_converged,known,1.4148320779113766,True,True,True,True,True,False,False,False,False,False,False,verified,known,1.546260558059692,True,True,True,True,False,True,True,True,True,False,False,not_converged,known,-0.06067613513183634,True,True,True,True,True,False,False,False,False,False,False,verified,known,1.6821772679595943,True,True,True,True,True,False,False,False,False,False,False,verified,known,0.24199148266601522,True,True,True,True,True,True,True,True,True,True,True,verified,known,-0.09671644122314493,True,True,True,True,True,True,True,True,True,True,True,verified,known,-0.07727912814331095
61,eval:61,O4Br2Ta2,8,3,True,True,True,True,False,False,False,False,False,False,False,not_converged,known,0.247386028483076,True,True,True,True,False,False,False,False,False,False,False,not_converged,known,0.10136800022379866,True,True,True,True,False,False,False,False,False,False,False,invalid_terminal,known,1.6682205698038768,True,True,True,True,True,False,True,False,True,False,True,verified,known,0.04087929935709944,True,True,True,True,False,False,False,False,False,False,False,invalid_terminal,known,1.3812084695841502,True,True,True,True,False,False,False,False,False,False,False,not_converged,known,0.14366440983073225,True,True,True,True,False,False,True,False,True,False,False,not_converged,known,0.07081608982340803,True,True,True,True,False,False,False,False,False,False,False,not_converged,known,0.116160442545576
62,eval:62,S8Zn2In4,14,3,True,True,True,True,False,False,False,False,False,False,False,invalid_terminal,known,2.102435474381627,True,True,True,True,True,False,True,False,True,False,True,verified,known,0.002958660111607614,True,True,True,True,False,False,False,False,False,False,False,not_converged,known,0.20662630079764277,True,True,True,True,False,False,True,False,True,False,False,not_converged,known,0.05789077757376582,True,True,True,True,False,False,False,False,False,False,False,invalid_terminal,known,0.8059805679180041,True,True,True,True,True,False,True,False,True,False,True,verified,known,0.0430258560039416,True,True,True,True,False,False,False,False,False,False,False,invalid_terminal,known,0.47896183012503535,True,True,True,True,True,False,True,False,True,False,True,verified,known,0.07688701628226191
63,eval:63,Ge4Ag6Sb8,18,3,True,True,True,True,True,False,True,False,True,False,True,verified,known,0.0780330682416448,True,True,True,True,True,False,False,False,False,False,False,verified,known,0.10608587509589285,True,True,True,True,False,False,True,False,True,False,False,not_converged,known,0.09004674202399343,True,True,True,True,False,False,False,False,False,False,False,not_converged,known,0.10512743240790456,True,True,True,True,False,False,False,False,False,False,False,invalid_terminal,known,5.023538210453559,True,True,True,True,False,False,False,False,False,False,False,not_converged,known,0.11699042564826101,True,True,True,True,False,False,False,False,False,False,False,invalid_terminal,known,0.23607120758490652,True,True,True,True,False,False,True,False,True,False,False,not_converged,known,0.09992418533759206
64,eval:64,Li2O8Na3CuLa2,16,5,True,True,True,True,False,False,False,False,False,False,False,not_converged,known,0.11436112246704155,True,True,True,True,False,False,False,False,False,False,False,not_converged,known,0.16928847155761773,True,True,True,True,False,False,False,False,False,False,False,invalid_terminal,known,1.6717031749267584,True,True,True,True,False,False,False,False,False,False,False,not_converged,known,0.12409575305175835,True,True,True,True,False,False,False,False,False,False,False,invalid_terminal,known,0.32783158145141655,True,True,True,True,False,False,False,False,False,False,False,not_converged,known,0.15910179934692437,True,True,True,True,False,False,False,False,False,False,False,invalid_terminal,known,3.8508892806549078,True,True,True,True,False,False,False,False,False,False,False,not_converged,known,0.17158348880004937
65,eval:65,Mg5Er,6,2,True,True,True,True,True,False,True,False,True,False,True,verified,known,0.03338184804786959,True,True,True,True,True,False,True,False,True,False,True,verified,known,0.049839167307513144,True,True,True,True,True,False,False,False,False,False,False,verified,known,0.30457225293983736,True,True,True,True,False,False,True,False,True,False,False,not_converged,known,0.050153402994769,True,True,True,True,True,False,False,False,False,False,False,verified,known,0.3116084620462827,True,False,True,False,False,False,True,False,False,False,False,not_converged,known,0.049528031061785605,True,True,True,True,True,False,True,False,True,False,True,verified,known,0.03280225248207369,True,True,True,True,True,False,True,False,True,False,True,verified,known,0.04909434766639986
66,eval:66,Li2Sb2Sm2,6,3,True,True,True,True,True,False,True,False,True,False,True,verified,known,0.05126773024820874,True,True,True,True,True,True,True,True,True,True,True,verified,known,-0.02625931595540454,True,True,True,True,False,False,False,False,False,False,False,not_converged,known,7.733878718865152,True,True,True,True,True,True,True,True,True,True,True,verified,known,-0.026294125067953367,True,True,True,True,True,False,True,False,True,False,True,verified,known,0.03515969420694898,True,True,True,True,True,True,True,True,True,True,True,verified,known,-0.026346100318197507,True,True,True,True,False,False,False,False,False,False,False,invalid_terminal,known,0.9931408038260896,True,True,True,True,True,True,True,True,True,True,True,verified,known,-0.026428593146566648
67,eval:67,Mg8Cu4Ce4,16,3,True,True,True,True,False,False,False,False,False,False,False,invalid_terminal,known,3.0896765126434325,True,True,True,True,False,False,True,False,True,False,False,not_converged,known,0.08685459034118637,True,True,True,True,False,False,False,False,False,False,False,invalid_terminal,known,2.569937123223877,True,True,True,True,True,False,True,False,True,False,True,verified,known,0.09241570369873031,True,True,True,True,False,False,True,False,True,False,False,invalid_terminal,known,0.07140935794982894,True,True,True,True,False,False,True,False,True,False,False,not_converged,known,0.09387720958862289,True,True,True,True,True,False,False,False,False,False,False,verified,known,0.1026224030700682,True,True,True,True,False,False,True,False,True,False,False,not_converged,known,0.08618248836669906
68,eval:68,Na2K4As2,8,3,True,True,True,True,True,False,False,False,False,False,False,verified,known,0.3236186170350477,True,True,True,True,True,False,True,False,True,False,True,verified,known,0.029810633636610184,True,True,True,True,True,False,False,False,False,False,False,verified,known,0.1416146421204969,True,True,True,True,True,True,True,True,True,True,True,verified,known,-0.004356894515855636,True,True,True,True,True,False,False,False,False,False,False,verified,known,0.32607051370252815,True,True,True,True,True,True,True,True,True,True,True,verified,known,-0.004113707565172042,True,True,True,True,True,False,True,False,True,False,True,verified,known,0.08219858644117561,True,True,True,True,True,False,True,False,True,False,True,verified,known,0.016379799820081864
69,eval:69,H4C12Re4,20,3,True,True,True,True,True,False,False,False,False,False,False,verified,known,0.6491275324189463,True,True,True,True,False,False,False,False,False,False,False,not_converged,known,0.6656985773408213,False,False,False,False,False,False,False,False,False,False,False,generation_failure,input_not_reconstructed,,False,False,False,False,False,False,False,False,False,False,False,generation_failure,input_not_reconstructed,,False,False,False,False,False,False,False,False,False,False,False,generation_failure,input_not_reconstructed,,False,False,False,False,False,False,False,False,False,False,False,generation_failure,input_not_reconstructed,,True,True,True,True,False,False,False,False,False,False,False,invalid_raw,known,,True,True,True,True,False,False,False,False,False,False,False,not_converged,known,0.6520333780610361
70,eval:70,ZnGe,2,2,True,True,True,True,False,False,False,False,False,False,False,not_converged,known,0.13350866874877942,True,True,True,True,True,False,False,False,False,False,False,verified,known,0.14007280906860364,True,True,True,True,False,False,False,False,False,False,False,not_converged,known,0.14304731926147474,True,True,True,True,False,False,False,False,False,False,False,not_converged,known,0.14045523246948255,True,True,True,True,False,False,False,False,False,False,False,not_converged,known,0.14304636558715833,True,True,True,True,False,False,False,False,False,False,False,not_converged,known,0.1404478414935304,True,True,True,True,False,False,False,False,False,False,False,not_converged,known,0.146491752473755,True,True,True,True,False,False,False,False,False,False,False,not_converged,known,0.1402647360247804
71,eval:71,LiAsCd,3,3,True,True,True,True,True,False,True,False,True,False,True,verified,known,0.09083094201497355,True,False,True,False,True,False,True,False,False,False,False,verified,known,0.03218688569478312,True,True,True,True,True,False,False,False,False,False,False,verified,known,0.1846181353133134,True,False,True,False,True,False,True,False,False,False,False,verified,known,0.032175680021565345,True,True,True,True,True,False,False,False,False,False,False,verified,known,0.18461718163899699,True,False,True,False,True,False,True,False,False,False,False,verified,known,0.03218712411336222,True,True,True,True,False,False,True,False,True,False,False,not_converged,known,0.09229769311360636,True,False,True,False,True,False,True,False,False,False,False,verified,known,0.03218998513631144
72,eval:72,F6MgSn,8,3,True,True,True,True,False,False,False,False,False,False,False,invalid_terminal,known,0.8237964905273438,True,False,True,False,False,False,True,False,False,False,False,not_converged,known,0.01714871296997078,True,True,True,True,False,False,False,False,False,False,False,invalid_terminal,known,0.14738867650146492,True,False,True,False,False,False,True,False,False,False,False,not_converged,known,0.016950825549316484,True,True,True,True,False,True,True,True,True,False,False,not_converged,known,-25.315985461376954,True,False,True,False,False,False,True,False,False,False,False,not_converged,known,0.01749632725830086,True,True,True,True,False,False,False,False,False,False,False,not_converged,known,0.11603949437255867,True,False,True,False,False,False,True,False,False,False,False,not_converged,known,0.017376641131591875
73,eval:73,O4Cl2Bi2,8,3,True,True,True,True,False,False,False,False,False,False,False,not_converged,known,0.3333332487324281,True,True,True,True,False,False,False,False,False,False,False,not_converged,known,0.31916689359937145,True,True,True,True,False,False,False,False,False,False,False,invalid_terminal,known,1.2358510442951722,True,True,True,True,False,False,False,False,False,False,False,not_converged,known,0.26149057829175426,True,True,True,True,False,False,False,False,False,False,False,not_converged,known,0.3141124197224183,True,True,True,True,False,False,False,False,False,False,False,not_converged,known,0.26713585340772106,True,True,True,True,False,False,False,False,False,False,False,not_converged,known,0.34351896726880504,True,True,True,True,True,False,False,False,False,False,False,verified,known,0.31823706114087535
74,eval:74,Cl2Ca,3,2,True,True,True,True,True,False,True,False,True,False,True,verified,known,0.08103076033569323,True,True,True,True,False,False,False,False,False,False,False,not_converged,known,0.10228816084838854,True,True,True,True,True,False,True,False,True,False,True,verified,known,0.02402678542114245,True,True,True,True,True,False,False,False,False,False,False,verified,known,0.10210457854248034,True,True,True,True,True,False,False,False,False,False,False,verified,known,0.15252295546508776,True,True,True,True,True,False,False,False,False,False,False,verified,known,0.10217753462768542,True,True,True,True,True,False,True,False,True,False,True,verified,known,0.05652180724121081,True,True,True,True,True,False,False,False,False,False,False,verified,known,0.10205021910644518
75,eval:75,Cl3RbAu,5,3,True,True,True,True,True,False,False,False,False,False,False,verified,known,0.3566033873764649,True,False,True,False,False,False,True,False,False,False,False,not_converged,known,0.07457256652990729,True,True,True,True,True,False,False,False,False,False,False,verified,known,0.8007814917770997,True,False,True,False,True,False,True,False,False,False,False,verified,known,0.07393122055212409,True,True,True,True,True,False,False,False,False,False,False,verified,known,0.7995219264237061,True,False,True,False,False,False,True,False,False,False,False,not_converged,known,0.07461190559545905,True,True,True,True,True,False,True,False,True,False,True,verified,known,0.060428145906127995,True,False,True,False,False,False,True,False,False,False,False,not_converged,known,0.07464456894079596
76,eval:76,Li2O8Ni2Sr2Hf2,16,5,True,True,True,True,False,False,False,False,False,False,False,not_converged,known,2.7856048263932305,True,True,True,True,False,False,False,False,False,False,False,not_converged,known,0.3933995880509453,True,True,True,True,False,False,False,False,False,False,False,invalid_terminal,known,6.611221662941082,True,True,True,True,False,False,False,False,False,False,False,not_converged,known,0.39071976322184376,True,True,True,True,True,False,False,False,False,False,False,verified,known,0.39209353107462697,True,True,True,True,False,False,False,False,False,False,False,not_converged,known,0.35468899387369923,True,True,True,True,False,False,False,False,False,False,False,invalid_terminal,known,1.8025249161149102,True,True,True,True,False,False,False,False,False,False,False,not_converged,known,0.2898019470597344
77,eval:77,Ag2Ce,3,2,True,True,True,True,True,False,False,False,False,False,False,verified,known,0.328282982753092,True,False,True,False,False,False,True,False,False,False,False,not_converged,known,0.04561153118448846,True,True,True,True,False,False,False,False,False,False,False,invalid_terminal,known,1.1445941037400305,True,False,True,False,False,False,True,False,False,False,False,not_converged,known,0.04560819332438104,True,True,True,True,False,False,False,False,False,False,False,not_converged,known,0.4269765919907629,True,False,True,False,False,False,True,False,False,False,False,not_converged,known,0.04451575939493768,True,True,True,True,False,False,True,False,True,False,False,not_converged,known,0.04928413097696893,True,False,True,False,False,False,True,False,False,False,False,not_converged,known,0.04663005535441034
78,eval:78,C8Si6Ba4,18,3,True,True,True,True,False,False,False,False,False,False,False,invalid_terminal,known,1.0994752167315394,True,True,True,True,False,False,False,False,False,False,False,not_converged,known,0.4037597893328577,True,True,True,True,False,False,False,False,False,False,False,invalid_terminal,known,4.8450668572039515,True,True,True,True,False,False,False,False,False,False,False,not_converged,known,0.3661888359637171,True,True,True,True,False,False,False,False,False,False,False,invalid_terminal,known,4.152940583095065,True,True,True,True,True,False,False,False,False,False,False,verified,known,0.43899900899838507,True,True,True,True,False,False,False,False,False,False,False,not_converged,known,0.3356526611895472,True,True,True,True,False,False,False,False,False,False,False,not_converged,known,0.46218044744443
79,eval:79,O12Ge4Ba4,20,3,True,True,True,True,False,False,False,False,False,False,False,invalid_terminal,known,7.281146036311279,True,True,True,True,True,False,False,False,False,False,False,verified,known,0.2427706586562497,True,True,True,True,False,False,False,False,False,False,False,invalid_terminal,known,4.5693178044997556,True,True,True,True,False,False,False,False,False,False,False,not_converged,known,0.10200451485742157,True,True,True,True,False,False,False,False,False,False,False,invalid_terminal,known,2.2579746114455563,True,True,True,True,False,False,True,False,True,False,False,not_converged,known,0.08131598107446258,True,True,True,True,False,False,False,False,False,False,False,invalid_raw,known,,True,True,True,True,False,False,False,False,False,False,False,not_converged,known,0.1726126538955075
80,eval:80,AgCe2Pt,4,3,True,True,True,True,True,False,True,False,True,False,True,verified,known,0.09812027130737278,True,True,True,True,True,False,True,False,True,False,True,verified,known,0.031134187322997775,True,True,True,True,True,False,True,False,True,False,True,verified,known,0.09812217865600559,True,True,True,True,True,False,True,False,True,False,True,verified,known,0.031134187322997775,True,True,True,True,False,False,True,False,True,False,False,not_converged,known,0.03173881683959934,True,True,True,True,True,False,True,False,True,False,True,verified,known,0.031134187322997775,True,True,True,True,True,False,True,False,True,False,True,verified,known,0.03179222260131809,True,True,True,True,False,False,False,False,False,False,False,not_converged,known,0.216897546392822
81,eval:81,Ge2Pr10Pb6,18,3,True,True,True,True,False,False,False,False,False,False,False,invalid_terminal,known,5.292513473296171,True,True,True,True,True,False,False,False,False,False,False,verified,known,0.20847092416286994,True,True,True,True,False,False,False,False,False,False,False,not_converged,known,3.656504256987577,True,True,True,True,True,False,False,False,False,False,False,verified,known,0.12672100808620979,True,True,True,True,True,False,False,False,False,False,False,verified,known,0.11810980584621955,True,True,True,True,True,False,False,False,False,False,False,verified,known,0.12245617654324104,True,True,True,True,False,False,False,False,False,False,False,not_converged,known,3.0458000734090858,True,True,True,True,True,False,False,False,False,False,False,verified,known,0.10129462029934455
82,eval:82,MgSr3,4,2,True,True,True,True,True,False,True,False,True,False,True,verified,known,0.06721686881276456,True,True,True,True,True,False,True,False,True,False,True,verified,known,0.06713413756581632,True,True,True,True,True,True,True,True,True,True,True,verified,known,-0.2715734286954752,True,True,True,True,True,False,True,False,True,False,True,verified,known,0.0666352466890463,True,True,True,True,False,True,True,True,True,False,False,not_converged,known,-0.2295519157102457,True,True,True,True,True,False,True,False,True,False,True,verified,known,0.06709622901173917,True,True,True,True,False,True,True,True,True,False,False,not_converged,known,-0.006072048728739343,True,True,True,True,True,False,True,False,True,False,True,verified,known,0.06632530253621427
83,eval:83,Co7Ge2Sm2,11,3,True,True,True,True,False,False,False,False,False,False,False,not_converged,known,0.161674556848995,True,True,True,True,True,False,False,False,False,False,False,verified,known,0.1384478188729208,True,True,True,True,False,False,False,False,False,False,False,invalid_terminal,known,0.5603004075264852,True,True,True,True,False,False,False,False,False,False,False,not_converged,known,0.28056293499230556,True,True,True,True,False,False,False,False,False,False,False,not_converged,known,0.1810651398873251,True,True,True,True,False,False,False,False,False,False,False,not_converged,known,0.13766723644494228,True,True,True,True,False,False,False,False,False,False,False,invalid_terminal,known,0.32505374920128993,True,True,True,True,False,False,False,False,False,False,False,not_converged,known,0.25428730022668056
84,eval:84,F6KSbCs2,10,4,True,True,True,True,True,False,True,False,True,False,True,verified,known,0.05350856246728597,True,True,True,True,False,False,True,False,True,False,False,not_converged,known,0.016926569364258626,True,True,True,True,False,False,False,False,False,False,False,not_converged,known,0.114456934354493,True,True,True,True,False,False,True,False,True,False,False,not_converged,known,0.016963285825440266,True,True,True,True,True,False,True,False,True,False,True,verified,known,0.02045182647485433,True,True,True,True,False,False,True,False,True,False,False,not_converged,known,0.016983789823243,True,True,True,True,False,False,False,False,False,False,False,invalid_raw,known,,True,True,True,True,False,False,True,False,True,False,False,not_converged,known,0.016923231504151204
85,eval:85,YPtBi,3,3,True,True,True,True,True,False,True,False,True,False,True,verified,known,0.08889674194864927,True,True,True,True,False,False,True,False,True,False,False,not_converged,known,0.0521888638358563,True,True,True,True,True,False,False,False,False,False,False,verified,known,0.14720248230509458,True,True,True,True,False,False,True,False,True,False,False,not_converged,known,0.05220078476481138,True,True,True,True,True,False,False,False,False,False,False,verified,known,0.14713906296305357,True,True,True,True,False,False,True,False,True,False,False,not_converged,known,0.05220173843912779,True,True,True,True,False,False,False,False,False,False,False,invalid_terminal,known,0.27071427353434263,True,True,True,True,False,False,True,False,True,False,False,not_converged,known,0.05232905396036802
86,eval:86,O8Mn2Ni2,12,3,True,True,True,True,False,False,False,False,False,False,False,invalid_terminal,known,0.6299782038358552,True,True,True,True,False,False,False,False,False,False,False,not_converged,known,0.1674347162870271,True,True,True,True,False,False,False,False,False,False,False,invalid_terminal,known,1.0612902880338533,True,True,True,True,False,False,False,False,False,False,False,not_converged,known,0.25788166529215406,True,True,True,True,False,False,False,False,False,False,False,not_converged,known,0.571372056069742,True,True,True,True,False,False,False,False,False,False,False,not_converged,known,0.14106371408976148,True,True,True,True,False,False,False,False,False,False,False,invalid_terminal,known,0.694705510201822,True,True,True,True,False,False,False,False,False,False,False,not_converged,known,0.2523503542569978
87,eval:87,O12KNiSr4Lu2,20,5,True,True,True,True,False,False,False,False,False,False,False,invalid_terminal,known,0.789113215113499,True,True,True,True,False,False,False,False,False,False,False,not_converged,known,0.18693607201657514,True,True,True,True,False,False,False,False,False,False,False,invalid_terminal,known,2.4101378237255595,True,True,True,True,False,False,False,False,False,False,False,not_converged,known,0.16906469216428022,True,True,True,True,False,False,False,False,False,False,False,invalid_terminal,known,4.20543640008054,True,True,True,True,False,False,False,False,False,False,False,not_converged,known,0.17639129510007123,True,True,True,True,False,False,False,False,False,False,False,invalid_terminal,known,5.80840795388303,True,True,True,True,True,False,False,False,False,False,False,verified,known,0.16539209237179975
88,eval:88,AlAgLu2,4,3,True,True,True,True,False,True,True,True,True,False,False,not_converged,known,-0.003687824642334192,True,True,True,True,True,True,True,True,True,True,True,verified,known,-0.005289043819580286,True,True,True,True,False,True,True,True,True,False,False,not_converged,known,-0.003110851680908411,True,True,True,True,True,True,True,True,True,True,True,verified,known,-0.005282844936523645,True,True,True,True,False,True,True,True,True,False,False,not_converged,known,-0.003110851680908411,True,True,True,True,True,True,True,True,True,True,True,verified,known,-0.005282844936523645,True,True,True,True,True,True,True,True,True,True,True,verified,known,-0.03141256753173849,True,True,True,True,True,True,True,True,True,True,True,verified,known,-0.005351032650146692
89,eval:89,Li2O8F2P2In4,18,5,True,True,True,True,False,True,True,True,True,False,False,invalid_terminal,known,-2.707389017582469,True,True,True,True,False,False,False,False,False,False,False,not_converged,known,0.1347840819353534,True,True,True,True,False,False,False,False,False,False,False,not_converged,known,0.2940090689653827,True,True,True,True,False,False,True,False,True,False,False,not_converged,known,0.08749280309624208,True,True,True,True,True,False,False,False,False,False,False,verified,known,0.20738969182915223,True,True,True,True,True,False,True,False,True,False,True,verified,known,0.06909976339287294,True,True,True,True,False,False,False,False,False,False,False,invalid_terminal,known,0.8293236289019061,True,True,True,True,False,False,False,False,False,False,False,not_converged,known,0.17402015066093934
90,eval:90,S2Se2Eu2,6,3,True,True,True,True,True,False,False,False,False,False,False,verified,known,0.11259789407825593,True,True,True,True,False,False,True,False,True,False,False,not_converged,known,0.09362311304187898,True,True,True,True,True,False,False,False,False,False,False,verified,known,0.11392826974964265,True,True,True,True,False,False,False,False,False,False,False,not_converged,known,0.10366005838489656,True,True,True,True,True,False,True,False,True,False,True,verified,known,0.07762904108142976,True,True,True,True,False,False,False,False,False,False,False,not_converged,known,0.10240549982166414,True,True,True,True,False,False,False,False,False,False,False,not_converged,known,11.134875726109506,True,True,True,True,False,False,False,False,False,False,False,not_converged,known,0.10653157175159578
91,eval:91,O8La2Pb2,12,3,True,True,True,True,True,False,False,False,False,False,False,verified,known,0.4621039344763167,True,True,True,True,False,False,False,False,False,False,False,not_converged,known,0.16503390807861162,True,True,True,True,False,False,False,False,False,False,False,invalid_terminal,known,3.2843454791998274,True,True,True,True,False,False,False,False,False,False,False,not_converged,known,0.1135474159216292,True,True,True,True,False,False,False,False,False,False,False,not_converged,known,3.63586482543701,True,True,True,True,False,False,False,False,False,False,False,not_converged,known,0.12093982238525225,True,True,True,True,False,False,False,False,False,False,False,invalid_terminal,known,0.5008912994360335,True,True,True,True,False,False,False,False,False,False,False,not_converged,known,0.1614118530249007
92,eval:92,O12Ca4Fe2Ho2,20,4,True,True,True,True,False,False,False,False,False,False,False,invalid_terminal,known,5.373854685730957,True,True,True,True,False,False,False,False,False,False,False,not_converged,known,0.10699563116552735,True,True,True,True,False,False,False,False,False,False,False,invalid_terminal,known,4.485938120789551,True,True,True,True,False,False,True,False,True,False,False,not_converged,known,0.04780964941503907,True,True,True,True,False,False,False,False,False,False,False,invalid_terminal,known,3.5402145871591797,True,True,True,True,False,False,True,False,True,False,False,not_converged,known,0.047989417023681646,True,True,True,True,False,False,False,False,False,False,False,invalid_terminal,known,1.1018190869760742,True,True,True,True,False,False,True,False,True,False,False,not_converged,known,0.047951270051025396
93,eval:93,O2ZnSr,4,3,True,True,True,True,True,False,False,False,False,False,False,verified,known,0.10664621828613274,True,True,True,True,False,False,False,False,False,False,False,not_converged,known,0.10574642656860345,True,True,True,True,False,False,False,False,False,False,False,not_converged,known,0.10429159639892571,True,True,True,True,False,False,False,False,False,False,False,not_converged,known,0.3067852640014648,True,True,True,True,False,False,False,False,False,False,False,not_converged,known,0.1243387842041015,True,True,True,True,False,False,False,False,False,False,False,not_converged,known,0.17226521013793938,True,True,True,True,True,False,False,False,False,False,False,verified,known,0.10586897371826165,True,True,True,True,False,False,False,False,False,False,False,not_converged,known,0.10561100481567376
94,eval:94,NaSc2As6Tl,10,4,True,True,True,True,False,False,False,False,False,False,False,not_converged,known,0.13088961915340125,True,True,True,True,True,False,True,False,True,False,True,verified,known,0.06438847855891883,True,True,True,True,True,False,False,False,False,False,False,verified,known,0.10631057099666297,True,True,True,True,False,False,True,False,True,False,False,not_converged,known,0.09441539124812781,True,True,True,True,True,False,False,False,False,False,False,verified,known,0.1528255589422196,True,True,True,True,True,False,True,False,True,False,True,verified,known,0.0547258503850907,True,True,True,True,False,False,False,False,False,False,False,not_converged,known,0.11364289597835242,True,True,True,True,True,False,True,False,True,False,True,verified,known,0.057082379620930546
95,eval:95,O6Al2In2,10,3,True,True,True,True,False,False,False,False,False,False,False,not_converged,known,0.8458818725739743,True,True,True,True,False,False,True,False,True,False,False,not_converged,known,0.062999658981445,True,True,True,True,False,False,False,False,False,False,False,invalid_terminal,known,5.2513717941437985,True,True,True,True,False,False,True,False,True,False,False,not_converged,known,0.07183402101147429,True,True,True,True,False,False,False,False,False,False,False,not_converged,known,0.1468943885957028,True,True,True,True,False,False,True,False,True,False,False,not_converged,known,0.06309407273876921,True,True,True,True,False,False,False,False,False,False,False,not_converged,known,0.1532248787080075,True,True,True,True,False,False,False,False,False,False,False,not_converged,known,0.13945906678784148
96,eval:96,CaCd2Nd,4,3,True,True,True,True,True,False,True,False,True,False,True,verified,known,0.03627787264526372,True,False,True,False,True,False,True,False,False,False,False,verified,known,0.030357939326171923,True,True,True,True,True,False,True,False,True,False,True,verified,known,0.03627834948242192,True,False,True,False,True,False,True,False,False,False,False,verified,known,0.03035722407043462,True,True,True,True,True,False,True,False,True,False,True,verified,known,0.03627739580810552,True,False,True,False,True,False,True,False,False,False,False,verified,known,0.03035603197753911,True,True,True,True,False,False,False,False,False,False,False,not_converged,known,7.170266729914551,True,False,True,False,True,False,True,False,False,False,False,verified,known,0.030402762019043017
97,eval:97,SrAg3,4,2,True,True,True,True,False,False,False,False,False,False,False,not_converged,known,10.141562091750489,True,True,True,True,False,False,True,False,True,False,False,not_converged,known,0.0678838366693113,True,True,True,True,False,False,False,False,False,False,False,not_converged,known,10.085282909316406,True,True,True,True,True,False,True,False,True,False,True,verified,known,0.05496655647216775,True,True,True,True,False,False,False,False,False,False,False,not_converged,known,10.08845292274414,True,True,True,True,False,False,True,False,True,False,False,not_converged,known,0.054996597213134546,True,True,True,True,True,False,True,False,True,False,True,verified,known,0.04855834190307595,True,True,True,True,False,False,True,False,True,False,False,not_converged,known,0.05506764594970681
98,eval:98,Ni6As2,8,2,True,True,True,True,False,False,True,False,True,False,False,invalid_terminal,known,0.02658565804362034,True,True,True,True,False,False,False,False,False,False,False,not_converged,known,0.10654934212565159,True,True,True,True,False,False,False,False,False,False,False,invalid_terminal,known,1.7889676885306809,True,True,True,True,False,False,True,False,True,False,False,not_converged,known,0.044699748009440654,True,True,True,True,False,False,False,False,False,False,False,invalid_terminal,known,0.2637124852836106,True,True,True,True,False,False,False,False,False,False,False,not_converged,known,0.10639150902628636,True,True,True,True,False,False,True,False,True,False,False,invalid_terminal,known,0.07928951546549534,True,True,True,True,False,False,True,False,True,False,False,not_converged,known,0.04442795082926487
99,eval:99,O5F8V4Mn2,19,4,True,True,True,True,False,False,False,False,False,False,False,invalid_terminal,known,9.475302075623892,True,True,True,True,False,False,False,False,False,False,False,not_converged,known,0.15262112545909723,True,True,True,True,False,False,False,False,False,False,False,invalid_terminal,known,2.943683480500601,True,True,True,True,False,False,False,False,False,False,False,not_converged,known,0.15433487820567926,True,True,True,True,False,False,False,False,False,False,False,invalid_terminal,known,3.0602444164747222,True,True,True,True,False,False,False,False,False,False,False,not_converged,known,0.14746174740733942,True,True,True,True,False,False,False,False,False,False,False,invalid_raw,known,,True,True,True,True,False,False,False,False,False,False,False,not_converged,known,0.23432049679698785
100,eval:100,O2S8Zn2Os2,14,4,True,True,True,True,False,False,False,False,False,False,False,invalid_terminal,known,0.8823986124600918,True,True,True,True,False,False,False,False,False,False,False,not_converged,known,0.3113741945828945,True,True,True,True,True,False,False,False,False,False,False,verified,known,0.3984828066434414,True,True,True,True,True,False,False,False,False,False,False,verified,known,0.2757763933743984,True,True,True,True,True,False,False,False,False,False,False,verified,known,0.3888297152127773,True,True,True,True,False,False,False,False,False,False,False,not_converged,known,0.28153229471106833,True,True,True,True,False,False,False,False,False,False,False,not_converged,known,0.21803236719031638,True,True,True,True,True,False,False,False,False,False,False,verified,known,0.3098168444242031
101,eval:101,LiF6K2Ag,10,4,True,True,True,True,True,False,True,False,True,False,True,verified,known,0.0938532526694349,True,True,True,True,False,False,True,False,True,False,False,not_converged,known,0.01168705775366341,True,True,True,True,True,False,True,False,True,False,True,verified,known,0.06622673823462044,True,True,True,True,False,False,True,False,True,False,False,not_converged,known,0.011610286971192707,True,True,True,True,False,False,False,False,False,False,False,invalid_terminal,known,0.42005135371313607,True,True,True,True,False,False,True,False,True,False,False,not_converged,known,0.011738556166749348,True,True,True,True,False,False,False,False,False,False,False,invalid_raw,known,,True,True,True,True,False,False,True,False,True,False,False,not_converged,known,0.011408108016114582
102,eval:102,V6Fe2,8,2,True,True,True,True,False,False,False,False,False,False,False,invalid_terminal,known,1.4951488400964354,True,True,True,True,False,False,False,False,False,False,False,not_converged,known,0.11425847068115225,True,True,True,True,False,False,False,False,False,False,False,not_converged,known,10.985747041848144,True,False,True,False,False,False,True,False,False,False,False,not_converged,known,0.020828905251464747,True,True,True,True,False,False,True,False,True,False,False,not_converged,known,0.09267777457519522,True,True,True,True,False,False,False,False,False,False,False,not_converged,known,0.14024704947753897,True,True,True,True,False,False,True,False,True,False,False,invalid_terminal,known,0.03582543387695303,True,True,True,True,False,False,False,False,False,False,False,not_converged,known,0.11790532126708975
103,eval:103,Sn8Yb6,14,2,True,True,True,True,False,False,False,False,False,False,False,invalid_terminal,official_cache_unresolved,,True,True,True,True,False,False,False,False,False,False,False,not_converged,official_cache_unresolved,,True,True,True,True,False,False,False,False,False,False,False,not_converged,official_cache_unresolved,,True,True,True,True,False,False,False,False,False,False,False,not_converged,official_cache_unresolved,,True,True,True,True,False,False,False,False,False,False,False,not_converged,official_cache_unresolved,,True,True,True,True,False,False,False,False,False,False,False,not_converged,official_cache_unresolved,,True,True,True,True,False,False,False,False,False,False,False,invalid_terminal,official_cache_unresolved,,True,True,True,True,True,False,False,False,False,False,False,verified,official_cache_unresolved,
104,eval:104,Cu2Zr12Sn4,18,3,True,True,True,True,False,False,False,False,False,False,False,invalid_terminal,known,7.86754081187595,True,True,True,True,True,False,True,False,True,False,True,verified,known,0.045512651780734714,True,True,True,True,False,False,False,False,False,False,False,not_converged,known,9.246837591508518,True,True,True,True,False,False,False,False,False,False,False,not_converged,known,0.1057214492355687,True,True,True,True,False,False,False,False,False,False,False,not_converged,known,11.315989469865452,True,True,True,True,False,False,True,False,True,False,False,not_converged,known,0.09455630717624253,True,True,True,True,True,False,False,False,False,False,False,verified,known,0.13109109340060776,True,True,True,True,False,False,True,False,True,False,False,not_converged,known,0.08429572520602768
105,eval:105,Sb6Dy2,8,2,True,True,True,True,True,False,False,False,False,False,False,verified,known,0.39562471105834973,True,True,True,True,False,False,False,False,False,False,False,not_converged,known,0.169133259794922,True,True,True,True,True,False,True,False,True,False,True,verified,known,0.07958991720458997,True,True,True,True,True,False,True,False,True,False,True,verified,known,0.03464706136962903,True,True,True,True,True,False,True,False,True,False,True,verified,known,0.07468946172973645,True,True,True,True,True,False,True,False,True,False,True,verified,known,0.037393166563720825,True,True,True,True,True,False,True,False,True,False,True,verified,known,0.059359623930664185,True,True,True,True,True,False,True,False,True,False,True,verified,known,0.038854672453613404
106,eval:106,Al4Pd4Ce4,12,3,True,True,True,True,False,False,False,False,False,False,False,not_converged,known,8.38379206270969,True,True,True,True,False,False,True,False,True,False,False,not_converged,known,0.04415716738498254,True,True,True,True,False,False,False,False,False,False,False,invalid_terminal,known,5.611888071010471,True,True,True,True,True,False,True,False,True,False,True,verified,known,0.04467119784152551,True,True,True,True,False,False,False,False,False,False,False,invalid_terminal,known,3.031934638927341,True,True,True,True,False,False,False,False,False,False,False,not_converged,known,0.11614622683322473,True,True,True,True,False,False,False,False,False,False,False,invalid_terminal,known,0.2942391833761935,True,True,True,True,True,False,True,False,True,False,True,verified,known,0.04396452517306848
107,eval:107,Cl6K2AsRb,10,4,True,True,True,True,True,False,True,False,True,False,True,verified,known,0.09989932172180094,True,True,True,True,True,False,True,False,True,False,True,verified,known,0.03843310468078531,True,True,True,True,True,False,True,False,True,False,True,verified,known,0.07510974995971598,True,True,True,True,True,False,True,False,True,False,True,verified,known,0.07669451825500406,True,True,True,True,False,False,True,False,True,False,False,not_converged,known,0.08026650540710367,True,True,True,True,True,False,True,False,True,False,True,verified,known,0.039332419561156406,True,True,True,True,True,False,True,False,True,False,True,verified,known,0.058283597158202305,True,True,True,True,True,False,True,False,True,False,True,verified,known,0.07653024785400309
108,eval:108,ZnSn2Pb,4,3,True,True,True,True,True,False,True,False,True,False,True,verified,known,0.062337199337157756,True,True,True,True,True,False,False,False,False,False,False,verified,known,0.10967830765930131,True,True,True,True,True,False,True,False,True,False,True,verified,known,0.09655908692565873,True,True,True,True,False,False,False,False,False,False,False,not_converged,known,0.10995558846679643,True,True,True,True,True,False,True,False,True,False,True,verified,known,0.09655932534423783,True,True,True,True,False,False,False,False,False,False,False,not_converged,known,0.1090045367547603,True,True,True,True,False,False,False,False,False,False,False,not_converged,known,6.8132074271508785,True,True,True,True,True,False,True,False,True,False,True,verified,known,0.08868745911804155
109,eval:109,Zn3Ac,4,2,True,True,True,True,False,False,False,False,False,False,False,not_converged,known,10.387172218308105,True,True,True,True,False,False,True,False,True,False,False,not_converged,known,0.020739074692382786,True,True,True,True,False,False,False,False,False,False,False,not_converged,known,10.42201947782959,True,True,True,True,False,False,True,False,True,False,False,not_converged,known,0.021719690308227513,True,True,True,True,False,False,False,False,False,False,False,not_converged,known,10.384412284836426,True,True,True,True,False,False,True,False,True,False,False,not_converged,known,0.021748538956298802,True,True,True,True,False,False,False,False,False,False,False,invalid_terminal,known,0.25720822428192136,True,True,True,True,False,False,True,False,True,False,False,not_converged,known,0.02125715826477048
110,eval:110,Ni4Ge8,12,2,True,True,True,True,False,False,True,False,True,False,False,not_converged,known,0.09716275631510474,True,True,True,True,False,False,True,False,True,False,False,not_converged,known,0.09837058483683325,True,True,True,True,False,False,False,False,False,False,False,invalid_terminal,known,1.3597569793375657,True,True,True,True,True,False,True,False,True,False,True,verified,known,0.06608489452921606,True,True,True,True,True,False,False,False,False,False,False,verified,known,0.1096077293070481,True,True,True,True,True,False,True,False,True,False,True,verified,known,0.04589227139078833,True,True,True,True,False,False,True,False,True,False,False,not_converged,known,0.08857015072428442,True,True,True,True,True,False,False,False,False,False,False,verified,known,0.10453275143229224
111,eval:111,O2F10Mn2Ba4,18,4,True,True,True,True,False,False,False,False,False,False,False,invalid_terminal,known,2.123536289952667,True,True,True,True,False,False,False,False,False,False,False,not_converged,known,0.2517907035574032,True,True,True,True,False,False,False,False,False,False,False,invalid_terminal,known,1.8215195548757626,True,True,True,True,True,False,False,False,False,False,False,verified,known,0.19115752103176842,True,True,True,True,False,False,False,False,False,False,False,not_converged,known,0.15912026288357506,True,True,True,True,False,False,False,False,False,False,False,not_converged,known,0.22829216840115318,True,True,True,True,False,False,False,False,False,False,False,invalid_raw,known,,True,True,True,True,False,False,False,False,False,False,False,not_converged,known,0.2291480911001278
112,eval:112,CeTl3,4,2,True,True,True,True,True,False,False,False,False,False,False,verified,known,0.9907325717236328,True,False,True,False,True,False,True,False,False,False,False,verified,known,0.024147412421875014,True,True,True,True,True,False,False,False,False,False,False,verified,known,0.3912066432263184,True,False,True,False,True,False,True,False,False,False,False,verified,known,0.024135253074340834,True,True,True,True,True,False,False,False,False,False,False,verified,known,0.3912066432263184,True,False,True,False,True,False,True,False,False,False,False,verified,known,0.02413453781860353,True,True,True,True,True,False,False,False,False,False,False,verified,known,0.16657581055419923,True,False,True,False,False,False,True,False,False,False,False,not_converged,known,0.024428269508056655
113,eval:113,O6Ba2LaBi,10,4,True,True,True,True,False,False,False,False,False,False,False,not_converged,known,0.4416707308457033,True,False,True,False,False,False,True,False,False,False,False,not_converged,known,0.04316838099218767,True,True,True,True,False,False,False,False,False,False,False,not_converged,known,0.5017646105454103,True,False,True,False,False,False,True,False,False,False,False,not_converged,known,0.04318650080419939,True,True,True,True,False,False,False,False,False,False,False,not_converged,known,0.5017679484055177,True,False,True,False,False,False,True,False,False,False,False,not_converged,known,0.04316551996923845,True,True,True,True,False,False,False,False,False,False,False,invalid_raw,known,,True,True,True,True,True,False,False,False,False,False,False,verified,known,0.23114903284765642
114,eval:114,B4Rh4Tm4,12,3,True,True,True,True,False,False,False,False,False,False,False,invalid_terminal,known,4.586060310237257,True,True,True,True,False,False,True,False,True,False,False,not_converged,known,0.08819844805463983,True,True,True,True,False,False,False,False,False,False,False,invalid_terminal,known,1.4800040968583508,True,True,True,True,False,False,False,False,False,False,False,not_converged,known,0.19287612520918085,True,True,True,True,True,False,False,False,False,False,False,verified,known,0.1885488279984875,True,True,True,True,True,False,False,False,False,False,False,verified,known,0.12612035357221796,True,True,True,True,True,False,False,False,False,False,False,verified,known,0.20852830492719843,True,True,True,True,False,False,False,False,False,False,False,not_converged,known,0.28134372317060663
115,eval:115,Ti6Rh2,8,2,True,True,True,True,False,False,False,False,False,False,False,invalid_terminal,known,2.447668445138346,True,True,True,True,False,False,True,False,True,False,False,not_converged,known,0.025600802926431854,True,True,True,True,False,False,False,False,False,False,False,not_converged,known,9.994016063241373,True,True,True,True,False,False,True,False,True,False,False,not_converged,known,0.025600802926431854,True,True,True,True,False,False,True,False,True,False,False,not_converged,known,0.03758276703775998,True,True,True,True,False,False,True,False,True,False,False,not_converged,known,0.025623691110025604,True,True,True,True,False,False,True,False,True,False,False,not_converged,known,0.05194319489420529,True,True,True,True,True,False,True,False,True,False,True,verified,known,0.025555026559244354
116,eval:116,ZnTbTl2,4,3,True,True,True,True,True,False,False,False,False,False,False,verified,known,0.11904716672770776,True,True,True,True,True,False,False,False,False,False,False,verified,known,0.13193798246257105,True,True,True,True,True,False,True,False,True,False,True,verified,known,0.09538960637919702,True,True,True,True,True,False,False,False,False,False,False,verified,known,0.1319303530680398,True,True,True,True,True,False,True,False,True,False,True,verified,known,0.09538960637919702,True,True,True,True,True,False,False,False,False,False,False,verified,known,0.1319303530680398,True,True,True,True,False,False,False,False,False,False,False,invalid_raw,known,,True,True,True,True,True,False,True,False,True,False,True,verified,known,0.08986759366862573
117,eval:117,O12Cr4La4,20,3,True,True,True,True,False,False,False,False,False,False,False,invalid_terminal,known,1.8242291577880856,True,False,True,False,False,False,True,False,False,False,False,not_converged,known,0.049477494580077774,True,True,True,True,False,False,False,False,False,False,False,invalid_terminal,known,6.173806584698486,True,False,True,False,False,False,True,False,False,False,False,not_converged,known,0.04940310798339809,True,True,True,True,False,False,False,False,False,False,False,invalid_terminal,known,5.945187486035156,True,False,True,False,False,False,True,False,False,False,False,not_converged,known,0.04946891151123012,True,True,True,True,False,False,False,False,False,False,False,invalid_terminal,known,1.398838437420654,True,False,True,False,False,False,True,False,False,False,False,not_converged,known,0.04966918311767543
118,eval:118,Li4O8Cr4,16,3,True,True,True,True,False,False,False,False,False,False,False,invalid_terminal,known,0.8428662298254395,True,True,True,True,False,False,True,False,True,False,False,not_converged,known,0.040802287869873055,True,True,True,True,False,False,False,False,False,False,False,invalid_terminal,known,6.812997150235596,True,True,True,True,False,False,False,False,False,False,False,not_converged,known,0.12863140087646485,True,True,True,True,False,False,True,False,True,False,False,not_converged,known,0.08917217236083985,True,True,True,True,False,False,False,False,False,False,False,not_converged,known,0.16303949337524415,True,True,True,True,False,False,False,False,False,False,False,invalid_raw,known,,True,False,True,False,False,False,True,False,False,False,False,not_converged,known,0.036821174436035164
119,eval:119,Li2F8Mn2Te2,14,4,True,True,True,True,False,False,False,False,False,False,False,invalid_terminal,known,1.105760131992711,True,True,True,True,True,False,False,False,False,False,False,verified,known,0.11868051163138293,True,True,True,True,False,False,False,False,False,False,False,invalid_terminal,known,0.3430891381877794,True,True,True,True,False,False,False,False,False,False,False,not_converged,known,0.14869741074026965,True,True,True,True,False,False,False,False,False,False,False,invalid_terminal,known,0.14489844910086536,True,True,True,True,False,False,False,False,False,False,False,not_converged,known,0.1569447862285509,True,True,True,True,False,False,False,False,False,False,False,not_converged,known,1.1810393678325548,True,True,True,True,True,False,False,False,False,False,False,verified,known,0.17329410187186145
120,eval:120,Ru8Yb4,12,2,True,True,True,True,False,False,False,False,False,False,False,invalid_terminal,official_cache_unresolved,,True,True,True,True,False,False,False,False,False,False,False,not_converged,official_cache_unresolved,,True,True,True,True,False,False,False,False,False,False,False,invalid_terminal,official_cache_unresolved,,True,False,True,False,False,False,False,False,False,False,False,not_converged,official_cache_unresolved,,True,True,True,True,False,False,False,False,False,False,False,invalid_terminal,official_cache_unresolved,,True,False,True,False,False,False,False,False,False,False,False,not_converged,official_cache_unresolved,,True,True,True,True,False,False,False,False,False,False,False,not_converged,official_cache_unresolved,,True,False,True,False,False,False,False,False,False,False,False,not_converged,official_cache_unresolved,
121,eval:121,Cu3GaHf,5,3,True,True,True,True,False,False,False,False,False,False,False,not_converged,known,0.3735934618833028,True,True,True,True,False,False,True,False,True,False,False,not_converged,known,0.08389724530005083,True,True,True,True,False,False,False,False,False,False,False,not_converged,known,0.3738409403684102,True,True,True,True,False,False,True,False,True,False,False,not_converged,known,0.08447946347021684,True,True,True,True,False,False,False,False,False,False,False,not_converged,known,0.373593938720461,True,True,True,True,False,False,False,False,False,False,False,not_converged,known,0.10259307659887895,True,True,True,True,False,False,False,False,False,False,False,not_converged,known,9.235942972076174,True,True,True,True,False,False,True,False,True,False,False,not_converged,known,0.08251060284399614
122,eval:122,S4K2Mn2,8,3,True,True,True,True,False,False,True,False,True,False,False,not_converged,known,0.09973098920776291,True,True,True,True,True,False,True,False,True,False,True,verified,known,0.0271434991259758,True,True,True,True,True,False,True,False,True,False,True,verified,known,0.09494783567382736,True,True,True,True,True,False,True,False,True,False,True,verified,known,0.02196600126220627,True,True,True,True,True,False,True,False,True,False,True,verified,known,0.009442826976317598,True,True,True,True,True,False,True,False,True,False,True,verified,known,0.021965047587889863,True,True,True,True,True,False,True,False,True,False,True,verified,known,0.026247998942870332,True,True,True,True,False,False,True,False,True,False,False,not_converged,known,0.05366184400512619
123,eval:123,S12Er8,20,2,True,True,True,True,False,False,False,False,False,False,False,invalid_terminal,known,7.720622240406413,True,True,True,True,False,False,True,False,True,False,False,not_converged,known,0.06927031169547515,True,True,True,True,False,False,False,False,False,False,False,invalid_terminal,known,8.05852430949821,True,True,True,True,False,False,True,False,True,False,False,not_converged,known,0.053125559193033745,True,True,True,True,False,False,False,False,False,False,False,invalid_terminal,known,7.842834650379557,True,True,True,True,False,False,True,False,True,False,False,not_converged,known,0.0689885009349771,True,True,True,True,False,False,False,False,False,False,False,invalid_terminal,known,1.2949206222118326,True,True,True,True,False,False,False,False,False,False,False,not_converged,known,0.10545319209708648
124,eval:124,O12Sr4Nb2Sm2,20,4,True,True,True,True,False,False,False,False,False,False,False,not_converged,known,0.1979349784462876,True,False,True,False,False,False,True,False,False,False,False,not_converged,known,0.023378246268553227,False,False,False,False,False,False,False,False,False,False,False,generation_failure,input_not_reconstructed,,False,False,False,False,False,False,False,False,False,False,False,generation_failure,input_not_reconstructed,,True,True,True,True,False,False,False,False,False,False,False,not_converged,known,1.8987191848366685,True,False,True,False,True,False,True,False,False,False,False,verified,known,0.023119800528807133,True,True,True,True,True,False,False,False,False,False,False,verified,known,0.2503818206398911,True,False,True,False,False,False,True,False,False,False,False,not_converged,known,0.023179882010740727
125,eval:125,O12Ca4Ti2Bi2,20,4,True,True,True,True,False,False,False,False,False,False,False,invalid_terminal,known,1.2544320216005858,True,True,True,True,False,False,True,False,True,False,False,not_converged,known,0.051051913720947084,True,True,True,True,False,False,False,False,False,False,False,invalid_terminal,known,2.5218237032717283,True,True,True,True,False,False,True,False,True,False,False,not_converged,known,0.04793101452050763,True,True,True,True,False,False,False,False,False,False,False,invalid_terminal,known,4.699919520837646,True,True,True,True,False,False,True,False,True,False,False,not_converged,known,0.04863864086328107,True,True,True,True,False,False,False,False,False,False,False,invalid_terminal,known,0.9467223276918943,True,True,True,True,False,False,True,False,True,False,False,not_converged,known,0.05206710003076154
126,eval:126,Li2F8V2,12,3,True,True,True,True,False,False,False,False,False,False,False,invalid_terminal,known,1.6188097167089843,True,True,True,True,False,False,False,False,False,False,False,not_converged,known,0.13219835043701167,True,True,True,True,False,False,False,False,False,False,False,invalid_terminal,known,2.1653237509802246,True,False,True,False,False,False,True,False,False,False,False,not_converged,known,0.03645087958129878,True,True,True,True,False,False,False,False,False,False,False,invalid_terminal,known,1.0882973837927246,True,True,True,True,False,False,True,False,True,False,False,not_converged,known,0.08086206198486323,True,True,True,True,False,False,False,False,False,False,False,not_converged,known,0.16712524176391597,True,True,True,True,False,False,False,False,False,False,False,not_converged,known,0.11043264151367183
127,eval:127,Li2O8Mn3Rh,14,4,True,True,True,True,False,False,False,False,False,False,False,not_converged,known,0.4806387357345141,True,True,True,True,False,False,False,False,False,False,False,not_converged,known,0.169955485307268,True,True,True,True,False,False,False,False,False,False,False,invalid_terminal,known,8.326712840043596,True,True,True,True,False,False,True,False,True,False,False,not_converged,known,0.06445144935756097,True,True,True,True,False,False,False,False,False,False,False,invalid_terminal,known,1.7139942578902758,True,True,True,True,False,False,True,False,True,False,False,not_converged,known,0.0917527608504809,True,True,True,True,False,False,False,False,False,False,False,not_converged,known,0.7149021558394946,True,True,True,True,False,False,False,False,False,False,False,not_converged,known,0.30402635856776605
128,eval:128,B2Fe3La3,8,3,True,True,True,True,False,False,False,False,False,False,False,not_converged,known,0.2807016321105955,True,True,True,True,False,False,False,False,False,False,False,not_converged,known,0.16178321322631817,True,True,True,True,True,False,False,False,False,False,False,verified,known,0.1690359064025877,True,True,True,True,False,False,False,False,False,False,False,not_converged,known,0.1777324624938963,True,True,True,True,True,False,False,False,False,False,False,verified,known,0.28433703860473614,True,True,True,True,False,False,False,False,False,False,False,not_converged,known,0.16148519000244121,True,True,True,True,False,False,False,False,False,False,False,not_converged,known,0.28964805087280254,True,True,True,True,True,False,False,False,False,False,False,verified,known,0.11474894961547832
129,eval:129,Ga2As6Sb2,10,3,True,True,True,True,False,False,False,False,False,False,False,not_converged,known,3.266296052343261,True,True,True,True,False,False,False,False,False,False,False,not_converged,known,0.1509362691706535,True,True,True,True,False,False,False,False,False,False,False,invalid_terminal,known,0.3543635839289543,True,True,True,True,True,False,False,False,False,False,False,verified,known,0.16576399744213788,True,True,True,True,False,False,False,False,False,False,False,invalid_terminal,known,5.176530503637206,True,True,True,True,False,False,False,False,False,False,False,not_converged,known,0.18490614832104413,True,True,True,True,True,False,False,False,False,False,False,verified,known,0.1573125356501457,True,True,True,True,False,False,False,False,False,False,False,not_converged,known,0.15265717447460858
130,eval:130,K4Zn2As4,10,3,True,True,True,True,False,False,False,False,False,False,False,not_converged,known,8.603536690677245,True,True,True,True,True,False,True,False,True,False,True,verified,known,0.07588108917578129,True,True,True,True,False,False,False,False,False,False,False,invalid_terminal,known,1.4893570794711914,True,True,True,True,True,False,True,False,True,False,True,verified,known,0.043830479587158244,True,True,True,True,False,False,False,False,False,False,False,invalid_terminal,known,1.5691220416675415,True,True,True,True,True,False,True,False,True,False,True,verified,known,0.05223902603491215,True,True,True,True,True,False,False,False,False,False,False,verified,known,0.1007548226962891,True,True,True,True,True,False,True,False,True,False,True,verified,known,0.07526883026464848
131,eval:131,K4As12Eu4,20,3,True,True,True,True,False,False,False,False,False,False,False,not_converged,known,3.084582359243816,True,True,True,True,True,False,True,False,True,False,True,verified,known,0.04929974739689236,True,True,True,True,False,False,False,False,False,False,False,invalid_terminal,known,3.5404293841614187,True,True,True,True,True,False,True,False,True,False,True,verified,known,0.04663184349674587,True,True,True,True,False,False,False,False,False,False,False,invalid_terminal,known,0.28417161171574,True,True,True,True,False,False,True,False,True,False,False,not_converged,known,0.064259559561199,True,True,True,True,True,False,False,False,False,False,False,verified,known,0.10583451454777126,True,True,True,True,False,False,True,False,True,False,False,not_converged,known,0.07541659538883572
132,eval:132,O12Ga4Nb2,18,3,True,True,True,True,False,False,False,False,False,False,False,invalid_terminal,known,1.9093605474678599,True,True,True,True,False,False,True,False,True,False,False,not_converged,known,0.09088816206136574,True,True,True,True,False,False,False,False,False,False,False,invalid_terminal,known,1.4141837553230845,True,True,True,True,False,False,True,False,True,False,False,not_converged,known,0.08785213987508644,True,True,True,True,False,False,False,False,False,False,False,invalid_terminal,known,1.4940163091866099,True,True,True,True,False,False,False,False,False,False,False,not_converged,known,0.17053045789876808,True,True,True,True,False,False,False,False,False,False,False,invalid_raw,known,,True,True,True,True,False,False,False,False,False,False,False,not_converged,known,0.13544096510091652
133,eval:133,Co4Ge4Pd4,12,3,True,True,True,True,True,False,False,False,False,False,False,verified,known,0.3496393726246474,True,True,True,True,False,False,False,False,False,False,False,not_converged,known,0.17092128256727435,True,True,True,True,False,False,False,False,False,False,False,invalid_terminal,known,1.0152053401844618,True,True,True,True,False,False,False,False,False,False,False,not_converged,known,0.2707566783802626,True,True,True,True,False,False,False,False,False,False,False,not_converged,known,0.204893545903456,True,True,True,True,False,False,True,False,True,False,False,not_converged,known,0.0962681339161513,True,True,True,True,False,False,False,False,False,False,False,not_converged,known,0.15235038260389544,True,True,True,True,False,False,False,False,False,False,False,not_converged,known,0.2810377643482802
134,eval:134,F6Rb3Nd,10,3,True,True,True,True,True,False,False,False,False,False,False,verified,known,0.11352697995849592,True,False,True,False,True,False,True,False,False,False,False,verified,known,0.06516138700195295,True,True,True,True,True,False,True,False,True,False,True,verified,known,0.039939085518798656,True,False,True,False,True,False,True,False,False,False,False,verified,known,0.06518618253417952,True,True,True,True,True,False,True,False,True,False,True,verified,known,0.0200483003015135,True,False,True,False,True,False,True,False,False,False,False,verified,known,0.06494633344360334,True,True,True,True,False,False,False,False,False,False,False,invalid_terminal,known,3.333319345986328,True,False,True,False,True,False,True,False,False,False,False,verified,known,0.06496397641845686
135,eval:135,As8Cd2Tl4,14,3,True,True,True,True,False,False,False,False,False,False,False,not_converged,known,2.565576420590326,True,True,True,True,True,False,True,False,True,False,True,verified,known,0.04382072524730862,True,True,True,True,False,False,False,False,False,False,False,not_converged,known,6.098330603405878,True,True,True,True,True,False,True,False,True,False,True,verified,known,0.012915478512689482,True,True,True,True,True,False,True,False,True,False,True,verified,known,0.03500996665661038,True,True,True,True,True,False,True,False,True,False,True,verified,known,0.005259381100580107,True,True,True,True,True,False,True,False,True,False,True,verified,known,0.03739963607494534,True,True,True,True,True,False,True,False,True,False,True,verified,known,0.003447399899408232
136,eval:136,Cu3In3Pr3,9,3,True,True,True,True,False,False,False,False,False,False,False,invalid_terminal,known,5.03181233065701,True,False,True,False,True,True,True,False,False,False,False,verified,known,-0.01808438641452348,True,True,True,True,False,False,False,False,False,False,False,invalid_terminal,known,5.267685553008084,True,False,False,False,False,True,True,False,False,False,False,not_converged,known,-0.017248967713351604,False,False,False,False,False,False,False,False,False,False,False,generation_failure,input_not_reconstructed,,False,False,False,False,False,False,False,False,False,False,False,generation_failure,input_not_reconstructed,,True,True,True,True,False,False,False,False,False,False,False,not_converged,known,5.320234438353543,True,False,False,False,False,True,True,False,False,False,False,not_converged,known,-0.017190793580050823
137,eval:137,B2Co2Eu2,6,3,True,True,True,True,False,False,False,False,False,False,False,not_converged,known,0.1886819911336275,True,True,True,True,False,True,True,True,True,False,False,not_converged,known,-0.0955730366373686,True,True,True,True,False,False,False,False,False,False,False,not_converged,known,0.8940624308919283,True,True,True,True,True,True,True,True,True,True,True,verified,known,-0.09559592482096235,True,True,True,True,False,False,False,False,False,False,False,not_converged,known,0.8940629077290865,True,True,True,True,True,True,True,True,True,True,True,verified,known,-0.09532984968668501,True,True,True,True,False,False,True,False,True,False,False,not_converged,known,0.07284203294270952,True,True,True,True,False,True,True,True,True,False,False,not_converged,known,-0.09527072187906782
138,eval:138,F2I2Ba2,6,3,True,True,True,True,True,False,False,False,False,False,False,verified,known,0.6545581551468906,True,False,True,False,True,True,True,False,False,False,False,verified,known,-0.027695205601400374,True,True,True,True,True,False,False,False,False,False,False,verified,known,0.19916388711100197,True,False,True,False,True,True,True,False,False,False,False,verified,known,-0.026637580784505843,True,True,True,True,True,False,False,False,False,False,False,verified,known,0.2529368134415684,True,False,True,False,True,True,True,False,False,False,False,verified,known,-0.026549842747396468,True,True,True,True,True,True,True,True,True,True,True,verified,known,-0.024231937321371078,True,False,True,False,True,True,True,False,False,False,False,verified,known,-0.027607944401449203
139,eval:139,ScZn2Sn,4,3,True,True,True,True,False,False,True,False,True,False,False,not_converged,known,0.09355125434613587,True,True,True,True,True,False,False,False,False,False,False,verified,known,0.11398181922650696,True,True,True,True,False,False,True,False,True,False,False,not_converged,known,0.05512223251080872,True,True,True,True,True,False,False,False,False,False,False,verified,known,0.11398205764508607,True,True,True,True,True,False,True,False,True,False,True,verified,known,0.05150995261884095,True,True,True,True,True,False,False,False,False,False,False,verified,known,0.11398372657513978,True,True,True,True,False,False,True,False,True,False,False,not_converged,known,0.03818593032575013,True,True,True,True,True,False,False,False,False,False,False,verified,known,0.11399803168988587
140,eval:140,O10Cu2Sr4Cs2,18,4,True,True,True,True,True,False,False,False,False,False,False,verified,known,0.3475079085557722,True,True,True,True,False,False,False,False,False,False,False,not_converged,known,0.2128963019578718,True,True,True,True,False,False,False,False,False,False,False,invalid_terminal,known,1.246172859880235,True,True,True,True,False,False,False,False,False,False,False,not_converged,known,0.2338189627855085,True,True,True,True,False,False,False,False,False,False,False,invalid_terminal,known,2.279899075242784,True,True,True,True,True,False,False,False,False,False,False,verified,known,0.28442330619981515,True,True,True,True,False,False,False,False,False,False,False,invalid_terminal,known,2.515748694154527,True,True,True,True,False,False,False,False,False,False,False,not_converged,known,0.15518136284044015
141,eval:141,AgIn2Ce,4,3,True,True,True,True,False,False,True,False,True,False,False,not_converged,known,0.042669387164306904,True,True,True,True,False,False,True,False,True,False,False,not_converged,known,0.07582959682006862,True,True,True,True,False,False,True,False,True,False,False,not_converged,known,0.042669387164306904,True,True,True,True,False,False,True,False,True,False,False,not_converged,known,0.07583007365722683,True,True,True,True,True,False,True,False,True,False,True,verified,known,0.037548632922363545,True,True,True,True,False,False,True,False,True,False,False,not_converged,known,0.07582983523864772,True,True,True,True,False,False,False,False,False,False,False,not_converged,known,10.025946231188964,True,True,True,True,False,False,True,False,True,False,False,not_converged,known,0.02301225215454128
142,eval:142,Li4N8As4,16,3,True,True,True,True,False,False,False,False,False,False,False,invalid_terminal,known,5.830373402324625,True,True,True,True,False,False,False,False,False,False,False,not_converged,known,0.2062011916312656,True,True,True,True,False,False,False,False,False,False,False,invalid_terminal,known,0.5819522101554355,True,True,True,True,False,False,False,False,False,False,False,not_converged,known,0.18542635032267185,True,True,True,True,False,False,False,False,False,False,False,invalid_terminal,known,6.587833519664713,True,True,True,True,False,False,True,False,True,False,False,not_converged,known,0.05462944099039646,True,True,True,True,False,False,False,False,False,False,False,not_converged,known,1.1429916579398594,True,True,True,True,False,False,True,False,True,False,False,not_converged,known,0.04904949256510349
143,eval:143,Na4Au4,8,2,True,True,True,True,False,False,False,False,False,False,False,not_converged,known,3.9975052550917565,True,True,True,True,True,False,True,False,True,False,True,verified,known,0.03027207409200061,True,True,True,True,True,False,False,False,False,False,False,verified,known,0.1312523559218346,True,True,True,True,False,False,True,False,True,False,False,not_converged,known,0.005310125697225221,True,True,True,True,False,False,False,False,False,False,False,not_converged,known,10.33820516620931,True,True,True,True,False,False,True,False,True,False,False,not_converged,known,0.014684505808919557,True,True,True,True,False,False,True,False,True,False,False,not_converged,known,0.08748752628621448,True,True,True,True,False,False,True,False,True,False,False,not_converged,known,0.06897670780476917
144,eval:144,YIn2Eu,4,3,True,True,True,True,True,False,False,False,False,False,False,verified,known,0.11508408210937482,True,True,True,True,False,False,True,False,True,False,False,not_converged,known,0.0030445160693357565,True,True,True,True,True,False,False,False,False,False,False,verified,known,0.11508455894653302,True,True,True,True,False,False,True,False,True,False,False,not_converged,known,0.003023535234374819,True,True,True,True,True,False,False,False,False,False,False,verified,known,0.11508455894653302,True,True,True,True,False,False,True,False,True,False,False,not_converged,known,0.0030449929064939596,True,True,True,True,True,True,True,True,True,True,True,verified,known,-0.02729710914428729,True,True,True,True,True,False,True,False,True,False,True,verified,known,0.002928644639892397
145,eval:145,F6K2AgTl,10,4,True,True,True,True,False,False,False,False,False,False,False,invalid_terminal,known,1.8660731989776203,True,False,True,False,True,False,True,False,False,False,False,verified,known,0.015708037081868298,True,True,True,True,False,False,False,False,False,False,False,invalid_terminal,known,2.953064032260091,True,False,True,False,False,False,True,False,False,False,False,not_converged,known,0.01644665783992494,True,True,True,True,False,False,False,False,False,False,False,not_converged,known,0.1466141421233722,True,False,True,False,False,False,True,False,False,False,False,not_converged,known,0.01640278882137025,True,True,True,True,False,False,False,False,False,False,False,not_converged,known,0.13454777783504213,True,False,True,False,False,False,True,False,False,False,False,not_converged,known,0.016470499697835095
146,eval:146,Zn10Pt6,16,2,True,True,True,True,False,False,True,False,True,False,False,invalid_terminal,known,0.08605723105212393,True,True,True,True,False,False,True,False,True,False,False,not_converged,known,0.05869106970568838,True,True,True,True,False,False,True,False,True,False,False,not_converged,known,0.05017475806018057,True,True,True,True,False,False,True,False,True,False,False,not_converged,known,0.018194481952392483,True,True,True,True,False,False,True,False,True,False,False,not_converged,known,0.03221683226367178,True,True,True,True,False,False,True,False,True,False,False,not_converged,known,0.029220387561523342,True,True,True,True,False,False,False,False,False,False,False,invalid_terminal,known,0.7292664500310058,True,True,True,True,False,False,True,False,True,False,False,not_converged,known,0.018958851916992092
147,eval:147,TiCoTm2,4,3,True,True,True,True,False,False,True,False,True,False,False,not_converged,known,0.08487070569987054,True,True,True,True,False,False,False,False,False,False,False,not_converged,known,0.14446819791788812,True,True,True,True,False,False,True,False,True,False,False,not_converged,known,0.08487070569987054,True,True,True,True,False,False,False,False,False,False,False,not_converged,known,0.14447391996378656,True,True,True,True,False,False,True,False,True,False,False,not_converged,known,0.08487165937418695,True,True,True,True,False,False,False,False,False,False,False,not_converged,known,0.3038243151664233,True,True,True,True,False,False,True,False,True,False,False,not_converged,known,0.0746559000968432,True,True,True,True,False,False,False,False,False,False,False,not_converged,known,0.14443911085123773
148,eval:148,Li2SnEr,4,3,True,True,True,True,True,False,True,False,True,False,True,verified,known,0.0018747351023353787,True,True,True,True,False,False,True,False,True,False,False,not_converged,known,0.00012521956888811303,True,True,True,True,False,False,True,False,True,False,False,not_converged,known,0.003913690790811941,True,True,True,True,False,True,True,True,True,False,False,not_converged,known,-7.624413045270728e-05,True,True,True,True,False,False,True,False,True,False,False,not_converged,known,0.0039129755350746365,True,True,True,True,False,False,True,False,True,False,False,not_converged,known,6.299231974260522e-05,True,True,True,True,False,False,True,False,True,False,False,not_converged,known,0.06164555762735979,True,True,True,True,False,False,True,False,True,False,False,not_converged,known,0.0001323721262611599
149,eval:149,O5F8Cu2Sr2Os,18,5,True,True,True,True,False,False,False,False,False,False,False,invalid_terminal,known,3.448563331433581,True,True,True,True,True,False,False,False,False,False,False,verified,known,0.25613021261339064,True,True,True,True,False,False,False,False,False,False,False,invalid_terminal,known,1.666383737393664,True,True,True,True,False,False,False,False,False,False,False,not_converged,known,0.29575681097154494,True,True,True,True,False,False,False,False,False,False,False,invalid_terminal,known,1.3694372118199336,True,True,True,True,False,False,False,False,False,False,False,not_converged,known,0.2159919679844844,True,True,True,True,False,False,False,False,False,False,False,invalid_raw,known,,True,True,True,True,False,False,False,False,False,False,False,not_converged,known,0.27538728124742384
150,eval:150,In3Yb,4,2,True,True,True,True,True,False,False,False,False,False,False,verified,official_cache_unresolved,,True,False,True,False,False,False,False,False,False,False,False,not_converged,official_cache_unresolved,,True,True,True,True,True,False,False,False,False,False,False,verified,official_cache_unresolved,,True,False,True,False,False,False,False,False,False,False,False,not_converged,official_cache_unresolved,,True,True,True,True,True,False,False,False,False,False,False,verified,official_cache_unresolved,,True,False,True,False,False,False,False,False,False,False,False,not_converged,official_cache_unresolved,,True,True,True,True,False,False,False,False,False,False,False,invalid_raw,official_cache_unresolved,,True,False,True,False,False,False,False,False,False,False,False,not_converged,official_cache_unresolved,
151,eval:151,Si2Co2Ce,5,3,True,True,True,True,False,False,False,False,False,False,False,not_converged,known,0.19040620706030165,True,False,True,False,False,True,True,False,False,False,False,not_converged,known,-0.011258240724122182,True,True,True,True,False,False,False,False,False,False,False,not_converged,known,0.15937030694433485,True,False,True,False,False,True,True,False,False,False,False,not_converged,known,-0.011312600160157338,True,True,True,True,False,False,False,False,False,False,False,not_converged,known,0.16814792535253797,True,False,True,False,False,True,True,False,False,False,False,not_converged,known,-0.011312600160157338,True,True,True,True,False,False,False,False,False,False,False,not_converged,known,0.1487287320847157,True,False,True,False,False,True,True,False,False,False,False,not_converged,known,-0.011372681642090932
152,eval:152,V2FeRu,4,3,True,True,True,True,False,False,True,False,True,False,False,not_converged,known,0.025787696360676904,True,True,True,True,False,True,True,True,True,False,False,not_converged,known,-0.00517906236735044,True,True,True,True,False,False,True,False,True,False,False,not_converged,known,0.025205001353352685,True,True,True,True,False,True,True,True,True,False,False,not_converged,known,-0.005136147023112159,True,True,True,True,False,False,True,False,True,False,False,not_converged,known,0.02520404767903628,True,True,True,True,False,True,True,True,True,False,False,not_converged,known,-0.005136147023112159,True,True,True,True,False,False,True,False,True,False,False,not_converged,known,0.010366782664387841,True,True,True,True,False,True,True,True,True,False,False,not_converged,known,-0.005467072010905127
153,eval:153,LiYAu2,4,3,True,True,True,True,False,True,True,True,True,False,False,not_converged,known,-0.02169236074869829,True,False,True,False,False,True,True,False,False,False,False,not_converged,known,-0.008615101684977589,True,True,True,True,False,True,True,True,True,False,False,not_converged,known,-0.02169236074869829,True,False,True,False,False,True,True,False,False,False,False,not_converged,known,-0.008616055359293995,True,True,True,True,False,True,True,True,True,False,False,not_converged,known,-0.021692837585856495,True,False,True,False,False,True,True,False,False,False,False,not_converged,known,-0.008616055359293995,True,True,True,True,True,True,True,True,True,True,True,verified,known,-0.006006325592448292,True,False,True,False,True,True,True,False,False,False,False,verified,known,-0.00896462332194048
154,eval:154,Sc6Lu2,8,2,True,True,True,True,False,False,False,False,False,False,False,invalid_terminal,known,0.6672901118261718,True,True,True,True,True,False,True,False,True,False,True,verified,known,0.04338874463867182,True,True,True,True,False,False,False,False,False,False,False,invalid_terminal,known,0.5856241190893554,True,True,True,True,False,False,True,False,True,False,False,not_converged,known,0.04495944623779291,True,True,True,True,False,False,False,False,False,False,False,invalid_terminal,known,0.5189484560949706,True,True,True,True,True,False,True,False,True,False,True,verified,known,0.043365379617919864,True,True,True,True,True,False,True,False,True,False,True,verified,known,0.04675712232421869,True,True,True,True,True,False,True,False,True,False,True,verified,known,0.043357750223388614
155,eval:155,ScPtAu2,4,3,True,True,True,True,True,False,False,False,False,False,False,verified,known,0.1034289862357598,True,True,True,True,True,False,True,False,True,False,True,verified,known,0.03200593249430472,True,True,True,True,True,False,False,False,False,False,False,verified,known,0.10343518511881644,True,True,True,True,True,False,True,False,True,False,True,verified,known,0.03200545565714652,True,True,True,True,False,False,True,False,True,False,False,not_converged,known,0.0582472349845391,True,True,True,True,False,True,True,True,True,False,False,not_converged,known,-0.005896422699787074,True,True,True,True,True,True,True,True,True,True,True,verified,known,-0.004396769837238246,True,True,True,True,False,False,True,False,True,False,False,not_converged,known,0.06275239245524222
156,eval:156,NiGd3,4,2,True,True,True,True,False,True,True,True,True,False,False,invalid_terminal,known,-0.7990632381030274,True,True,True,True,False,False,False,False,False,False,False,not_converged,known,0.23570486645019528,True,True,True,True,False,True,True,True,True,False,False,invalid_terminal,known,-0.7450042094775391,True,True,True,True,True,False,False,False,False,False,False,verified,known,0.2164520893505859,True,True,True,True,False,True,True,True,True,False,False,invalid_terminal,known,-0.7472024287768555,True,True,True,True,False,False,False,False,False,False,False,not_converged,known,0.23570486645019528,True,True,True,True,False,False,False,False,False,False,False,not_converged,known,6.20523115734375,True,True,True,True,True,False,False,False,False,False,False,verified,known,0.21644064525878903
157,eval:157,MgScTc2,4,3,True,True,True,True,False,False,False,False,False,False,False,not_converged,known,0.3382310137216713,True,True,True,True,False,False,False,False,False,False,False,not_converged,known,0.2575902208749916,True,True,True,True,False,False,False,False,False,False,False,not_converged,known,0.2809504732553627,True,True,True,True,False,False,False,False,False,False,False,not_converged,known,0.2576045259897377,True,True,True,True,False,False,False,False,False,False,False,not_converged,known,0.28158371300145646,True,True,True,True,False,False,False,False,False,False,False,not_converged,known,0.2575902208749916,True,True,True,True,False,False,False,False,False,False,False,not_converged,known,0.17360012382909318,True,True,True,True,False,False,False,False,False,False,False,not_converged,known,0.2576636537973549
158,eval:158,N2Br2,4,2,True,True,True,True,True,True,True,True,True,True,True,verified,known,-0.12724239713623042,True,True,True,True,True,False,False,False,False,False,False,verified,known,0.11455838792846684,True,True,True,True,True,True,True,True,True,True,True,verified,known,-0.14808971769287105,True,True,True,True,True,False,False,False,False,False,False,verified,known,1.6834818612866211,True,True,True,True,True,True,True,True,True,True,True,verified,known,-0.13433773405029292,True,True,True,True,False,False,False,False,False,False,False,not_converged,known,0.11321942918823247,True,True,True,True,True,False,False,False,False,False,False,verified,known,1.6024889241986084,True,True,True,True,True,False,False,False,False,False,False,verified,known,1.6870462190441895
159,eval:159,MgGa2Er,4,3,True,True,True,True,False,True,True,True,True,False,False,not_converged,known,-0.013598662628197644,True,True,True,True,False,True,True,True,True,False,False,not_converged,known,-0.013631087554955457,True,True,True,True,False,True,True,True,True,False,False,not_converged,known,-0.013599139465355847,True,True,True,True,False,False,True,False,True,False,False,not_converged,known,0.012763518081641223,True,True,True,True,True,True,True,True,True,True,True,verified,known,-0.013942700637841199,True,True,True,True,False,True,True,True,True,False,False,not_converged,known,-0.013631802810692761,True,True,True,True,False,False,False,False,False,False,False,not_converged,known,0.10501648782346251,True,True,True,True,False,False,True,False,True,False,False,not_converged,known,0.011412161575293567
160,eval:160,Ga3Tm,4,2,True,True,True,True,False,False,True,False,True,False,False,not_converged,known,0.03514091113403328,True,False,True,False,False,False,True,False,False,False,False,not_converged,known,0.0025948677380371876,True,True,True,True,False,False,True,False,True,False,False,not_converged,known,0.03493777850463875,True,False,True,False,False,False,True,False,False,False,False,not_converged,known,0.0023414287884522267,True,True,True,True,False,False,True,False,True,False,False,not_converged,known,0.034477630646972734,True,False,True,False,False,False,True,False,False,False,False,not_converged,known,0.0023409519512940236,True,True,True,True,True,False,True,False,True,False,True,verified,known,0.0022691879589844532,True,False,True,False,True,False,True,False,False,False,False,verified,known,0.0019275341351319142
161,eval:161,AgYbHg2,4,3,True,True,True,True,False,False,False,False,False,False,False,not_converged,official_cache_unresolved,,True,True,True,True,True,False,False,False,False,False,False,verified,official_cache_unresolved,,True,True,True,True,False,False,False,False,False,False,False,not_converged,official_cache_unresolved,,True,True,True,True,True,False,False,False,False,False,False,verified,official_cache_unresolved,,True,True,True,True,False,False,False,False,False,False,False,not_converged,official_cache_unresolved,,True,True,True,True,True,False,False,False,False,False,False,verified,official_cache_unresolved,,True,True,True,True,True,False,False,False,False,False,False,verified,official_cache_unresolved,,True,True,True,True,True,False,False,False,False,False,False,verified,official_cache_unresolved,
162,eval:162,Cu2Ge10Tb6,18,3,True,True,True,True,False,False,False,False,False,False,False,invalid_terminal,known,0.882166331757654,True,True,True,True,False,False,True,False,True,False,False,not_converged,known,0.07446760510360129,True,True,True,True,False,False,False,False,False,False,False,invalid_terminal,known,0.5188364443675173,True,True,True,True,False,False,True,False,True,False,False,not_converged,known,0.06576771115218527,True,True,True,True,False,False,False,False,False,False,False,invalid_terminal,known,1.7254409251109255,True,True,True,True,False,False,True,False,True,False,False,not_converged,known,0.0708374438182009,True,True,True,True,False,False,False,False,False,False,False,not_converged,known,0.23847336148177511,True,True,True,True,True,False,False,False,False,False,False,verified,known,0.2625150141612185
163,eval:163,Cu3In3Yb3,9,3,True,True,True,True,True,False,False,False,False,False,False,verified,official_cache_unresolved,,True,True,True,True,False,False,False,False,False,False,False,not_converged,official_cache_unresolved,,True,True,True,True,True,False,False,False,False,False,False,verified,official_cache_unresolved,,True,True,True,True,True,False,False,False,False,False,False,verified,official_cache_unresolved,,True,True,True,True,True,False,False,False,False,False,False,verified,official_cache_unresolved,,True,True,True,True,False,False,False,False,False,False,False,not_converged,official_cache_unresolved,,True,True,True,True,False,False,False,False,False,False,False,invalid_terminal,official_cache_unresolved,,True,True,True,True,False,False,False,False,False,False,False,not_converged,official_cache_unresolved,
164,eval:164,K2Ag6Sn2,10,3,True,True,True,True,False,False,False,False,False,False,False,not_converged,known,3.8632014019685057,True,True,True,True,True,True,True,True,True,True,True,verified,known,-0.008649803857299965,True,True,True,True,True,False,True,False,True,False,True,verified,known,0.054446719427612145,True,True,True,True,True,False,True,False,True,False,True,verified,known,0.023397706289794762,True,True,True,True,True,False,True,False,True,False,True,verified,known,0.0744436009125975,True,True,True,True,False,False,True,False,True,False,False,not_converged,known,0.0129969341950682,True,True,True,True,True,False,True,False,True,False,True,verified,known,0.05059029891064437,True,True,True,True,True,False,True,False,True,False,True,verified,known,0.02446534468701156
165,eval:165,Sr4In2Th2,8,3,True,True,True,True,False,False,False,False,False,False,False,not_converged,known,0.5038297895260437,True,True,True,True,True,False,False,False,False,False,False,verified,known,0.301280570394574,True,True,True,True,False,False,False,False,False,False,False,not_converged,known,0.8373010877438172,True,True,True,True,True,False,False,False,False,False,False,verified,known,0.2313183072872742,True,True,True,True,False,False,False,False,False,False,False,not_converged,known,0.8757000688381775,True,True,True,True,True,False,False,False,False,False,False,verified,known,0.23105127847868046,True,True,True,True,False,False,False,False,False,False,False,not_converged,known,0.6425297979183777,True,True,True,True,True,False,False,False,False,False,False,verified,known,0.21731312311369022
166,eval:166,S4Sc2W,7,3,True,True,True,True,False,False,False,False,False,False,False,invalid_terminal,known,1.614892353213409,True,True,True,True,True,False,False,False,False,False,False,verified,known,0.32285009781179763,True,True,True,True,False,False,False,False,False,False,False,not_converged,known,11.905497421420197,True,True,True,True,True,False,False,False,False,False,False,verified,known,0.3644684449797664,True,True,True,True,False,False,False,False,False,False,False,not_converged,known,11.909648765719513,True,True,True,True,False,False,False,False,False,False,False,not_converged,known,0.4171460763579402,True,True,True,True,False,False,False,False,False,False,False,not_converged,known,0.34952389160452224,True,True,True,True,False,False,False,False,False,False,False,not_converged,known,0.20361792007742263
167,eval:167,CdErHg2,4,3,True,True,True,True,False,False,True,False,True,False,False,not_converged,known,0.017966430106201248,True,True,True,True,True,False,True,False,True,False,True,verified,known,0.006717245497741775,True,True,True,True,False,False,True,False,True,False,False,not_converged,known,0.017966072478332595,True,True,True,True,True,False,True,False,True,False,True,verified,known,0.00668899289611824,True,True,True,True,False,False,True,False,True,False,False,not_converged,known,0.017966310896911697,True,True,True,True,True,False,True,False,True,False,True,verified,known,0.006688873686828689,True,True,True,True,False,False,False,False,False,False,False,not_converged,known,9.461285273947754,True,True,True,True,True,False,True,False,True,False,True,verified,known,0.0066739725256348414
168,eval:168,AlGaSm2,4,3,True,True,True,True,True,False,True,False,True,False,True,verified,known,0.033180529404297054,True,True,True,True,True,False,True,False,True,False,True,verified,known,0.03277378730834979,True,True,True,True,True,False,True,False,True,False,True,verified,known,0.03318005256713885,True,True,True,True,True,False,True,False,True,False,True,verified,known,0.03276377372802752,True,True,True,True,False,False,True,False,True,False,False,not_converged,known,0.03521376304687518,True,True,True,True,True,False,True,False,True,False,True,verified,known,0.0327752178198244,True,True,True,True,False,False,True,False,True,False,False,not_converged,known,0.030814463425293148,True,True,True,True,False,True,True,True,True,False,False,not_converged,known,-0.005695527266845524
169,eval:169,P4Co2Br10Hg2,18,4,True,True,True,True,False,False,False,False,False,False,False,invalid_terminal,known,8.761337117464734,True,True,True,True,False,False,False,False,False,False,False,not_converged,known,0.14723022392530538,True,True,True,True,False,False,False,False,False,False,False,invalid_terminal,known,2.9728599350764284,True,True,True,True,True,False,False,False,False,False,False,verified,known,0.14384229591627218,True,True,True,True,False,False,False,False,False,False,False,invalid_terminal,known,1.687817887575818,True,True,True,True,True,False,False,False,False,False,False,verified,known,0.1464536946131716,True,True,True,True,False,False,False,False,False,False,False,invalid_raw,known,,True,True,True,True,True,False,False,False,False,False,False,verified,known,0.19721301010389425
170,eval:170,AlMnRu2,4,3,True,True,True,True,False,False,False,False,False,False,False,not_converged,known,0.187929048107911,True,False,True,False,True,False,True,False,False,False,False,verified,known,0.020923509167481313,True,True,True,True,False,False,False,False,False,False,False,not_converged,known,0.18793477015380944,True,False,True,False,True,False,True,False,False,False,False,verified,known,0.020923509167481313,True,True,True,True,False,False,False,False,False,False,False,not_converged,known,0.18795193629150475,True,False,True,False,True,False,True,False,False,False,False,verified,known,0.02092446284179772,True,True,True,True,False,False,True,False,True,False,False,not_converged,known,0.0908373733032235,True,False,True,False,True,False,True,False,False,False,False,verified,known,0.0209216018188485
171,eval:171,F3RbAu,5,3,True,True,True,True,True,False,False,False,False,False,False,verified,known,0.1485110869907622,True,True,True,True,False,False,False,False,False,False,False,not_converged,known,0.13229242472879932,True,True,True,True,False,False,False,False,False,False,False,invalid_terminal,known,0.646444713165689,True,True,True,True,False,False,False,False,False,False,False,not_converged,known,0.132383262207437,True,True,True,True,True,False,False,False,False,False,False,verified,known,0.148510610153604,True,True,True,True,False,False,False,False,False,False,False,not_converged,known,0.1323825469516997,True,True,True,True,False,False,False,False,False,False,False,not_converged,known,0.14291325717203662,True,True,True,True,False,False,False,False,False,False,False,not_converged,known,0.1324423900150542
172,eval:172,O6FeBa2Os,10,4,True,True,True,True,False,False,False,False,False,False,False,invalid_terminal,known,1.9163315873850095,True,True,True,True,False,True,True,True,True,False,False,not_converged,known,-0.02754181807153344,True,True,True,True,False,False,False,False,False,False,False,invalid_terminal,known,3.1578567605722654,True,True,True,True,False,True,True,True,True,False,False,not_converged,known,-0.02765625898950219,True,True,True,True,False,False,False,False,False,False,False,not_converged,known,3.407140074323486,True,True,True,True,False,True,True,True,True,False,False,not_converged,known,-0.02695721571557641,True,True,True,True,False,False,True,False,True,False,False,not_converged,known,0.08928423936254859,True,True,True,True,False,True,True,True,True,False,False,not_converged,known,-0.027646245409179926
173,eval:173,LiYAu2,4,3,True,True,False,False,False,True,True,False,False,False,False,not_converged,known,-0.023679341186930714,True,False,False,False,False,True,True,False,False,False,False,not_converged,known,-0.00869759451334673,True,True,False,False,False,True,True,False,False,False,False,not_converged,known,-0.02368029486124712,True,False,False,False,False,True,True,False,False,False,False,not_converged,known,-0.008737648834635792,True,True,False,False,False,True,True,False,False,False,False,not_converged,known,-0.023679818024088917,True,False,False,False,False,True,True,False,False,False,False,not_converged,known,-0.008697117676188526,True,True,True,True,False,False,True,False,True,False,False,invalid_terminal,known,0.029822264800618115,True,False,False,False,False,True,True,False,False,False,False,not_converged,known,-0.00874956976359087
174,eval:174,Cl6K2AgSb,10,4,True,True,True,True,False,False,False,False,False,False,False,not_converged,known,2.5697268424063706,True,False,True,False,False,False,True,False,False,False,False,not_converged,known,0.0019375262290024509,True,True,True,True,True,False,True,False,True,False,True,verified,known,0.043895381453611826,True,False,True,False,True,False,True,False,False,False,False,verified,known,0.0021509108572983493,True,True,True,True,True,False,False,False,False,False,False,verified,known,0.1252361712485337,True,False,True,False,True,False,True,False,False,False,False,verified,known,0.0022221980124497165,True,True,True,True,False,False,False,False,False,False,False,invalid_terminal,known,0.6157652316123032,True,True,True,True,True,False,True,False,True,False,True,verified,known,0.0302194533377671
175,eval:175,Sb2,2,1,True,True,True,True,False,False,False,False,False,False,False,not_converged,known,6.912745575174561,True,False,True,False,True,False,True,False,False,False,False,verified,known,0.06082687781738283,True,True,True,True,True,False,True,False,True,False,True,verified,known,0.053698639139404314,True,False,True,False,True,False,True,False,False,False,False,verified,known,0.06082687781738283,True,True,True,True,True,False,True,False,True,False,True,verified,known,0.053698639139404314,True,False,True,False,True,False,True,False,False,False,False,verified,known,0.06082735465454103,True,True,True,True,True,False,True,False,True,False,True,verified,known,0.06955347464965822,True,False,True,False,False,False,True,False,False,False,False,not_converged,known,0.06700621055053713
176,eval:176,F12Na4Fe4,20,3,True,True,True,True,False,False,False,False,False,False,False,invalid_terminal,known,1.2047456246533201,True,True,True,True,False,False,True,False,True,False,False,not_converged,known,0.02917895137451154,True,True,True,True,False,False,False,False,False,False,False,invalid_terminal,known,0.3117369156994627,True,True,True,True,False,False,True,False,True,False,False,not_converged,known,0.029084537617187323,True,True,True,True,False,False,False,False,False,False,False,invalid_terminal,known,0.22925123988769514,True,True,True,True,False,False,True,False,True,False,False,not_converged,known,0.03041157542846662,True,True,True,True,False,False,False,False,False,False,False,invalid_raw,known,,True,True,True,True,False,False,True,False,True,False,False,not_converged,known,0.06650004207275373
177,eval:177,Cu2Ga4Sm4,10,3,True,True,True,True,False,False,False,False,False,False,False,invalid_terminal,known,5.991702738857991,True,True,True,True,False,False,True,False,True,False,False,not_converged,known,0.06686038122249283,True,True,True,True,False,False,False,False,False,False,False,invalid_terminal,known,0.6328284178741042,True,True,True,True,True,False,True,False,True,False,True,verified,known,0.05191058263850845,True,True,True,True,False,False,False,False,False,False,False,not_converged,known,0.2894174490935866,True,True,True,True,True,False,True,False,True,False,True,verified,known,0.06046790227962173,True,True,True,True,False,False,False,False,False,False,False,not_converged,known,6.176760855770833,True,True,True,True,False,False,True,False,True,False,False,not_converged,known,0.05276602850032486
178,eval:178,Pr12Pt4,16,2,True,True,True,True,False,False,False,False,False,False,False,invalid_terminal,known,1.266771259979656,True,True,True,True,True,False,True,False,True,False,True,verified,known,0.015256348328044567,True,True,True,True,False,False,False,False,False,False,False,invalid_terminal,known,3.991324845032146,True,True,True,True,False,False,True,False,True,False,False,not_converged,known,0.01522630758707777,True,True,True,True,False,False,False,False,False,False,False,invalid_terminal,known,1.154495182709148,True,True,True,True,True,False,True,False,True,False,True,verified,known,0.06663888998453871,True,True,True,True,False,False,False,False,False,False,False,invalid_raw,known,,True,True,True,True,True,False,True,False,True,False,True,verified,known,0.014766636566569957
179,eval:179,Mg4Nd2,6,2,True,True,True,True,True,False,False,False,False,False,False,verified,known,0.33352703023437513,True,False,True,False,False,True,True,False,False,False,False,not_converged,known,-0.003943024392089711,True,True,True,True,False,False,False,False,False,False,False,invalid_terminal,known,3.710233868842163,True,False,True,False,False,True,True,False,False,False,False,not_converged,known,-0.003984747643432485,True,True,True,True,False,False,False,False,False,False,False,invalid_terminal,known,2.2734417336035158,True,False,True,False,False,True,True,False,False,False,False,not_converged,known,-0.003996430153808461,True,True,True,True,False,False,False,False,False,False,False,invalid_raw,known,,True,True,True,True,False,False,True,False,True,False,False,not_converged,known,0.05539840627197279
180,eval:180,Na2K2As2,6,3,True,True,True,True,False,False,True,False,True,False,False,not_converged,known,0.046732594081048795,True,True,True,True,False,False,False,False,False,False,False,not_converged,known,0.17247765214074118,True,True,True,True,True,False,False,False,False,False,False,verified,known,0.13017957360375387,True,True,True,True,True,False,False,False,False,False,False,verified,known,0.1364413991652773,True,True,True,True,True,False,False,False,False,False,False,verified,known,0.19360463769066794,True,True,True,True,True,False,False,False,False,False,False,verified,known,0.13653700501549704,True,True,True,True,False,False,False,False,False,False,False,not_converged,known,5.284455467768793,True,True,True,True,True,False,False,False,False,False,False,verified,known,0.15655629784691794
181,eval:181,O8K4Nd4,16,3,True,True,True,True,True,False,False,False,False,False,False,verified,known,0.287524746577148,True,True,True,True,False,False,False,False,False,False,False,not_converged,known,0.19027762285888628,True,True,True,True,False,False,False,False,False,False,False,invalid_terminal,known,4.100216911951904,True,True,True,True,True,False,False,False,False,False,False,verified,known,0.14007620684326128,True,True,True,True,False,False,False,False,False,False,False,invalid_terminal,known,4.11110334269226,True,True,True,True,False,False,False,False,False,False,False,not_converged,known,0.1897173391979976,True,True,True,True,False,False,False,False,False,False,False,not_converged,known,0.282547997156982,True,True,True,True,True,False,False,False,False,False,False,verified,known,0.3894658552807613
182,eval:182,O12Ca4Ru4,20,3,True,True,True,True,False,False,False,False,False,False,False,not_converged,known,0.2835646623764685,True,True,True,True,False,False,True,False,True,False,False,not_converged,known,0.023035144249027084,True,True,True,True,False,False,False,False,False,False,False,invalid_terminal,known,4.883648967186039,True,True,True,True,False,False,True,False,True,False,False,not_converged,known,0.022917365470950912,True,True,True,True,False,False,False,False,False,False,False,invalid_terminal,known,5.104469870964115,True,True,True,True,False,False,True,False,True,False,False,not_converged,known,0.022871589103763412,True,True,True,True,False,False,False,False,False,False,False,not_converged,known,0.23033533040625365,True,True,True,True,False,False,True,False,True,False,False,not_converged,known,0.023082827964847397
183,eval:183,Pr6Hg2,8,2,True,True,True,True,True,False,True,False,True,False,True,verified,known,0.04430375396118169,True,True,True,True,True,False,True,False,True,False,True,verified,known,0.04741368590698247,True,True,True,True,False,False,True,False,True,False,False,invalid_terminal,known,0.06926045714721685,True,True,True,True,True,False,True,False,True,False,True,verified,known,0.0474175006042481,True,True,True,True,False,False,False,False,False,False,False,invalid_terminal,known,0.4485438853393555,True,True,True,True,True,False,True,False,True,False,True,verified,known,0.04742751418457036,True,True,True,True,False,False,False,False,False,False,False,not_converged,known,5.73005280791626,True,True,True,True,True,False,True,False,True,False,True,verified,known,0.04745111762390142
184,eval:184,H3Li6F6Cl3,18,4,True,True,True,True,False,False,False,False,False,False,False,invalid_terminal,known,3.216686627940671,True,True,True,True,False,False,True,False,True,False,False,not_converged,known,0.08351077802612039,True,True,True,True,True,False,False,False,False,False,False,verified,known,0.13002481229736063,True,True,True,True,False,False,True,False,True,False,False,not_converged,known,0.09250535734130594,True,True,True,True,False,False,False,False,False,False,False,invalid_terminal,known,1.3049797035021946,True,True,True,True,False,False,True,False,True,False,False,not_converged,known,0.09300794370605203,True,True,True,True,False,False,False,False,False,False,False,invalid_raw,known,,True,True,True,True,False,False,False,False,False,False,False,not_converged,known,0.10994853742553445
185,eval:185,NiGa3Lu,5,3,True,True,True,True,False,False,False,False,False,False,False,invalid_terminal,known,0.30639352174804824,True,True,True,True,True,False,False,False,False,False,False,verified,known,0.18761576982544081,True,True,True,True,True,False,True,False,True,False,True,verified,known,0.041119473896485736,True,True,True,True,False,False,True,False,True,False,False,not_converged,known,0.009097474537354877,True,True,True,True,False,False,True,False,True,False,False,not_converged,known,0.0812591490368666,True,True,True,True,True,False,True,False,True,False,True,verified,known,0.012634175739747455,True,True,True,True,False,False,True,False,True,False,False,not_converged,known,0.06668605180786269,True,True,True,True,False,False,False,False,False,False,False,not_converged,known,0.18774737688110488
186,eval:186,Co2Ge2Tb2,6,3,True,True,True,True,False,False,False,False,False,False,False,not_converged,known,8.508982517810871,True,True,True,True,True,False,True,False,True,False,True,verified,known,0.0001238370857743476,True,True,True,True,False,False,False,False,False,False,False,not_converged,known,7.4758304143868,True,True,True,True,False,False,True,False,True,False,False,not_converged,known,0.0006235624275712226,True,True,True,True,False,False,False,False,False,False,False,not_converged,known,7.7920435453377275,True,True,True,True,False,False,True,False,True,False,False,not_converged,known,0.0006497884712723945,True,True,True,True,False,False,False,False,False,False,False,invalid_raw,known,,True,True,True,True,False,False,True,False,True,False,False,not_converged,known,0.0006536031685380195
187,eval:187,Cd2CeTl,4,3,True,True,True,True,False,False,True,False,True,False,False,not_converged,known,0.057578723499754236,True,True,True,True,False,False,True,False,True,False,False,not_converged,known,0.04826847798583822,True,True,True,True,False,False,True,False,True,False,False,not_converged,known,0.07328430897949056,True,True,True,True,True,False,True,False,True,False,True,verified,known,0.055053393909910486,True,True,True,True,False,False,True,False,True,False,False,not_converged,known,0.06291548497436361,True,True,True,True,False,False,True,False,True,False,False,not_converged,known,0.048237006733396814,True,True,True,True,False,False,False,False,False,False,False,not_converged,known,0.20605270154235678,True,True,True,True,False,False,True,False,True,False,False,not_converged,known,0.05541674382446127
188,eval:188,O8BaLa2Os,12,4,True,True,True,True,False,False,False,False,False,False,False,invalid_terminal,known,1.696313994457718,True,True,True,True,False,False,True,False,True,False,False,not_converged,known,0.08501352601289369,True,True,True,True,False,False,False,False,False,False,False,invalid_terminal,known,1.23212780289888,True,True,True,True,False,False,True,False,True,False,False,not_converged,known,0.0426560812497101,True,True,True,True,False,False,False,False,False,False,False,invalid_terminal,known,1.183834689190384,True,True,True,True,False,False,True,False,True,False,False,not_converged,known,0.07636131577729799,True,True,True,True,False,False,False,False,False,False,False,invalid_raw,known,,True,True,True,True,False,False,True,False,True,False,False,not_converged,known,0.08998503022431947
189,eval:189,H4Hg2,6,2,True,True,True,True,False,False,False,False,False,False,False,not_converged,known,0.23704756200602173,True,True,True,True,False,False,False,False,False,False,False,not_converged,known,0.21260107457926392,True,True,True,True,False,False,False,False,False,False,False,not_converged,known,0.42427433431437134,True,True,True,True,True,False,False,False,False,False,False,verified,known,0.39673222005655884,True,True,True,True,True,False,False,False,False,False,False,verified,known,0.41925872266581177,True,True,True,True,False,False,False,False,False,False,False,not_converged,known,0.17514861524393677,True,True,True,True,False,False,False,False,False,False,False,invalid_raw,known,,True,True,True,True,False,False,False,False,False,False,False,not_converged,known,0.5428435891895544
190,eval:190,Cl6KRb2Sb,10,4,True,True,True,True,False,False,False,False,False,False,False,invalid_terminal,known,1.1304348162850348,True,True,True,True,True,True,True,True,True,True,True,verified,known,-0.007327968672850904,True,True,True,True,True,False,True,False,True,False,True,verified,known,0.010047262116333666,True,True,True,True,True,False,True,False,True,False,True,verified,known,0.030316417618653002,True,True,True,True,True,False,True,False,True,False,True,verified,known,0.0017119101723639396,True,True,True,True,True,True,True,True,True,True,True,verified,known,-0.00748151023779231,True,True,True,True,False,False,True,False,True,False,False,not_converged,known,0.06037790100183171,True,True,True,True,True,False,True,False,True,False,True,verified,known,0.030273025437256518
191,eval:191,Li4O8P2Co2,16,4,True,True,True,True,False,False,False,False,False,False,False,invalid_terminal,known,2.5873651839648417,True,True,True,True,False,False,False,False,False,False,False,not_converged,known,0.19176963342773234,True,True,True,True,False,False,False,False,False,False,False,invalid_terminal,known,5.431591544285887,True,True,True,True,False,False,False,False,False,False,False,not_converged,known,0.1754060126696757,True,True,True,True,False,False,False,False,False,False,False,invalid_terminal,known,4.823552642003172,True,True,True,True,False,False,False,False,False,False,False,not_converged,known,0.17579797281371867,True,True,True,True,False,False,False,False,False,False,False,invalid_raw,known,,True,True,True,True,False,False,False,False,False,False,False,not_converged,known,0.17974570764648234
192,eval:192,Cl6K2AsCs,10,4,True,True,True,True,True,False,True,False,True,False,True,verified,known,0.06090048004459758,True,True,True,True,True,False,True,False,True,False,True,verified,known,0.05040362526249309,True,True,True,True,True,False,True,False,True,False,True,verified,known,0.07482031036686321,True,True,True,True,True,False,True,False,True,False,True,verified,known,0.05206993271183391,True,True,True,True,True,False,False,False,False,False,False,verified,known,0.12615993667911907,True,True,True,True,True,False,True,False,True,False,True,verified,known,0.0520985429413261,True,True,True,True,True,False,False,False,False,False,False,verified,known,0.10611751724552532,True,True,True,True,True,False,True,False,True,False,True,verified,known,0.055816442263835864
193,eval:193,F6CaTe,8,3,True,True,True,True,False,False,True,False,True,False,False,invalid_terminal,known,0.07335509725341716,True,True,True,True,False,False,True,False,True,False,False,not_converged,known,0.029084104974364422,True,True,True,True,False,False,True,False,True,False,False,not_converged,known,0.0222906059814445,True,True,True,True,False,False,True,False,True,False,False,not_converged,known,0.029140848596190594,True,True,True,True,True,False,True,False,True,False,True,verified,known,0.06108560033569255,True,True,True,True,False,False,True,False,True,False,False,not_converged,known,0.029002088983153484,True,True,True,True,False,False,True,False,True,False,False,not_converged,known,0.05535354085693278,True,True,True,True,False,False,True,False,True,False,False,not_converged,known,0.021059889276122234
194,eval:194,Si2Ti4As2,8,3,True,True,True,True,True,False,False,False,False,False,False,verified,known,0.3103295603100591,True,True,True,True,False,False,False,False,False,False,False,not_converged,known,0.1959348955456548,True,True,True,True,True,False,False,False,False,False,False,verified,known,0.3906089105908208,True,True,True,True,False,False,False,False,False,False,False,not_converged,known,0.126843575507813,True,True,True,True,False,False,False,False,False,False,False,not_converged,known,0.3926063814465337,True,True,True,True,False,False,False,False,False,False,False,not_converged,known,0.14519226935546925,True,True,True,True,False,False,False,False,False,False,False,invalid_raw,known,,True,True,True,True,False,False,False,False,False,False,False,not_converged,known,0.2157422342602544
195,eval:195,Co2Sn2Ce2,6,3,True,True,True,True,False,False,False,False,False,False,False,invalid_terminal,known,7.490437971783564,True,True,True,True,False,False,True,False,True,False,False,not_converged,known,0.06741188688366151,True,True,True,True,True,False,True,False,True,False,True,verified,known,0.0702643267640326,True,True,True,True,False,False,True,False,True,False,False,not_converged,known,0.004617201519891978,True,True,True,True,False,False,True,False,True,False,False,not_converged,known,0.08928774519054627,True,True,True,True,False,False,True,False,True,False,False,not_converged,known,0.0004792086610052593,True,True,True,True,False,False,False,False,False,False,False,not_converged,known,7.789939867688105,True,True,True,True,False,False,True,False,True,False,False,not_converged,known,0.04960154218761659
196,eval:196,Al4Fe8,12,2,True,True,True,True,False,False,False,False,False,False,False,invalid_terminal,known,2.224511445519205,True,True,True,True,False,False,True,False,True,False,False,not_converged,known,0.07209330892252552,True,True,True,True,False,False,False,False,False,False,False,invalid_terminal,known,4.9561546454398595,True,True,True,True,False,False,True,False,True,False,False,not_converged,known,0.0403059134452306,True,True,True,True,False,False,False,False,False,False,False,invalid_terminal,known,1.8392761359183751,True,True,True,True,False,False,True,False,True,False,False,not_converged,known,0.03904515599894154,True,True,True,True,False,False,False,False,False,False,False,invalid_terminal,known,0.26045447683024037,True,True,True,True,False,False,True,False,True,False,False,not_converged,known,0.03961640691446888
197,eval:197,O4Pd2Ba2,8,3,True,True,True,True,False,False,False,False,False,False,False,invalid_terminal,known,1.7852749446008325,True,True,True,True,False,False,True,False,True,False,False,not_converged,known,0.03964944869018794,True,True,True,True,False,False,False,False,False,False,False,not_converged,known,7.393723450002444,True,True,True,True,False,False,True,False,True,False,False,not_converged,known,0.018982849416506298,True,True,True,True,False,False,True,False,True,False,False,not_converged,known,0.0878152468774438,True,True,True,True,True,False,False,False,False,False,False,verified,known,0.20025106459594966,True,True,True,True,False,False,True,False,True,False,False,not_converged,known,0.01928993254638911,True,True,True,True,False,False,True,False,True,False,False,not_converged,known,0.026590309438478954
198,eval:198,F14In4Cs2,20,3,True,True,True,True,False,False,False,False,False,False,False,invalid_terminal,known,2.394500198084268,True,True,True,True,True,False,True,False,True,False,True,verified,known,0.04830426188126502,True,True,True,True,True,False,True,False,True,False,True,verified,known,0.08930272074356971,True,True,True,True,True,False,True,False,True,False,True,verified,known,0.005796136576089239,True,True,True,True,False,False,False,False,False,False,False,invalid_terminal,known,0.3258411309303373,True,True,True,True,True,False,True,False,True,False,True,verified,known,0.027613820749673224,True,True,True,True,True,False,False,False,False,False,False,verified,known,0.141136350351724,True,True,True,True,False,False,True,False,True,False,False,not_converged,known,0.06793660135880408
199,eval:199,Li4O8Cr3Co,16,4,True,True,True,True,False,False,False,False,False,False,False,invalid_terminal,known,0.29652332956176775,True,True,True,True,False,False,True,False,True,False,False,not_converged,known,0.0803000896630861,True,True,True,True,False,False,False,False,False,False,False,invalid_terminal,known,2.2795298069177248,True,True,True,True,False,False,True,False,True,False,False,not_converged,known,0.08175587350708025,True,True,True,True,False,False,False,False,False,False,False,invalid_terminal,known,0.5864798992333986,True,True,True,True,False,False,True,False,True,False,False,not_converged,known,0.09004044229370134,True,True,True,True,False,False,False,False,False,False,False,invalid_terminal,known,1.3375046222863771,True,True,True,True,False,False,True,False,True,False,False,not_converged,known,0.06601977044921892
200,eval:200,Li2F10S2,14,3,True,True,True,True,False,False,False,False,False,False,False,not_converged,known,1.6888563968968855,True,True,True,True,False,False,True,False,True,False,False,not_converged,known,0.09189942858939038,True,True,True,True,True,False,False,False,False,False,False,verified,known,0.13497117541556225,True,True,True,True,False,False,False,False,False,False,False,not_converged,known,0.1478557922673689,True,True,True,True,False,False,False,False,False,False,False,invalid_terminal,known,0.9456024505925642,True,True,True,True,False,False,True,False,True,False,False,not_converged,known,0.09390595935110913,True,True,True,True,False,False,False,False,False,False,False,invalid_terminal,known,1.5564618446660505,True,True,True,True,True,False,False,False,False,False,False,verified,known,0.10293916247610913
201,eval:201,Ho3Ir,4,2,True,True,True,True,False,False,False,False,False,False,False,not_converged,known,0.7605978538598634,True,True,True,True,True,False,False,False,False,False,False,verified,known,0.2606340934838869,True,True,True,True,False,False,False,False,False,False,False,not_converged,known,0.7605978538598634,True,True,True,True,True,False,False,False,False,False,False,verified,known,0.2606364776696779,True,True,True,True,False,False,False,False,False,False,False,not_converged,known,0.760596900185547,True,True,True,True,True,False,False,False,False,False,False,verified,known,0.26067700882812517,True,True,True,True,True,False,True,False,True,False,True,verified,known,0.0699936439599611,True,True,True,True,True,False,False,False,False,False,False,verified,known,0.2606636573876955
202,eval:202,AlNiRh5,7,3,True,True,True,True,False,False,False,False,False,False,False,invalid_terminal,known,1.4221581804949066,True,True,True,True,False,False,False,False,False,False,False,not_converged,known,0.2555145609575531,True,True,True,True,False,False,False,False,False,False,False,not_converged,known,9.756181179304722,True,True,True,True,False,False,False,False,False,False,False,not_converged,known,0.2752489435869476,True,True,True,True,False,False,False,False,False,False,False,not_converged,known,0.21410840632498473,True,True,True,True,False,False,False,False,False,False,False,not_converged,known,0.2728361475664398,True,True,True,True,False,False,False,False,False,False,False,invalid_terminal,known,7.514181076307895,True,True,True,True,False,False,False,False,False,False,False,not_converged,known,0.2523455012041351
203,eval:203,Mg4Pb2,6,2,True,True,True,True,True,False,True,False,True,False,True,verified,known,0.030209930151163356,True,True,True,True,True,False,True,False,True,False,True,verified,known,0.006341607778726832,True,True,True,True,False,False,False,False,False,False,False,invalid_terminal,known,1.0433196141416419,True,True,True,True,True,False,True,False,True,False,True,verified,known,0.014341981619058863,True,True,True,True,False,False,True,False,True,False,False,not_converged,known,0.015094192236124293,True,True,True,True,True,False,True,False,True,False,True,verified,known,0.006624133794962184,True,True,True,True,True,False,True,False,True,False,True,verified,known,0.04125943919962527,True,True,True,True,False,False,True,False,True,False,False,not_converged,known,0.04647198459452273
204,eval:204,Pd3Gd,4,2,True,True,True,True,True,False,False,False,False,False,False,verified,known,0.5149399382470712,True,False,True,False,False,False,True,False,False,False,False,not_converged,known,0.027978573500977433,True,True,True,True,False,False,False,False,False,False,False,not_converged,known,0.5506087881921395,True,False,True,False,False,False,True,False,False,False,False,not_converged,known,0.02798143452392665,True,True,True,True,False,False,False,False,False,False,False,not_converged,known,0.5150171858667001,True,False,True,False,False,False,True,False,False,False,False,not_converged,known,0.027997646987305558,True,True,True,True,False,False,False,False,False,False,False,not_converged,known,0.20526186054931728,True,False,True,False,False,False,True,False,False,False,False,not_converged,known,0.02798429554687587
205,eval:205,O12Mn2Fe2Sr4,20,4,True,True,True,True,False,False,False,False,False,False,False,not_converged,known,0.5728949412944342,True,True,True,True,False,False,True,False,True,False,False,not_converged,known,0.08675564380908263,True,True,True,True,False,False,False,False,False,False,False,invalid_terminal,known,2.7757476672771,True,True,True,True,True,False,False,False,False,False,False,verified,known,0.10856999012255919,True,True,True,True,False,False,False,False,False,False,False,not_converged,known,0.20830572696948302,True,True,True,True,False,False,True,False,True,False,False,not_converged,known,0.030286680186035753,True,True,True,True,False,False,False,False,False,False,False,invalid_terminal,known,1.1118792400004889,True,True,True,True,False,False,True,False,True,False,False,not_converged,known,0.03988398166919005
206,eval:206,Co2Ga10Dy6,18,3,False,False,False,False,False,False,False,False,False,False,False,generation_failure,input_not_reconstructed,,False,False,False,False,False,False,False,False,False,False,False,generation_failure,input_not_reconstructed,,True,True,True,True,False,False,False,False,False,False,False,not_converged,known,0.1520538304191117,True,True,True,True,True,False,True,False,True,False,True,verified,known,0.0351114247184281,False,False,False,False,False,False,False,False,False,False,False,generation_failure,input_not_reconstructed,,False,False,False,False,False,False,False,False,False,False,False,generation_failure,input_not_reconstructed,,True,True,True,True,False,False,False,False,False,False,False,invalid_raw,known,,True,True,True,True,False,False,True,False,True,False,False,not_converged,known,0.09695100525431677
207,eval:207,O7NaK3Nb2,13,4,True,True,True,True,False,False,False,False,False,False,False,invalid_terminal,known,0.4158582192814446,True,True,True,True,True,True,True,True,True,True,True,verified,known,-0.02619939027666085,True,True,True,True,False,False,False,False,False,False,False,not_converged,known,8.69306511701704,True,True,True,True,False,True,True,True,True,False,False,not_converged,known,-0.00750737367509835,True,True,True,True,False,True,True,True,True,False,False,not_converged,known,-0.032410671099414756,True,True,True,True,False,True,True,True,True,False,False,not_converged,known,-0.0399241942012214,True,True,True,True,False,False,False,False,False,False,False,invalid_terminal,known,2.1992935639774895,True,True,True,True,False,False,True,False,True,False,False,not_converged,known,0.0027017098820305563
208,eval:208,S8Ag4W2,14,3,True,True,True,True,False,False,False,False,False,False,False,not_converged,known,8.019288934788296,True,True,True,True,False,False,True,False,True,False,False,not_converged,known,0.060742296299526544,True,True,True,True,False,False,False,False,False,False,False,invalid_terminal,known,3.235475219807217,True,True,True,True,False,False,False,False,False,False,False,not_converged,known,0.14759246262032732,True,True,True,True,False,False,False,False,False,False,False,invalid_terminal,known,1.0034422055097316,True,True,True,True,False,False,True,False,True,False,False,not_converged,known,0.09551898392159686,True,True,True,True,False,False,False,False,False,False,False,invalid_terminal,known,0.6454643383832668,True,True,True,True,False,False,False,False,False,False,False,not_converged,known,0.13918820770699725
209,eval:209,O12Sm4Lu4,20,3,True,True,True,True,False,False,False,False,False,False,False,not_converged,known,0.199962897184081,True,True,True,True,True,False,True,False,True,False,True,verified,known,0.04559831130761616,True,True,True,True,False,False,False,False,False,False,False,invalid_terminal,known,9.139866633298583,True,True,True,True,False,False,True,False,True,False,False,not_converged,known,0.04585008132714741,True,True,True,True,False,False,False,False,False,False,False,invalid_terminal,known,2.540746016385741,True,True,True,True,True,False,True,False,True,False,True,verified,known,0.04563073623437397,True,True,True,True,False,False,False,False,False,False,False,invalid_terminal,known,2.578401846769042,True,True,True,True,False,False,False,False,False,False,False,not_converged,known,0.24535111892480366
210,eval:210,O6As2Ag2,10,3,True,True,True,True,True,False,False,False,False,False,False,verified,known,0.19325024884863318,True,True,True,True,False,False,False,False,False,False,False,not_converged,known,0.1551986436240238,True,True,True,True,False,False,True,False,True,False,False,not_converged,known,0.062340329109863646,True,False,True,False,False,True,True,False,False,False,False,not_converged,known,-0.005979468406005495,True,True,True,True,False,False,False,False,False,False,False,invalid_terminal,known,0.8053308228842777,True,True,True,True,True,False,True,False,True,False,True,verified,known,0.05394561093969763,True,True,True,True,True,False,False,False,False,False,False,verified,known,0.5686946610800785,True,True,True,True,True,False,False,False,False,False,False,verified,known,0.10186726850195349
211,eval:211,CuGaPr2Pt2,6,4,True,True,True,True,False,False,False,False,False,False,False,not_converged,known,12.170907722059734,True,True,True,True,False,False,True,False,True,False,False,not_converged,known,0.03877137715006551,True,True,True,True,False,False,False,False,False,False,False,invalid_terminal,known,1.1288826327958175,True,True,True,True,True,False,True,False,True,False,True,verified,known,0.02834199482584676,True,True,True,True,False,False,False,False,False,False,False,invalid_terminal,known,11.042203651014812,True,True,True,True,True,False,True,False,True,False,True,verified,known,0.02905582005167684,True,True,True,True,False,False,True,False,True,False,False,not_converged,known,0.08969567829752645,True,True,True,True,False,False,True,False,True,False,False,not_converged,known,0.03902028614664754
212,eval:212,O8Nb4,12,2,True,True,True,True,False,False,False,False,False,False,False,invalid_terminal,known,7.373631793708903,True,True,True,True,False,False,False,False,False,False,False,not_converged,known,0.12044795200358038,True,True,True,True,False,False,False,False,False,False,False,invalid_terminal,known,1.1885393445206702,True,True,True,True,False,False,True,False,True,False,False,not_converged,known,0.09750540897379523,True,True,True,True,False,False,False,False,False,False,False,not_converged,known,2.252316314430338,True,True,True,True,False,False,True,False,True,False,False,not_converged,known,0.055000144691568664,True,True,True,True,False,False,False,False,False,False,False,invalid_terminal,known,1.4567192380143226,True,True,True,True,False,False,False,False,False,False,False,not_converged,known,0.14146502658854132
213,eval:213,Ca4As2Sb2,8,3,True,True,True,True,True,False,True,False,True,False,True,verified,known,0.07053809855346671,True,True,True,True,True,False,True,False,True,False,True,verified,known,0.008852536419677648,True,True,True,True,True,False,True,False,True,False,True,verified,known,0.05526595805053702,True,True,True,True,False,False,True,False,True,False,False,not_converged,known,0.01412921641235343,True,True,True,True,True,False,False,False,False,False,False,verified,known,0.19741874430541984,True,True,True,True,True,False,True,False,True,False,True,verified,known,0.01863818858032218,True,True,True,True,True,False,True,False,True,False,True,verified,known,0.02385097239379874,True,True,True,True,True,False,False,False,False,False,False,verified,known,0.2568631717956542
214,eval:214,NaSb4Tm,6,3,True,True,True,True,True,False,True,False,True,False,True,verified,known,0.02051644762573268,True,True,True,True,True,True,True,True,True,True,True,verified,known,-0.05072683850707982,True,True,True,True,True,False,True,False,True,False,True,verified,known,0.01994424303588893,True,True,True,True,True,True,True,True,True,True,True,verified,known,-0.02841276685180638,True,True,True,True,True,False,True,False,True,False,True,verified,known,0.020515970788574478,True,True,True,True,True,True,True,True,True,True,True,verified,known,-0.005201764501952866,True,True,True,True,False,False,True,False,True,False,False,not_converged,known,0.07216887911376979,True,True,True,True,True,False,True,False,True,False,True,verified,known,0.04729562243042018
215,eval:215,LiAg2Cd,4,3,True,True,True,True,False,False,True,False,True,False,False,not_converged,known,0.031598184468994095,True,True,True,True,False,True,True,True,True,False,False,not_converged,known,-0.01187792026733403,True,True,True,True,False,False,True,False,True,False,False,not_converged,known,0.03159627712036128,True,True,True,True,False,True,True,True,True,False,False,not_converged,known,-0.01187935077880864,True,True,True,True,False,False,True,False,True,False,False,not_converged,known,0.031596753957519486,True,True,True,True,False,True,True,True,True,False,False,not_converged,known,-0.011879827615966843,True,True,True,True,False,False,True,False,True,False,False,not_converged,known,0.03184113300109859,True,True,True,True,False,True,True,True,True,False,False,not_converged,known,-0.011888887521972702
216,eval:216,Li6F8Cs2,16,3,True,True,True,True,False,False,False,False,False,False,False,invalid_terminal,known,2.3421758381597897,True,True,True,True,True,False,True,False,True,False,True,verified,known,0.058515664743651996,True,True,True,True,False,False,False,False,False,False,False,invalid_terminal,known,5.826778527902832,True,True,True,True,False,False,True,False,True,False,False,not_converged,known,0.033315774606933246,True,True,True,True,True,False,False,False,False,False,False,verified,known,0.17616569678710903,True,True,True,True,True,False,True,False,True,False,True,verified,known,0.04879533927368129,True,True,True,True,False,False,False,False,False,False,False,invalid_terminal,known,0.2284241883032223,True,True,True,True,True,False,True,False,True,False,True,verified,known,0.04963838736938442
217,eval:217,Ge2Ru2Dy,5,3,True,True,True,True,False,False,False,False,False,False,False,invalid_terminal,known,0.6906783130437004,True,True,True,True,False,False,True,False,True,False,False,not_converged,known,0.007247164514647686,True,True,True,True,False,False,False,False,False,False,False,not_converged,known,0.2002121951848137,True,True,True,True,False,False,True,False,True,False,False,not_converged,known,0.007245734003173077,True,True,True,True,False,False,False,False,False,False,False,not_converged,known,9.206931784418213,True,True,True,True,False,False,True,False,True,False,False,not_converged,known,0.007246687677489483,True,True,True,True,False,False,False,False,False,False,False,invalid_terminal,known,1.4756304767399895,True,True,True,True,True,False,True,False,True,False,True,verified,known,0.006919100549803936
218,eval:218,S2KLa,4,3,True,True,True,True,True,False,True,False,True,False,True,verified,known,0.03071107522094696,True,True,True,True,True,False,True,False,True,False,True,verified,known,0.029663463984374694,True,True,True,True,True,False,False,False,False,False,False,verified,known,0.1564644779309079,True,True,True,True,True,False,False,False,False,False,False,verified,known,0.17847146645629852,True,True,True,True,True,False,True,False,True,False,True,verified,known,0.030741115961913756,True,True,True,True,True,False,True,False,True,False,True,verified,known,0.03045453682983368,True,True,True,True,False,False,False,False,False,False,False,not_converged,known,8.611250301752928,True,True,True,True,True,False,True,False,True,False,True,verified,known,0.029629608546142272
219,eval:219,B4Fe8Rb4,16,3,True,True,True,True,False,False,False,False,False,False,False,invalid_terminal,known,1.9543140078955084,True,True,True,True,False,False,False,False,False,False,False,not_converged,known,0.6719415332250982,True,True,True,True,False,False,False,False,False,False,False,invalid_terminal,known,3.2459542895727544,True,True,True,True,False,False,False,False,False,False,False,not_converged,known,0.6165435458593755,True,True,True,True,False,False,False,False,False,False,False,invalid_terminal,known,1.8234756137304693,True,True,True,True,False,False,False,False,False,False,False,not_converged,known,0.6914003039770513,True,True,True,True,False,False,False,False,False,False,False,invalid_terminal,known,3.627251401083985,True,True,True,True,False,False,False,False,False,False,False,not_converged,known,0.6039507533483892
220,eval:220,NaSe2Sm,4,3,True,True,True,True,False,False,True,False,True,False,False,not_converged,known,0.03874174638549821,True,True,True,True,True,False,True,False,True,False,True,verified,known,0.06154934449951188,True,True,True,True,False,False,False,False,False,False,False,not_converged,known,0.14883724733154313,True,True,True,True,True,False,True,False,True,False,True,verified,known,0.06154934449951188,True,True,True,True,True,False,True,False,True,False,True,verified,known,0.05253759904663102,True,False,True,False,False,False,True,False,False,False,False,not_converged,known,0.015327611406250163,True,True,True,True,True,False,True,False,True,False,True,verified,known,0.0333840040759279,True,True,True,True,True,False,True,False,True,False,True,verified,known,0.061526933153076335
221,eval:221,O6Sr2AgOs,10,4,True,True,True,True,False,False,True,False,True,False,False,not_converged,known,0.08793065069917105,True,True,True,True,False,False,True,False,True,False,False,not_converged,known,0.07515475271943473,True,True,True,True,True,False,False,False,False,False,False,verified,known,0.16622540472749137,True,True,True,True,False,False,True,False,True,False,False,not_converged,known,0.07536932944062613,True,True,True,True,True,False,False,False,False,False,False,verified,known,0.19339844702485465,True,True,True,True,False,False,True,False,True,False,False,not_converged,known,0.007391424167188632,True,True,True,True,False,False,False,False,False,False,False,not_converged,known,0.43738553045991324,True,True,True,True,False,False,True,False,True,False,False,not_converged,known,0.07517430304292105
222,eval:222,O8Na4V4,16,3,True,True,True,True,False,False,False,False,False,False,False,invalid_terminal,known,0.6839436848876961,True,True,True,True,True,False,False,False,False,False,False,verified,known,0.22481768925170975,True,True,True,True,False,False,False,False,False,False,False,invalid_terminal,known,3.07086842854004,True,True,True,True,True,False,False,False,False,False,False,verified,known,0.15367787678222733,True,True,True,True,False,False,False,False,False,False,False,invalid_terminal,known,3.2345008214233406,True,True,True,True,False,False,False,False,False,False,False,not_converged,known,0.14237445194702225,True,True,True,True,True,False,False,False,False,False,False,verified,known,0.21793406803588944,True,True,True,True,False,False,False,False,False,False,False,not_converged,known,0.1647500355957039
223,eval:223,Ni3Ge,4,2,True,True,True,True,False,False,False,False,False,False,False,not_converged,known,0.6022122289611813,True,True,True,True,False,False,True,False,True,False,False,not_converged,known,0.04232481975097624,True,True,True,True,False,False,False,False,False,False,False,not_converged,known,0.6022127057983395,True,True,True,True,False,False,True,False,True,False,False,not_converged,known,0.042435445971679364,True,True,True,True,False,False,False,False,False,False,False,not_converged,known,0.6022122289611813,True,True,True,True,False,False,True,False,True,False,False,not_converged,known,0.04232529658813444,True,True,True,True,False,False,False,False,False,False,False,not_converged,known,0.11776141185302702,True,True,True,True,False,False,True,False,True,False,False,not_converged,known,0.04227713603515593
224,eval:224,Al8Cu4Ho,13,3,True,True,True,True,False,False,False,False,False,False,False,invalid_terminal,known,0.5867057941650389,True,True,True,True,False,True,True,True,True,False,False,not_converged,known,-0.00941456334838886,True,True,True,True,False,False,False,False,False,False,False,not_converged,known,0.19997035486450176,True,True,True,True,False,True,True,True,True,False,False,not_converged,known,-0.008993992974853704,True,True,True,True,False,False,True,False,True,False,False,not_converged,known,0.08923255426635723,True,True,True,True,False,False,True,False,True,False,False,not_converged,known,0.01788960916748028,True,True,True,True,True,False,False,False,False,False,False,verified,known,0.12176667673339825,True,True,True,True,False,False,True,False,True,False,False,not_converged,known,0.018508543798827937
225,eval:225,Mg2Ag4,6,2,True,True,True,True,False,False,True,False,True,False,False,not_converged,known,0.00920932915384931,True,True,True,True,False,False,True,False,True,False,False,not_converged,known,0.020512038733317084,True,True,True,True,False,False,False,False,False,False,False,not_converged,known,0.1941603961246745,True,True,True,True,False,False,True,False,True,False,False,not_converged,known,0.0208043399112956,True,True,True,True,False,False,True,False,True,False,False,not_converged,known,0.004452878500773139,True,False,True,False,False,False,True,False,False,False,False,not_converged,known,0.0067085566776530214,True,True,True,True,False,False,True,False,True,False,False,not_converged,known,0.06422846939737958,True,True,True,True,False,False,True,False,True,False,False,not_converged,known,0.0058125796573893496
226,eval:226,Si2Ti2Sr,5,3,True,True,True,True,False,False,False,False,False,False,False,not_converged,known,0.49409009935854264,True,True,True,True,False,False,False,False,False,False,False,not_converged,known,0.20055534365175554,True,True,True,True,False,False,False,False,False,False,False,not_converged,known,0.19760276796816179,True,True,True,True,False,False,False,False,False,False,False,not_converged,known,0.20102121355532,True,True,True,True,True,False,False,False,False,False,False,verified,known,0.5011000824212868,True,True,True,True,True,False,False,False,False,False,False,verified,known,0.20034172060488054,True,True,True,True,False,False,False,False,False,False,False,not_converged,known,0.3651952934503395,True,True,True,True,True,False,False,False,False,False,False,verified,known,0.20008136751650163
227,eval:227,O12KSr2Sb3Ba2,20,5,True,True,True,True,False,False,False,False,False,False,False,invalid_terminal,known,8.049317705793705,True,True,True,True,False,False,True,False,True,False,False,not_converged,known,0.0864328028396022,True,True,True,True,False,False,False,False,False,False,False,invalid_terminal,known,2.890354502363528,True,True,True,True,False,False,True,False,True,False,False,not_converged,known,0.060620653791750634,True,True,True,True,False,False,False,False,False,False,False,invalid_terminal,known,2.711237538023318,True,True,True,True,False,False,True,False,True,False,False,not_converged,known,0.060269701643313134,True,True,True,True,False,False,False,False,False,False,False,invalid_raw,known,,True,True,True,True,False,False,False,False,False,False,False,not_converged,known,0.163277971906985
228,eval:228,Nd2Hg6,8,2,True,True,True,True,False,False,False,False,False,False,False,not_converged,known,7.1099610839660645,True,False,True,False,False,False,True,False,False,False,False,not_converged,known,0.02284829958038337,True,True,True,True,True,False,True,False,True,False,True,verified,known,0.07966094358520515,True,False,True,False,False,False,True,False,False,False,False,not_converged,known,0.02275543554382331,True,True,True,True,False,False,True,False,True,False,False,not_converged,known,0.08118777616577155,True,False,True,False,False,False,True,False,False,False,False,not_converged,known,0.022753051358032295,True,True,True,True,True,False,True,False,True,False,True,verified,known,0.08033018453674323,True,True,True,True,True,False,True,False,True,False,True,verified,known,0.023256829815673896
229,eval:229,O12Ca2Sr4Tl2,20,4,True,True,True,True,False,False,False,False,False,False,False,not_converged,known,0.3788999509817055,True,True,True,True,False,False,False,False,False,False,False,not_converged,known,0.14824189662989884,True,True,True,True,False,False,False,False,False,False,False,invalid_terminal,known,6.623673338890641,True,True,True,True,False,False,False,False,False,False,False,not_converged,known,0.1170629453664711,True,True,True,True,False,False,False,False,False,False,False,not_converged,known,0.3496369314199379,True,True,True,True,False,False,False,False,False,False,False,not_converged,known,0.12685098171290665,True,True,True,True,False,False,False,False,False,False,False,not_converged,known,0.47482957363185196,True,True,True,True,False,False,False,False,False,False,False,not_converged,known,0.1596492719655922
230,eval:230,Li6AlAs2In,10,4,True,True,True,True,True,False,False,False,False,False,False,verified,known,0.11519639237243684,True,True,True,True,True,False,False,False,False,False,False,verified,known,0.23423115952331575,True,True,True,True,True,False,False,False,False,False,False,verified,known,0.12911169274169954,True,True,True,True,False,False,True,False,True,False,False,not_converged,known,0.07248608811218293,True,True,True,True,False,False,False,False,False,False,False,not_converged,known,0.13112799866516145,True,True,True,True,False,False,False,False,False,False,False,not_converged,known,0.12242023690063508,True,True,True,True,False,False,False,False,False,False,False,invalid_terminal,known,0.5395240042956546,True,True,True,True,False,False,False,False,False,False,False,not_converged,known,0.1043867324145511
231,eval:231,O6FeCuBaW,10,5,True,True,True,True,False,False,False,False,False,False,False,not_converged,known,0.3032041158557117,True,True,True,True,False,False,False,False,False,False,False,not_converged,known,0.2034073438525379,True,True,True,True,False,False,False,False,False,False,False,not_converged,known,0.25351005457641484,True,True,True,True,False,False,False,False,False,False,False,not_converged,known,0.255545672404784,True,True,True,True,False,False,False,False,False,False,False,not_converged,known,0.24593788050414922,True,True,True,True,False,False,False,False,False,False,False,not_converged,known,0.20279556177856328,True,True,True,True,True,False,False,False,False,False,False,verified,known,0.22332578562499883,True,True,True,True,False,False,False,False,False,False,False,not_converged,known,0.3249478902697742
232,eval:232,Ga3Pd3Au3,9,3,True,True,True,True,False,False,False,False,False,False,False,invalid_terminal,known,2.1636858871775306,True,True,True,True,False,False,True,False,True,False,False,not_converged,known,0.0854957989054359,True,True,True,True,False,False,False,False,False,False,False,invalid_terminal,known,3.6093636444407142,True,True,True,True,True,False,True,False,True,False,True,verified,known,0.06013044627482067,True,True,True,True,False,False,False,False,False,False,False,invalid_terminal,known,1.0768767288523353,True,True,True,True,False,False,True,False,True,False,False,not_converged,known,0.07818016322428356,True,True,True,True,False,False,False,False,False,False,False,not_converged,known,6.354737847168986,True,True,True,True,False,False,True,False,True,False,False,not_converged,known,0.07538685115152965
233,eval:233,ZnTm2Ir,4,3,True,True,True,True,False,False,True,False,True,False,False,not_converged,known,0.014710099851076741,True,True,True,True,True,False,True,False,True,False,True,verified,known,0.026670606290285725,True,True,True,True,True,False,False,False,False,False,False,verified,known,0.14224878088135018,True,True,True,True,True,False,True,False,True,False,True,verified,known,0.026668698941652913,True,True,True,True,True,False,False,False,False,False,False,verified,known,0.14224878088135018,True,True,True,True,True,False,True,False,True,False,True,verified,known,0.026669175778811116,True,True,True,True,False,False,False,False,False,False,False,invalid_terminal,known,1.5375606133093287,True,True,True,True,False,False,True,False,True,False,False,not_converged,known,0.0266820503820826
234,eval:234,Y6Ir2,8,2,True,True,True,True,False,False,False,False,False,False,False,not_converged,known,5.211900495274659,True,True,True,True,False,False,True,False,True,False,False,not_converged,known,0.03100039838134805,True,True,True,True,True,False,True,False,True,False,True,verified,known,0.018634103520508205,True,True,True,True,False,False,True,False,True,False,False,not_converged,known,0.03215005276977578,True,True,True,True,False,False,False,False,False,False,False,not_converged,known,8.251462720616455,True,True,True,True,True,False,True,False,True,False,True,verified,known,0.027443193181152736,True,True,True,True,False,False,False,False,False,False,False,not_converged,known,5.197181962712403,True,True,True,True,False,False,True,False,True,False,False,not_converged,known,0.03203942654907266
235,eval:235,CNZr2,4,3,True,True,True,True,False,False,False,False,False,False,False,not_converged,known,0.2048099049096681,True,True,True,True,False,False,True,False,True,False,False,not_converged,known,0.0243737705712892,True,True,True,True,False,False,False,False,False,False,False,not_converged,known,0.20320010266357436,True,True,True,True,False,False,True,False,True,False,False,not_converged,known,0.024372816896972793,True,True,True,True,False,False,False,False,False,False,False,not_converged,known,0.20312285504394545,True,True,True,True,False,False,True,False,True,False,False,not_converged,known,0.024372816896972793,True,True,True,True,True,False,False,False,False,False,False,verified,known,0.6249368198876954,True,True,True,True,False,False,True,False,True,False,False,not_converged,known,0.024146796083984512
236,eval:236,Na2Br6Th,9,3,True,True,True,True,True,False,True,False,True,False,True,verified,known,0.07444840467637803,True,True,True,True,True,False,True,False,True,False,True,verified,known,0.00628548658555772,True,True,True,True,False,False,False,False,False,False,False,invalid_terminal,known,1.372720299131334,True,True,True,True,True,False,True,False,True,False,True,verified,known,0.0060651878184678765,True,True,True,True,True,False,True,False,True,False,True,verified,known,0.020916281110704205,True,True,True,True,True,False,True,False,True,False,True,verified,known,0.005480585462510845,True,True,True,True,False,False,False,False,False,False,False,invalid_terminal,known,0.34002786672776963,True,True,True,True,True,False,True,False,True,False,True,verified,known,0.003026781446397564
237,eval:237,O8Ti2Tb2,12,3,True,True,True,True,False,False,False,False,False,False,False,invalid_terminal,known,2.5797228455623333,True,True,True,True,False,False,False,False,False,False,False,not_converged,known,0.21902796030842708,True,True,True,True,False,False,False,False,False,False,False,invalid_terminal,known,1.6295990586360638,True,True,True,True,False,False,False,False,False,False,False,not_converged,known,0.17448374033772396,True,True,True,True,True,False,False,False,False,False,False,verified,known,0.37479826212727474,True,True,True,True,False,False,False,False,False,False,False,not_converged,known,0.1614422440608685,True,True,True,True,False,False,False,False,False,False,False,not_converged,known,0.279839956768388,True,True,True,True,False,False,False,False,False,False,False,not_converged,known,0.4362082123836224
238,eval:238,Mg3In3Nd3,9,3,True,True,True,True,False,False,False,False,False,False,False,invalid_terminal,known,4.752418230178359,True,False,True,False,True,False,True,False,False,False,False,verified,known,0.0017153722071672206,True,True,True,True,False,False,False,False,False,False,False,invalid_terminal,known,7.484808633925917,True,True,True,True,False,False,True,False,True,False,False,not_converged,known,0.09107632458448656,True,True,True,True,False,False,False,False,False,False,False,invalid_terminal,known,7.6824810010218645,True,False,True,False,False,False,True,False,False,False,False,not_converged,known,0.001192043426039291,True,True,True,True,False,False,False,False,False,False,False,invalid_terminal,known,0.3925623399043108,True,True,True,True,True,False,True,False,True,False,True,verified,known,0.09184498608351
239,eval:239,Nd4Pt8,12,2,True,True,True,True,False,False,False,False,False,False,False,invalid_terminal,known,5.274320571489665,True,True,True,True,False,False,True,False,True,False,False,not_converged,known,0.022936790056559353,True,True,True,True,False,False,False,False,False,False,False,not_converged,known,4.320998399324748,True,True,True,True,False,False,True,False,True,False,False,not_converged,known,0.06023165471110037,True,True,True,True,True,False,False,False,False,False,False,verified,known,0.11726042515787771,True,True,True,True,False,False,True,False,True,False,False,not_converged,known,0.023049800463053494,True,True,True,True,False,False,False,False,False,False,False,invalid_raw,known,,True,True,True,True,False,False,False,False,False,False,False,not_converged,known,0.1433062244132488
240,eval:240,AlMn2Ir,4,3,True,True,True,True,False,False,False,False,False,False,False,not_converged,known,0.1496943365520611,True,True,True,True,False,False,False,False,False,False,False,not_converged,known,0.14028157104913141,True,True,True,True,False,False,False,False,False,False,False,not_converged,known,0.1496943365520611,True,True,True,True,False,False,False,False,False,False,False,not_converged,known,0.14028157104913141,True,True,True,True,True,False,False,False,False,False,False,verified,known,0.14158142914239313,True,True,True,True,False,False,False,False,False,False,False,not_converged,known,0.14028252472344782,True,True,True,True,False,True,True,True,True,False,False,invalid_terminal,known,-0.008080588679872491,True,True,True,True,False,False,False,False,False,False,False,not_converged,known,0.14037217010919
241,eval:241,Al3FeTb2,6,3,True,True,True,True,False,False,True,False,True,False,False,not_converged,known,0.02939436600640377,True,False,True,False,True,False,True,False,False,False,False,verified,known,0.010977007607966272,True,True,True,True,True,False,False,False,False,False,False,verified,known,0.1752116458220776,True,False,True,False,False,False,True,False,False,False,False,not_converged,known,0.010817743997126428,True,True,True,True,True,False,False,False,False,False,False,verified,known,0.13883707688286862,True,False,True,False,True,False,True,False,False,False,False,verified,known,0.010607935647517053,True,True,True,True,False,False,False,False,False,False,False,invalid_terminal,known,1.2186214701934155,True,False,True,False,False,False,True,False,False,False,False,not_converged,known,0.010835386971979943
242,eval:242,Fe6Zr6,12,2,True,True,True,True,False,False,False,False,False,False,False,invalid_terminal,known,7.40674030875293,True,True,True,True,False,False,True,False,True,False,False,not_converged,known,0.054447294226562803,True,True,True,True,False,False,False,False,False,False,False,invalid_terminal,known,5.961811185828125,True,True,True,True,True,False,True,False,True,False,True,verified,known,0.05422699545947296,True,True,True,True,False,False,False,False,False,False,False,invalid_terminal,known,6.640061975470459,True,True,True,True,True,False,True,False,True,False,True,verified,known,0.05422127341357452,True,True,True,True,False,False,False,False,False,False,False,not_converged,known,0.11184609030810577,True,True,True,True,True,False,True,False,True,False,True,verified,known,0.05422985648242218
243,eval:243,C4Mg2Cr4,10,3,True,True,True,True,False,False,False,False,False,False,False,not_converged,known,0.3708285550949597,True,True,True,True,False,False,False,False,False,False,False,not_converged,known,0.22455971049046752,True,True,True,True,False,False,False,False,False,False,False,not_converged,known,0.42797796534276245,True,True,True,True,False,False,False,False,False,False,False,not_converged,known,0.2880448560593152,True,True,True,True,False,False,False,False,False,False,False,not_converged,known,0.35403148936009643,True,True,True,True,False,False,False,False,False,False,False,not_converged,known,0.14744417475438354,True,True,True,True,False,False,False,False,False,False,False,invalid_raw,known,,True,True,True,True,False,False,False,False,False,False,False,not_converged,known,0.24581711100316284
244,eval:244,OF11V3Ba2,17,4,True,True,True,True,False,False,False,False,False,False,False,invalid_terminal,known,0.6598295221851957,True,True,True,True,False,False,True,False,True,False,False,not_converged,known,0.06966009240614301,True,True,True,True,False,False,True,False,True,False,False,not_converged,known,0.0928663263844145,True,True,True,True,False,False,True,False,True,False,False,not_converged,known,0.07718792062269575,True,True,True,True,False,False,False,False,False,False,False,invalid_terminal,known,0.5501731882618559,True,True,True,True,False,False,True,False,True,False,False,not_converged,known,0.062381650023330515,True,True,True,True,False,False,False,False,False,False,False,invalid_terminal,known,1.261023903899063,True,True,True,True,False,False,True,False,True,False,False,not_converged,known,0.08585729699598676
245,eval:245,In6Yb2,8,2,True,True,True,True,True,False,False,False,False,False,False,verified,official_cache_unresolved,,True,False,False,False,True,False,False,False,False,False,False,verified,official_cache_unresolved,,True,True,True,True,True,False,False,False,False,False,False,verified,official_cache_unresolved,,True,True,True,True,True,False,False,False,False,False,False,verified,official_cache_unresolved,,True,True,True,True,True,False,False,False,False,False,False,verified,official_cache_unresolved,,True,False,False,False,True,False,False,False,False,False,False,verified,official_cache_unresolved,,True,True,True,True,True,False,False,False,False,False,False,verified,official_cache_unresolved,,True,False,False,False,True,False,False,False,False,False,False,verified,official_cache_unresolved,
246,eval:246,Co6Ge6Tm,13,3,True,True,True,True,False,False,False,False,False,False,False,invalid_terminal,known,2.7283197437875124,True,True,True,True,True,False,True,False,True,False,True,verified,known,0.09091697088407003,True,True,True,True,False,False,False,False,False,False,False,invalid_terminal,known,2.9199658428780886,True,True,True,True,False,False,False,False,False,False,False,not_converged,known,0.11979518285916768,True,True,True,True,False,False,False,False,False,False,False,invalid_terminal,known,2.3059447800271364,True,True,True,True,False,False,True,False,True,False,False,not_converged,known,0.0009673630349489315,True,True,True,True,False,False,False,False,False,False,False,invalid_raw,known,,True,True,True,True,False,False,True,False,True,False,False,not_converged,known,0.06768451086209737
247,eval:247,Li4S8Cu2Er2,16,4,True,True,True,True,False,False,False,False,False,False,False,not_converged,known,0.1397549074202482,True,True,True,True,True,False,False,False,False,False,False,verified,known,0.1491547983199064,True,True,True,True,False,False,False,False,False,False,False,relaxation_energy_increased,known,11.044464246562093,True,True,True,True,False,False,False,False,False,False,False,not_converged,known,0.14499677830037516,True,True,True,True,True,False,False,False,False,False,False,verified,known,0.1549354951888029,True,True,True,True,True,False,False,False,False,False,False,verified,known,0.12938846760091227,True,True,True,True,False,False,False,False,False,False,False,invalid_terminal,known,0.7991811197310392,True,True,True,True,False,False,False,False,False,False,False,not_converged,known,0.12188829593953532
248,eval:248,S8Fe4Cu2,14,3,True,True,True,True,True,False,False,False,False,False,False,verified,known,0.26323529607142593,True,True,True,True,False,False,False,False,False,False,False,not_converged,known,0.21532317525233413,True,True,True,True,False,False,False,False,False,False,False,not_converged,known,0.2998554361471095,True,True,True,True,False,False,True,False,True,False,False,not_converged,known,0.09784528142298843,True,True,True,True,True,False,False,False,False,False,False,verified,known,0.24253150349940444,True,True,True,True,False,False,True,False,True,False,False,not_converged,known,0.09783765202845718,True,True,True,True,False,False,False,False,False,False,False,not_converged,known,0.31109353429164077,True,True,True,True,True,False,False,False,False,False,False,verified,known,0.24985238438929702
249,eval:249,Li2C10N4,16,3,True,True,True,True,False,False,False,False,False,False,False,invalid_terminal,known,0.9776036587939423,True,True,True,True,True,False,False,False,False,False,False,verified,known,0.7372157422290009,True,True,True,True,False,False,False,False,False,False,False,not_converged,known,0.7725207654223603,True,True,True,True,False,False,False,False,False,False,False,not_converged,known,0.981901392100827,True,True,True,True,False,False,False,False,False,False,False,not_converged,known,1.6092831937060517,True,True,True,True,False,False,False,False,False,False,False,not_converged,known,0.9558646527514618,True,True,True,True,False,False,False,False,False,False,False,not_converged,known,0.49929831898070987,True,True,True,True,False,False,False,False,False,False,False,not_converged,known,0.7891127911791962
250,eval:250,Ba6Pt2,8,2,True,True,True,True,False,False,False,False,False,False,False,not_converged,known,7.690079935241699,True,True,True,True,True,True,True,True,True,True,True,verified,known,-0.06884597952270521,True,True,True,True,True,True,True,True,True,True,True,verified,known,-0.04358147795104994,True,True,True,True,True,True,True,True,True,True,True,verified,known,-0.08118199522399916,True,True,True,True,True,True,True,True,True,True,True,verified,known,-0.07886099035644545,True,True,True,True,True,True,True,True,True,True,True,verified,known,-0.07228039915466322,True,True,True,True,False,False,False,False,False,False,False,invalid_terminal,known,0.9422540742645262,True,True,True,True,True,True,True,True,True,True,True,verified,known,-0.0730104368438722
251,eval:251,C2Si6La8,16,3,True,True,True,True,False,False,False,False,False,False,False,not_converged,known,6.124291263806965,True,True,True,True,True,False,False,False,False,False,False,verified,known,0.16248878120198462,True,True,True,True,False,False,False,False,False,False,False,invalid_terminal,known,6.603945099103596,True,True,True,True,True,False,False,False,False,False,False,verified,known,0.2540105211617014,True,True,True,True,False,False,False,False,False,False,False,not_converged,known,5.624675594556477,True,True,True,True,False,False,False,False,False,False,False,not_converged,known,0.2539957392097971,True,True,True,True,False,False,False,False,False,False,False,invalid_terminal,known,2.710794054258015,True,True,True,True,True,False,False,False,False,False,False,verified,known,0.1351564752937815
252,eval:252,Zn2PdHo,4,3,True,True,True,True,True,False,True,False,True,False,True,verified,known,0.025041723787948555,True,True,True,True,False,False,True,False,True,False,False,not_converged,known,0.04699411445872492,True,True,True,True,False,False,True,False,True,False,False,not_converged,known,0.023173952639266915,True,True,True,True,True,False,True,False,True,False,True,verified,known,0.050983334124252266,True,True,True,True,True,False,True,False,True,False,True,verified,known,0.025041485369369454,True,True,True,True,False,False,True,False,True,False,False,not_converged,known,0.046993160784408516,True,True,True,True,False,True,True,True,True,False,False,not_converged,known,-0.0005398744939117961,True,True,True,True,False,False,True,False,True,False,False,not_converged,known,0.047094965517684884
253,eval:253,CaPd2Yb,4,3,True,False,True,False,False,False,False,False,False,False,False,not_converged,official_cache_unresolved,,True,False,True,False,False,False,False,False,False,False,False,not_converged,official_cache_unresolved,,True,False,True,False,False,False,False,False,False,False,False,not_converged,official_cache_unresolved,,True,False,True,False,False,False,False,False,False,False,False,not_converged,official_cache_unresolved,,True,False,True,False,False,False,False,False,False,False,False,not_converged,official_cache_unresolved,,True,False,True,False,False,False,False,False,False,False,False,not_converged,official_cache_unresolved,,True,True,True,True,False,False,False,False,False,False,False,not_converged,official_cache_unresolved,,True,False,True,False,False,False,False,False,False,False,False,not_converged,official_cache_unresolved,
254,eval:254,O12V4Tl4,20,3,True,True,True,True,False,False,False,False,False,False,False,invalid_terminal,known,1.5274406003982275,True,True,True,True,False,False,True,False,True,False,False,not_converged,known,0.0438147115737646,True,True,True,True,False,False,True,False,True,False,False,not_converged,known,0.0427160787612646,True,True,True,True,False,False,True,False,True,False,False,not_converged,known,0.047044806483432566,True,True,True,True,False,False,False,False,False,False,False,invalid_terminal,known,3.028873972895786,True,True,True,True,False,False,True,False,True,False,False,not_converged,known,0.041553072932407176,True,True,True,True,True,False,False,False,False,False,False,verified,known,0.17988591671292475,True,True,True,True,True,False,True,False,True,False,True,verified,known,0.044230990412875926
255,eval:255,Pd2Sb6Nd2,10,3,True,True,True,True,False,False,False,False,False,False,False,invalid_terminal,known,5.154308572518067,True,True,True,True,True,True,True,True,True,True,True,verified,known,-0.004661783469481762,True,True,True,True,False,False,True,False,True,False,False,not_converged,known,0.0009668023459479258,True,True,True,True,False,True,True,True,True,False,False,not_converged,known,-0.05379794527368098,True,True,True,True,True,True,True,True,True,True,True,verified,known,-0.005659326804442699,True,True,True,True,False,True,True,True,True,False,False,not_converged,known,-0.00808404375390559,True,True,True,True,True,False,True,False,True,False,True,verified,known,0.0479142815939948,True,True,True,True,True,True,True,True,True,True,True,verified,known,-0.05923198152856379
