method,endpoint,sample_idx,comp_valid,Struct_valid,SUN,MSUN,terminal_verified,terminal_status,terminal_energy_eV_atom,hull_energy_eV_atom,energy_above_hull_eV_atom
H1A2_D1,native,0,1,1,0,1,1,verified,-3.960361957550049,-4.009571855,0.04920989744995108
H1A2_D1,native,1,0,0,0,0,0,invalid_raw,,-5.484713445875,
H1A2_D1,native,2,1,0,0,0,0,invalid_raw,,-8.10237906,
H1A2_D1,native,3,1,1,0,0,0,not_converged,2.7574548721313477,-5.502003777666669,8.259458649798017
H1A2_D1,native,4,1,1,0,0,0,invalid_terminal,2.247687339782715,-5.1133663415625,7.361053681345215
H1A2_D1,native,5,1,1,0,0,0,not_converged,-4.814653396606445,-4.94716338,0.1325099833935548
H1A2_D1,native,6,1,0,0,0,0,invalid_raw,,-6.6907331475,
H1A2_D1,native,7,1,0,0,0,0,invalid_raw,,-7.983832712916669,
H1A2_D1,native,8,1,1,0,0,1,verified,-7.355711936950684,-7.544244481600023,0.18853254464933933
H1A2_D1,native,9,1,1,0,1,1,verified,-3.5889904499053955,-3.674296835,0.08530638509460431
H1A2_D1,native,10,0,0,0,0,0,generation_failure,,,
H1A2_D1,native,11,1,0,0,0,0,invalid_raw,,-6.32724859,
H1A2_D1,native,12,1,0,0,0,0,invalid_raw,,-7.231575101875001,
H1A2_D1,native,13,1,0,0,0,0,invalid_raw,,-5.422083512500001,
H1A2_D1,native,14,1,0,0,0,0,invalid_raw,,-8.181623782678573,
H1A2_D1,native,15,1,1,0,1,0,not_converged,-4.005205154418945,-4.015411599782609,0.010206445363663441
H1A2_D1,native,16,1,0,0,0,0,invalid_raw,,-6.0005053638999994,
H1A2_D1,native,17,1,1,0,0,1,verified,-5.269165992736816,-5.469683520375,0.20051752763818342
H1A2_D1,native,18,1,0,0,0,0,invalid_raw,,-8.166425333333333,
H1A2_D1,native,19,1,1,0,1,1,verified,-4.523014068603516,-4.605035153,0.08202108439648459
H1A2_D1,native,20,0,0,0,0,0,invalid_raw,,-3.4543984520833377,
H1A2_D1,native,21,0,1,0,0,0,not_converged,3.3791074752807617,-7.4114072349999995,10.79051471028076
H1A2_D1,native,22,1,0,0,0,0,invalid_raw,,-3.3465349425277786,
H1A2_D1,native,23,1,1,0,0,0,invalid_terminal,-5.499341011047363,-8.534775392125006,3.0354343810776427
H1A2_D1,native,24,1,0,0,0,0,invalid_raw,,-6.401275155714295,
H1A2_D1,native,25,1,0,0,0,0,invalid_raw,,-6.030186345714284,
H1A2_D1,native,26,1,1,0,0,0,not_converged,-3.8003506660461426,-4.065101285,0.2647506189538573
H1A2_D1,native,27,1,0,0,0,0,invalid_raw,,-8.277995374,
H1A2_D1,native,28,1,1,0,0,0,invalid_terminal,-6.210676670074463,-8.57344580767046,2.362769137595997
H1A2_D1,native,29,1,1,0,0,1,verified,-6.8237504959106445,-7.12852853,0.3047780340893551
H1A2_D1,native,30,1,1,1,1,0,not_converged,-4.0394158363342285,-3.8562598855555557,-0.18315595077867286
H1A2_D1,native,31,1,0,0,0,0,invalid_raw,,-8.350202123333334,
H1A2_D1,native,32,1,0,0,0,0,invalid_raw,,-6.198551154940477,
H1A2_D1,native,33,0,1,0,0,0,not_converged,1.2967464923858643,-3.2407750545000003,4.5375215468858645
H1A2_D1,native,34,0,1,0,0,0,not_converged,-4.3923726081848145,-4.497636578833335,0.10526397064852056
H1A2_D1,native,35,1,0,0,0,0,invalid_raw,,-8.14310139134375,
H1A2_D1,native,36,1,0,0,0,0,invalid_raw,,-8.724391128,
H1A2_D1,native,37,1,1,0,0,1,verified,-1.5258640050888062,-1.952378300000003,0.42651429491119686
H1A2_D1,native,38,1,1,0,1,0,not_converged,-4.6931939125061035,-4.709098998333333,0.015905085827229826
H1A2_D1,native,39,1,0,0,0,0,invalid_raw,,-5.915836890166664,
H1A2_D1,native,40,0,0,0,0,0,invalid_raw,,-3.802641151785714,
H1A2_D1,native,41,1,1,0,1,1,verified,-1.932132363319397,-1.9542531603125,0.022120796993102987
H1A2_D1,native,42,1,1,0,0,0,not_converged,-5.335301876068115,-6.512465919583322,1.1771640435152069
H1A2_D1,native,43,1,0,0,0,0,invalid_raw,,-5.850719717335528,
H1A2_D1,native,44,1,0,0,0,0,invalid_raw,,-3.8430903599999997,
H1A2_D1,native,45,1,1,0,1,0,not_converged,-4.427887916564941,-4.496251316499999,0.06836339993505725
H1A2_D1,native,46,1,1,0,1,0,not_converged,-5.418743133544922,-5.469567920625,0.05082478708007798
H1A2_D1,native,47,1,0,0,0,0,invalid_raw,,-6.545346556145834,
H1A2_D1,native,48,1,1,0,1,0,not_converged,-4.689815998077393,-4.763740613333333,0.0739246152559403
H1A2_D1,native,49,1,0,0,0,0,invalid_raw,,-7.562665890961545,
H1A2_D1,native,50,1,0,0,0,0,invalid_raw,,,
H1A2_D1,native,51,0,0,0,0,0,invalid_raw,,-5.630959203772728,
H1A2_D1,native,52,1,0,0,0,0,invalid_raw,,-5.38968762125,
H1A2_D1,native,53,1,0,0,0,0,invalid_raw,,-7.945187599499943,
H1A2_D1,native,54,1,1,0,0,0,invalid_terminal,-3.663231372833252,-4.403268771363637,0.7400373985303847
H1A2_D1,native,55,0,1,0,0,0,not_converged,-3.8193914890289307,-4.385677031632107,0.5662855426031763
H1A2_D1,native,56,1,0,0,0,0,invalid_raw,,-6.638178890405793,
H1A2_D1,native,57,1,0,0,0,0,invalid_raw,,-3.5378374575,
H1A2_D1,native,58,1,0,0,0,0,invalid_raw,,-4.18185644125,
H1A2_D1,native,59,1,0,0,0,0,invalid_raw,,-6.3229868864285725,
H1A2_D1,native,60,1,0,0,0,0,invalid_raw,,-5.191991573968254,
H1A2_D1,native,61,1,0,0,0,0,invalid_raw,,-4.038829385555556,
H1A2_D1,native,62,1,0,0,0,0,invalid_raw,,-6.903119146406251,
H1A2_D1,native,63,1,1,0,0,1,verified,-2.4251930713653564,-2.5408712575,0.11567818613464365
H1A2_D1,native,64,1,1,0,1,1,verified,-5.7008161544799805,-5.7862076692499995,0.08539151477001905
H1A2_D1,native,65,1,0,0,0,0,invalid_raw,,-8.734052461000001,
H1A2_D1,native,66,1,0,0,0,0,invalid_raw,,-9.018776336000009,
H1A2_D1,native,67,1,0,0,0,0,invalid_raw,,-6.857098430624999,
H1A2_D1,native,68,1,0,0,0,0,invalid_raw,,-6.4088391155,
H1A2_D1,native,69,1,0,0,0,0,invalid_raw,,,
H1A2_D1,native,70,1,0,0,0,0,invalid_raw,,-6.724726695277777,
H1A2_D1,native,71,1,0,0,0,0,invalid_raw,,-6.133645338717951,
H1A2_D1,native,72,1,0,0,0,0,invalid_raw,,-2.209365664125,
H1A2_D1,native,73,1,1,0,1,0,not_converged,-6.052350044250488,-6.14896511,0.09661506574951151
H1A2_D1,native,74,1,1,0,1,0,not_converged,-5.269408702850342,-5.345098410416666,0.07568970756632432
H1A2_D1,native,75,1,1,0,1,1,verified,-6.829439163208008,-6.86948376,0.04004459679199179
H1A2_D1,native,76,1,1,0,0,0,invalid_terminal,-5.322574615478516,-9.3180580075,3.995483392021484
H1A2_D1,native,77,1,1,0,0,0,not_converged,-6.789048671722412,-7.40158500625,0.6125363345275883
H1A2_D1,native,78,1,0,0,0,0,invalid_raw,,-5.773086189999989,
H1A2_D1,native,79,1,1,0,0,0,invalid_terminal,-2.941577911376953,-7.878894665999999,4.937316754623046
H1A2_D1,native,80,1,0,0,0,0,invalid_raw,,-3.493545871428571,
H1A2_D1,native,81,1,0,0,0,0,invalid_raw,,-4.2673970042499985,
H1A2_D1,native,82,1,0,0,0,0,invalid_raw,,-8.485476243249995,
H1A2_D1,native,83,1,1,0,0,1,verified,-2.877729892730713,,
H1A2_D1,native,84,1,1,0,0,0,not_converged,-5.899770736694336,,
H1A2_D1,native,85,1,1,0,0,0,not_converged,5.254398345947266,-4.051094681666666,9.305493027613931
H1A2_D1,native,86,1,1,0,0,0,not_converged,-6.666258811950684,-6.780431213666667,0.11417240171598309
H1A2_D1,native,87,1,1,0,0,0,not_converged,-6.189692497253418,-6.421737205,0.23204470774658237
H1A2_D1,native,88,1,0,0,0,0,invalid_raw,,-5.871281581470582,
H1A2_D1,native,89,1,0,0,0,0,invalid_raw,,-3.632177217777778,
H1A2_D1,native,90,1,0,0,0,0,invalid_raw,,-9.1413639178125,
H1A2_D1,native,91,1,0,0,0,0,invalid_raw,,-4.958693060937501,
H1A2_D1,native,92,1,1,0,0,0,not_converged,-6.976279258728027,-7.1039437025,0.12766444377197228
H1A2_D1,native,93,1,1,1,1,1,verified,-2.9199161529541016,-2.8910942266666666,-0.028821926287434962
H1A2_D1,native,94,1,0,0,0,0,invalid_raw,,-8.04555525951924,
H1A2_D1,native,95,0,0,0,0,0,invalid_raw,,-6.072915362631578,
H1A2_D1,native,96,1,0,0,0,0,invalid_raw,,-3.789418821519097,
H1A2_D1,native,97,0,0,0,0,0,invalid_raw,,-7.940270319230763,
H1A2_D1,native,98,1,0,0,0,0,invalid_raw,,-10.636418313333335,
H1A2_D1,native,99,1,1,0,1,0,not_converged,-3.0205330848693848,-3.1105685842578126,0.09003549938842781
H1A2_D1,native,100,1,0,0,0,0,invalid_raw,,-6.005723295,
H1A2_D1,native,101,1,1,0,0,1,verified,-4.250499725341797,-4.3734802209999994,0.12298049565820257
H1A2_D1,native,102,1,1,0,1,1,verified,-3.7874937057495117,-3.788776815,0.0012831092504881347
H1A2_D1,native,103,1,0,0,0,0,invalid_raw,,-7.65935502575,
H1A2_D1,native,104,1,1,0,0,0,invalid_terminal,-2.6499245166778564,-4.535984331029412,1.8860598143515555
H1A2_D1,native,105,1,0,0,0,0,invalid_raw,,-7.440291984583329,
H1A2_D1,native,106,1,1,0,1,0,not_converged,-7.98813533782959,-8.085020394267245,0.09688505643765488
H1A2_D1,native,107,0,0,0,0,0,invalid_raw,,-4.486865391999999,
H1A2_D1,native,108,1,1,0,0,0,not_converged,-5.810232162475586,-6.328540503,0.5183083405244142
H1A2_D1,native,109,1,0,0,0,0,invalid_raw,,-7.745318409999998,
H1A2_D1,native,110,1,0,0,0,0,invalid_raw,,-7.29170594982143,
H1A2_D1,native,111,1,1,0,1,1,verified,-2.7905044555664062,-2.861575609903846,0.0710711543374396
H1A2_D1,native,112,1,0,0,0,0,invalid_raw,,-8.380616457222251,
H1A2_D1,native,113,1,1,0,0,0,not_converged,-8.590156555175781,-8.764925864999999,0.17476930982421734
H1A2_D1,native,114,1,0,0,0,0,invalid_raw,,-8.775034656093752,
H1A2_D1,native,115,0,1,0,0,0,not_converged,-8.117423057556152,-8.3743801625,0.25695710494384727
H1A2_D1,native,116,0,0,0,0,0,invalid_raw,,-3.479068619375,
H1A2_D1,native,117,1,1,0,0,0,not_converged,-7.452223777770996,-7.740286122500001,0.2880623447290045
H1A2_D1,native,118,1,1,0,0,1,verified,-9.42133617401123,-9.849365099916671,0.4280289259054406
H1A2_D1,native,119,1,0,0,0,0,invalid_raw,,-8.289726508000001,
H1A2_D1,native,120,1,1,0,1,0,not_converged,-3.5003585815429688,-3.5660005975000004,0.06564201595703167
H1A2_D1,native,121,1,0,0,0,0,invalid_raw,,-6.086105460714286,
H1A2_D1,native,122,1,0,0,0,0,invalid_raw,,-5.940439314444447,
H1A2_D1,native,123,1,1,0,0,1,verified,-6.655202865600586,-6.834619367222224,0.17941650162163825
H1A2_D1,native,124,1,0,0,0,0,invalid_raw,,-7.3775944704375025,
H1A2_D1,native,125,1,0,0,0,0,invalid_raw,,-6.398109526666665,
H1A2_D1,native,126,1,0,0,0,0,invalid_raw,,-5.879291711666667,
H1A2_D1,native,127,1,0,0,0,0,invalid_raw,,-4.1208782742415355,
H1A2_D1,native,128,0,1,0,0,0,invalid_terminal,-7.692432403564453,-8.499263851666667,0.8068314481022139
H1A2_D1,native,129,1,0,0,0,0,invalid_raw,,-5.6093164792307695,
H1A2_D1,native,130,1,1,0,0,1,verified,-1.004462718963623,-1.944070708125,0.9396079891613769
H1A2_D1,native,131,1,0,0,0,0,invalid_raw,,-5.27874586025,
H1A2_D1,native,132,1,1,0,1,0,not_converged,-4.282241344451904,-4.341222944242425,0.058981599790520534
H1A2_D1,native,133,0,0,0,0,0,invalid_raw,,-8.283025118076925,
H1A2_D1,native,134,1,0,0,0,0,invalid_raw,,-3.690115826608392,
H1A2_D1,native,135,1,1,0,0,0,not_converged,-7.067262649536133,-7.4101133275,0.3428506779638676
H1A2_D1,native,136,1,0,0,0,0,invalid_raw,,-9.086374506015627,
H1A2_D1,native,137,1,1,0,1,0,not_converged,-3.2841758728027344,-3.3255577897222226,0.041381916919488226
H1A2_D1,native,138,1,0,0,0,0,invalid_raw,,-5.985514178847229,
H1A2_D1,native,139,1,1,0,0,1,verified,-6.316473007202148,-6.926639417500001,0.6101664102978521
H1A2_D1,native,140,0,1,0,0,1,verified,-4.882511615753174,-4.989444045,0.10693242924682611
H1A2_D1,native,141,0,1,0,0,0,not_converged,-5.367005348205566,-5.5482818012857145,0.18127645308014806
H1A2_D1,native,142,1,0,0,0,0,invalid_raw,,-8.562077407569447,
H1A2_D1,native,143,1,0,0,0,0,invalid_raw,,-7.708868977374998,
H1A2_D1,native,144,1,1,0,0,1,verified,-6.012432098388672,-6.331120033999999,0.3186879356113268
H1A2_D1,native,145,1,1,0,0,1,verified,-5.679486274719238,-5.909151107187499,0.22966483246826108
H1A2_D1,native,146,1,0,0,0,0,invalid_raw,,-5.872545882,
H1A2_D1,native,147,1,1,0,1,0,not_converged,-6.295099258422852,-6.385504746666666,0.09040548824381478
H1A2_D1,native,148,0,0,0,0,0,invalid_raw,,-5.179524520208334,
H1A2_D1,native,149,1,1,0,0,0,invalid_terminal,6.9870781898498535,-4.195074619591839,11.182152809441693
H1A2_D1,native,150,1,0,0,0,0,invalid_raw,,-4.478896110999999,
H1A2_D1,native,151,1,1,0,0,0,not_converged,-6.125890254974365,-7.350469881111111,1.2245796261367454
H1A2_D1,native,152,1,0,0,0,0,invalid_raw,,-3.8489445024999998,
H1A2_D1,native,153,1,1,0,0,0,not_converged,4.571732521057129,-3.610415597000003,8.182148118057132
H1A2_D1,native,154,1,0,0,0,0,invalid_raw,,-6.055091405,
H1A2_D1,native,155,0,0,0,0,0,invalid_raw,,-4.074633725833333,
H1A2_D1,native,156,1,1,0,1,1,verified,-8.792980194091797,-8.853172124999999,0.06019193090820174
H1A2_D1,native,157,0,0,0,0,0,invalid_raw,,-7.023488505624993,
H1A2_D1,native,158,1,1,0,0,0,not_converged,-6.418669700622559,-6.9884091150000005,0.5697394143774419
H1A2_D1,native,159,1,0,0,0,0,invalid_raw,,-4.630558908749999,
H1A2_D1,native,160,0,0,0,0,0,invalid_raw,,-5.7183457926315775,
H1A2_D1,native,161,1,1,0,0,0,not_converged,-6.754007339477539,-7.263837138888889,0.5098297994113503
H1A2_D1,native,162,1,0,0,0,0,invalid_raw,,-5.172278064375,
H1A2_D1,native,163,1,1,0,1,1,verified,-7.088740348815918,-7.1564276412500005,0.06768729243408256
H1A2_D1,native,164,1,0,0,0,0,invalid_raw,,-5.5955588206666675,
H1A2_D1,native,165,1,1,0,0,0,not_converged,-4.858610153198242,-5.1957255899999994,0.33711543680175726
H1A2_D1,native,166,1,0,0,0,0,invalid_raw,,-6.213327328630953,
H1A2_D1,native,167,1,1,0,0,1,verified,-7.3820953369140625,-7.868006862222222,0.4859115253081594
H1A2_D1,native,168,1,1,0,0,0,not_converged,6.316825866699219,-5.516363594285715,11.833189460984933
H1A2_D1,native,169,1,1,0,0,1,verified,-4.213034152984619,-4.4360599,0.22302574701538092
H1A2_D1,native,170,1,0,0,0,0,invalid_raw,,-7.196764992847221,
H1A2_D1,native,171,1,0,0,0,0,invalid_raw,,-4.9873992312499995,
H1A2_D1,native,172,1,1,0,1,0,not_converged,-4.380310535430908,-4.4561970366666666,0.07588650123575835
H1A2_D1,native,173,1,1,0,1,1,verified,-4.021245002746582,-4.0433448525,0.022099849753417722
H1A2_D1,native,174,1,0,0,0,0,invalid_raw,,-6.184572847416666,
H1A2_D1,native,175,1,0,0,0,0,invalid_raw,,-7.725493172589284,
H1A2_D1,native,176,1,0,0,0,0,invalid_raw,,-6.979628066000011,
H1A2_D1,native,177,1,0,0,0,0,invalid_raw,,-8.4103017015,
H1A2_D1,native,178,1,1,0,0,0,invalid_terminal,-5.006768703460693,-7.506928,2.500159296539307
H1A2_D1,native,179,1,0,0,0,0,invalid_raw,,-3.632799633666666,
H1A2_D1,native,180,0,0,0,0,0,generation_failure,,,
H1A2_D1,native,181,1,0,0,0,0,invalid_raw,,-9.403702867499998,
H1A2_D1,native,182,1,1,0,0,0,not_converged,-2.90458345413208,-3.509270435,0.6046869808679198
H1A2_D1,native,183,1,0,0,0,0,invalid_raw,,-8.030099325,
H1A2_D1,native,184,1,1,0,1,1,verified,-3.9538843631744385,-3.9777701946666664,0.023885831492227894
H1A2_D1,native,185,1,0,0,0,0,invalid_raw,,-8.105286150974027,
H1A2_D1,native,186,1,1,0,1,1,verified,-5.234882354736328,-5.309584936750004,0.07470258201367574
H1A2_D1,native,187,1,1,0,1,1,verified,-2.899279832839966,-2.935958591666667,0.03667875882670124
H1A2_D1,native,188,0,0,0,0,0,invalid_raw,,-4.530805311500001,
H1A2_D1,native,189,1,0,0,0,0,invalid_raw,,-4.2974479065625,
H1A2_D1,native,190,1,0,0,0,0,invalid_raw,,-2.478843291636363,
H1A2_D1,native,191,1,0,0,0,0,invalid_raw,,-5.861079962000004,
H1A2_D1,native,192,1,0,0,0,0,invalid_raw,,-6.129474928124999,
H1A2_D1,native,193,1,1,0,0,0,not_converged,-3.8915927410125732,,
H1A2_D1,native,194,1,0,0,0,0,invalid_raw,,-4.4339253475000024,
H1A2_D1,native,195,0,0,0,0,0,generation_failure,,,
H1A2_D1,native,196,1,0,0,0,0,invalid_raw,,-5.183282092550001,
H1A2_D1,native,197,1,0,0,0,0,invalid_raw,,-7.544452388071431,
H1A2_D1,native,198,1,1,0,0,0,not_converged,-1.3605575561523438,-6.5425852557291675,5.182027699576824
H1A2_D1,native,199,1,1,0,0,0,not_converged,-5.956904888153076,-6.185462128,0.228557239846924
H1A2_D1,native,200,1,1,0,0,1,verified,-6.256623268127441,-6.69122325,0.43459998187255877
H1A2_D1,native,201,1,0,0,0,0,invalid_raw,,-9.02059057129252,
H1A2_D1,native,202,1,1,0,0,0,not_converged,-5.059023857116699,-5.17988181,0.12085795288330115
H1A2_D1,native,203,1,0,0,0,0,invalid_raw,,,
H1A2_D1,native,204,1,0,0,0,0,invalid_raw,,-7.992896970749994,
H1A2_D1,native,205,1,1,0,0,1,verified,-5.8998026847839355,-6.140276655,0.24047397021606454
H1A2_D1,native,206,1,1,0,0,1,verified,-4.643930435180664,-4.74468591142857,0.10075547624790637
H1A2_D1,native,207,1,0,0,0,0,invalid_raw,,-5.606899892685186,
H1A2_D1,native,208,0,1,0,0,0,not_converged,-4.512564182281494,-4.68741232,0.17484813771850582
H1A2_D1,native,209,1,1,0,0,0,invalid_terminal,-2.540806531906128,-5.1834762150000095,2.6426696830938816
H1A2_D1,native,210,1,1,0,0,1,verified,-2.603081464767456,,
H1A2_D1,native,211,1,1,0,1,1,verified,-5.689957618713379,-5.776918745625004,0.08696112691162483
H1A2_D1,native,212,0,0,0,0,0,generation_failure,,,
H1A2_D1,native,213,1,1,0,0,0,not_converged,-7.439296722412109,-7.664742834166666,0.22544611175455653
H1A2_D1,native,214,1,1,0,0,1,verified,-3.173213481903076,-3.3357029050000016,0.16248942309692538
H1A2_D1,native,215,1,0,0,0,0,invalid_raw,,-6.628928884285714,
H1A2_D1,native,216,1,0,0,0,0,invalid_raw,,-4.1200051914285725,
H1A2_D1,native,217,1,1,0,1,1,verified,-4.364840507507324,-4.370858004130435,0.006017496623110574
H1A2_D1,native,218,1,0,0,0,0,invalid_raw,,-7.0036066112499995,
H1A2_D1,native,219,1,0,0,0,0,invalid_raw,,-5.8145049271875,
H1A2_D1,native,220,1,1,0,0,0,not_converged,-5.747255325317383,-8.85985034,3.1125950146826167
H1A2_D1,native,221,1,0,0,0,0,invalid_raw,,-3.520395878666667,
H1A2_D1,native,222,1,0,0,0,0,invalid_raw,,-8.158475707500001,
H1A2_D1,native,223,1,1,0,1,0,not_converged,-2.7214741706848145,-2.7799054446875,0.05843127400268555
H1A2_D1,native,224,1,0,0,0,0,invalid_raw,,-6.17849534983333,
H1A2_D1,native,225,1,1,0,0,1,verified,-6.057600498199463,-6.361017529109196,0.30341703090973304
H1A2_D1,native,226,1,1,0,0,0,invalid_terminal,-3.340736150741577,-5.569344862882653,2.2286087121410763
H1A2_D1,native,227,1,1,0,1,1,verified,-1.741753101348877,-1.764497722236842,0.02274462088796514
H1A2_D1,native,228,1,1,0,0,1,verified,-1.997462511062622,,
H1A2_D1,native,229,1,0,0,0,0,invalid_raw,,-4.828162192999991,
H1A2_D1,native,230,1,0,0,0,0,invalid_raw,,-6.745648262999994,
H1A2_D1,native,231,1,1,0,1,1,verified,-3.028163433074951,-3.037658465,0.009495031925048636
H1A2_D1,native,232,1,1,0,0,1,verified,-7.138923168182373,-7.2413824275000005,0.10245925931762745
H1A2_D1,native,233,1,0,0,0,0,invalid_raw,,-8.78412913614582,
H1A2_D1,native,234,1,0,0,0,0,invalid_raw,,-7.944424558055554,
H1A2_D1,native,235,1,0,0,0,0,invalid_raw,,-7.127507601153846,
H1A2_D1,native,236,0,0,0,0,0,invalid_raw,,-9.161690116,
H1A2_D1,native,237,1,0,0,0,0,invalid_raw,,-7.649855285333333,
H1A2_D1,native,238,1,1,1,1,0,not_converged,-3.957075834274292,-3.9039555466666664,-0.05312028760762555
H1A2_D1,native,239,1,0,0,0,0,invalid_raw,,-8.195476525393518,
H1A2_D1,native,240,0,1,0,0,1,verified,-2.9746921062469482,-3.1748408445,0.20014873825305157
H1A2_D1,native,241,0,0,0,0,0,invalid_raw,,-6.001532512576922,
H1A2_D1,native,242,1,1,0,0,0,not_converged,-0.6515295505523682,-2.9622649737499995,2.3107354231976314
H1A2_D1,native,243,1,0,0,0,0,invalid_raw,,-6.2871970683333345,
H1A2_D1,native,244,1,0,0,0,0,invalid_raw,,-7.770567307142858,
H1A2_D1,native,245,1,0,0,0,0,invalid_raw,,-7.920912217708325,
H1A2_D1,native,246,1,0,0,0,0,invalid_raw,,-3.687521190666668,
H1A2_D1,native,247,1,0,0,0,0,invalid_raw,,-4.750298503055555,
H1A2_D1,native,248,1,0,0,0,0,invalid_raw,,-7.025995946785715,
H1A2_D1,native,249,1,0,0,0,0,invalid_raw,,-8.487405831500002,
H1A2_D1,native,250,1,0,0,0,0,invalid_raw,,-5.871369278888894,
H1A2_D1,native,251,1,0,0,0,0,invalid_raw,,-6.295641089112499,
H1A2_D1,native,252,1,0,0,0,0,invalid_raw,,-3.566205878125,
H1A2_D1,native,253,0,0,0,0,0,invalid_raw,,-5.533590399090911,
H1A2_D1,native,254,1,1,1,1,0,not_converged,-9.973305702209473,-9.9450290275,-0.02827667470947226
H1A2_D1,native,255,1,1,0,0,1,verified,-6.701180934906006,-6.894403809199998,0.19322287429399232
H1A2_D1,native,256,1,1,0,0,0,invalid_terminal,-3.2773942947387695,-7.407460142874999,4.13006584813623
H1A2_D1,native,257,1,0,0,0,0,invalid_raw,,-7.124483321553028,
H1A2_D1,native,258,1,0,0,0,0,invalid_raw,,-7.450987041,
H1A2_D1,native,259,0,0,0,0,0,generation_failure,,,
H1A2_D1,native,260,1,1,1,1,1,verified,-5.499668598175049,-5.493872198749999,-0.005796399425049614
H1A2_D1,native,261,1,0,0,0,0,invalid_raw,,-4.7631831025624995,
H1A2_D1,native,262,1,1,0,0,0,not_converged,-6.342798233032227,-6.957786933333335,0.6149887003011081
H1A2_D1,native,263,1,0,0,0,0,invalid_raw,,-6.926639417500001,
H1A2_D1,native,264,0,0,0,0,0,invalid_raw,,-5.071622596904762,
H1A2_D1,native,265,1,0,0,0,0,invalid_raw,,-5.76353898,
H1A2_D1,native,266,1,1,1,1,0,not_converged,-6.060617446899414,-6.0073073536538475,-0.05331009324556657
H1A2_D1,native,267,1,1,0,0,0,not_converged,-6.819596767425537,-7.3198004800000085,0.5002037125744714
H1A2_D1,native,268,1,1,0,1,0,not_converged,-5.131603717803955,-5.20062912111111,0.06902540330715468
H1A2_D1,native,269,1,0,0,0,0,invalid_raw,,-6.286152254999999,
H1A2_D1,native,270,1,0,0,0,0,invalid_raw,,-4.726353991666666,
H1A2_D1,native,271,1,0,0,0,0,invalid_raw,,-4.805392888958333,
H1A2_D1,native,272,0,0,0,0,0,invalid_raw,,-5.746246750681818,
H1A2_D1,native,273,1,0,0,0,0,invalid_raw,,-4.5878161475,
H1A2_D1,native,274,1,1,0,1,1,verified,-4.373593330383301,-4.4121433955,0.03855006511669945
H1A2_D1,native,275,1,0,0,0,0,invalid_raw,,-4.375447646484375,
H1A2_D1,native,276,1,0,0,0,0,invalid_raw,,-5.999105397175926,
H1A2_D1,native,277,1,1,0,0,1,verified,-1.8647050857543945,-2.0504891375,0.18578405174560553
H1A2_D1,native,278,1,0,0,0,0,invalid_raw,,-5.1221278275,
H1A2_D1,native,279,1,0,0,0,0,invalid_raw,,-7.903979024583332,
H1A2_D1,native,280,1,1,0,1,1,verified,-2.7608306407928467,-2.8016605543406596,0.04082991354781296
H1A2_D1,native,281,1,0,0,0,0,invalid_raw,,-8.791714443541668,
H1A2_D1,native,282,1,0,0,0,0,invalid_raw,,-3.2446934216666667,
H1A2_D1,native,283,1,1,0,0,0,invalid_terminal,-2.6226882934570312,-4.251312112750002,1.6286238192929705
H1A2_D1,native,284,1,1,0,0,1,verified,-3.7521352767944336,,
H1A2_D1,native,285,0,0,0,0,0,invalid_raw,,-5.842526910990029,
H1A2_D1,native,286,1,0,0,0,0,invalid_raw,,-5.759537465596789,
H1A2_D1,native,287,1,0,0,0,0,invalid_raw,,-9.789058354444444,
H1A2_D1,native,288,1,1,0,0,0,not_converged,-6.273595333099365,-6.383733436,0.11013810290063475
H1A2_D1,native,289,1,0,0,0,0,invalid_raw,,-6.106789206969696,
H1A2_D1,native,290,1,1,0,1,1,verified,-3.332399606704712,-3.35642271875,0.024023112045288286
H1A2_D1,native,291,1,0,0,0,0,invalid_raw,,-5.856307052833337,
H1A2_D1,native,292,1,0,0,0,0,invalid_raw,,-4.858748289999999,
H1A2_D1,native,293,1,1,0,0,0,not_converged,-5.471005439758301,-5.5824332675,0.11142782774169913
H1A2_D1,native,294,1,0,0,0,0,invalid_raw,,-4.101147137166667,
H1A2_D1,native,295,1,1,0,1,1,verified,-6.264956474304199,-6.29634838,0.03139190569580119
H1A2_D1,native,296,1,0,0,0,0,invalid_raw,,-4.654199455897437,
H1A2_D1,native,297,1,1,0,0,0,not_converged,2.156737804412842,-6.7262452365476175,8.88298304096046
H1A2_D1,native,298,1,1,0,0,1,verified,-4.470736503601074,-4.85595832,0.38522181639892583
H1A2_D1,native,299,1,1,0,0,1,verified,-4.112248420715332,,
H1A2_D1,native,300,1,0,0,0,0,invalid_raw,,-8.795292552083334,
H1A2_D1,native,301,1,0,0,0,0,invalid_raw,,-8.614129246071428,
H1A2_D1,native,302,1,0,0,0,0,invalid_raw,,-6.9583210300000005,
H1A2_D1,native,303,1,0,0,0,0,invalid_raw,,-7.344096527727273,
H1A2_D1,native,304,0,0,0,0,0,invalid_raw,,-3.854455645612245,
H1A2_D1,native,305,1,1,0,1,0,not_converged,-3.3470726013183594,-3.392726045,0.04565344368164048
H1A2_D1,native,306,1,1,0,0,1,verified,-4.852689743041992,-5.018360740192307,0.16567099715031475
H1A2_D1,native,307,0,0,0,0,0,invalid_raw,,-5.748584652763157,
H1A2_D1,native,308,1,0,0,0,0,invalid_raw,,-8.103911396437498,
H1A2_D1,native,309,1,1,0,1,1,verified,-2.1608262062072754,-2.1831125125,0.022286306292724767
H1A2_D1,native,310,1,0,0,0,0,invalid_raw,,-6.759939068671887,
H1A2_D1,native,311,1,0,0,0,0,invalid_raw,,-4.604603925034723,
H1A2_D1,native,312,1,0,0,0,0,invalid_raw,,-7.637244786607142,
H1A2_D1,native,313,1,0,0,0,0,invalid_raw,,,
H1A2_D1,native,314,1,0,0,0,0,invalid_raw,,-6.096360439642856,
H1A2_D1,native,315,1,0,0,0,0,invalid_raw,,-6.515414064404761,
H1A2_D1,native,316,1,0,0,0,0,invalid_raw,,-4.86590872037037,
H1A2_D1,native,317,1,0,0,0,0,invalid_raw,,-6.496671924062499,
H1A2_D1,native,318,1,0,0,0,0,invalid_raw,,-6.99806351642857,
H1A2_D1,native,319,1,0,0,0,0,invalid_raw,,-7.278228040499998,
H1A2_D1,native,320,1,1,0,1,1,verified,-4.061230182647705,-4.12900124,0.06777105735229494
H1A2_D1,native,321,1,0,0,0,0,invalid_raw,,-5.826691488846152,
H1A2_D1,native,322,1,0,0,0,0,invalid_raw,,-8.524832456062505,
H1A2_D1,native,323,0,0,0,0,0,generation_failure,,,
H1A2_D1,native,324,0,1,0,1,1,verified,-7.572845458984375,-7.633242624,0.0603971650156252
H1A2_D1,native,325,1,1,0,0,0,not_converged,-5.333846092224121,-5.520239303974359,0.1863932117502376
H1A2_D1,native,326,1,1,0,1,1,verified,-2.7316532135009766,-2.7799054446875,0.04825223118652344
H1A2_D1,native,327,1,0,0,0,0,invalid_raw,,-8.184920311375004,
H1A2_D1,native,328,1,1,0,0,0,not_converged,-6.076379776000977,-6.226623234,0.15024345799902328
H1A2_D1,native,329,0,0,0,0,0,invalid_raw,,-7.144048147000002,
H1A2_D1,native,330,1,0,0,0,0,invalid_raw,,-6.58863101,
H1A2_D1,native,331,1,1,0,1,0,not_converged,-4.873590469360352,-4.962999632,0.08940916263964827
H1A2_D1,native,332,1,0,0,0,0,invalid_raw,,-5.807793345,
H1A2_D1,native,333,1,0,0,0,0,invalid_raw,,-7.283933336363634,
H1A2_D1,native,334,1,1,0,0,0,not_converged,-3.301762580871582,,
H1A2_D1,native,335,1,1,0,0,0,not_converged,-5.980703353881836,-6.446760544101562,0.46605719021972636
H1A2_D1,native,336,1,1,0,0,1,verified,-3.6406872272491455,-3.7784580488541675,0.13777082160502196
H1A2_D1,native,337,1,0,0,0,0,invalid_raw,,-4.6610906490740724,
H1A2_D1,native,338,1,1,0,0,0,not_converged,-5.219174385070801,-5.443290666999999,0.22411628192919864
H1A2_D1,native,339,1,0,0,0,0,invalid_raw,,-6.531749023125,
H1A2_D1,native,340,1,1,0,0,0,not_converged,-4.071206092834473,-4.4885759125,0.41736981966552733
H1A2_D1,native,341,1,1,0,1,1,verified,-5.398244857788086,-5.476698801374998,0.07845394358691227
H1A2_D1,native,342,1,0,0,0,0,invalid_raw,,-4.894412604660488,
H1A2_D1,native,343,1,1,0,0,1,verified,-5.7999420166015625,-7.702896643333333,1.9029546267317707
H1A2_D1,native,344,1,0,0,0,0,invalid_raw,,-5.158396759375,
H1A2_D1,native,345,1,0,0,0,0,invalid_raw,,-6.32752468,
H1A2_D1,native,346,1,0,0,0,0,invalid_raw,,-5.848872917791664,
H1A2_D1,native,347,1,1,0,0,1,verified,-2.1131043434143066,-2.3028027475,0.18969840408569327
H1A2_D1,native,348,1,0,0,0,0,invalid_raw,,-4.016336547812502,
H1A2_D1,native,349,1,0,0,0,0,invalid_raw,,-5.416102978958333,
H1A2_D1,native,350,1,0,0,0,0,invalid_raw,,-7.073015417272727,
H1A2_D1,native,351,1,1,0,0,0,not_converged,3.484997272491455,-5.093103568205129,8.578100840696585
H1A2_D1,native,352,1,1,0,1,1,verified,-3.683840274810791,-3.745560845,0.061720570189208956
H1A2_D1,native,353,1,0,0,0,0,invalid_raw,,-6.004462560625,
H1A2_D1,native,354,1,0,0,0,0,invalid_raw,,-4.885664255714286,
H1A2_D1,native,355,1,0,0,0,0,invalid_raw,,-4.38895631953125,
H1A2_D1,native,356,1,1,0,1,1,verified,-3.6982791423797607,-3.7503563497500014,0.052077207370240686
H1A2_D1,native,357,1,1,0,0,0,not_converged,-6.047244071960449,-6.2040151939213,0.1567711219608512
H1A2_D1,native,358,1,1,0,0,0,not_converged,-8.067484855651855,-8.813001928000002,0.7455170723481466
H1A2_D1,native,359,1,1,0,0,1,verified,-1.4114532470703125,,
H1A2_D1,native,360,1,0,0,0,0,invalid_raw,,-8.456414450833334,
H1A2_D1,native,361,1,1,0,0,1,verified,-6.23769474029541,-6.374543491079999,0.1368487507845888
H1A2_D1,native,362,1,0,0,0,0,invalid_raw,,-8.928585654444444,
H1A2_D1,native,363,1,1,0,0,0,not_converged,-6.942047595977783,-7.26076491,0.3187173140222166
H1A2_D1,native,364,1,0,0,0,0,invalid_raw,,-7.8259403418749995,
H1A2_D1,native,365,1,0,0,0,0,invalid_raw,,-7.603746021875001,
H1A2_D1,native,366,1,1,1,1,1,verified,-9.957355499267578,-9.844391244722223,-0.1129642545453553
H1A2_D1,native,367,0,0,0,0,0,invalid_raw,,-7.147121729517008,
H1A2_D1,native,368,1,1,0,0,0,not_converged,-6.923820495605469,-7.2905947565,0.36677426089453125
H1A2_D1,native,369,1,1,0,0,0,not_converged,0.3506298065185547,-8.013470406058559,8.364100212577114
H1A2_D1,native,370,1,1,0,0,0,invalid_terminal,-5.159610271453857,-6.191409585,1.0317993135461423
H1A2_D1,native,371,1,1,0,0,1,verified,-4.019143581390381,,
H1A2_D1,native,372,1,0,0,0,0,invalid_raw,,-6.5915052257291675,
H1A2_D1,native,373,1,1,0,0,0,not_converged,-4.729686260223389,-5.01393641909091,0.28425015886752103
H1A2_D1,native,374,1,1,0,0,0,invalid_terminal,-1.7616620063781738,-6.8892647775,5.127602771121826
H1A2_D1,native,375,1,1,0,0,1,verified,-5.821014404296875,-6.244251652378788,0.42323724808191265
H1A2_D1,native,376,1,0,0,0,0,invalid_raw,,-6.426387084999999,
H1A2_D1,native,377,1,1,0,0,0,not_converged,-3.863699436187744,-4.2482075667708346,0.3845081305830904
H1A2_D1,native,378,0,0,0,0,0,invalid_raw,,-5.659528698511903,
H1A2_D1,native,379,1,0,0,0,0,invalid_raw,,-3.1810739,
H1A2_D1,native,380,1,1,0,0,1,verified,-4.4535136222839355,,
H1A2_D1,native,381,1,0,0,0,0,invalid_raw,,-7.463248600833333,
H1A2_D1,native,382,1,1,0,0,1,verified,-5.839571952819824,-6.24037293625,0.4008009834301758
H1A2_D1,native,383,1,1,1,1,1,verified,-6.870118141174316,-6.86689797625,-0.0032201649243166486
H1A2_D1,native,384,0,1,0,0,1,verified,-7.096172332763672,-7.472582518249999,0.37641018548632754
H1A2_D1,native,385,1,0,0,0,0,invalid_raw,,,
H1A2_D1,native,386,1,1,0,0,0,not_converged,3.2506914138793945,-1.9639978787499999,5.214689292629394
H1A2_D1,native,387,1,0,0,0,0,invalid_raw,,-5.295137119464284,
H1A2_D1,native,388,1,1,0,0,1,verified,-6.819204330444336,-7.63836758875,0.8191632583056645
H1A2_D1,native,389,1,1,0,1,1,verified,-3.5412352085113525,-3.5967200025,0.055484793988647585
H1A2_D1,native,390,1,1,0,0,0,not_converged,-7.491567134857178,-7.79202852269229,0.3004613878351119
H1A2_D1,native,391,1,0,0,0,0,invalid_raw,,-8.627817990833332,
H1A2_D1,native,392,1,1,0,0,0,not_converged,-4.800187587738037,,
H1A2_D1,native,393,1,0,0,0,0,invalid_raw,,-6.4539449788541665,
H1A2_D1,native,394,0,0,0,0,0,generation_failure,,,
H1A2_D1,native,395,1,0,0,0,0,invalid_raw,,-5.60683765421875,
H1A2_D1,native,396,1,0,0,0,0,invalid_raw,,-6.4121261725,
H1A2_D1,native,397,1,1,0,0,0,not_converged,-6.344046115875244,-7.0909342075,0.746888091624756
H1A2_D1,native,398,1,0,0,0,0,invalid_raw,,-10.8573587875,
H1A2_D1,native,399,1,1,0,1,0,not_converged,-3.777076005935669,-3.8445175317708324,0.0674415258351635
H1A2_D1,native,400,1,1,0,0,1,verified,-6.127082824707031,-6.381535613333334,0.2544527886263026
H1A2_D1,native,401,1,1,0,1,1,verified,-3.627669095993042,-3.65515203546875,0.0274829394757079
H1A2_D1,native,402,1,0,0,0,0,invalid_raw,,-8.257422462812501,
H1A2_D1,native,403,1,1,0,1,0,not_converged,-10.73966121673584,-10.8234458525,0.08378463576416095
H1A2_D1,native,404,1,0,0,0,0,invalid_raw,,-7.758457392222223,
H1A2_D1,native,405,1,0,0,0,0,invalid_raw,,-8.418681412142858,
H1A2_D1,native,406,0,0,0,0,0,invalid_raw,,-6.619508543999997,
H1A2_D1,native,407,0,0,0,0,0,invalid_raw,,-5.735540416491224,
H1A2_D1,native,408,1,0,0,0,0,invalid_raw,,-8.769706787968742,
H1A2_D1,native,409,1,0,0,0,0,invalid_raw,,-8.041667774000013,
H1A2_D1,native,410,1,0,0,0,0,invalid_raw,,-6.5903824748333335,
H1A2_D1,native,411,1,1,0,0,0,not_converged,5.604215621948242,-4.15863041875,9.762846040698243
H1A2_D1,native,412,0,0,0,0,0,invalid_raw,,-6.091361339393945,
H1A2_D1,native,413,0,0,0,0,0,invalid_raw,,-7.07118010925,
H1A2_D1,native,414,1,0,0,0,0,invalid_raw,,-4.98162886625,
H1A2_D1,native,415,1,0,0,0,0,invalid_raw,,-5.20334055,
H1A2_D1,native,416,1,0,0,0,0,invalid_raw,,-6.675661131333333,
H1A2_D1,native,417,1,1,0,0,0,not_converged,-6.070850849151611,-6.3070154264000005,0.23616457724838913
H1A2_D1,native,418,1,1,0,0,0,not_converged,-3.55401873588562,-3.8678257400000002,0.3138070041143801
H1A2_D1,native,419,0,0,0,0,0,generation_failure,,,
H1A2_D1,native,420,1,0,0,0,0,invalid_raw,,-5.48895296601852,
H1A2_D1,native,421,1,1,0,0,0,not_converged,-9.297991752624512,-9.432109396666666,0.13411764404215454
H1A2_D1,native,422,1,1,0,0,0,invalid_terminal,-5.0258355140686035,-7.4657569589803945,2.439921444911791
H1A2_D1,native,423,1,0,0,0,0,invalid_raw,,-6.787190061666667,
H1A2_D1,native,424,1,1,0,0,1,verified,-2.0366406440734863,-2.5003914575,0.4637508134265138
H1A2_D1,native,425,1,1,1,1,1,verified,-3.314145088195801,-3.2972176,-0.01692748819580059
H1A2_D1,native,426,1,0,0,0,0,invalid_raw,,-6.000078808650795,
H1A2_D1,native,427,1,0,0,0,0,invalid_raw,,-5.530141087857143,
H1A2_D1,native,428,1,0,0,0,0,invalid_raw,,-4.996930055381944,
H1A2_D1,native,429,1,0,0,0,0,invalid_raw,,-5.776935175777778,
H1A2_D1,native,430,1,0,0,0,0,invalid_raw,,-5.572251004351852,
H1A2_D1,native,431,1,1,0,0,0,not_converged,-5.593405723571777,-6.844030326666665,1.250624603094888
H1A2_D1,native,432,1,1,0,1,1,verified,-4.480747699737549,-4.49155244983333,0.010804750095781301
H1A2_D1,native,433,1,1,0,0,0,not_converged,-5.844099521636963,-6.293599595302753,0.44950007366579037
H1A2_D1,native,434,0,0,0,0,0,invalid_raw,,-6.9428080617646994,
H1A2_D1,native,435,1,0,0,0,0,invalid_raw,,-7.4021100337500005,
H1A2_D1,native,436,1,1,0,0,0,not_converged,-9.58386516571045,-9.791720543333334,0.20785537762288442
H1A2_D1,native,437,1,0,0,0,0,invalid_raw,,-3.091066119722221,
H1A2_D1,native,438,1,0,0,0,0,invalid_raw,,-6.251656806250001,
H1A2_D1,native,439,1,1,0,1,0,not_converged,-4.217741966247559,-4.230986013888891,0.013244047641332024
H1A2_D1,native,440,1,0,0,0,0,invalid_raw,,-7.440291984583329,
H1A2_D1,native,441,1,0,0,0,0,invalid_raw,,-7.473559076785713,
H1A2_D1,native,442,1,0,0,0,0,invalid_raw,,-6.71070386234375,
H1A2_D1,native,443,1,1,0,1,0,not_converged,-4.3900580406188965,-4.441031711066666,0.05097367044776924
H1A2_D1,native,444,1,1,0,0,1,verified,-3.9358596801757812,-4.05571518,0.11985549982421873
H1A2_D1,native,445,1,1,0,1,0,not_converged,-5.743553638458252,-5.841298413322369,0.09774477486411737
H1A2_D1,native,446,1,0,0,0,0,invalid_raw,,-3.869441791458333,
H1A2_D1,native,447,0,1,0,1,1,verified,-4.944779872894287,-4.984967777268518,0.04018790437423103
H1A2_D1,native,448,1,0,0,0,0,invalid_raw,,-8.079092086938779,
H1A2_D1,native,449,1,0,0,0,0,invalid_raw,,-7.2614877075,
H1A2_D1,native,450,1,1,0,1,1,verified,-4.683323383331299,-4.7679368225,0.08461343916870145
H1A2_D1,native,451,1,0,0,0,0,invalid_raw,,-5.32133803265873,
H1A2_D1,native,452,1,0,0,0,0,invalid_raw,,-2.00559988,
H1A2_D1,native,453,0,0,0,0,0,invalid_raw,,-7.16645020875,
H1A2_D1,native,454,1,0,0,0,0,invalid_raw,,-6.2863988775,
H1A2_D1,native,455,0,1,0,0,0,invalid_terminal,-2.1639342308044434,-6.896046239285714,4.732112008481271
H1A2_D1,native,456,1,0,0,0,0,invalid_raw,,-8.356161032314818,
H1A2_D1,native,457,1,0,0,0,0,invalid_raw,,-3.934791412840911,
H1A2_D1,native,458,1,0,0,0,0,invalid_raw,,-3.336431573125001,
H1A2_D1,native,459,1,1,0,1,0,not_converged,-3.350287675857544,-3.3835279566666667,0.03324028080912278
H1A2_D1,native,460,1,0,0,0,0,invalid_raw,,-8.462408774,
H1A2_D1,native,461,1,1,0,0,0,invalid_terminal,-5.373793125152588,-5.858947303333334,0.48515417818074624
H1A2_D1,native,462,1,1,0,0,0,invalid_terminal,2.354761838912964,-3.795662345,6.150424183912964
H1A2_D1,native,463,1,0,0,0,0,invalid_raw,,-7.832468905555556,
H1A2_D1,native,464,0,0,0,0,0,generation_failure,,,
H1A2_D1,native,465,1,1,0,0,1,verified,-4.73179292678833,-4.891678837282052,0.15988591049372225
H1A2_D1,native,466,1,0,0,0,0,invalid_raw,,-6.366389921785728,
H1A2_D1,native,467,0,1,0,0,0,not_converged,-3.3009016513824463,-3.8109432977777784,0.5100416463953321
H1A2_D1,native,468,1,0,0,0,0,invalid_raw,,-7.725826418541667,
H1A2_D1,native,469,1,1,0,0,0,invalid_terminal,-3.937227249145508,-5.184373668046875,1.2471464189013668
H1A2_D1,native,470,1,0,0,0,0,invalid_raw,,-6.1418910916666665,
H1A2_D1,native,471,1,1,0,1,1,verified,-4.249032020568848,-4.257636727777777,0.008604707208929696
H1A2_D1,native,472,1,1,0,1,1,verified,-5.733458518981934,-5.7952186475000005,0.06176012851806689
H1A2_D1,native,473,1,1,0,1,1,verified,-3.1838645935058594,-3.1897965708522724,0.005931977346413042
H1A2_D1,native,474,1,0,0,0,0,invalid_raw,,-8.160132131666666,
H1A2_D1,native,475,1,1,0,1,0,not_converged,-3.2700233459472656,-3.2908807475,0.020857401552734522
H1A2_D1,native,476,1,1,0,1,1,verified,-6.312353134155273,-6.3858088968333355,0.07345576267806209
H1A2_D1,native,477,1,0,0,0,0,invalid_raw,,-5.633232337605364,
H1A2_D1,native,478,1,0,0,0,0,invalid_raw,,-5.966823779777783,
H1A2_D1,native,479,1,0,0,0,0,invalid_raw,,-5.453567671249994,
H1A2_D1,native,480,1,0,0,0,0,invalid_raw,,-6.40845135,
H1A2_D1,native,481,1,1,0,0,1,verified,-7.24568510055542,-7.840069253749998,0.5943841531945777
H1A2_D1,native,482,1,0,0,0,0,invalid_raw,,-8.566373946500002,
H1A2_D1,native,483,1,0,0,0,0,invalid_raw,,-8.33067552250001,
H1A2_D1,native,484,1,1,0,1,0,not_converged,-3.5425918102264404,-3.640387075125,0.09779526489855961
H1A2_D1,native,485,0,1,0,0,0,invalid_terminal,-5.241161346435547,-7.438309159500001,2.197147813064454
H1A2_D1,native,486,0,0,0,0,0,invalid_raw,,-5.987368683333333,
H1A2_D1,native,487,1,0,0,0,0,invalid_raw,,-8.441607665500001,
H1A2_D1,native,488,1,1,0,1,1,verified,-1.7934423685073853,-1.81458719,0.02114482149261465
H1A2_D1,native,489,1,0,0,0,0,invalid_raw,,-5.182306179999999,
H1A2_D1,native,490,1,0,0,0,0,invalid_raw,,-6.140405388333333,
H1A2_D1,native,491,0,0,0,0,0,invalid_raw,,-7.95283244158334,
H1A2_D1,native,492,1,1,0,0,0,not_converged,-6.603817939758301,-7.366108416666662,0.7622904769083609
H1A2_D1,native,493,1,0,0,0,0,invalid_raw,,-6.675795845069443,
H1A2_D1,native,494,1,0,0,0,0,invalid_raw,,-6.752732359625,
H1A2_D1,native,495,1,0,0,0,0,invalid_raw,,-8.445496715865385,
H1A2_D1,native,496,1,0,0,0,0,invalid_raw,,-8.799084292000003,
H1A2_D1,native,497,1,0,0,0,0,invalid_raw,,-6.265854163640623,
H1A2_D1,native,498,1,0,0,0,0,invalid_raw,,-9.113073129166667,
H1A2_D1,native,499,1,1,0,1,0,not_converged,-1.319838285446167,-1.3605156349999998,0.04067734955383284
H1A2_D1,native,500,1,1,0,0,1,verified,-3.1190075874328613,-3.2581879712500004,0.13918038381713904
H1A2_D1,native,501,1,0,0,0,0,invalid_raw,,-7.274399870625004,
H1A2_D1,native,502,1,1,0,0,0,not_converged,-0.580803632736206,-3.733119167333333,3.1523155345971268
H1A2_D1,native,503,1,0,0,0,0,invalid_raw,,-8.380222386835644,
H1A2_D1,native,504,1,0,0,0,0,invalid_raw,,-6.321931073571428,
H1A2_D1,native,505,1,0,0,0,0,invalid_raw,,-6.1209733422222214,
H1A2_D1,native,506,1,1,1,1,0,not_converged,-6.0615234375,-6.0073073536538475,-0.05421608384615251
H1A2_D1,native,507,1,1,0,0,0,not_converged,-4.919937610626221,-5.120989921666667,0.20105231104044652
H1A2_D1,native,508,1,0,0,0,0,invalid_raw,,-5.97049048125,
H1A2_D1,native,509,0,0,0,0,0,invalid_raw,,-5.963047953482141,
H1A2_D1,native,510,0,0,0,0,0,invalid_raw,,-6.112085032805556,
H1A2_D1,native,511,1,0,0,0,0,invalid_raw,,-7.744531859375,
H1A2_D1,native,512,0,1,0,0,0,invalid_terminal,-5.465802192687988,-6.069127939166666,0.6033257464786779
H1A2_D1,native,513,1,1,0,0,0,invalid_terminal,-3.1283717155456543,-5.5535936321875,2.4252219166418456
H1A2_D1,native,514,1,0,0,0,0,invalid_raw,,-5.7685055025,
H1A2_D1,native,515,1,0,0,0,0,invalid_raw,,-7.131432083469386,
H1A2_D1,native,516,1,0,0,0,0,invalid_raw,,-4.874577810797101,
H1A2_D1,native,517,0,0,0,0,0,invalid_raw,,-8.430237784180548,
H1A2_D1,native,518,1,0,0,0,0,invalid_raw,,-6.32724859,
H1A2_D1,native,519,1,0,0,0,0,invalid_raw,,-7.463248600833333,
H1A2_D1,native,520,1,0,0,0,0,invalid_raw,,-6.849193782499998,
H1A2_D1,native,521,1,0,0,0,0,invalid_raw,,-6.441000308333333,
H1A2_D1,native,522,1,1,0,0,1,verified,-3.5067527294158936,-3.8414387829761907,0.3346860535602971
H1A2_D1,native,523,1,0,0,0,0,invalid_raw,,-8.718612457833338,
H1A2_D1,native,524,1,0,0,0,0,invalid_raw,,-5.511338759642857,
H1A2_D1,native,525,1,0,0,0,0,invalid_raw,,-6.595725783690476,
H1A2_D1,native,526,1,0,0,0,0,invalid_raw,,-5.182306179999999,
H1A2_D1,native,527,1,1,1,1,1,verified,-4.6806640625,-4.641573311111113,-0.03909075138888696
H1A2_D1,native,528,1,0,0,0,0,invalid_raw,,-6.308745976428566,
H1A2_D1,native,529,1,0,0,0,0,invalid_raw,,-2.8910942266666666,
H1A2_D1,native,530,1,0,0,0,0,invalid_raw,,-6.1209733422222214,
H1A2_D1,native,531,1,1,0,0,1,verified,-3.8752167224884033,-4.060792923,0.18557620051159684
H1A2_D1,native,532,0,0,0,0,0,invalid_raw,,-8.299187171470596,
H1A2_D1,native,533,1,0,0,0,0,invalid_raw,,-7.610649461428571,
H1A2_D1,native,534,1,1,0,0,0,not_converged,0.7066986560821533,-2.7844803107499985,3.491178966832152
H1A2_D1,native,535,1,0,0,0,0,invalid_raw,,-4.35474680975,
H1A2_D1,native,536,1,1,0,0,1,verified,-7.343202590942383,-7.486074154999999,0.14287156405761614
H1A2_D1,native,537,1,0,0,0,0,invalid_raw,,-6.956924663500001,
H1A2_D1,native,538,0,1,1,1,1,verified,-3.8206946849823,-3.8169818549999963,-0.0037128299823034894
H1A2_D1,native,539,0,1,0,0,0,invalid_terminal,-5.529345989227295,-5.990063168333334,0.46071717910603915
H1A2_D1,native,540,1,1,0,0,0,not_converged,-4.481705188751221,-4.822480633362069,0.3407754446108484
H1A2_D1,native,541,1,1,0,0,0,not_converged,8.06723403930664,-3.344931825833333,11.412165865139974
H1A2_D1,native,542,1,0,0,0,0,invalid_raw,,-3.21176262125,
H1A2_D1,native,543,1,0,0,0,0,invalid_raw,,-5.867925685555556,
H1A2_D1,native,544,0,0,0,0,0,invalid_raw,,-3.134796051494253,
H1A2_D1,native,545,1,0,0,0,0,invalid_raw,,-5.232126961999998,
H1A2_D1,native,546,1,0,0,0,0,invalid_raw,,-7.440291984583329,
H1A2_D1,native,547,1,0,0,0,0,invalid_raw,,-5.417338445,
H1A2_D1,native,548,1,1,0,0,1,verified,-4.916302680969238,-5.026056615,0.10975393403076161
H1A2_D1,native,549,1,0,0,0,0,invalid_raw,,-4.7867108075,
H1A2_D1,native,550,1,0,0,0,0,invalid_raw,,-4.434936616666667,
H1A2_D1,native,551,0,0,0,0,0,invalid_raw,,-8.409315963974366,
H1A2_D1,native,552,1,0,0,0,0,invalid_raw,,-6.395818074999999,
H1A2_D1,native,553,1,1,0,0,0,not_converged,-2.9072065353393555,-7.99947954884058,5.092273013501225
H1A2_D1,native,554,1,1,0,1,0,not_converged,-3.208571434020996,-3.3051274425,0.09655600847900381
H1A2_D1,native,555,1,1,0,0,1,verified,-5.651689529418945,-5.76129931796875,0.10960978854980485
H1A2_D1,native,556,1,1,1,1,1,verified,-4.10714054107666,-4.078556233362069,-0.028584307714591084
H1A2_D1,native,557,1,0,0,0,0,invalid_raw,,-4.856504486666666,
H1A2_D1,native,558,1,0,0,0,0,invalid_raw,,-6.062922377843134,
H1A2_D1,native,559,1,0,0,0,0,invalid_raw,,-8.271957885541669,
H1A2_D1,native,560,1,0,0,0,0,invalid_raw,,-5.219441670624999,
H1A2_D1,native,561,1,0,0,0,0,invalid_raw,,-7.360338014583332,
H1A2_D1,native,562,1,1,0,0,1,verified,-6.62579870223999,-6.998467425958331,0.37266872371834037
H1A2_D1,native,563,0,1,0,1,0,not_converged,-5.667026519775391,-5.746246750681818,0.0792202309064276
H1A2_D1,native,564,1,0,0,0,0,invalid_raw,,-8.380616457222251,
H1A2_D1,native,565,1,0,0,0,0,invalid_raw,,-6.9844244628125,
H1A2_D1,native,566,1,0,0,0,0,invalid_raw,,-4.84617572277778,
H1A2_D1,native,567,1,0,0,0,0,invalid_raw,,-6.977218462222222,
H1A2_D1,native,568,1,0,0,0,0,invalid_raw,,-5.667199826875002,
H1A2_D1,native,569,1,0,0,0,0,invalid_raw,,-6.21799675625,
H1A2_D1,native,570,1,0,0,0,0,invalid_raw,,-6.536831063,
H1A2_D1,native,571,1,1,0,0,0,invalid_terminal,-3.0030605792999268,-6.055091405,3.052030825700073
H1A2_D1,native,572,1,1,0,0,0,not_converged,-5.305186748504639,-5.894236688333334,0.589049939828695
H1A2_D1,native,573,1,0,0,0,0,invalid_raw,,-8.860979771071428,
H1A2_D1,native,574,1,1,0,0,1,verified,-7.862380027770996,-9.130724048000001,1.268344020229005
H1A2_D1,native,575,1,0,0,0,0,invalid_raw,,-9.64368324390625,
H1A2_D1,native,576,1,0,0,0,0,invalid_raw,,-7.9463406372500005,
H1A2_D1,native,577,1,1,0,0,0,not_converged,-7.786898612976074,-7.898664346666666,0.11176573369059195
H1A2_D1,native,578,0,0,0,0,0,invalid_raw,,-7.904137801011904,
H1A2_D1,native,579,1,1,0,0,0,not_converged,-4.327958583831787,-4.5974441825,0.2694855986682132
H1A2_D1,native,580,1,1,0,0,0,not_converged,-4.1396870613098145,-4.272866928125,0.13317986681518512
H1A2_D1,native,581,1,0,0,0,0,invalid_raw,,-5.185017391111113,
H1A2_D1,native,582,1,0,0,0,0,invalid_raw,,-8.296152071761648,
H1A2_D1,native,583,1,0,0,0,0,invalid_raw,,-7.458291330000001,
H1A2_D1,native,584,0,0,0,0,0,invalid_raw,,-7.174230668947368,
H1A2_D1,native,585,1,1,0,0,0,invalid_terminal,-5.428765296936035,-8.19349129625,2.7647259993139652
H1A2_D1,native,586,1,0,0,0,0,invalid_raw,,-7.941595019763888,
H1A2_D1,native,587,1,0,0,0,0,invalid_raw,,-9.076747898350009,
H1A2_D1,native,588,1,1,0,1,1,verified,-3.8611929416656494,-3.940254005833328,0.07906106416767855
H1A2_D1,native,589,1,1,0,0,0,not_converged,-7.8234477043151855,-7.931246645416669,0.10779894110148369
H1A2_D1,native,590,1,0,0,0,0,invalid_raw,,-6.075083163750001,
H1A2_D1,native,591,0,0,0,0,0,invalid_raw,,-6.8908339850875,
H1A2_D1,native,592,0,0,0,0,0,invalid_raw,,-6.488100046428571,
H1A2_D1,native,593,1,0,0,0,0,invalid_raw,,-7.644372546564039,
H1A2_D1,native,594,1,0,0,0,0,invalid_raw,,-5.137322595390621,
H1A2_D1,native,595,1,1,0,1,0,not_converged,-3.7297234535217285,-3.8109214989166658,0.08119804539493725
H1A2_D1,native,596,1,0,0,0,0,invalid_raw,,-6.385504746666666,
H1A2_D1,native,597,1,1,0,0,0,not_converged,2.9538917541503906,-5.647885306666667,8.601777060817057
H1A2_D1,native,598,1,1,0,0,1,verified,-3.988718271255493,-4.171417369375,0.1826990981195067
H1A2_D1,native,599,1,0,0,0,0,invalid_raw,,-7.0417229487916675,
H1A2_D1,native,600,1,0,0,0,0,invalid_raw,,-8.616930196354147,
H1A2_D1,native,601,1,0,0,0,0,invalid_raw,,-6.7198361735714345,
H1A2_D1,native,602,1,1,0,0,1,verified,-5.386030197143555,-5.603360449083334,0.21733025193977973
H1A2_D1,native,603,1,1,0,0,0,invalid_terminal,-3.6720831394195557,-7.231503501249999,3.559420361830443
H1A2_D1,native,604,1,0,0,0,0,invalid_raw,,-8.567752844413793,
H1A2_D1,native,605,1,0,0,0,0,invalid_raw,,-6.532762696923074,
H1A2_D1,native,606,1,1,0,0,0,not_converged,-6.686989784240723,-8.254909004166667,1.567919219925944
H1A2_D1,native,607,1,0,0,0,0,invalid_raw,,,
H1A2_D1,native,608,1,0,0,0,0,invalid_raw,,-8.381697039583335,
H1A2_D1,native,609,1,0,0,0,0,invalid_raw,,-6.8928177428125,
H1A2_D1,native,610,1,1,0,0,0,not_converged,-7.986459255218506,-8.31294434,0.32648508478149374
H1A2_D1,native,611,1,0,0,0,0,invalid_raw,,-3.878981410000002,
H1A2_D1,native,612,1,1,0,0,0,invalid_terminal,-1.2019596099853516,-5.094008341999999,3.892048732014647
H1A2_D1,native,613,1,1,0,0,0,not_converged,-6.837348461151123,-6.9800357155,0.14268725434887664
H1A2_D1,native,614,1,0,0,0,0,invalid_raw,,,
H1A2_D1,native,615,1,1,1,1,0,not_converged,-5.308551788330078,-5.28278373,-0.025768058330077892
H1A2_D1,native,616,1,0,0,0,0,invalid_raw,,-3.9262666141666664,
H1A2_D1,native,617,1,1,0,0,0,not_converged,-1.2695026397705078,-6.814666827499999,5.545164187729491
H1A2_D1,native,618,1,0,0,0,0,invalid_raw,,-6.854147907142856,
H1A2_D1,native,619,1,1,1,1,1,verified,-4.797892093658447,-4.790574097530303,-0.007317996128143989
H1A2_D1,native,620,1,0,0,0,0,invalid_raw,,-2.8438955515948283,
H1A2_D1,native,621,1,1,0,0,1,verified,-2.792276620864868,-3.039236250269841,0.24695962940497296
H1A2_D1,native,622,1,0,0,0,0,invalid_raw,,-6.555785223571426,
H1A2_D1,native,623,0,0,0,0,0,invalid_raw,,-4.2769381272222216,
H1A2_D1,native,624,1,0,0,0,0,invalid_raw,,-6.934263380833335,
H1A2_D1,native,625,1,1,0,0,0,invalid_terminal,-6.11025333404541,-9.166623443333334,3.056370109287924
H1A2_D1,native,626,0,0,0,0,0,invalid_raw,,-3.340783218645833,
H1A2_D1,native,627,1,1,0,0,0,not_converged,-4.606657028198242,-5.0370138577777785,0.43035682957953636
H1A2_D1,native,628,1,1,0,0,1,verified,-3.3150503635406494,,
H1A2_D1,native,629,1,0,0,0,0,invalid_raw,,-7.59869000259375,
H1A2_D1,native,630,1,0,0,0,0,invalid_raw,,,
H1A2_D1,native,631,0,1,0,1,0,not_converged,-3.826052665710449,-3.8578771125,0.031824446789550986
H1A2_D1,native,632,1,1,0,0,0,not_converged,-2.058485507965088,-7.290978368999999,5.2324928610349115
H1A2_D1,native,633,0,1,0,0,0,invalid_terminal,-5.771019458770752,-8.217829233173074,2.446809774402322
H1A2_D1,native,634,1,0,0,0,0,invalid_raw,,-8.099678662354178,
H1A2_D1,native,635,1,1,0,0,1,verified,-3.225983142852783,-3.4289641216666666,0.20298097881388344
H1A2_D1,native,636,1,0,0,0,0,invalid_raw,,-7.110636203593749,
H1A2_D1,native,637,0,0,0,0,0,generation_failure,,,
H1A2_D1,native,638,1,0,0,0,0,invalid_raw,,-5.018267591000001,
H1A2_D1,native,639,1,0,0,0,0,invalid_raw,,-3.2128957719999995,
H1A2_D1,native,640,1,0,0,0,0,invalid_raw,,-8.625241947500001,
H1A2_D1,native,641,1,1,0,1,0,not_converged,-4.427353858947754,-4.518596746785716,0.09124288783796253
H1A2_D1,native,642,0,0,0,0,0,invalid_raw,,-5.785255833964286,
H1A2_D1,native,643,1,1,0,0,0,not_converged,-1.769960880279541,-1.9412918889473683,0.17133100866782724
H1A2_D1,native,644,1,0,0,0,0,invalid_raw,,-8.7441595753125,
H1A2_D1,native,645,0,1,0,0,1,verified,-3.5266683101654053,-4.117912353333335,0.5912440431679293
H1A2_D1,native,646,1,1,0,0,0,not_converged,-4.027407169342041,-4.1451110525,0.11770388315795888
H1A2_D1,native,647,1,1,0,0,0,invalid_terminal,-0.3954133987426758,-3.943475848089081,3.5480624493464052
H1A2_D1,native,648,1,0,0,0,0,invalid_raw,,-6.777828643611112,
H1A2_D1,native,649,1,1,0,0,0,not_converged,-6.65976619720459,-6.8069309675,0.14716477029540975
H1A2_D1,native,650,0,0,0,0,0,invalid_raw,,-4.8071164225,
H1A2_D1,native,651,1,0,0,0,0,invalid_raw,,-7.2420316029999965,
H1A2_D1,native,652,1,0,0,0,0,invalid_raw,,-4.489138247901787,
H1A2_D1,native,653,1,0,0,0,0,invalid_raw,,-5.942038990000001,
H1A2_D1,native,654,1,0,0,0,0,invalid_raw,,-7.80430871946875,
H1A2_D1,native,655,1,0,0,0,0,invalid_raw,,-7.71596877875,
H1A2_D1,native,656,1,1,0,0,0,not_converged,-7.333652496337891,-7.576344552857143,0.2426920565192523
H1A2_D1,native,657,1,0,0,0,0,invalid_raw,,-6.7247548070892895,
H1A2_D1,native,658,1,0,0,0,0,invalid_raw,,-7.847256631959379,
H1A2_D1,native,659,1,1,0,1,1,verified,-2.419922113418579,-2.5140636025000003,0.09414148908142117
H1A2_D1,native,660,1,0,0,0,0,invalid_raw,,-8.076085841892853,
H1A2_D1,native,661,1,0,0,0,0,invalid_raw,,-7.168872619000002,
H1A2_D1,native,662,1,0,0,0,0,invalid_raw,,-7.5118813395,
H1A2_D1,native,663,1,1,0,0,0,invalid_terminal,-5.462555408477783,-8.2644569396875,2.801901531209717
H1A2_D1,native,664,1,0,0,0,0,invalid_raw,,,
H1A2_D1,native,665,0,1,0,0,0,not_converged,-5.991338729858398,-6.265704854,0.27436612414160155
H1A2_D1,native,666,1,0,0,0,0,invalid_raw,,-8.702747815555556,
H1A2_D1,native,667,1,0,0,0,0,invalid_raw,,-4.125440847395833,
H1A2_D1,native,668,1,1,0,0,0,not_converged,-4.132484436035156,-4.470746124444444,0.33826168840928794
H1A2_D1,native,669,1,1,0,0,0,invalid_terminal,-5.02382230758667,-6.6621268041666655,1.6383044965799956
H1A2_D1,native,670,1,1,0,0,1,verified,-6.365143775939941,-6.765227836375001,0.4000840604350593
H1A2_D1,native,671,1,0,0,0,0,invalid_raw,,-7.443452225374998,
H1A2_D1,native,672,0,1,0,0,0,not_converged,-5.32692813873291,-5.521868224097222,0.19494008536431195
H1A2_D1,native,673,1,0,0,0,0,invalid_raw,,-5.39619175625,
H1A2_D1,native,674,1,0,0,0,0,invalid_raw,,-7.240865731547606,
H1A2_D1,native,675,1,0,0,0,0,invalid_raw,,-4.807592882869896,
H1A2_D1,native,676,1,1,0,0,1,verified,-0.6427340507507324,-7.950022721388889,7.307288670638156
H1A2_D1,native,677,1,0,0,0,0,invalid_raw,,-5.574598848888892,
H1A2_D1,native,678,1,0,0,0,0,invalid_raw,,-6.0105781128316345,
H1A2_D1,native,679,1,0,0,0,0,invalid_raw,,-4.645062652783783,
H1A2_D1,native,680,1,1,0,0,0,invalid_terminal,-6.736521244049072,-7.73580783,0.9992865859509275
H1A2_D1,native,681,1,0,0,0,0,invalid_raw,,-6.442499237692307,
H1A2_D1,native,682,1,0,0,0,0,invalid_raw,,-7.677512827749999,
H1A2_D1,native,683,1,1,0,1,0,not_converged,-5.661511421203613,-5.7153636783333335,0.053852257129720194
H1A2_D1,native,684,1,0,0,0,0,invalid_raw,,-6.620050240833334,
H1A2_D1,native,685,1,0,0,0,0,invalid_raw,,-5.0402639921875,
H1A2_D1,native,686,1,0,0,0,0,invalid_raw,,-6.632185537392859,
H1A2_D1,native,687,1,0,0,0,0,invalid_raw,,-8.233708902777778,
H1A2_D1,native,688,1,1,0,1,0,not_converged,-2.4124624729156494,-2.4936662025000005,0.08120372958435107
H1A2_D1,native,689,0,0,0,0,0,invalid_raw,,-6.3002516555102,
H1A2_D1,native,690,1,1,0,0,0,not_converged,-4.809082508087158,,
H1A2_D1,native,691,1,0,0,0,0,invalid_raw,,-4.787270853333333,
H1A2_D1,native,692,1,1,1,1,1,verified,-6.182887077331543,-6.17405111666667,-0.008835960664873355
H1A2_D1,native,693,1,0,0,0,0,invalid_raw,,-6.4184782624074,
H1A2_D1,native,694,1,0,0,0,0,invalid_raw,,-4.934960862916669,
H1A2_D1,native,695,1,1,0,0,0,invalid_terminal,-4.433254241943359,-4.812299475,0.3790452330566403
H1A2_D1,native,696,1,1,0,1,1,verified,-3.127462148666382,-3.1968489839999985,0.06938683533361667
H1A2_D1,native,697,1,1,0,0,1,verified,-6.153520584106445,-6.26341539,0.10989480589355427
H1A2_D1,native,698,1,0,0,0,0,invalid_raw,,-8.10818995285713,
H1A2_D1,native,699,1,0,0,0,0,invalid_raw,,-6.95063766,
H1A2_D1,native,700,1,1,0,0,0,not_converged,-5.4820661544799805,-6.512159472222223,1.0300933177422422
H1A2_D1,native,701,1,0,0,0,0,invalid_raw,,-1.3200470271684348,
H1A2_D1,native,702,1,1,0,0,1,verified,-5.290534019470215,-6.28886659,0.9983325705297847
H1A2_D1,native,703,0,1,0,0,0,not_converged,-6.756237506866455,-6.891417424285714,0.13517991741925872
H1A2_D1,native,704,1,0,0,0,0,invalid_raw,,-8.51688622213451,
H1A2_D1,native,705,1,1,1,1,0,not_converged,-5.298628330230713,-5.233241557916665,-0.06538677231404755
H1A2_D1,native,706,1,1,0,0,0,invalid_terminal,-5.8734002113342285,-7.342743946375009,1.4693437350407805
H1A2_D1,native,707,1,1,0,0,0,invalid_terminal,-4.172979354858398,-4.7680858299999995,0.5951064751416011
H1A2_D1,native,708,1,0,0,0,0,invalid_raw,,-6.971894294761912,
H1A2_D1,native,709,0,0,0,0,0,invalid_raw,,-7.098623117619049,
H1A2_D1,native,710,1,1,0,0,0,not_converged,-6.912025451660156,-7.342082446388888,0.4300569947287318
H1A2_D1,native,711,1,0,0,0,0,invalid_raw,,-7.74208865875,
H1A2_D1,native,712,1,1,0,1,0,not_converged,-5.500588893890381,-5.551665437777777,0.051076543887396575
H1A2_D1,native,713,1,1,0,0,0,not_converged,-6.650052070617676,-7.49526839575,0.8452163251323244
H1A2_D1,native,714,1,1,0,1,0,not_converged,-3.8208963871002197,-3.9130018430000004,0.0921054558997807
H1A2_D1,native,715,0,1,0,0,0,not_converged,-5.521720886230469,-5.719087657083333,0.19736677085286392
H1A2_D1,native,716,1,0,0,0,0,invalid_raw,,-7.737812645333337,
H1A2_D1,native,717,1,1,0,0,0,not_converged,3.9035139083862305,-6.5044673237857165,10.407981232171947
H1A2_D1,native,718,1,0,0,0,0,invalid_raw,,-9.996184573500003,
H1A2_D1,native,719,1,1,0,0,0,not_converged,-5.284113883972168,-5.44340574375,0.15929185977783167
H1A2_D1,native,720,0,0,0,0,0,invalid_raw,,-9.24237755570988,
H1A2_D1,native,721,1,0,0,0,0,invalid_raw,,-5.415105802638893,
H1A2_D1,native,722,1,0,0,0,0,invalid_raw,,-4.768434421111113,
H1A2_D1,native,723,1,1,0,1,1,verified,-3.924497365951538,-3.954560286,0.030062920048461894
H1A2_D1,native,724,1,1,0,0,1,verified,-4.362163066864014,-4.541502935178574,0.1793398683145604
H1A2_D1,native,725,1,1,0,0,0,not_converged,-6.485637187957764,-6.748878903333334,0.2632417153755702
H1A2_D1,native,726,1,0,0,0,0,invalid_raw,,-7.628483750411527,
H1A2_D1,native,727,1,1,0,0,0,invalid_terminal,-2.385563611984253,-3.520395878666667,1.1348322666824142
H1A2_D1,native,728,1,1,0,0,1,verified,-3.6301636695861816,-3.76551414375,0.1353504741638183
H1A2_D1,native,729,1,1,0,0,1,verified,-5.570867538452148,-5.862104980555555,0.29123744210340696
H1A2_D1,native,730,0,1,0,0,0,not_converged,5.139147758483887,-1.98562423,7.124771988483887
H1A2_D1,native,731,1,0,0,0,0,invalid_raw,,-6.581252318333334,
H1A2_D1,native,732,0,0,0,0,0,generation_failure,,,
H1A2_D1,native,733,1,1,0,0,0,not_converged,-7.06040096282959,-7.336335197499998,0.2759342346704079
H1A2_D1,native,734,1,0,0,0,0,invalid_raw,,-6.658401237142859,
H1A2_D1,native,735,1,0,0,0,0,invalid_raw,,-8.270374294444444,
H1A2_D1,native,736,1,1,0,0,1,verified,-3.4995431900024414,-3.610058185,0.11051499499755879
H1A2_D1,native,737,1,0,0,0,0,invalid_raw,,-3.5546431343039373,
H1A2_D1,native,738,1,1,0,1,1,verified,-0.23117861151695251,-0.303680365,0.07250175348304749
H1A2_D1,native,739,1,0,0,0,0,invalid_raw,,-8.060540081875,
H1A2_D1,native,740,1,1,0,0,0,not_converged,-8.606219291687012,-8.8303579059375,0.22413861425048864
H1A2_D1,native,741,1,0,0,0,0,invalid_raw,,-4.542635367083333,
H1A2_D1,native,742,1,1,0,0,0,not_converged,-5.2796735763549805,-5.7849796383333345,0.505306061978354
H1A2_D1,native,743,1,0,0,0,0,invalid_raw,,-7.822364705357142,
H1A2_D1,native,744,1,1,0,1,1,verified,-3.195112466812134,-3.2121013475,0.016988880687866192
H1A2_D1,native,745,1,1,0,0,0,invalid_terminal,-1.814528465270996,-2.2923379383333327,0.47780947306233656
H1A2_D1,native,746,1,0,0,0,0,invalid_raw,,-5.304544437332861,
H1A2_D1,native,747,1,0,0,0,0,invalid_raw,,-5.0581171225,
H1A2_D1,native,748,1,1,0,0,0,invalid_terminal,-5.762385368347168,-8.277995374,2.5156100056528317
H1A2_D1,native,749,1,0,0,0,0,invalid_raw,,-4.604603925034723,
H1A2_D1,native,750,0,0,0,0,0,invalid_raw,,-9.31128927875,
H1A2_D1,native,751,1,0,0,0,0,invalid_raw,,-1.7605242516666666,
H1A2_D1,native,752,1,0,0,0,0,invalid_raw,,-6.722576283923612,
H1A2_D1,native,753,1,1,0,0,0,invalid_terminal,-4.864164352416992,-8.392790857954543,3.5286265055375505
H1A2_D1,native,754,1,0,0,0,0,invalid_raw,,-7.1307171941666665,
H1A2_D1,native,755,1,0,0,0,0,invalid_raw,,-8.100070554490738,
H1A2_D1,native,756,1,0,0,0,0,invalid_raw,,-6.170512414999999,
H1A2_D1,native,757,1,1,0,1,0,not_converged,-2.4670541286468506,-2.4789405550000003,0.011886426353149737
H1A2_D1,native,758,1,0,0,0,0,invalid_raw,,-2.961283005499999,
H1A2_D1,native,759,1,1,0,0,0,invalid_terminal,-2.4344568252563477,-7.1151969909999995,4.680740165743652
H1A2_D1,native,760,1,1,0,0,0,invalid_terminal,-3.3463006019592285,-8.806885058333334,5.4605844563741055
H1A2_D1,native,761,1,1,0,0,0,not_converged,-5.736949443817139,-6.0097346,0.27278515618286114
H1A2_D1,native,762,1,0,0,0,0,invalid_raw,,-7.990677937000004,
H1A2_D1,native,763,1,0,0,0,0,invalid_raw,,-7.950050906588233,
H1A2_D1,native,764,1,0,0,0,0,invalid_raw,,-6.141018505666668,
H1A2_D1,native,765,1,0,0,0,0,invalid_raw,,-9.408722988500001,
H1A2_D1,native,766,1,0,0,0,0,invalid_raw,,-7.516797979874999,
H1A2_D1,native,767,1,1,0,1,1,verified,-3.852637529373169,-3.9270266900000004,0.07438916062683143
H1A2_D1,native,768,0,1,0,1,0,not_converged,-2.903489112854004,-2.9515350016666666,0.048045888812662696
H1A2_D1,native,769,0,0,0,0,0,invalid_raw,,-2.7539722699999998,
H1A2_D1,native,770,1,1,0,1,0,not_converged,-9.992347717285156,-10.048376367284483,0.056028649999326774
H1A2_D1,native,771,1,1,0,0,0,invalid_terminal,-5.910503387451172,-6.876949725,0.9664463375488284
H1A2_D1,native,772,1,1,0,0,1,verified,-6.198945045471191,-6.3711112776341,0.17216623216290827
H1A2_D1,native,773,1,1,0,0,0,not_converged,-6.952727317810059,-7.122875232,0.17014791418994157
H1A2_D1,native,774,0,0,0,0,0,invalid_raw,,-5.519281235555556,
H1A2_D1,native,775,1,0,0,0,0,invalid_raw,,-8.426084988249997,
H1A2_D1,native,776,1,0,0,0,0,invalid_raw,,-7.4584241271249985,
H1A2_D1,native,777,1,0,0,0,0,invalid_raw,,-7.233627473281253,
H1A2_D1,native,778,0,1,0,0,0,not_converged,-4.138382434844971,-4.371537115833334,0.23315468098836334
H1A2_D1,native,779,1,1,0,0,1,verified,-1.0433385372161865,-1.2390868766666667,0.1957483394504802
H1A2_D1,native,780,1,0,0,0,0,invalid_raw,,-7.740167285859375,
H1A2_D1,native,781,1,0,0,0,0,invalid_raw,,-7.84885051774306,
H1A2_D1,native,782,1,0,0,0,0,invalid_raw,,-6.171937493333335,
H1A2_D1,native,783,1,1,0,1,1,verified,-4.821894645690918,-4.879491741927084,0.057597096236166045
H1A2_D1,native,784,1,0,0,0,0,invalid_raw,,-3.3851983528030303,
H1A2_D1,native,785,1,1,0,0,0,not_converged,-2.860203266143799,-3.1086040609027785,0.2484007947589797
H1A2_D1,native,786,1,1,0,1,0,not_converged,-7.747502326965332,-7.8457092920000004,0.09820696503466841
H1A2_D1,native,787,1,0,0,0,0,invalid_raw,,-7.576344552857143,
H1A2_D1,native,788,1,1,0,0,0,not_converged,5.285237789154053,-4.211207498333334,9.496445287487386
H1A2_D1,native,789,0,0,0,0,0,invalid_raw,,-4.84518570875,
H1A2_D1,native,790,1,0,0,0,0,invalid_raw,,-7.40743246492347,
H1A2_D1,native,791,1,1,0,0,0,invalid_terminal,-4.950352191925049,,
H1A2_D1,native,792,1,1,0,1,1,verified,-3.252927780151367,-3.3161780075,0.06325022734863284
H1A2_D1,native,793,1,0,0,0,0,invalid_raw,,-6.4379727303333345,
H1A2_D1,native,794,1,1,0,0,0,invalid_terminal,0.1914510726928711,-6.924964055128209,7.11641512782108
H1A2_D1,native,795,1,0,0,0,0,invalid_raw,,-6.949095105,
H1A2_D1,native,796,1,0,0,0,0,invalid_raw,,-6.117192943333333,
H1A2_D1,native,797,1,1,0,0,1,verified,-5.421710968017578,-7.072619608125,1.6509086401074216
H1A2_D1,native,798,1,1,0,1,1,verified,-3.1676042079925537,-3.2533790555937463,0.08577484760119258
H1A2_D1,native,799,1,1,0,1,0,not_converged,-4.765422821044922,-4.856704078999998,0.09128125795507636
H1A2_D1,native,800,1,1,0,1,1,verified,-5.573314189910889,-5.672655027619047,0.0993408377081586
H1A2_D1,native,801,1,0,0,0,0,invalid_raw,,-8.228284093928572,
H1A2_D1,native,802,1,1,0,0,0,not_converged,-6.036229133605957,-6.549004996,0.5127758623940428
H1A2_D1,native,803,1,0,0,0,0,invalid_raw,,-6.119753534,
H1A2_D1,native,804,1,1,0,1,0,not_converged,-3.494398355484009,-3.573580710833334,0.07918235534932538
H1A2_D1,native,805,0,1,0,0,0,invalid_terminal,-2.809600353240967,-7.13805323076984,4.328452877528873
H1A2_D1,native,806,1,0,0,0,0,invalid_raw,,-6.870190059567901,
H1A2_D1,native,807,1,0,0,0,0,invalid_raw,,-7.276155354522222,
H1A2_D1,native,808,1,0,0,0,0,invalid_raw,,-5.949908545126046,
H1A2_D1,native,809,1,1,0,1,1,verified,-3.100820541381836,-3.1015372975,0.0007167561181642412
H1A2_D1,native,810,0,1,1,1,1,verified,-6.020033836364746,-5.33646032625,-0.683573510114746
H1A2_D1,native,811,1,0,0,0,0,invalid_raw,,-8.641752183636333,
H1A2_D1,native,812,1,0,0,0,0,invalid_raw,,-7.837688328888893,
H1A2_D1,native,813,1,0,0,0,0,invalid_raw,,-6.529200695348258,
H1A2_D1,native,814,1,1,0,0,1,verified,-9.287036895751953,-9.562298996666666,0.2752621009147127
H1A2_D1,native,815,1,0,0,0,0,invalid_raw,,-6.71261526285714,
H1A2_D1,native,816,1,1,0,0,0,invalid_terminal,-6.601846218109131,-7.27805242,0.676206201890869
H1A2_D1,native,817,1,0,0,0,0,invalid_raw,,-8.275771377777778,
H1A2_D1,native,818,1,0,0,0,0,invalid_raw,,-8.427569198,
H1A2_D1,native,819,1,1,0,0,0,invalid_terminal,-3.4785332679748535,-4.442937286666667,0.9644040186918135
H1A2_D1,native,820,0,0,0,0,0,invalid_raw,,-7.800188693214285,
H1A2_D1,native,821,1,1,1,1,0,not_converged,-132.27565002441406,-5.99867981,-126.27697021441406
H1A2_D1,native,822,1,0,0,0,0,invalid_raw,,-7.533483447794115,
H1A2_D1,native,823,1,0,0,0,0,invalid_raw,,-7.36402403991228,
H1A2_D1,native,824,1,1,0,0,0,not_converged,-2.591417074203491,,
H1A2_D1,native,825,0,1,0,0,0,not_converged,-3.7586801052093506,-3.8928727846913582,0.13419267948200764
H1A2_D1,native,826,0,0,0,0,0,generation_failure,,,
H1A2_D1,native,827,1,0,0,0,0,invalid_raw,,-8.710140971874996,
H1A2_D1,native,828,1,1,0,1,0,not_converged,-6.76970100402832,-6.825145993000001,0.05544498897168104
H1A2_D1,native,829,1,1,0,0,0,not_converged,-6.601247310638428,-7.649855285333333,1.0486079746949049
H1A2_D1,native,830,1,0,0,0,0,invalid_raw,,-7.036984786500007,
H1A2_D1,native,831,0,0,0,0,0,invalid_raw,,-3.8265329825000003,
H1A2_D1,native,832,1,0,0,0,0,invalid_raw,,-6.117308735855266,
H1A2_D1,native,833,1,0,0,0,0,invalid_raw,,-5.865303785,
H1A2_D1,native,834,1,0,0,0,0,invalid_raw,,-9.486995716666668,
H1A2_D1,native,835,1,1,0,1,0,not_converged,-3.121809482574463,-3.136149184333333,0.014339701758870227
H1A2_D1,native,836,0,0,0,0,0,invalid_raw,,-4.8613730521428575,
H1A2_D1,native,837,1,0,0,0,0,invalid_raw,,-5.614497634609375,
H1A2_D1,native,838,0,0,0,0,0,invalid_raw,,-4.0694253824999995,
H1A2_D1,native,839,1,1,0,0,0,not_converged,-5.65182638168335,-5.8394742100000006,0.18764782831665094
H1A2_D1,native,840,1,1,0,1,0,not_converged,-6.896958827972412,-6.91080607,0.01384724202758747
H1A2_D1,native,841,0,0,0,0,0,invalid_raw,,-5.556708085096156,
H1A2_D1,native,842,1,0,0,0,0,invalid_raw,,-8.422012696979166,
H1A2_D1,native,843,1,1,0,1,1,verified,-1.9953827857971191,-2.027634694074074,0.03225190827695501
H1A2_D1,native,844,1,0,0,0,0,invalid_raw,,-6.931591296458333,
H1A2_D1,native,845,1,0,0,0,0,invalid_raw,,-6.838058308666669,
H1A2_D1,native,846,0,1,0,0,0,not_converged,-7.2596755027771,-7.3757731645,0.11609766172290037
H1A2_D1,native,847,1,1,0,0,0,not_converged,-3.690359592437744,-8.847554120749999,5.157194528312255
H1A2_D1,native,848,1,1,0,0,0,invalid_terminal,-4.948358535766602,-7.460861769488637,2.512503233722035
H1A2_D1,native,849,1,1,0,0,0,not_converged,-3.207378625869751,-3.332236382916667,0.12485775704691582
H1A2_D1,native,850,0,0,0,0,0,invalid_raw,,-6.764080356176475,
H1A2_D1,native,851,1,1,0,0,0,not_converged,-8.747625350952148,-9.274697866666667,0.5270725157145186
H1A2_D1,native,852,1,0,0,0,0,invalid_raw,,-7.925577474541658,
H1A2_D1,native,853,1,0,0,0,0,invalid_raw,,-6.0341786325,
H1A2_D1,native,854,1,0,0,0,0,invalid_raw,,-9.162336631333327,
H1A2_D1,native,855,0,1,0,1,1,verified,-4.415133476257324,-4.459803252,0.044669775742676165
H1A2_D1,native,856,1,0,0,0,0,invalid_raw,,-7.874149350833337,
H1A2_D1,native,857,1,0,0,0,0,invalid_raw,,-5.333822710000001,
H1A2_D1,native,858,1,1,0,0,0,not_converged,2.251068115234375,-4.48796225684524,6.739030372079615
H1A2_D1,native,859,1,1,0,0,0,not_converged,-4.972035884857178,-5.368700827121209,0.3966649422640316
H1A2_D1,native,860,1,0,0,0,0,invalid_raw,,-6.222918800681807,
H1A2_D1,native,861,1,0,0,0,0,invalid_raw,,-5.273301633333333,
H1A2_D1,native,862,1,1,0,1,0,not_converged,-7.031259059906006,-7.0814302341666675,0.050171174260661644
H1A2_D1,native,863,0,1,1,1,1,verified,-4.372064113616943,-4.3693331225,-0.0027309911169437484
H1A2_D1,native,864,1,1,0,1,0,not_converged,-6.1578826904296875,-6.2328494295,0.07496673907031237
H1A2_D1,native,865,0,1,0,1,0,not_converged,-5.64129638671875,-5.7010628075,0.05976642078124961
H1A2_D1,native,866,0,0,0,0,0,invalid_raw,,-6.99149448592803,
H1A2_D1,native,867,1,0,0,0,0,invalid_raw,,-7.813534150749998,
H1A2_D1,native,868,0,0,0,0,0,invalid_raw,,-4.359820095,
H1A2_D1,native,869,1,0,0,0,0,invalid_raw,,,
H1A2_D1,native,870,1,1,0,0,0,not_converged,-8.738306045532227,-10.161461063333332,1.4231550178011059
H1A2_D1,native,871,1,0,0,0,0,invalid_raw,,-5.74306424,
H1A2_D1,native,872,1,0,0,0,0,invalid_raw,,-6.707488204410716,
H1A2_D1,native,873,0,0,0,0,0,invalid_raw,,-3.5652668837500014,
H1A2_D1,native,874,0,0,0,0,0,invalid_raw,,-6.842737093058825,
H1A2_D1,native,875,1,0,0,0,0,invalid_raw,,-5.8992386660000005,
H1A2_D1,native,876,1,1,0,0,1,verified,-7.273654460906982,-7.3759375485,0.10228308759301719
H1A2_D1,native,877,1,0,0,0,0,invalid_raw,,-3.5468643036363634,
H1A2_D1,native,878,1,1,0,0,1,verified,-5.485901832580566,-5.960389945791667,0.47448811321110096
H1A2_D1,native,879,0,1,0,1,1,verified,-3.385709762573242,-3.4841492198214294,0.09843945724818726
H1A2_D1,native,880,0,1,0,0,0,not_converged,-4.091468811035156,-4.429701757,0.3382329459648439
H1A2_D1,native,881,1,0,0,0,0,invalid_raw,,-4.613803788333334,
H1A2_D1,native,882,1,1,0,1,1,verified,-8.057663917541504,-8.150295750000002,0.0926318324584976
H1A2_D1,native,883,1,0,0,0,0,invalid_raw,,-9.0141752835,
H1A2_D1,native,884,1,1,0,1,1,verified,-3.4640209674835205,-3.5155698233333332,0.051548855849812725
H1A2_D1,native,885,0,0,0,0,0,invalid_raw,,-6.981420652045454,
H1A2_D1,native,886,0,1,0,0,0,not_converged,-7.08109188079834,,
H1A2_D1,native,887,1,1,0,0,1,verified,-5.890993118286133,-6.3670003799999995,0.47600726171386665
H1A2_D1,native,888,0,0,0,0,0,invalid_raw,,-5.314269965249999,
H1A2_D1,native,889,1,0,0,0,0,invalid_raw,,-5.6162415803125,
H1A2_D1,native,890,1,0,0,0,0,invalid_raw,,-6.919078220416664,
H1A2_D1,native,891,1,1,0,0,0,not_converged,-2.6689603328704834,-2.8410345825,0.17207424962951645
H1A2_D1,native,892,1,0,0,0,0,invalid_raw,,-5.920631454027778,
H1A2_D1,native,893,1,0,0,0,0,invalid_raw,,-6.450757354166666,
H1A2_D1,native,894,1,1,1,1,0,not_converged,-3.541358470916748,-3.52689995375,-0.014458517166747953
H1A2_D1,native,895,0,1,0,0,0,invalid_terminal,-2.306307792663574,-2.7363293518055563,0.43002155914198203
H1A2_D1,native,896,1,0,0,0,0,invalid_raw,,-3.7158491445833333,
H1A2_D1,native,897,1,1,0,1,0,not_converged,-8.13170337677002,-8.160248024000001,0.028544647229981734
H1A2_D1,native,898,1,0,0,0,0,invalid_raw,,-6.831042365396824,
H1A2_D1,native,899,1,1,0,0,1,verified,-6.266698837280273,-6.812814635,0.5461157977197262
H1A2_D1,native,900,1,0,0,0,0,invalid_raw,,-9.32968279,
H1A2_D1,native,901,0,0,0,0,0,invalid_raw,,-1.8879827516927081,
H1A2_D1,native,902,1,0,0,0,0,invalid_raw,,-8.380616457222251,
H1A2_D1,native,903,0,0,0,0,0,invalid_raw,,-9.276498181714283,
H1A2_D1,native,904,1,1,0,0,0,not_converged,-4.3680009841918945,-4.476813682857139,0.10881269866524423
H1A2_D1,native,905,1,0,0,0,0,invalid_raw,,-5.6470053723214235,
H1A2_D1,native,906,1,0,0,0,0,invalid_raw,,-6.726081305,
H1A2_D1,native,907,1,0,0,0,0,invalid_raw,,-8.401153636785713,
H1A2_D1,native,908,1,1,0,1,1,verified,-4.483430862426758,-4.532290752777778,0.048859890351019786
H1A2_D1,native,909,1,0,0,0,0,invalid_raw,,-7.1612256529166665,
H1A2_D1,native,910,1,0,0,0,0,invalid_raw,,-8.195154697916665,
H1A2_D1,native,911,1,1,0,1,1,verified,-3.110288143157959,-3.1365199707718125,0.026231827613853564
H1A2_D1,native,912,1,0,0,0,0,invalid_raw,,-9.133737216491225,
H1A2_D1,native,913,1,0,0,0,0,invalid_raw,,-6.424977623680556,
H1A2_D1,native,914,1,1,0,0,0,not_converged,-6.7334699630737305,-7.548153147356322,0.8146831842825915
H1A2_D1,native,915,1,1,0,1,1,verified,-4.343760013580322,-4.4212917337499995,0.07753172016967724
H1A2_D1,native,916,1,1,0,1,0,not_converged,-4.900023460388184,-4.938927495,0.03890403461181613
H1A2_D1,native,917,1,1,0,0,1,verified,-2.166658401489258,,
H1A2_D1,native,918,0,0,0,0,0,generation_failure,,,
H1A2_D1,native,919,1,0,0,0,0,invalid_raw,,-5.935153199999993,
H1A2_D1,native,920,0,0,0,0,0,invalid_raw,,-7.309173151538461,
H1A2_D1,native,921,1,0,0,0,0,invalid_raw,,-2.0869139169444444,
H1A2_D1,native,922,0,0,0,0,0,invalid_raw,,-8.754443228499998,
H1A2_D1,native,923,1,1,0,0,0,not_converged,-5.398812294006348,-5.717606413377198,0.31879411937085056
H1A2_D1,native,924,1,1,0,0,0,invalid_terminal,0.8105032444000244,-1.9235609841666665,2.734064228566691
H1A2_D1,native,925,1,0,0,0,0,invalid_raw,,-6.645119851666667,
H1A2_D1,native,926,1,0,0,0,0,invalid_raw,,-8.251581623124999,
H1A2_D1,native,927,0,0,0,0,0,invalid_raw,,-5.789904790128208,
H1A2_D1,native,928,1,0,0,0,0,invalid_raw,,-4.955291062244899,
H1A2_D1,native,929,1,1,0,0,0,not_converged,4.087635517120361,-4.71438744047619,8.802022957596552
H1A2_D1,native,930,1,1,0,0,0,not_converged,-6.409512042999268,-6.562777495416665,0.15326545241739709
H1A2_D1,native,931,1,1,0,0,0,not_converged,-4.785602569580078,,
H1A2_D1,native,932,1,0,0,0,0,invalid_raw,,-8.626852597625001,
H1A2_D1,native,933,1,1,0,0,0,invalid_terminal,-2.1976442337036133,-6.508131777500003,4.310487543796389
H1A2_D1,native,934,1,0,0,0,0,invalid_raw,,-6.221268407500002,
H1A2_D1,native,935,1,1,0,0,0,not_converged,-0.9376276731491089,-1.9235609841666665,0.9859333110175577
H1A2_D1,native,936,1,0,0,0,0,invalid_raw,,-6.605582771093751,
H1A2_D1,native,937,1,1,0,1,1,verified,-3.628539800643921,-3.6301534775,0.0016136768560790493
H1A2_D1,native,938,1,0,0,0,0,invalid_raw,,-7.4852171425,
H1A2_D1,native,939,1,0,0,0,0,invalid_raw,,-6.588806637777775,
H1A2_D1,native,940,0,1,0,0,0,invalid_terminal,-6.635848045349121,-7.093001261234568,0.4571532158854472
H1A2_D1,native,941,1,1,0,0,0,not_converged,0.13309717178344727,-6.304610611666667,6.437707783450114
H1A2_D1,native,942,1,0,0,0,0,invalid_raw,,-6.408065929088541,
H1A2_D1,native,943,0,0,0,0,0,invalid_raw,,-5.931034952857143,
H1A2_D1,native,944,1,0,0,0,0,invalid_raw,,-5.000973668125,
H1A2_D1,native,945,0,0,0,0,0,invalid_raw,,-5.029781740000009,
H1A2_D1,native,946,1,0,0,0,0,invalid_raw,,-7.561609808437513,
H1A2_D1,native,947,1,0,0,0,0,invalid_raw,,-2.6288808611111123,
H1A2_D1,native,948,1,0,0,0,0,invalid_raw,,-9.005267389444437,
H1A2_D1,native,949,1,0,0,0,0,invalid_raw,,-9.173728859875,
H1A2_D1,native,950,1,0,0,0,0,invalid_raw,,-4.828780048266665,
H1A2_D1,native,951,1,1,0,0,0,invalid_terminal,-2.4523427486419678,-2.6353589008333334,0.18301615219136558
H1A2_D1,native,952,1,1,0,1,0,not_converged,-6.803539276123047,-6.8353379575,0.0317986813769533
H1A2_D1,native,953,0,0,0,0,0,invalid_raw,,-6.107807231399999,
H1A2_D1,native,954,1,1,0,1,1,verified,-1.5199922323226929,-1.5762890504432145,0.056296818120521674
H1A2_D1,native,955,1,0,0,0,0,invalid_raw,,-6.096721035989582,
H1A2_D1,native,956,1,1,0,0,1,verified,-5.111719131469727,-5.240470606250001,0.12875147478027404
H1A2_D1,native,957,1,0,0,0,0,invalid_raw,,-6.756182643611104,
H1A2_D1,native,958,1,0,0,0,0,invalid_raw,,-7.947011501666666,
H1A2_D1,native,959,1,1,0,1,0,not_converged,-4.199028015136719,-4.204492773249999,0.00546475811328051
H1A2_D1,native,960,1,0,0,0,0,invalid_raw,,-5.907630262857143,
H1A2_D1,native,961,1,1,0,0,0,not_converged,3.2493762969970703,-5.348174636875,8.597550933872071
H1A2_D1,native,962,1,1,0,0,1,verified,-3.093695640563965,-3.349867614000012,0.25617197343604703
H1A2_D1,native,963,1,1,0,0,0,not_converged,-5.745593070983887,-5.850962824615385,0.10536975363149814
H1A2_D1,native,964,1,0,0,0,0,invalid_raw,,-2.628029283333333,
H1A2_D1,native,965,1,0,0,0,0,invalid_raw,,-7.423750508611113,
H1A2_D1,native,966,1,0,0,0,0,invalid_raw,,-6.48022517,
H1A2_D1,native,967,0,1,0,1,0,not_converged,-8.478438377380371,-8.566027582250001,0.08758920486963007
H1A2_D1,native,968,0,0,0,0,0,invalid_raw,,-4.3953371727777775,
H1A2_D1,native,969,1,0,0,0,0,invalid_raw,,-4.579301731999999,
H1A2_D1,native,970,0,0,0,0,0,invalid_raw,,-6.008737998571429,
H1A2_D1,native,971,1,0,0,0,0,invalid_raw,,-8.300620009,
H1A2_D1,native,972,1,0,0,0,0,invalid_raw,,-4.591546156,
H1A2_D1,native,973,1,0,0,0,0,invalid_raw,,-4.275384111145833,
H1A2_D1,native,974,1,1,0,0,1,verified,-3.1740453243255615,-3.4017095735774285,0.227664249251867
H1A2_D1,native,975,1,1,0,0,0,not_converged,-1.7088282108306885,-1.9412918889473683,0.23246367811667978
H1A2_D1,native,976,1,0,0,0,0,invalid_raw,,-9.2610256993,
H1A2_D1,native,977,1,0,0,0,0,invalid_raw,,-3.2826886128333337,
H1A2_D1,native,978,1,1,0,0,0,not_converged,-3.8320887088775635,-3.96256841,0.13047970112243634
H1A2_D1,native,979,1,0,0,0,0,invalid_raw,,-5.37387322125,
H1A2_D1,native,980,0,1,0,0,0,not_converged,7.159021377563477,-3.3988047760227267,10.557826153586204
H1A2_D1,native,981,1,0,0,0,0,invalid_raw,,-6.7509717607692314,
H1A2_D1,native,982,1,1,0,0,0,not_converged,-5.159060478210449,-5.362090432083335,0.20302995387288547
H1A2_D1,native,983,1,0,0,0,0,invalid_raw,,-4.445204028333333,
H1A2_D1,native,984,1,0,0,0,0,invalid_raw,,-3.334469338125,
H1A2_D1,native,985,1,0,0,0,0,invalid_raw,,-7.7329063546296295,
H1A2_D1,native,986,1,0,0,0,0,invalid_raw,,-7.051076044499988,
H1A2_D1,native,987,1,1,0,0,0,invalid_terminal,-5.956769943237305,-7.585669332435898,1.628899389198593
H1A2_D1,native,988,1,0,0,0,0,invalid_raw,,-6.918072291,
H1A2_D1,native,989,1,0,0,0,0,invalid_raw,,-6.293208005937493,
H1A2_D1,native,990,1,0,0,0,0,invalid_raw,,-6.117308735855266,
H1A2_D1,native,991,1,0,0,0,0,invalid_raw,,-7.852421027500004,
H1A2_D1,native,992,1,1,0,0,0,not_converged,-3.2730801105499268,-3.6203491816666666,0.3472690711167399
H1A2_D1,native,993,1,1,0,1,1,verified,-3.636265993118286,-3.684443689388886,0.04817769627059976
H1A2_D1,native,994,1,1,0,1,1,verified,-4.399419784545898,-4.472193790714286,0.07277400616838747
H1A2_D1,native,995,1,0,0,0,0,invalid_raw,,-8.089172016666668,
H1A2_D1,native,996,1,0,0,0,0,invalid_raw,,-12.001129901960784,
H1A2_D1,native,997,1,0,0,0,0,invalid_raw,,-6.366955594868422,
H1A2_D1,native,998,1,0,0,0,0,invalid_raw,,-8.66466423875,
H1A2_D1,native,999,1,0,0,0,0,invalid_raw,,-6.955135084090912,
H1A2_D1,native,1000,1,0,0,0,0,invalid_raw,,-6.376005910500002,
H1A2_D1,native,1001,0,1,0,0,0,invalid_terminal,-4.554183483123779,-7.172089614785716,2.617906131661937
H1A2_D1,native,1002,1,0,0,0,0,invalid_raw,,-7.452604668935188,
H1A2_D1,native,1003,1,0,0,0,0,invalid_raw,,-4.539833736785715,
H1A2_D1,native,1004,1,1,0,0,1,verified,-4.279153347015381,-5.235251914,0.9560985669846191
H1A2_D1,native,1005,1,0,0,0,0,invalid_raw,,-7.464738426875,
H1A2_D1,native,1006,1,1,0,0,0,not_converged,-8.480239868164062,-8.99303566375,0.5127957955859372
H1A2_D1,native,1007,1,1,0,0,0,not_converged,-8.537962913513184,-8.848548997249987,0.3105860837368031
H1A2_D1,native,1008,0,1,0,0,0,invalid_terminal,-5.557437419891357,-7.204191587857143,1.6467541679657858
H1A2_D1,native,1009,1,1,0,0,1,verified,-3.267662763595581,-3.37754515125,0.10988238765441904
H1A2_D1,native,1010,0,0,0,0,0,invalid_raw,,-6.122153780833333,
H1A2_D1,native,1011,1,0,0,0,0,invalid_raw,,-8.964119810833333,
H1A2_D1,native,1012,1,0,0,0,0,invalid_raw,,-6.814666827499999,
H1A2_D1,native,1013,1,0,0,0,0,invalid_raw,,-6.279278795468749,
H1A2_D1,native,1014,1,1,0,0,1,verified,-5.316247463226318,-5.422837616018516,0.1065901527921973
H1A2_D1,native,1015,1,0,0,0,0,invalid_raw,,-6.385202765446426,
H1A2_D1,native,1016,1,0,0,0,0,invalid_raw,,-5.329946567465279,
H1A2_D1,native,1017,1,1,0,0,0,not_converged,-8.237664222717285,-8.516481491666667,0.27881726894938197
H1A2_D1,native,1018,1,0,0,0,0,invalid_raw,,-8.849727559444439,
H1A2_D1,native,1019,1,1,0,0,0,not_converged,-0.5012450218200684,-4.496368724000001,3.9951237021799324
H1A2_D1,native,1020,1,1,0,0,1,verified,-4.3342485427856445,-4.495711541666666,0.16146299888102167
H1A2_D1,native,1021,1,0,0,0,0,invalid_raw,,-5.355754088333334,
H1A2_D1,native,1022,1,0,0,0,0,invalid_raw,,-2.7256249412037032,
H1A2_D1,native,1023,1,0,0,0,0,invalid_raw,,,
H1A2_D1,native,1024,0,1,0,1,0,not_converged,-6.056701183319092,-6.060203857678572,0.0035026743594803733
H1A2_D1,native,1025,1,0,0,0,0,invalid_raw,,-9.873978126999999,
H1A2_D1,native,1026,1,0,0,0,0,invalid_raw,,-5.705400640037594,
H1A2_D1,native,1027,1,1,0,1,0,invalid_terminal,-3.3306026458740234,-3.392580020266668,0.06197737439264461
H1A2_D1,native,1028,1,0,0,0,0,invalid_raw,,-9.182272448000004,
H1A2_D1,native,1029,1,0,0,0,0,invalid_raw,,-3.5032229162500004,
H1A2_D1,native,1030,1,1,0,0,1,verified,-6.727438449859619,-6.860705495,0.13326704514038124
H1A2_D1,native,1031,1,0,0,0,0,invalid_raw,,-7.1713837804687515,
H1A2_D1,native,1032,1,1,0,0,0,not_converged,-6.464672088623047,-7.72797144125,1.2632993526269534
H1A2_D1,native,1033,1,0,0,0,0,invalid_raw,,-5.964459653333333,
H1A2_D1,native,1034,1,0,0,0,0,invalid_raw,,-9.316285475605262,
H1A2_D1,native,1035,1,0,0,0,0,invalid_raw,,-6.551274847857143,
H1A2_D1,native,1036,1,0,0,0,0,invalid_raw,,-7.035061600961514,
H1A2_D1,native,1037,0,0,0,0,0,invalid_raw,,-4.2106523650000005,
H1A2_D1,native,1038,0,0,0,0,0,generation_failure,,,
H1A2_D1,native,1039,1,0,0,0,0,invalid_raw,,-8.12706736383333,
H1A2_D1,native,1040,1,0,0,0,0,invalid_raw,,-7.904883351,
H1A2_D1,native,1041,1,0,0,0,0,invalid_raw,,-4.334081165555555,
H1A2_D1,native,1042,1,0,0,0,0,invalid_raw,,-4.421276909333335,
H1A2_D1,native,1043,1,0,0,0,0,invalid_raw,,-7.266324898825752,
H1A2_D1,native,1044,1,0,0,0,0,invalid_raw,,-9.18370438726561,
H1A2_D1,native,1045,1,0,0,0,0,invalid_raw,,-6.676856412526043,
H1A2_D1,native,1046,1,0,0,0,0,invalid_raw,,-7.528986436999999,
H1A2_D1,native,1047,1,1,1,1,0,not_converged,-3.5211730003356934,-3.475579975,-0.045593025335693316
H1A2_D1,native,1048,1,1,0,0,0,not_converged,-4.76871395111084,-5.372073875000001,0.6033599238891609
H1A2_D1,native,1049,1,1,0,1,1,verified,-7.284492492675781,-7.328540419312498,0.04404792663671664
H1A2_D1,native,1050,1,1,0,0,1,verified,-6.472946643829346,-6.648754046999999,0.17580740317065313
H1A2_D1,native,1051,1,0,0,0,0,invalid_raw,,-8.06387644,
H1A2_D1,native,1052,0,0,0,0,0,invalid_raw,,-4.021669363125,
H1A2_D1,native,1053,1,0,0,0,0,invalid_raw,,-4.706349505000003,
H1A2_D1,native,1054,1,1,0,0,0,not_converged,-5.614343643188477,-5.734849555312499,0.12050591212402217
H1A2_D1,native,1055,1,0,0,0,0,invalid_raw,,-4.2872910885,
H1A2_D1,native,1056,1,1,0,0,0,not_converged,-5.426693916320801,-5.617456659916664,0.19076274359586343
H1A2_D1,native,1057,1,0,0,0,0,invalid_raw,,-8.706719196,
H1A2_D1,native,1058,1,1,0,0,1,verified,-1.3497084379196167,-1.4715861533333332,0.1218777154137165
H1A2_D1,native,1059,1,0,0,0,0,invalid_raw,,-6.275858142499998,
H1A2_D1,native,1060,1,1,0,0,1,verified,-1.215254545211792,-2.0482766244594592,0.8330220792476672
H1A2_D1,native,1061,1,1,0,0,0,not_converged,-7.214141368865967,-7.322040057666666,0.10789868880069964
H1A2_D1,native,1062,1,1,0,0,0,not_converged,-4.502464294433594,-5.304372049333331,0.8019077548997373
H1A2_D1,native,1063,1,0,0,0,0,invalid_raw,,-5.864107121250001,
H1A2_D1,native,1064,1,1,0,0,0,not_converged,-6.613399982452393,-6.944661120000001,0.33126113754760844
H1A2_D1,native,1065,0,1,1,1,0,not_converged,-5.01289176940918,-4.893101825833332,-0.1197899435758476
H1A2_D1,native,1066,1,0,0,0,0,invalid_raw,,-5.325387706,
H1A2_D1,native,1067,1,0,0,0,0,invalid_raw,,-7.069447928888888,
H1A2_D1,native,1068,1,0,0,0,0,invalid_raw,,-5.729387647142857,
H1A2_D1,native,1069,1,1,0,0,0,not_converged,-3.0115692615509033,-3.13835850840625,0.12678924685534687
H1A2_D1,native,1070,1,0,0,0,0,invalid_raw,,-7.507342496666669,
H1A2_D1,native,1071,0,0,0,0,0,invalid_raw,,-6.530258132264369,
H1A2_D1,native,1072,1,0,0,0,0,invalid_raw,,-6.610905146,
H1A2_D1,native,1073,1,1,0,1,0,not_converged,-3.483250856399536,-3.5510887916666665,0.06783793526713033
H1A2_D1,native,1074,1,0,0,0,0,invalid_raw,,-3.8427055044791665,
H1A2_D1,native,1075,1,1,0,1,1,verified,-4.418701648712158,-4.49543435725,0.07673270853784153
H1A2_D1,native,1076,1,0,0,0,0,invalid_raw,,-4.471562288500001,
H1A2_D1,native,1077,1,1,0,0,0,not_converged,-7.23560905456543,-7.877660373,0.6420513184345706
H1A2_D1,native,1078,1,1,0,0,1,verified,-6.037592887878418,-6.19337081525,0.1557779273715818
H1A2_D1,native,1079,1,0,0,0,0,invalid_raw,,-6.220123783437499,
H1A2_D1,native,1080,0,0,0,0,0,invalid_raw,,-5.731909365575396,
H1A2_D1,native,1081,1,0,0,0,0,invalid_raw,,-8.160132131666666,
H1A2_D1,native,1082,1,0,0,0,0,invalid_raw,,-7.767071391428572,
H1A2_D1,native,1083,1,0,0,0,0,invalid_raw,,-3.979792708333333,
H1A2_D1,native,1084,1,0,0,0,0,invalid_raw,,-6.345887718,
H1A2_D1,native,1085,1,1,0,0,1,verified,-7.7723517417907715,-8.311426695833333,0.5390749540425617
H1A2_D1,native,1086,1,0,0,0,0,invalid_raw,,-8.795507097239563,
H1A2_D1,native,1087,1,0,0,0,0,invalid_raw,,-4.716940807865228,
H1A2_D1,native,1088,1,1,0,0,0,not_converged,-5.142314910888672,-5.5126637060000006,0.3703487951113287
H1A2_D1,native,1089,1,1,0,0,0,not_converged,-4.329098224639893,-4.431323465,0.1022252403601076
H1A2_D1,native,1090,0,0,0,0,0,invalid_raw,,-7.071142149857135,
H1A2_D1,native,1091,1,1,0,0,0,not_converged,-2.0942816734313965,-3.5262108225,1.4319291490686035
H1A2_D1,native,1092,1,0,0,0,0,invalid_raw,,-7.6657712326071366,
H1A2_D1,native,1093,1,0,0,0,0,invalid_raw,,-3.0256864379375,
H1A2_D1,native,1094,1,0,0,0,0,invalid_raw,,-7.523973682857157,
H1A2_D1,native,1095,1,0,0,0,0,invalid_raw,,-3.8632837685714287,
H1A2_D1,native,1096,1,0,0,0,0,invalid_raw,,-8.105400348611118,
H1A2_D1,native,1097,1,0,0,0,0,invalid_raw,,-6.402096247000001,
H1A2_D1,native,1098,1,1,0,0,0,not_converged,-6.711012840270996,-6.851100028125,0.14008718785400376
H1A2_D1,native,1099,1,1,0,0,0,invalid_terminal,-5.387152194976807,-6.211547880000001,0.8243956850231946
H1A2_D1,native,1100,1,0,0,0,0,invalid_raw,,-8.263819596190482,
H1A2_D1,native,1101,1,1,0,0,1,verified,-4.798460960388184,-4.925609181523438,0.12714822113525415
H1A2_D1,native,1102,1,0,0,0,0,invalid_raw,,-6.104678437142866,
H1A2_D1,native,1103,1,0,0,0,0,invalid_raw,,-4.660141724285718,
H1A2_D1,native,1104,1,0,0,0,0,invalid_raw,,-5.602128389135802,
H1A2_D1,native,1105,1,1,0,0,0,not_converged,-5.620489120483398,-5.804653234,0.18416411351660145
H1A2_D1,native,1106,1,1,0,1,1,verified,-8.491912841796875,-8.513917481250001,0.022004639453125918
H1A2_D1,native,1107,1,0,0,0,0,invalid_raw,,-7.125862983999999,
H1A2_D1,native,1108,0,0,0,0,0,invalid_raw,,-8.37788647211111,
H1A2_D1,native,1109,1,1,0,0,0,not_converged,-5.105278968811035,-5.2885161825,0.18323721368896528
H1A2_D1,native,1110,1,0,0,0,0,invalid_raw,,-6.641094936730768,
H1A2_D1,native,1111,1,1,0,0,0,invalid_terminal,-1.95944344997406,-3.278537474166667,1.3190940241926068
H1A2_D1,native,1112,1,1,0,0,0,not_converged,-4.459871292114258,-4.809366564285714,0.34949527217145615
H1A2_D1,native,1113,1,0,0,0,0,invalid_raw,,-4.594201310378788,
H1A2_D1,native,1114,1,1,0,0,0,not_converged,-5.605593204498291,-5.9005273467000015,0.29493414220171044
H1A2_D1,native,1115,1,0,0,0,0,invalid_raw,,-4.3548616225,
H1A2_D1,native,1116,1,0,0,0,0,invalid_raw,,-4.743154838124999,
H1A2_D1,native,1117,1,0,0,0,0,invalid_raw,,-6.578242425,
H1A2_D1,native,1118,1,0,0,0,0,invalid_raw,,-8.2388825805,
H1A2_D1,native,1119,1,0,0,0,0,invalid_raw,,-6.686052480689658,
H1A2_D1,native,1120,1,1,0,0,1,verified,-4.3912506103515625,-4.53840997,0.14715935964843752
H1A2_D1,native,1121,1,0,0,0,0,invalid_raw,,-8.570681207777774,
H1A2_D1,native,1122,1,1,0,1,1,verified,-3.8158626556396484,-3.8867623265,0.07089967086035154
H1A2_D1,native,1123,1,0,0,0,0,invalid_raw,,-4.789967024444445,
H1A2_D1,native,1124,1,1,0,0,0,invalid_terminal,-7.267462730407715,-8.269795762222222,1.0023330318145067
H1A2_D1,native,1125,1,0,0,0,0,invalid_raw,,-5.4618606977777775,
H1A2_D1,native,1126,1,1,0,0,0,invalid_terminal,-2.034473419189453,-3.533220957,1.498747537810547
H1A2_D1,native,1127,1,0,0,0,0,invalid_raw,,-6.017627596999999,
H1A2_D1,native,1128,1,0,0,0,0,invalid_raw,,-4.188327623333334,
H1A2_D1,native,1129,1,0,0,0,0,invalid_raw,,-4.56992271,
H1A2_D1,native,1130,1,1,0,0,1,verified,-5.422540187835693,-5.5842205655555555,0.1616803777198621
H1A2_D1,native,1131,1,1,0,0,0,not_converged,1.289566993713379,-5.099868397500002,6.3894353912133806
H1A2_D1,native,1132,1,1,0,0,1,verified,-8.87431812286377,-9.038832954,0.16451483113623055
H1A2_D1,native,1133,1,0,0,0,0,invalid_raw,,-7.032730970526315,
H1A2_D1,native,1134,1,0,0,0,0,invalid_raw,,-7.205808006249994,
H1A2_D1,native,1135,1,0,0,0,0,invalid_raw,,-6.2677870565,
H1A2_D1,native,1136,1,1,0,1,0,not_converged,-4.9253435134887695,-5.0088445724999975,0.08350105901122795
H1A2_D1,native,1137,1,0,0,0,0,invalid_raw,,-7.440291984583329,
H1A2_D1,native,1138,1,1,0,0,0,not_converged,-6.4655866622924805,-6.757431147999992,0.29184448570751176
H1A2_D1,native,1139,1,0,0,0,0,invalid_raw,,-7.640289121666665,
H1A2_D1,native,1140,1,1,1,1,1,verified,-3.8295352458953857,-3.824484182499999,-0.005051063395386635
H1A2_D1,native,1141,1,1,1,1,1,verified,-2.772519826889038,-2.771590186666667,-0.0009296402223712974
H1A2_D1,native,1142,1,0,0,0,0,invalid_raw,,-6.948817144869791,
H1A2_D1,native,1143,1,1,1,1,0,not_converged,-7.266430854797363,-7.195145645277776,-0.07128520951958706
H1A2_D1,native,1144,1,1,0,0,0,not_converged,-4.932106018066406,-6.691883268095243,1.7597772500288364
H1A2_D1,native,1145,0,0,0,0,0,invalid_raw,,-5.287064008571429,
H1A2_D1,native,1146,1,1,0,0,0,invalid_terminal,-5.535499572753906,-8.1998463685,2.664346795746093
H1A2_D1,native,1147,1,0,0,0,0,invalid_raw,,-2.0761423783333335,
H1A2_D1,native,1148,0,1,0,0,0,invalid_terminal,-2.371776580810547,-2.538820911666667,0.16704433085612003
H1A2_D1,native,1149,1,0,0,0,0,invalid_raw,,-3.809834463999999,
H1A2_D1,native,1150,1,1,1,1,0,not_converged,-7.962071418762207,-7.857408234000008,-0.10466318476219882
H1A2_D1,native,1151,1,1,0,0,0,invalid_terminal,-5.702722072601318,-7.109493575833331,1.4067715032320125
H1A2_D1,native,1152,1,0,0,0,0,invalid_raw,,-9.574989949805556,
H1A2_D1,native,1153,0,0,0,0,0,invalid_raw,,-9.384648227960518,
H1A2_D1,native,1154,1,0,0,0,0,invalid_raw,,-6.76411168473611,
H1A2_D1,native,1155,1,0,0,0,0,invalid_raw,,-8.117298315999996,
H1A2_D1,native,1156,1,1,0,0,1,verified,-4.56074857711792,-4.725831525000007,0.16508294788208744
H1A2_D1,native,1157,0,0,0,0,0,invalid_raw,,-5.379459846666666,
H1A2_D1,native,1158,1,1,0,1,0,not_converged,-7.245678424835205,-7.321609651666666,0.07593122683146092
H1A2_D1,native,1159,0,1,0,0,0,invalid_terminal,-6.012836933135986,-6.457483203333333,0.4446462701973468
H1A2_D1,native,1160,1,1,0,0,0,not_converged,1.6584444046020508,-5.258215639583335,6.916660044185385
H1A2_D1,native,1161,0,1,0,0,0,not_converged,-4.820026397705078,-5.408773900833333,0.5887475031282552
H1A2_D1,native,1162,0,0,0,0,0,invalid_raw,,-4.0382198012962975,
H1A2_D1,native,1163,1,1,0,0,0,not_converged,-9.480555534362793,-11.301092835,1.8205373006372074
H1A2_D1,native,1164,1,1,0,1,0,not_converged,-7.51971435546875,-7.592791765,0.0730774095312503
H1A2_D1,native,1165,1,0,0,0,0,invalid_raw,,-7.965704847276791,
H1A2_D1,native,1166,1,1,0,0,0,not_converged,-5.1584930419921875,-5.2637038527083355,0.10521081071614802
H1A2_D1,native,1167,0,0,0,0,0,generation_failure,,,
H1A2_D1,native,1168,1,0,0,0,0,invalid_raw,,-6.975403875555555,
H1A2_D1,native,1169,1,0,0,0,0,invalid_raw,,-4.3705370659375,
H1A2_D1,native,1170,0,0,0,0,0,invalid_raw,,-6.627709356333334,
H1A2_D1,native,1171,1,1,0,0,1,verified,-5.095641136169434,-5.798954658750001,0.7033135225805678
H1A2_D1,native,1172,1,1,0,0,0,not_converged,-6.924868583679199,-7.6632517827500015,0.7383831990708023
H1A2_D1,native,1173,1,0,0,0,0,invalid_raw,,-6.347517322532045,
H1A2_D1,native,1174,0,0,0,0,0,invalid_raw,,-7.810987893777778,
H1A2_D1,native,1175,1,0,0,0,0,invalid_raw,,-7.159469123333333,
H1A2_D1,native,1176,1,0,0,0,0,invalid_raw,,,
H1A2_D1,native,1177,1,0,0,0,0,invalid_raw,,-7.014487173999997,
H1A2_D1,native,1178,1,1,0,0,0,not_converged,5.212695598602295,-2.767568409358974,7.980264007961269
H1A2_D1,native,1179,1,1,0,1,1,verified,-5.1272358894348145,-5.197016557121214,0.06978066768639923
H1A2_D1,native,1180,1,0,0,0,0,invalid_raw,,-4.8757086875640905,
H1A2_D1,native,1181,1,0,0,0,0,invalid_raw,,-6.440790730833333,
H1A2_D1,native,1182,1,1,0,0,1,verified,-4.156651973724365,,
H1A2_D1,native,1183,1,0,0,0,0,invalid_raw,,-8.5724906125,
H1A2_D1,native,1184,1,0,0,0,0,invalid_raw,,-2.990478318,
H1A2_D1,native,1185,0,0,0,0,0,generation_failure,,,
H1A2_D1,native,1186,1,1,0,1,0,not_converged,-7.540757656097412,-7.6180084665624985,0.07725081046508642
H1A2_D1,native,1187,1,0,0,0,0,invalid_raw,,-4.4132147106250015,
H1A2_D1,native,1188,1,0,0,0,0,invalid_raw,,-7.557986012214286,
H1A2_D1,native,1189,0,0,0,0,0,invalid_raw,,-5.75735764095238,
H1A2_D1,native,1190,1,1,0,0,1,verified,-5.932242393493652,-6.096780866666669,0.16453847317301662
H1A2_D1,native,1191,1,1,0,0,1,verified,-4.511915683746338,-4.64604289625,0.1341272125036621
H1A2_D1,native,1192,1,1,0,1,1,verified,-5.624898910522461,-5.688423213,0.06352430247753915
H1A2_D1,native,1193,1,0,0,0,0,invalid_raw,,-7.253974938333334,
H1A2_D1,native,1194,0,0,0,0,0,invalid_raw,,-8.367905796333329,
H1A2_D1,native,1195,1,1,0,0,1,verified,-3.7896711826324463,-4.196917323125,0.40724614049255337
H1A2_D1,native,1196,1,1,0,0,1,verified,-1.4412262439727783,-2.43111766,0.9898914160272216
H1A2_D1,native,1197,1,1,0,0,0,invalid_terminal,-0.4279501438140869,-3.3116867870833335,2.8837366432692466
H1A2_D1,native,1198,1,0,0,0,0,invalid_raw,,-8.174820348157901,
H1A2_D1,native,1199,1,1,0,0,0,invalid_terminal,2.2008581161499023,-5.546787611472224,7.747645727622126
H1A2_D1,tau800,0,1,1,0,1,1,verified,-3.953585386276245,-4.009571855,0.05598646872375479
H1A2_D1,tau800,1,0,1,0,1,1,verified,-5.433601379394531,-5.484713445875,0.051112066480468954
H1A2_D1,tau800,2,1,1,0,0,0,not_converged,-8.05041790008545,-8.10237906,0.0519611599145513
H1A2_D1,tau800,3,1,1,0,0,1,verified,-5.262707233428955,-5.502003777666669,0.23929654423771396
H1A2_D1,tau800,4,1,1,0,1,1,verified,-5.0422163009643555,-5.1133663415625,0.07115004059814467
H1A2_D1,tau800,5,1,1,0,0,0,not_converged,-4.987274646759033,-4.94716338,-0.04011126675903309
H1A2_D1,tau800,6,1,1,0,1,0,not_converged,-6.601592063903809,-6.6907331475,0.089141083596191
H1A2_D1,tau800,7,1,1,1,1,0,not_converged,-7.991332530975342,-7.983832712916669,-0.007499818058672503
H1A2_D1,tau800,8,1,1,0,0,0,not_converged,-7.430562496185303,-7.544244481600023,0.11368198541472019
H1A2_D1,tau800,9,1,1,0,1,1,verified,-3.5891470909118652,-3.674296835,0.08514974408813458
H1A2_D1,tau800,10,0,0,0,0,0,generation_failure,,,
H1A2_D1,tau800,11,1,1,0,1,0,not_converged,-6.2403106689453125,-6.32724859,0.08693792105468745
H1A2_D1,tau800,12,1,1,0,1,0,not_converged,-7.141238212585449,-7.231575101875001,0.09033688928955197
H1A2_D1,tau800,13,1,1,0,1,1,verified,-5.383053779602051,-5.422083512500001,0.03902973289795053
H1A2_D1,tau800,14,1,1,0,0,1,verified,-8.063735961914062,-8.181623782678573,0.11788782076451021
H1A2_D1,tau800,15,1,1,0,0,1,verified,-4.005800247192383,-4.015411599782609,0.009611352590225941
H1A2_D1,tau800,16,1,1,0,0,1,verified,-5.840231418609619,-6.0005053638999994,0.1602739452903803
H1A2_D1,tau800,17,1,1,0,0,0,not_converged,-4.929082870483398,-5.469683520375,0.5406006498916014
H1A2_D1,tau800,18,1,1,0,0,0,not_converged,-8.05056381225586,-8.166425333333333,0.11586152107747338
H1A2_D1,tau800,19,1,1,0,0,0,not_converged,-4.644844055175781,-4.605035153,-0.039808902175781036
H1A2_D1,tau800,20,0,1,0,0,1,verified,-3.3459537029266357,-3.4543984520833377,0.10844474915670199
H1A2_D1,tau800,21,0,1,0,1,0,not_converged,-7.356934070587158,-7.4114072349999995,0.054473164412841335
H1A2_D1,tau800,22,1,1,0,1,0,not_converged,-3.2792108058929443,-3.3465349425277786,0.06732413663483428
H1A2_D1,tau800,23,1,1,1,1,0,not_converged,-8.571002960205078,-8.534775392125006,-0.0362275680800721
H1A2_D1,tau800,24,1,1,0,0,0,not_converged,-6.277449131011963,-6.401275155714295,0.12382602470233195
H1A2_D1,tau800,25,1,1,0,1,0,not_converged,-5.955090522766113,-6.030186345714284,0.07509582294817108
H1A2_D1,tau800,26,1,1,0,1,0,not_converged,-4.0284857749938965,-4.065101285,0.03661551000610341
H1A2_D1,tau800,27,1,1,0,0,0,not_converged,-8.260780334472656,-8.277995374,0.01721503952734338
H1A2_D1,tau800,28,1,1,0,1,1,verified,-8.50955581665039,-8.57344580767046,0.0638899910200692
H1A2_D1,tau800,29,1,1,0,1,0,not_converged,-7.125446319580078,-7.12852853,0.003082210419921516
H1A2_D1,tau800,30,1,1,1,1,1,verified,-4.070300102233887,-3.8562598855555557,-0.21404021667833106
H1A2_D1,tau800,31,1,1,0,0,0,not_converged,-8.202692985534668,-8.350202123333334,0.14750913779866615
H1A2_D1,tau800,32,1,1,0,0,1,verified,-5.828817844390869,-6.198551154940477,0.36973331054960745
H1A2_D1,tau800,33,0,1,0,0,1,verified,-3.115307331085205,-3.2407750545000003,0.12546772341479517
H1A2_D1,tau800,34,0,1,0,0,0,not_converged,-4.374639511108398,-4.497636578833335,0.12299706772493657
H1A2_D1,tau800,35,1,1,0,0,0,not_converged,-7.749820232391357,-8.14310139134375,0.3932811589523926
H1A2_D1,tau800,36,0,0,0,0,0,generation_failure,,,
H1A2_D1,tau800,37,1,1,0,1,0,not_converged,-1.935178518295288,-1.952378300000003,0.017199781704714923
H1A2_D1,tau800,38,1,1,1,1,1,verified,-4.7145795822143555,-4.709098998333333,-0.0054805838810221275
H1A2_D1,tau800,39,1,1,0,0,0,not_converged,-5.811834812164307,-5.915836890166664,0.10400207800235695
H1A2_D1,tau800,40,0,1,0,0,1,verified,-3.6380653381347656,-3.802641151785714,0.16457581365094853
H1A2_D1,tau800,41,1,1,0,1,1,verified,-1.9348703622817993,-1.9542531603125,0.019382798030700643
H1A2_D1,tau800,42,1,1,0,0,0,not_converged,-6.344330310821533,-6.512465919583322,0.1681356087617889
H1A2_D1,tau800,43,1,1,0,0,0,not_converged,-5.70390510559082,-5.850719717335528,0.14681461174470734
H1A2_D1,tau800,44,1,1,0,1,0,not_converged,-3.817030906677246,-3.8430903599999997,0.026059453322753612
H1A2_D1,tau800,45,1,1,0,0,1,verified,-4.480131149291992,-4.496251316499999,0.016120167208006464
H1A2_D1,tau800,46,1,1,0,1,0,not_converged,-5.423563480377197,-5.469567920625,0.04600444024780259
H1A2_D1,tau800,47,1,1,0,0,0,not_converged,-6.249460697174072,-6.545346556145834,0.29588585897176145
H1A2_D1,tau800,48,1,1,0,0,0,not_converged,-4.640068054199219,-4.763740613333333,0.12367255913411412
H1A2_D1,tau800,49,1,1,0,1,1,verified,-7.4911041259765625,-7.562665890961545,0.0715617649849829
H1A2_D1,tau800,50,1,1,0,0,0,not_converged,-2.441221237182617,,
H1A2_D1,tau800,51,0,1,1,1,1,verified,-5.732834339141846,-5.630959203772728,-0.10187513536911741
H1A2_D1,tau800,52,1,1,0,0,0,not_converged,-5.212640285491943,-5.38968762125,0.17704733575805687
H1A2_D1,tau800,53,1,1,0,0,0,not_converged,-7.6830244064331055,-7.945187599499943,0.26216319306683733
H1A2_D1,tau800,54,1,1,0,0,1,verified,-4.257488250732422,-4.403268771363637,0.14578052063121483
H1A2_D1,tau800,55,0,1,0,0,0,not_converged,-4.206157684326172,-4.385677031632107,0.1795193473059351
H1A2_D1,tau800,56,1,1,0,1,0,not_converged,-6.5974860191345215,-6.638178890405793,0.04069287127127108
H1A2_D1,tau800,57,1,1,0,0,1,verified,-3.4301273822784424,-3.5378374575,0.1077100752215574
H1A2_D1,tau800,58,1,1,0,0,0,not_converged,-3.9787988662719727,-4.18185644125,0.20305757497802723
H1A2_D1,tau800,59,0,0,0,0,0,generation_failure,,,
H1A2_D1,tau800,60,1,1,0,1,0,not_converged,-5.141556739807129,-5.191991573968254,0.05043483416112515
H1A2_D1,tau800,61,1,1,0,1,1,verified,-3.999568462371826,-4.038829385555556,0.03926092318372998
H1A2_D1,tau800,62,1,1,0,0,0,not_converged,-6.801764011383057,-6.903119146406251,0.10135513502319426
H1A2_D1,tau800,63,1,1,0,1,0,not_converged,-2.511610746383667,-2.5408712575,0.0292605111163331
H1A2_D1,tau800,64,1,1,0,1,0,not_converged,-5.6872687339782715,-5.7862076692499995,0.09893893527172803
H1A2_D1,tau800,65,1,1,0,0,0,not_converged,-8.463231086730957,-8.734052461000001,0.27082137426904396
H1A2_D1,tau800,66,1,1,0,0,1,verified,-8.937825202941895,-9.018776336000009,0.08095113305811452
H1A2_D1,tau800,67,1,1,0,1,1,verified,-6.769028663635254,-6.857098430624999,0.08806976698974545
H1A2_D1,tau800,68,1,1,0,0,0,not_converged,-6.288124084472656,-6.4088391155,0.12071503102734393
H1A2_D1,tau800,69,1,1,0,0,1,verified,-4.835020542144775,,
H1A2_D1,tau800,70,1,1,0,0,0,not_converged,-6.256142616271973,-6.724726695277777,0.46858407900580445
H1A2_D1,tau800,71,1,1,1,1,1,verified,-6.168485164642334,-6.133645338717951,-0.03483982592438295
H1A2_D1,tau800,72,1,1,0,1,1,verified,-2.190333127975464,-2.209365664125,0.01903253614953604
H1A2_D1,tau800,73,1,1,0,0,0,not_converged,-6.056661605834961,-6.14896511,0.09230350416503885
H1A2_D1,tau800,74,1,1,0,0,0,not_converged,-5.241114139556885,-5.345098410416666,0.10398427085978135
H1A2_D1,tau800,75,1,1,0,0,0,not_converged,-6.829719066619873,-6.86948376,0.03976469338012656
H1A2_D1,tau800,76,1,1,0,0,0,not_converged,-9.109951972961426,-9.3180580075,0.20810603453857368
H1A2_D1,tau800,77,1,1,0,1,0,not_converged,-7.304800033569336,-7.40158500625,0.09678497268066444
H1A2_D1,tau800,78,1,1,0,1,0,not_converged,-5.682559967041016,-5.773086189999989,0.09052622295897361
H1A2_D1,tau800,79,1,1,0,0,1,verified,-7.870917320251465,-7.878894665999999,0.007977345748534148
H1A2_D1,tau800,80,1,1,0,1,1,verified,-3.4288296699523926,-3.493545871428571,0.06471620147617863
H1A2_D1,tau800,81,1,1,0,1,1,verified,-4.203279495239258,-4.2673970042499985,0.06411750901074065
H1A2_D1,tau800,82,1,1,0,0,0,not_converged,-8.153834342956543,-8.485476243249995,0.33164190029345164
H1A2_D1,tau800,83,1,1,0,0,1,verified,-3.7805962562561035,,
H1A2_D1,tau800,84,1,1,0,0,0,not_converged,-5.905849456787109,,
H1A2_D1,tau800,85,1,1,0,0,0,not_converged,-3.91325306892395,-4.051094681666666,0.137841612742716
H1A2_D1,tau800,86,1,1,1,1,0,not_converged,-6.78757381439209,-6.780431213666667,-0.007142600725423165
H1A2_D1,tau800,87,1,1,0,1,0,not_converged,-6.376219272613525,-6.421737205,0.045517932386474946
H1A2_D1,tau800,88,1,1,0,1,1,verified,-5.795330047607422,-5.871281581470582,0.07595153386315978
H1A2_D1,tau800,89,1,1,0,1,1,verified,-3.6306140422821045,-3.632177217777778,0.00156317549567353
H1A2_D1,tau800,90,1,1,0,1,0,not_converged,-9.119152069091797,-9.1413639178125,0.02221184872070303
H1A2_D1,tau800,91,1,1,0,1,1,verified,-4.887639045715332,-4.958693060937501,0.07105401522216859
H1A2_D1,tau800,92,1,1,0,0,0,not_converged,-7.088629722595215,-7.1039437025,0.01531397990478478
H1A2_D1,tau800,93,1,1,1,1,1,verified,-2.918806552886963,-2.8910942266666666,-0.02771232622029629
H1A2_D1,tau800,94,1,1,0,0,0,not_converged,-7.942292213439941,-8.04555525951924,0.1032630460792987
H1A2_D1,tau800,95,0,1,0,0,0,not_converged,-5.972893714904785,-6.072915362631578,0.100021647726793
H1A2_D1,tau800,96,1,1,0,1,1,verified,-3.7061984539031982,-3.789418821519097,0.0832203676158989
H1A2_D1,tau800,97,0,1,0,1,0,not_converged,-7.87531852722168,-7.940270319230763,0.06495179200908296
H1A2_D1,tau800,98,1,1,0,1,0,not_converged,-10.541727066040039,-10.636418313333335,0.09469124729329614
H1A2_D1,tau800,99,1,1,0,0,1,verified,-2.8603527545928955,-3.1105685842578126,0.25021582966491707
H1A2_D1,tau800,100,1,1,0,0,0,not_converged,-5.860811233520508,-6.005723295,0.14491206147949232
H1A2_D1,tau800,101,1,1,1,1,1,verified,-4.3749680519104,-4.3734802209999994,-0.0014878309104009446
H1A2_D1,tau800,102,1,1,1,1,1,verified,-3.789625883102417,-3.788776815,-0.0008490681024171387
H1A2_D1,tau800,103,1,1,0,1,0,not_converged,-7.577508449554443,-7.65935502575,0.08184657619555669
H1A2_D1,tau800,104,1,1,0,1,0,not_converged,-4.513672828674316,-4.535984331029412,0.02231150235509549
H1A2_D1,tau800,105,1,1,0,0,0,not_converged,-7.378270149230957,-7.440291984583329,0.062021835352371824
H1A2_D1,tau800,106,1,1,0,1,0,not_converged,-8.077397346496582,-8.085020394267245,0.007623047770662694
H1A2_D1,tau800,107,0,1,0,1,1,verified,-4.443206310272217,-4.486865391999999,0.04365908172778177
H1A2_D1,tau800,108,1,1,0,0,0,not_converged,-6.146493911743164,-6.328540503,0.1820465912568361
H1A2_D1,tau800,109,1,1,0,0,0,not_converged,-7.6737518310546875,-7.745318409999998,0.07156657894531016
H1A2_D1,tau800,110,1,1,0,0,0,not_converged,-7.096990585327148,-7.29170594982143,0.1947153644942814
H1A2_D1,tau800,111,1,1,0,1,1,verified,-2.8459367752075195,-2.861575609903846,0.01563883469632632
H1A2_D1,tau800,112,1,1,0,1,0,not_converged,-8.30194091796875,-8.380616457222251,0.07867553925350101
H1A2_D1,tau800,113,1,1,1,1,1,verified,-8.854440689086914,-8.764925864999999,-0.08951482408691547
H1A2_D1,tau800,114,1,1,0,1,0,not_converged,-8.692438125610352,-8.775034656093752,0.08259653048339999
H1A2_D1,tau800,115,0,1,0,0,0,not_converged,-8.23689079284668,-8.3743801625,0.13748936965331993
H1A2_D1,tau800,116,0,1,0,0,0,not_converged,-3.2744054794311523,-3.479068619375,0.20466313994384766
H1A2_D1,tau800,117,1,1,0,0,0,not_converged,-7.155852794647217,-7.740286122500001,0.5844333278527838
H1A2_D1,tau800,118,1,1,0,0,1,verified,-9.25931167602539,-9.849365099916671,0.5900534238912805
H1A2_D1,tau800,119,1,1,0,0,0,not_converged,-8.07033920288086,-8.289726508000001,0.21938730511914173
H1A2_D1,tau800,120,1,1,0,1,1,verified,-3.5466244220733643,-3.5660005975000004,0.019376175426636166
H1A2_D1,tau800,121,1,1,0,0,0,not_converged,-5.911945343017578,-6.086105460714286,0.17416011769670803
H1A2_D1,tau800,122,1,1,0,1,0,not_converged,-5.91695499420166,-5.940439314444447,0.023484320242786794
H1A2_D1,tau800,123,1,1,1,1,1,verified,-6.886061668395996,-6.834619367222224,-0.05144230117377191
H1A2_D1,tau800,124,1,1,0,0,0,not_converged,-7.1348161697387695,-7.3775944704375025,0.24277830069873296
H1A2_D1,tau800,125,1,1,0,0,0,not_converged,-6.286709785461426,-6.398109526666665,0.11139974120523899
H1A2_D1,tau800,126,1,1,0,0,0,not_converged,-5.861591339111328,-5.879291711666667,0.017700372555339072
H1A2_D1,tau800,127,1,1,0,1,1,verified,-4.023490905761719,-4.1208782742415355,0.09738736847981677
H1A2_D1,tau800,128,0,1,0,0,0,not_converged,-8.504692077636719,-8.499263851666667,-0.00542822597005177
H1A2_D1,tau800,129,1,1,0,0,0,not_converged,-5.509056091308594,-5.6093164792307695,0.10026038792217573
H1A2_D1,tau800,130,1,1,0,0,1,verified,-1.921454906463623,-1.944070708125,0.02261580166137689
H1A2_D1,tau800,131,1,1,0,1,1,verified,-5.24839973449707,-5.27874586025,0.03034612575292961
H1A2_D1,tau800,132,1,1,0,0,0,not_converged,-4.225144386291504,-4.341222944242425,0.11607855795092092
H1A2_D1,tau800,133,0,1,0,0,0,not_converged,-8.110638618469238,-8.283025118076925,0.17238649960768626
H1A2_D1,tau800,134,1,1,0,1,0,not_converged,-3.6413967609405518,-3.690115826608392,0.04871906566784023
H1A2_D1,tau800,135,1,1,0,0,1,verified,-7.337741851806641,-7.4101133275,0.07237147569335978
H1A2_D1,tau800,136,1,1,0,1,0,not_converged,-8.993693351745605,-9.086374506015627,0.09268115427002144
H1A2_D1,tau800,137,1,1,1,1,0,not_converged,-3.3294386863708496,-3.3255577897222226,-0.003880896648627008
H1A2_D1,tau800,138,1,1,0,0,1,verified,-5.858744144439697,-5.985514178847229,0.12677003440753154
H1A2_D1,tau800,139,1,1,0,0,0,not_converged,-6.887808799743652,-6.926639417500001,0.03883061775634822
H1A2_D1,tau800,140,0,1,0,1,0,not_converged,-4.922797203063965,-4.989444045,0.0666468419360351
H1A2_D1,tau800,141,0,1,0,0,0,not_converged,-5.312305927276611,-5.5482818012857145,0.23597587400910314
H1A2_D1,tau800,142,1,1,0,0,1,verified,-8.366477966308594,-8.562077407569447,0.19559944126085327
H1A2_D1,tau800,143,1,1,0,0,0,not_converged,-7.540008544921875,-7.708868977374998,0.16886043245312266
H1A2_D1,tau800,144,1,1,0,0,1,verified,-6.094974994659424,-6.331120033999999,0.23614503934057485
H1A2_D1,tau800,145,1,1,0,0,0,not_converged,-5.716577053070068,-5.909151107187499,0.192574054117431
H1A2_D1,tau800,146,1,1,0,1,1,verified,-5.821340560913086,-5.872545882,0.05120532108691389
H1A2_D1,tau800,147,1,1,0,0,0,not_converged,-6.307329177856445,-6.385504746666666,0.07817556881022103
H1A2_D1,tau800,148,0,1,0,1,1,verified,-5.1561784744262695,-5.179524520208334,0.02334604578206445
H1A2_D1,tau800,149,1,1,0,1,1,verified,-4.099685192108154,-4.195074619591839,0.09538942748368484
H1A2_D1,tau800,150,1,1,0,1,1,verified,-4.422993183135986,-4.478896110999999,0.05590292786401285
H1A2_D1,tau800,151,1,1,0,1,1,verified,-7.339317321777344,-7.350469881111111,0.01115255933376691
H1A2_D1,tau800,152,1,1,0,1,1,verified,-3.801103353500366,-3.8489445024999998,0.04784114899963354
H1A2_D1,tau800,153,1,1,1,1,1,verified,-3.6451499462127686,-3.610415597000003,-0.034734349212765636
H1A2_D1,tau800,154,1,1,0,0,0,not_converged,-5.874499320983887,-6.055091405,0.18059208401611304
H1A2_D1,tau800,155,0,1,0,1,1,verified,-4.052657127380371,-4.074633725833333,0.021976598452962293
H1A2_D1,tau800,156,1,1,0,0,1,verified,-8.721718788146973,-8.853172124999999,0.13145333685302596
H1A2_D1,tau800,157,0,1,0,0,1,verified,-6.903486728668213,-7.023488505624993,0.12000177695678005
H1A2_D1,tau800,158,1,1,0,0,0,not_converged,-7.008810997009277,-6.9884091150000005,-0.02040188200927684
H1A2_D1,tau800,159,0,0,0,0,0,generation_failure,,,
H1A2_D1,tau800,160,0,1,0,0,0,not_converged,-5.4363837242126465,-5.7183457926315775,0.281962068418931
H1A2_D1,tau800,161,1,1,0,0,0,not_converged,-6.749484539031982,-7.263837138888889,0.514352599856907
H1A2_D1,tau800,162,1,1,1,1,1,verified,-5.189023494720459,-5.172278064375,-0.016745430345459056
H1A2_D1,tau800,163,1,1,0,0,1,verified,-7.0403571128845215,-7.1564276412500005,0.11607052836547904
H1A2_D1,tau800,164,1,1,1,1,0,not_converged,-5.64988374710083,-5.5955588206666675,-0.054324926434162535
H1A2_D1,tau800,165,1,1,0,0,0,not_converged,-5.230640888214111,-5.1957255899999994,-0.03491529821411188
H1A2_D1,tau800,166,1,1,0,0,0,not_converged,-6.0171613693237305,-6.213327328630953,0.1961659593072227
H1A2_D1,tau800,167,1,1,0,1,0,not_converged,-7.797218322753906,-7.868006862222222,0.07078853946831565
H1A2_D1,tau800,168,1,1,0,0,1,verified,-5.283652305603027,-5.516363594285715,0.23271128868268764
H1A2_D1,tau800,169,1,1,0,0,0,not_converged,-4.153548240661621,-4.4360599,0.28251165933837896
H1A2_D1,tau800,170,1,1,0,1,1,verified,-7.100316524505615,-7.196764992847221,0.09644846834160603
H1A2_D1,tau800,171,1,1,0,1,1,verified,-4.924173831939697,-4.9873992312499995,0.06322539931030224
H1A2_D1,tau800,172,1,1,0,1,0,not_converged,-4.409752368927002,-4.4561970366666666,0.0464446677396646
H1A2_D1,tau800,173,1,1,0,1,0,not_converged,-4.023959159851074,-4.0433448525,0.019385692648925534
H1A2_D1,tau800,174,1,1,0,1,1,verified,-6.166308879852295,-6.184572847416666,0.018263967564370986
H1A2_D1,tau800,175,1,1,0,0,0,not_converged,-7.477813243865967,-7.725493172589284,0.24767992872331757
H1A2_D1,tau800,176,1,1,0,0,1,verified,-6.830197811126709,-6.979628066000011,0.14943025487330175
H1A2_D1,tau800,177,1,1,0,1,0,not_converged,-8.398832321166992,-8.4103017015,0.011469380333007706
H1A2_D1,tau800,178,1,1,0,1,0,not_converged,-7.451169967651367,-7.506928,0.05575803234863308
H1A2_D1,tau800,179,1,1,1,1,1,verified,-3.6674420833587646,-3.632799633666666,-0.03464244969209851
H1A2_D1,tau800,180,0,0,0,0,0,generation_failure,,,
H1A2_D1,tau800,181,1,1,0,0,0,not_converged,-8.820243835449219,-9.403702867499998,0.5834590320507793
H1A2_D1,tau800,182,1,1,0,1,1,verified,-3.4777889251708984,-3.509270435,0.03148150982910147
H1A2_D1,tau800,183,1,1,0,0,0,not_converged,-7.878398418426514,-8.030099325,0.15170090657348645
H1A2_D1,tau800,184,1,1,1,1,1,verified,-4.046347141265869,-3.9777701946666664,-0.06857694659920277
H1A2_D1,tau800,185,1,1,0,0,1,verified,-7.977315425872803,-8.105286150974027,0.12797072510122476
H1A2_D1,tau800,186,1,1,0,1,1,verified,-5.2790727615356445,-5.309584936750004,0.03051217521435934
H1A2_D1,tau800,187,1,1,0,1,0,not_converged,-2.8910090923309326,-2.935958591666667,0.044949499335734444
H1A2_D1,tau800,188,0,1,0,0,0,not_converged,-4.325018405914307,-4.530805311500001,0.20578690558569424
H1A2_D1,tau800,189,1,1,1,1,0,not_converged,-4.3105149269104,-4.2974479065625,-0.013067020347900637
H1A2_D1,tau800,190,1,1,0,1,0,not_converged,-2.466951608657837,-2.478843291636363,0.011891682978526052
H1A2_D1,tau800,191,1,1,0,0,1,verified,-4.871073246002197,-5.861079962000004,0.990006715997807
H1A2_D1,tau800,192,1,1,0,0,0,not_converged,-5.944694519042969,-6.129474928124999,0.18478040908203042
H1A2_D1,tau800,193,1,1,0,0,0,not_converged,-3.986720323562622,,
H1A2_D1,tau800,194,1,1,0,0,1,verified,-4.312037467956543,-4.4339253475000024,0.12188787954345948
H1A2_D1,tau800,195,0,0,0,0,0,generation_failure,,,
H1A2_D1,tau800,196,1,1,0,1,1,verified,-5.176586151123047,-5.183282092550001,0.006695941426953844
H1A2_D1,tau800,197,1,1,0,1,1,verified,-7.449548244476318,-7.544452388071431,0.09490414359511234
H1A2_D1,tau800,198,1,1,0,0,0,not_converged,-6.1398138999938965,-6.5425852557291675,0.402771355735271
H1A2_D1,tau800,199,1,1,0,1,0,not_converged,-6.162446975708008,-6.185462128,0.023015152291992358
H1A2_D1,tau800,200,1,1,1,1,1,verified,-6.692080020904541,-6.69122325,-0.0008567709045408378
H1A2_D1,tau800,201,0,0,0,0,0,generation_failure,,,
H1A2_D1,tau800,202,1,1,1,1,1,verified,-5.2018280029296875,-5.17988181,-0.021946192929687136
H1A2_D1,tau800,203,1,1,0,0,0,not_converged,-5.525210380554199,,
H1A2_D1,tau800,204,1,1,0,0,0,not_converged,-7.709049701690674,-7.992896970749994,0.28384726905932034
H1A2_D1,tau800,205,1,1,0,1,1,verified,-6.065691947937012,-6.140276655,0.07458470706298836
H1A2_D1,tau800,206,1,1,0,0,1,verified,-4.562203407287598,-4.74468591142857,0.18248250414097278
H1A2_D1,tau800,207,1,1,0,0,0,not_converged,-5.461938381195068,-5.606899892685186,0.14496151149011727
H1A2_D1,tau800,208,0,1,0,0,1,verified,-4.640902996063232,-4.68741232,0.046509323936767544
H1A2_D1,tau800,209,1,1,0,0,1,verified,-5.020319938659668,-5.1834762150000095,0.16315627634034158
H1A2_D1,tau800,210,1,1,0,0,0,not_converged,-2.9601197242736816,,
H1A2_D1,tau800,211,1,1,0,1,0,not_converged,-5.737958908081055,-5.776918745625004,0.03895983754394905
H1A2_D1,tau800,212,0,0,0,0,0,generation_failure,,,
H1A2_D1,tau800,213,1,1,0,0,0,not_converged,-7.478220462799072,-7.664742834166666,0.18652237136759364
H1A2_D1,tau800,214,1,1,0,1,1,verified,-3.236297130584717,-3.3357029050000016,0.09940577441528475
H1A2_D1,tau800,215,1,1,0,0,0,not_converged,-6.492786884307861,-6.628928884285714,0.1361419999778528
H1A2_D1,tau800,216,1,1,0,1,0,not_converged,-4.068775653839111,-4.1200051914285725,0.05122953758946114
H1A2_D1,tau800,217,1,1,0,0,0,not_converged,-4.361979961395264,-4.370858004130435,0.008878042735171121
H1A2_D1,tau800,218,1,1,0,0,0,not_converged,-6.828630447387695,-7.0036066112499995,0.1749761638623042
H1A2_D1,tau800,219,1,1,0,0,0,not_converged,-5.492855548858643,-5.8145049271875,0.321649378328857
H1A2_D1,tau800,220,1,1,0,1,0,not_converged,-8.819557189941406,-8.85985034,0.04029315005859324
H1A2_D1,tau800,221,1,1,0,1,0,not_converged,-3.5030479431152344,-3.520395878666667,0.01734793555143277
H1A2_D1,tau800,222,1,1,0,0,0,not_converged,-8.092134475708008,-8.158475707500001,0.06634123179199314
H1A2_D1,tau800,223,1,1,0,0,1,verified,-2.7288708686828613,-2.7799054446875,0.051034576004638676
H1A2_D1,tau800,224,1,1,0,1,0,not_converged,-6.084437370300293,-6.17849534983333,0.09405797953303718
H1A2_D1,tau800,225,1,1,0,0,0,not_converged,-6.049221038818359,-6.361017529109196,0.31179649029083656
H1A2_D1,tau800,226,1,1,0,0,0,not_converged,-5.165345191955566,-5.569344862882653,0.403999670927087
H1A2_D1,tau800,227,1,1,0,1,0,not_converged,-1.739196538925171,-1.764497722236842,0.025301183311671194
H1A2_D1,tau800,228,1,1,0,0,0,not_converged,-2.4457883834838867,,
H1A2_D1,tau800,229,1,1,0,0,1,verified,-4.861654281616211,-4.828162192999991,-0.033492088616219995
H1A2_D1,tau800,230,1,1,0,1,0,not_converged,-6.681103229522705,-6.745648262999994,0.06454503347728924
H1A2_D1,tau800,231,1,1,0,1,0,not_converged,-3.030499219894409,-3.037658465,0.007159245105590628
H1A2_D1,tau800,232,1,1,0,1,0,not_converged,-7.154226303100586,-7.2413824275000005,0.08715612439941456
H1A2_D1,tau800,233,1,1,0,0,0,not_converged,-8.61512565612793,-8.78412913614582,0.16900348001789034
H1A2_D1,tau800,234,1,1,0,1,0,not_converged,-7.86848258972168,-7.944424558055554,0.07594196833387468
H1A2_D1,tau800,235,1,1,0,0,0,not_converged,-6.946596622467041,-7.127507601153846,0.18091097868680528
H1A2_D1,tau800,236,0,0,0,0,0,generation_failure,,,
H1A2_D1,tau800,237,1,1,0,0,1,verified,-7.693303108215332,-7.649855285333333,-0.04344782288199944
H1A2_D1,tau800,238,1,1,0,0,1,verified,-3.746450662612915,-3.9039555466666664,0.1575048840537514
H1A2_D1,tau800,239,1,1,1,1,0,not_converged,-8.258441925048828,-8.195476525393518,-0.0629653996553099
H1A2_D1,tau800,240,0,1,0,0,1,verified,-2.8835296630859375,-3.1748408445,0.2913111814140623
H1A2_D1,tau800,241,0,1,0,1,1,verified,-5.942806720733643,-6.001532512576922,0.05872579184327975
H1A2_D1,tau800,242,1,1,1,1,1,verified,-2.9632158279418945,-2.9622649737499995,-0.0009508541918950009
H1A2_D1,tau800,243,1,1,0,0,1,verified,-6.134251594543457,-6.2871970683333345,0.15294547378987744
H1A2_D1,tau800,244,1,1,0,0,0,not_converged,-7.277200698852539,-7.770567307142858,0.49336660829031853
H1A2_D1,tau800,245,1,1,0,0,0,not_converged,-7.775040626525879,-7.920912217708325,0.14587159118244575
H1A2_D1,tau800,246,1,1,0,1,0,not_converged,-3.6404917240142822,-3.687521190666668,0.04702946665238583
H1A2_D1,tau800,247,1,1,0,1,1,verified,-4.72772741317749,-4.750298503055555,0.02257108987806511
H1A2_D1,tau800,248,1,1,0,0,0,not_converged,-6.878390789031982,-7.025995946785715,0.14760515775373229
H1A2_D1,tau800,249,1,1,0,0,0,not_converged,-8.294364929199219,-8.487405831500002,0.1930409023007833
H1A2_D1,tau800,250,1,1,0,0,0,not_converged,-5.56195068359375,-5.871369278888894,0.3094185952951438
H1A2_D1,tau800,251,1,1,0,0,0,not_converged,-6.075833797454834,-6.295641089112499,0.21980729165766544
H1A2_D1,tau800,252,1,1,0,0,0,not_converged,-3.4570436477661133,-3.566205878125,0.10916223035888661
H1A2_D1,tau800,253,0,1,0,0,0,not_converged,-5.16367769241333,-5.533590399090911,0.3699127066775807
H1A2_D1,tau800,254,1,1,1,1,0,not_converged,-9.976774215698242,-9.9450290275,-0.03174518819824179
H1A2_D1,tau800,255,1,1,0,1,0,not_converged,-6.829867839813232,-6.894403809199998,0.06453596938676576
H1A2_D1,tau800,256,1,1,0,0,1,verified,-7.277960300445557,-7.407460142874999,0.12949984242944268
H1A2_D1,tau800,257,1,1,0,0,0,not_converged,-6.933262348175049,-7.124483321553028,0.1912209733779795
H1A2_D1,tau800,258,1,1,0,1,0,not_converged,-7.368747234344482,-7.450987041,0.08223980665551789
H1A2_D1,tau800,259,0,0,0,0,0,generation_failure,,,
H1A2_D1,tau800,260,1,1,1,1,1,verified,-5.5003275871276855,-5.493872198749999,-0.006455388377686333
H1A2_D1,tau800,261,1,1,1,1,1,verified,-4.782371520996094,-4.7631831025624995,-0.0191884184335942
H1A2_D1,tau800,262,1,1,0,0,0,not_converged,-6.678013801574707,-6.957786933333335,0.2797731317586276
H1A2_D1,tau800,263,1,1,0,1,0,not_converged,-6.845025062561035,-6.926639417500001,0.0816143549389654
H1A2_D1,tau800,264,0,1,0,0,0,not_converged,-4.917598724365234,-5.071622596904762,0.15402387253952732
H1A2_D1,tau800,265,1,1,0,1,0,not_converged,-5.672472953796387,-5.76353898,0.09106602620361315
H1A2_D1,tau800,266,1,1,1,1,0,not_converged,-6.079474925994873,-6.0073073536538475,-0.07216757234102555
H1A2_D1,tau800,267,1,1,0,0,0,not_converged,-7.176249027252197,-7.3198004800000085,0.14355145274781123
H1A2_D1,tau800,268,1,1,1,1,0,not_converged,-5.2271833419799805,-5.20062912111111,-0.026554220868870715
H1A2_D1,tau800,269,1,1,1,1,1,verified,-6.293638706207275,-6.286152254999999,-0.00748645120727609
H1A2_D1,tau800,270,1,1,0,0,1,verified,-4.460900783538818,-4.726353991666666,0.26545320812784734
H1A2_D1,tau800,271,1,1,1,1,0,not_converged,-4.811379432678223,-4.805392888958333,-0.005986543719889603
H1A2_D1,tau800,272,0,1,0,1,0,not_converged,-5.661223888397217,-5.746246750681818,0.08502286228460143
H1A2_D1,tau800,273,1,1,0,1,1,verified,-4.551616668701172,-4.5878161475,0.03619947879882801
H1A2_D1,tau800,274,1,1,0,1,1,verified,-4.386524677276611,-4.4121433955,0.025618718223388903
H1A2_D1,tau800,275,1,1,0,1,1,verified,-4.278637886047363,-4.375447646484375,0.0968097604370115
H1A2_D1,tau800,276,1,1,0,0,0,not_converged,-5.789527416229248,-5.999105397175926,0.209577980946678
H1A2_D1,tau800,277,1,1,0,1,0,not_converged,-2.019801616668701,-2.0504891375,0.030687520831298887
H1A2_D1,tau800,278,1,1,0,0,1,verified,-5.097909450531006,-5.1221278275,0.024218376968994093
H1A2_D1,tau800,279,1,1,0,0,0,not_converged,-7.756592273712158,-7.903979024583332,0.14738675087117414
H1A2_D1,tau800,280,1,1,1,1,1,verified,-2.8591787815093994,-2.8016605543406596,-0.05751822716873978
H1A2_D1,tau800,281,1,1,0,0,0,not_converged,-8.63986587524414,-8.791714443541668,0.15184856829752746
H1A2_D1,tau800,282,1,1,1,1,0,not_converged,-3.3334364891052246,-3.2446934216666667,-0.08874306743855787
H1A2_D1,tau800,283,1,1,1,1,0,not_converged,-4.25148344039917,-4.251312112750002,-0.00017132764916816257
H1A2_D1,tau800,284,1,1,0,0,0,not_converged,-3.8216421604156494,,
H1A2_D1,tau800,285,0,1,0,1,0,not_converged,-5.790035247802734,-5.842526910990029,0.05249166318729426
H1A2_D1,tau800,286,1,1,0,0,0,not_converged,-5.739814281463623,-5.759537465596789,0.01972318413316554
H1A2_D1,tau800,287,1,1,1,1,0,not_converged,-9.8298978805542,-9.789058354444444,-0.04083952610975494
H1A2_D1,tau800,288,1,1,0,0,1,verified,-6.351314067840576,-6.383733436,0.03241936815942381
H1A2_D1,tau800,289,1,1,0,0,0,not_converged,-5.910428524017334,-6.106789206969696,0.19636068295236164
H1A2_D1,tau800,290,1,1,0,1,1,verified,-3.3222134113311768,-3.35642271875,0.03420930741882344
H1A2_D1,tau800,291,1,1,0,0,0,not_converged,-5.722776412963867,-5.856307052833337,0.13353063986946978
H1A2_D1,tau800,292,1,1,0,0,1,verified,-4.696069240570068,-4.858748289999999,0.16267904942993106
H1A2_D1,tau800,293,1,1,0,1,0,not_converged,-5.5291428565979,-5.5824332675,0.053290410902099516
H1A2_D1,tau800,294,1,1,0,0,1,verified,-3.9220407009124756,-4.101147137166667,0.17910643625419098
H1A2_D1,tau800,295,1,1,0,0,1,verified,-6.2663750648498535,-6.29634838,0.029973315150146895
H1A2_D1,tau800,296,1,1,0,1,1,verified,-4.5685601234436035,-4.654199455897437,0.08563933245383382
H1A2_D1,tau800,297,1,1,0,1,1,verified,-6.654213905334473,-6.7262452365476175,0.07203133121314487
H1A2_D1,tau800,298,1,1,0,0,1,verified,-4.695967197418213,-4.85595832,0.15999112258178716
H1A2_D1,tau800,299,1,1,0,0,1,verified,-4.239406108856201,,
H1A2_D1,tau800,300,1,1,0,1,0,not_converged,-8.757974624633789,-8.795292552083334,0.03731792744954454
H1A2_D1,tau800,301,1,1,0,0,0,not_converged,-8.456063270568848,-8.614129246071428,0.1580659755025806
H1A2_D1,tau800,302,1,1,1,1,1,verified,-6.97015380859375,-6.9583210300000005,-0.011832778593749538
H1A2_D1,tau800,303,1,1,0,0,0,not_converged,-7.141282081604004,-7.344096527727273,0.20281444612326904
H1A2_D1,tau800,304,0,1,1,1,0,not_converged,-3.9603519439697266,-3.854455645612245,-0.10589629835748138
H1A2_D1,tau800,305,1,1,0,1,1,verified,-3.3649959564208984,-3.392726045,0.02773008857910142
H1A2_D1,tau800,306,1,1,0,0,1,verified,-4.859859943389893,-5.018360740192307,0.15850079680241436
H1A2_D1,tau800,307,0,1,0,1,0,not_converged,-5.686557769775391,-5.748584652763157,0.06202688298776682
H1A2_D1,tau800,308,1,1,0,1,0,not_converged,-8.032490730285645,-8.103911396437498,0.0714206661518535
H1A2_D1,tau800,309,1,1,0,1,1,verified,-2.1696295738220215,-2.1831125125,0.013482938677978673
H1A2_D1,tau800,310,1,1,0,0,0,not_converged,-6.5610127449035645,-6.759939068671887,0.19892632376832253
H1A2_D1,tau800,311,1,1,0,1,0,not_converged,-4.560978889465332,-4.604603925034723,0.04362503556939057
H1A2_D1,tau800,312,1,1,0,0,0,not_converged,-7.518141269683838,-7.637244786607142,0.11910351692330412
H1A2_D1,tau800,313,1,1,0,0,0,not_converged,-6.284308910369873,,
H1A2_D1,tau800,314,1,1,0,0,1,verified,-5.884449481964111,-6.096360439642856,0.2119109576787448
H1A2_D1,tau800,315,1,1,0,0,0,not_converged,-6.183117866516113,-6.515414064404761,0.33229619788864806
H1A2_D1,tau800,316,1,1,0,0,0,not_converged,-4.690382957458496,-4.86590872037037,0.1755257629118736
H1A2_D1,tau800,317,1,1,0,1,0,not_converged,-6.412464618682861,-6.496671924062499,0.08420730537963728
H1A2_D1,tau800,318,1,1,0,1,0,not_converged,-6.958329200744629,-6.99806351642857,0.03973431568394137
H1A2_D1,tau800,319,1,1,0,0,0,not_converged,-7.1568450927734375,-7.278228040499998,0.12138294772656089
H1A2_D1,tau800,320,1,1,0,0,1,verified,-3.987177848815918,-4.12900124,0.14182339118408205
H1A2_D1,tau800,321,1,1,0,1,0,not_converged,-5.742796421051025,-5.826691488846152,0.0838950677951269
H1A2_D1,tau800,322,1,1,0,0,1,verified,-8.401281356811523,-8.524832456062505,0.12355109925098162
H1A2_D1,tau800,323,0,0,0,0,0,generation_failure,,,
H1A2_D1,tau800,324,0,1,0,1,1,verified,-7.573061943054199,-7.633242624,0.06018068094580098
H1A2_D1,tau800,325,1,1,0,0,1,verified,-5.345789909362793,-5.520239303974359,0.17444939461156572
H1A2_D1,tau800,326,1,1,0,0,0,not_converged,-2.7292568683624268,-2.7799054446875,0.05064857632507325
H1A2_D1,tau800,327,1,1,0,0,0,not_converged,-8.068769454956055,-8.184920311375004,0.11615085641894929
H1A2_D1,tau800,328,1,1,0,0,1,verified,-6.19822883605957,-6.226623234,0.028394397940429528
H1A2_D1,tau800,329,0,1,0,0,0,not_converged,-6.992500305175781,-7.144048147000002,0.15154784182422087
H1A2_D1,tau800,330,1,1,0,1,0,not_converged,-6.576912879943848,-6.58863101,0.011718130056152631
H1A2_D1,tau800,331,1,1,0,0,1,verified,-4.921189308166504,-4.962999632,0.04181032383349592
H1A2_D1,tau800,332,0,0,0,0,0,generation_failure,,,
H1A2_D1,tau800,333,1,1,0,0,0,not_converged,-7.123597145080566,-7.283933336363634,0.16033619128306764
H1A2_D1,tau800,334,1,1,0,0,0,not_converged,-3.5472631454467773,,
H1A2_D1,tau800,335,1,1,0,1,0,not_converged,-6.378415584564209,-6.446760544101562,0.06834495953735331
H1A2_D1,tau800,336,1,1,0,0,0,not_converged,-3.52824068069458,-3.7784580488541675,0.2502173681595874
H1A2_D1,tau800,337,1,1,0,1,0,not_converged,-4.591745376586914,-4.6610906490740724,0.06934527248715838
H1A2_D1,tau800,338,1,1,0,1,0,not_converged,-5.433716773986816,-5.443290666999999,0.00957389301318301
H1A2_D1,tau800,339,1,1,0,0,0,not_converged,-6.402631759643555,-6.531749023125,0.12911726348144548
H1A2_D1,tau800,340,1,1,0,0,1,verified,-4.2307329177856445,-4.4885759125,0.25784299471435546
H1A2_D1,tau800,341,1,1,0,1,1,verified,-5.382638454437256,-5.476698801374998,0.09406034693774235
H1A2_D1,tau800,342,1,1,0,0,0,not_converged,-4.623976230621338,-4.894412604660488,0.27043637403915
H1A2_D1,tau800,343,1,1,0,1,0,not_converged,-7.6405816078186035,-7.702896643333333,0.06231503551472972
H1A2_D1,tau800,344,1,1,0,1,0,not_converged,-5.10286808013916,-5.158396759375,0.05552867923583982
H1A2_D1,tau800,345,1,1,0,0,0,not_converged,-6.313214302062988,-6.32752468,0.01431037793701151
H1A2_D1,tau800,346,1,1,0,0,0,not_converged,-5.549541473388672,-5.848872917791664,0.2993314444029922
H1A2_D1,tau800,347,1,1,0,0,1,verified,-2.277296543121338,-2.3028027475,0.025506204378662023
H1A2_D1,tau800,348,1,1,1,1,1,verified,-4.032246112823486,-4.016336547812502,-0.015909565010984394
H1A2_D1,tau800,349,1,1,0,1,0,not_converged,-5.363689422607422,-5.416102978958333,0.05241355635091072
H1A2_D1,tau800,350,1,1,0,1,0,not_converged,-6.976532936096191,-7.073015417272727,0.0964824811765359
H1A2_D1,tau800,351,1,1,1,1,0,not_converged,-5.104641914367676,-5.093103568205129,-0.011538346162546453
H1A2_D1,tau800,352,1,1,0,1,1,verified,-3.7073264122009277,-3.745560845,0.03823443279907224
H1A2_D1,tau800,353,1,1,0,0,0,not_converged,-5.609297752380371,-6.004462560625,0.39516480824462885
H1A2_D1,tau800,354,1,1,0,0,1,verified,-4.549964427947998,-4.885664255714286,0.3356998277662884
H1A2_D1,tau800,355,1,1,0,1,1,verified,-4.317931175231934,-4.38895631953125,0.07102514429931617
H1A2_D1,tau800,356,1,1,0,1,1,verified,-3.7225372791290283,-3.7503563497500014,0.027819070620973108
H1A2_D1,tau800,357,1,1,0,1,1,verified,-6.157647609710693,-6.2040151939213,0.04636758421060705
H1A2_D1,tau800,358,1,1,0,1,0,not_converged,-8.777861595153809,-8.813001928000002,0.035140332846193445
H1A2_D1,tau800,359,1,1,0,0,1,verified,-2.107394218444824,,
H1A2_D1,tau800,360,1,1,0,0,0,not_converged,-8.329485893249512,-8.456414450833334,0.12692855758382215
H1A2_D1,tau800,361,1,1,0,0,0,not_converged,-6.274148464202881,-6.374543491079999,0.1003950268771181
H1A2_D1,tau800,362,1,1,0,1,0,not_converged,-8.867486000061035,-8.928585654444444,0.061099654383408364
H1A2_D1,tau800,363,1,1,0,0,0,not_converged,-7.270814418792725,-7.26076491,-0.010049508792724815
H1A2_D1,tau800,364,1,1,0,1,0,not_converged,-7.738821506500244,-7.8259403418749995,0.0871188353747554
H1A2_D1,tau800,365,1,1,0,1,0,not_converged,-7.556993007659912,-7.603746021875001,0.046753014215088484
H1A2_D1,tau800,366,1,1,1,1,0,not_converged,-9.987739562988281,-9.844391244722223,-0.14334831826605843
H1A2_D1,tau800,367,0,1,0,1,0,not_converged,-7.054065704345703,-7.147121729517008,0.09305602517130485
H1A2_D1,tau800,368,1,1,0,1,0,not_converged,-7.267706871032715,-7.2905947565,0.02288788546728515
H1A2_D1,tau800,369,1,1,1,1,0,not_converged,-8.034688949584961,-8.013470406058559,-0.021218543526401845
H1A2_D1,tau800,370,1,1,0,0,0,not_converged,-6.1543803215026855,-6.191409585,0.03702926349731417
H1A2_D1,tau800,371,1,1,0,0,1,verified,-3.957432508468628,,
H1A2_D1,tau800,372,1,1,0,0,1,verified,-6.268764495849609,-6.5915052257291675,0.32274072987955815
H1A2_D1,tau800,373,1,1,0,0,0,not_converged,-4.910109519958496,-5.01393641909091,0.10382689913241361
H1A2_D1,tau800,374,1,1,0,0,0,not_converged,-6.911473751068115,-6.8892647775,-0.02220897356811502
H1A2_D1,tau800,375,1,1,0,0,0,not_converged,-6.018887042999268,-6.244251652378788,0.22536460937952008
H1A2_D1,tau800,376,1,1,0,0,1,verified,-6.183597087860107,-6.426387084999999,0.2427899971398917
H1A2_D1,tau800,377,1,1,0,0,0,not_converged,-3.878502368927002,-4.2482075667708346,0.3697051978438326
H1A2_D1,tau800,378,0,1,0,0,0,not_converged,-5.556602954864502,-5.659528698511903,0.10292574364740137
H1A2_D1,tau800,379,1,1,0,0,1,verified,-3.0358424186706543,-3.1810739,0.1452314813293456
H1A2_D1,tau800,380,1,1,0,0,0,not_converged,-4.834367752075195,,
H1A2_D1,tau800,381,1,1,0,0,0,not_converged,-7.229799270629883,-7.463248600833333,0.2334493302034506
H1A2_D1,tau800,382,1,1,0,1,0,not_converged,-6.210460662841797,-6.24037293625,0.029912273408203127
H1A2_D1,tau800,383,1,1,1,1,1,verified,-6.8729658126831055,-6.86689797625,-0.006067836433105711
H1A2_D1,tau800,384,0,1,0,0,0,not_converged,-7.319779396057129,-7.472582518249999,0.1528031221928705
H1A2_D1,tau800,385,1,1,0,0,0,not_converged,-6.857385158538818,,
H1A2_D1,tau800,386,1,1,0,1,1,verified,-1.9411213397979736,-1.9639978787499999,0.022876538952026237
H1A2_D1,tau800,387,1,1,0,0,0,not_converged,-5.165688514709473,-5.295137119464284,0.12944860475481157
H1A2_D1,tau800,388,1,1,0,1,0,not_converged,-7.57009744644165,-7.63836758875,0.06827014230835005
H1A2_D1,tau800,389,1,1,0,1,0,not_converged,-3.5680739879608154,-3.5967200025,0.028646014539184694
H1A2_D1,tau800,390,1,1,0,0,0,not_converged,-7.663708209991455,-7.79202852269229,0.12832031270083455
H1A2_D1,tau800,391,1,1,0,1,0,not_converged,-8.593377113342285,-8.627817990833332,0.03444087749104696
H1A2_D1,tau800,392,1,1,0,0,1,verified,-5.026770114898682,,
H1A2_D1,tau800,393,1,1,0,0,0,not_converged,-6.3425469398498535,-6.4539449788541665,0.111398039004313
H1A2_D1,tau800,394,0,0,0,0,0,generation_failure,,,
H1A2_D1,tau800,395,1,1,0,0,0,not_converged,-5.455463409423828,-5.60683765421875,0.1513742447949218
H1A2_D1,tau800,396,1,1,0,0,0,not_converged,-6.369964599609375,-6.4121261725,0.04216157289062483
H1A2_D1,tau800,397,1,1,0,1,0,not_converged,-7.062921047210693,-7.0909342075,0.028013160289306782
H1A2_D1,tau800,398,1,1,0,0,0,not_converged,-10.709463119506836,-10.8573587875,0.1478956679931649
H1A2_D1,tau800,399,1,1,0,1,1,verified,-3.7720108032226562,-3.8445175317708324,0.07250672854817619
H1A2_D1,tau800,400,1,1,0,0,1,verified,-6.107382774353027,-6.381535613333334,0.2741528389803065
H1A2_D1,tau800,401,1,1,0,0,1,verified,-3.505798816680908,-3.65515203546875,0.1493532187878417
H1A2_D1,tau800,402,1,1,0,1,0,not_converged,-8.167890548706055,-8.257422462812501,0.08953191410644656
H1A2_D1,tau800,403,1,1,0,1,1,verified,-10.819820404052734,-10.8234458525,0.0036254484472664217
H1A2_D1,tau800,404,1,1,0,0,1,verified,-7.543469429016113,-7.758457392222223,0.21498796320610936
H1A2_D1,tau800,405,1,1,0,0,0,not_converged,-8.297693252563477,-8.418681412142858,0.12098815957938136
H1A2_D1,tau800,406,0,1,0,1,1,verified,-6.613625526428223,-6.619508543999997,0.0058830175717741184
H1A2_D1,tau800,407,0,1,0,1,0,not_converged,-5.727704048156738,-5.735540416491224,0.007836368334485755
H1A2_D1,tau800,408,0,0,0,0,0,generation_failure,,,
H1A2_D1,tau800,409,1,1,0,1,0,not_converged,-7.953721046447754,-8.041667774000013,0.08794672755225896
H1A2_D1,tau800,410,1,1,0,1,0,not_converged,-6.543575286865234,-6.5903824748333335,0.04680718796809913
H1A2_D1,tau800,411,1,1,0,1,1,verified,-4.074609756469727,-4.15863041875,0.08402066228027305
H1A2_D1,tau800,412,0,1,0,1,0,not_converged,-6.038290977478027,-6.091361339393945,0.05307036191591763
H1A2_D1,tau800,413,0,1,0,1,0,not_converged,-6.984519004821777,-7.07118010925,0.08666110442822283
H1A2_D1,tau800,414,1,1,0,1,1,verified,-4.9635772705078125,-4.98162886625,0.018051595742187843
H1A2_D1,tau800,415,1,1,0,1,1,verified,-5.166409492492676,-5.20334055,0.03693105750732428
H1A2_D1,tau800,416,1,1,0,1,1,verified,-6.588490962982178,-6.675661131333333,0.08717016835115565
H1A2_D1,tau800,417,1,1,0,1,0,not_converged,-6.2967753410339355,-6.3070154264000005,0.01024008536606491
H1A2_D1,tau800,418,1,1,0,1,0,not_converged,-3.849169969558716,-3.8678257400000002,0.018655770441284414
H1A2_D1,tau800,419,0,0,0,0,0,generation_failure,,,
H1A2_D1,tau800,420,1,1,0,0,1,verified,-5.37803316116333,-5.48895296601852,0.1109198048551896
H1A2_D1,tau800,421,1,1,0,0,0,not_converged,-9.181793212890625,-9.432109396666666,0.25031618377604126
H1A2_D1,tau800,422,1,1,0,0,0,not_converged,-7.295344352722168,-7.4657569589803945,0.17041260625822652
H1A2_D1,tau800,423,1,1,0,0,0,not_converged,-6.590945720672607,-6.787190061666667,0.19624434099405974
H1A2_D1,tau800,424,1,1,0,1,1,verified,-2.450211524963379,-2.5003914575,0.05017993253662123
H1A2_D1,tau800,425,1,1,0,0,0,not_converged,-3.3133182525634766,-3.2972176,-0.01610065256347637
H1A2_D1,tau800,426,1,1,0,1,0,not_converged,-5.9706525802612305,-6.000078808650795,0.029426228389564102
H1A2_D1,tau800,427,1,1,1,1,1,verified,-5.5418171882629395,-5.530141087857143,-0.011676100405796142
H1A2_D1,tau800,428,1,1,1,1,1,verified,-5.01654052734375,-4.996930055381944,-0.019610471961805764
H1A2_D1,tau800,429,1,1,0,1,1,verified,-5.708157539367676,-5.776935175777778,0.06877763641010226
H1A2_D1,tau800,430,1,1,0,1,0,not_converged,-5.494679927825928,-5.572251004351852,0.0775710765259241
H1A2_D1,tau800,431,1,1,0,0,0,not_converged,-5.670628070831299,-6.844030326666665,1.1734022558353665
H1A2_D1,tau800,432,1,1,0,0,1,verified,-4.530640125274658,-4.49155244983333,-0.039087675441328074
H1A2_D1,tau800,433,1,1,0,1,0,not_converged,-6.236739158630371,-6.293599595302753,0.056860436672382164
H1A2_D1,tau800,434,0,1,0,0,0,not_converged,-6.806439399719238,-6.9428080617646994,0.13636866204546116
H1A2_D1,tau800,435,1,1,0,1,0,not_converged,-7.372101783752441,-7.4021100337500005,0.030008249997559133
H1A2_D1,tau800,436,1,1,0,0,0,not_converged,-9.818718910217285,-9.791720543333334,-0.02699836688395152
H1A2_D1,tau800,437,1,1,1,1,1,verified,-3.126983165740967,-3.091066119722221,-0.03591704601874568
H1A2_D1,tau800,438,1,1,0,0,0,not_converged,-6.069286823272705,-6.251656806250001,0.18236998297729556
H1A2_D1,tau800,439,1,1,1,1,1,verified,-4.276166915893555,-4.230986013888891,-0.04518090200466407
H1A2_D1,tau800,440,1,1,0,1,0,not_converged,-7.387506484985352,-7.440291984583329,0.05278549959797729
H1A2_D1,tau800,441,1,1,0,0,0,not_converged,-7.344471454620361,-7.473559076785713,0.1290876221653514
H1A2_D1,tau800,442,1,1,0,0,0,not_converged,-6.6085381507873535,-6.71070386234375,0.10216571155639631
H1A2_D1,tau800,443,1,1,0,1,0,not_converged,-4.374875068664551,-4.441031711066666,0.06615664240211494
H1A2_D1,tau800,444,1,1,0,0,1,verified,-4.059854984283447,-4.05571518,-0.00413980428344729
H1A2_D1,tau800,445,1,1,0,1,0,not_converged,-5.745728492736816,-5.841298413322369,0.09556992058555291
H1A2_D1,tau800,446,1,1,1,1,0,not_converged,-3.8790884017944336,-3.869441791458333,-0.009646610336100814
H1A2_D1,tau800,447,0,1,1,1,0,not_converged,-5.115814208984375,-4.984967777268518,-0.13084643171585686
H1A2_D1,tau800,448,1,1,0,0,0,not_converged,-7.95133113861084,-8.079092086938779,0.12776094832793916
H1A2_D1,tau800,449,1,1,0,1,0,not_converged,-7.209445953369141,-7.2614877075,0.0520417541308591
H1A2_D1,tau800,450,1,1,0,0,1,verified,-4.761092662811279,-4.7679368225,0.0068441596887209855
H1A2_D1,tau800,451,1,1,0,1,1,verified,-5.275624752044678,-5.32133803265873,0.04571328061405211
H1A2_D1,tau800,452,1,1,0,0,1,verified,-1.969253659248352,-2.00559988,0.03634622075164806
H1A2_D1,tau800,453,0,1,0,0,0,not_converged,-6.981592655181885,-7.16645020875,0.18485755356811495
H1A2_D1,tau800,454,1,1,0,0,1,verified,-6.157181262969971,-6.2863988775,0.12921761453002922
H1A2_D1,tau800,455,0,1,1,1,0,not_converged,-7.0237321853637695,-6.896046239285714,-0.1276859460780555
H1A2_D1,tau800,456,1,1,0,0,0,not_converged,-8.115913391113281,-8.356161032314818,0.2402476412015364
H1A2_D1,tau800,457,1,1,1,1,0,not_converged,-3.9406673908233643,-3.934791412840911,-0.005875977982453318
H1A2_D1,tau800,458,1,1,0,1,1,verified,-3.30560040473938,-3.336431573125001,0.030831168385621055
H1A2_D1,tau800,459,1,1,0,1,0,not_converged,-3.340317487716675,-3.3835279566666667,0.04321046894999192
H1A2_D1,tau800,460,1,1,0,1,1,verified,-8.371667861938477,-8.462408774,0.09074091206152346
H1A2_D1,tau800,461,1,1,0,1,1,verified,-5.828065872192383,-5.858947303333334,0.03088143114095132
H1A2_D1,tau800,462,1,1,0,1,1,verified,-3.7468411922454834,-3.795662345,0.04882115275451682
H1A2_D1,tau800,463,1,1,0,0,0,not_converged,-7.588860034942627,-7.832468905555556,0.24360887061292935
H1A2_D1,tau800,464,0,0,0,0,0,generation_failure,,,
H1A2_D1,tau800,465,1,1,0,0,0,not_converged,-4.784183502197266,-4.891678837282052,0.1074953350847867
H1A2_D1,tau800,466,1,1,0,0,0,not_converged,-6.1908135414123535,-6.366389921785728,0.17557638037337409
H1A2_D1,tau800,467,0,1,0,0,1,verified,-3.5367867946624756,-3.8109432977777784,0.2741565031153028
H1A2_D1,tau800,468,1,1,0,1,0,not_converged,-7.671307563781738,-7.725826418541667,0.05451885475992846
H1A2_D1,tau800,469,1,1,0,0,1,verified,-5.074161052703857,-5.184373668046875,0.11021261534301718
H1A2_D1,tau800,470,1,1,0,0,1,verified,-5.996672630310059,-6.1418910916666665,0.14521846135660788
H1A2_D1,tau800,471,1,1,0,1,1,verified,-4.2542266845703125,-4.257636727777777,0.0034100432074648523
H1A2_D1,tau800,472,1,1,0,0,0,not_converged,-5.772258758544922,-5.7952186475000005,0.02295988895507861
H1A2_D1,tau800,473,1,1,1,1,1,verified,-3.2031517028808594,-3.1897965708522724,-0.013355132028586958
H1A2_D1,tau800,474,1,1,0,1,0,not_converged,-8.0936861038208,-8.160132131666666,0.06644602784586517
H1A2_D1,tau800,475,1,1,0,1,0,not_converged,-3.259458541870117,-3.2908807475,0.03142220562988296
H1A2_D1,tau800,476,1,1,0,1,1,verified,-6.361486434936523,-6.3858088968333355,0.024322461896812086
H1A2_D1,tau800,477,1,1,0,0,0,not_converged,-5.4987287521362305,-5.633232337605364,0.1345035854691332
H1A2_D1,tau800,478,0,0,0,0,0,generation_failure,,,
H1A2_D1,tau800,479,0,0,0,0,0,generation_failure,,,
H1A2_D1,tau800,480,1,1,0,0,0,not_converged,-6.362756252288818,-6.40845135,0.04569509771118163
H1A2_D1,tau800,481,1,1,1,1,0,not_converged,-7.873864650726318,-7.840069253749998,-0.033795396976320724
H1A2_D1,tau800,482,1,1,0,0,0,not_converged,-8.4133882522583,-8.566373946500002,0.1529856942417016
H1A2_D1,tau800,483,1,1,0,0,0,not_converged,-8.20995044708252,-8.33067552250001,0.12072507541749111
H1A2_D1,tau800,484,1,1,0,0,1,verified,-3.5828700065612793,-3.640387075125,0.05751706856372074
H1A2_D1,tau800,485,0,1,0,1,0,not_converged,-7.369831562042236,-7.438309159500001,0.06847759745776472
H1A2_D1,tau800,486,0,1,0,0,1,verified,-5.986879348754883,-5.987368683333333,0.0004893345784502401
H1A2_D1,tau800,487,1,1,0,0,0,not_converged,-8.03560733795166,-8.441607665500001,0.40600032754834103
H1A2_D1,tau800,488,1,1,0,1,0,not_converged,-1.7947139739990234,-1.81458719,0.019873216000976468
H1A2_D1,tau800,489,1,1,1,1,0,not_converged,-5.22129487991333,-5.182306179999999,-0.03898869991333065
H1A2_D1,tau800,490,1,1,0,1,0,not_converged,-6.064201831817627,-6.140405388333333,0.07620355651570598
H1A2_D1,tau800,491,0,1,0,1,0,not_converged,-7.874817848205566,-7.95283244158334,0.07801459337777317
H1A2_D1,tau800,492,1,1,0,0,1,verified,-7.132500171661377,-7.366108416666662,0.23360824500528476
H1A2_D1,tau800,493,1,1,0,0,0,not_converged,-6.538311004638672,-6.675795845069443,0.13748484043077092
H1A2_D1,tau800,494,1,1,0,0,0,not_converged,-6.603285312652588,-6.752732359625,0.14944704697241207
H1A2_D1,tau800,495,0,0,0,0,0,generation_failure,,,
H1A2_D1,tau800,496,1,1,0,0,0,not_converged,-8.592768669128418,-8.799084292000003,0.20631562287158545
H1A2_D1,tau800,497,1,1,0,1,0,not_converged,-6.231783866882324,-6.265854163640623,0.034070296758298646
H1A2_D1,tau800,498,1,1,0,0,1,verified,-8.96229362487793,-9.113073129166667,0.150779504288737
H1A2_D1,tau800,499,1,1,0,1,0,not_converged,-1.3240022659301758,-1.3605156349999998,0.03651336906982405
H1A2_D1,tau800,500,1,1,0,0,0,not_converged,-3.220250368118286,-3.2581879712500004,0.03793760313171424
H1A2_D1,tau800,501,1,1,0,0,0,not_converged,-7.098549842834473,-7.274399870625004,0.17585002779053127
H1A2_D1,tau800,502,1,1,1,1,1,verified,-3.748190402984619,-3.733119167333333,-0.015071235651286319
H1A2_D1,tau800,503,1,1,0,0,1,verified,-8.254881858825684,-8.380222386835644,0.12534052800996065
H1A2_D1,tau800,504,1,1,0,0,0,not_converged,-6.107068061828613,-6.321931073571428,0.21486301174281497
H1A2_D1,tau800,505,1,1,0,1,0,not_converged,-6.037866115570068,-6.1209733422222214,0.08310722665215309
H1A2_D1,tau800,506,1,1,0,0,0,not_converged,-6.079349517822266,-6.0073073536538475,-0.07204216416841813
H1A2_D1,tau800,507,1,1,0,0,0,not_converged,-5.104227542877197,-5.120989921666667,0.016762378789469956
H1A2_D1,tau800,508,1,1,0,1,1,verified,-5.922573089599609,-5.97049048125,0.04791739165039033
H1A2_D1,tau800,509,0,1,0,1,0,not_converged,-5.895791053771973,-5.963047953482141,0.06725689971016813
H1A2_D1,tau800,510,0,1,0,1,0,not_converged,-6.084110260009766,-6.112085032805556,0.027974772795790415
H1A2_D1,tau800,511,1,1,0,0,0,not_converged,-7.7056450843811035,-7.744531859375,0.03888677499389637
H1A2_D1,tau800,512,0,1,1,1,0,not_converged,-6.069507598876953,-6.069127939166666,-0.00037965971028697254
H1A2_D1,tau800,513,1,1,0,0,0,not_converged,-5.434495449066162,-5.5535936321875,0.1190981831213378
H1A2_D1,tau800,514,1,1,0,0,0,not_converged,-5.3593831062316895,-5.7685055025,0.4091223962683106
H1A2_D1,tau800,515,1,1,0,0,1,verified,-7.009501934051514,-7.131432083469386,0.12193014941787261
H1A2_D1,tau800,516,1,1,1,1,0,not_converged,-4.941531658172607,-4.874577810797101,-0.06695384737550647
H1A2_D1,tau800,517,0,1,0,1,0,not_converged,-8.347152709960938,-8.430237784180548,0.08308507421961053
H1A2_D1,tau800,518,1,1,0,0,0,not_converged,-6.295405387878418,-6.32724859,0.03184320212158198
H1A2_D1,tau800,519,1,1,0,0,1,verified,-7.157133102416992,-7.463248600833333,0.3061154984163412
H1A2_D1,tau800,520,1,1,0,0,0,not_converged,-6.735478401184082,-6.849193782499998,0.11371538131591574
H1A2_D1,tau800,521,1,1,0,0,0,not_converged,-6.427704811096191,-6.441000308333333,0.013295497237141518
H1A2_D1,tau800,522,1,1,0,0,0,not_converged,-3.736945390701294,-3.8414387829761907,0.10449339227489673
H1A2_D1,tau800,523,1,1,0,1,0,not_converged,-8.63415813446045,-8.718612457833338,0.0844543233728885
H1A2_D1,tau800,524,1,1,1,1,0,not_converged,-5.522873878479004,-5.511338759642857,-0.011535118836146552
H1A2_D1,tau800,525,1,1,0,0,0,not_converged,-6.40180778503418,-6.595725783690476,0.19391799865629622
H1A2_D1,tau800,526,1,1,0,0,1,verified,-5.221957206726074,-5.182306179999999,-0.03965102672607479
H1A2_D1,tau800,527,1,1,1,1,0,not_converged,-4.7081708908081055,-4.641573311111113,-0.06659757969699243
H1A2_D1,tau800,528,1,1,0,0,1,verified,-6.300581932067871,-6.308745976428566,0.008164044360694511
H1A2_D1,tau800,529,1,1,0,1,0,not_converged,-2.87770676612854,-2.8910942266666666,0.013387460538126561
H1A2_D1,tau800,530,1,1,0,0,0,not_converged,-6.035118579864502,-6.1209733422222214,0.0858547623577195
H1A2_D1,tau800,531,1,1,0,1,1,verified,-3.978884696960449,-4.060792923,0.08190822603955095
H1A2_D1,tau800,532,0,1,0,0,0,not_converged,-8.123114585876465,-8.299187171470596,0.17607258559413097
H1A2_D1,tau800,533,1,1,0,1,1,verified,-7.573495864868164,-7.610649461428571,0.03715359656040729
H1A2_D1,tau800,534,1,1,0,1,1,verified,-2.7720460891723633,-2.7844803107499985,0.012434221577635185
H1A2_D1,tau800,535,1,1,0,1,0,not_converged,-4.301476001739502,-4.35474680975,0.053270808010497994
H1A2_D1,tau800,536,1,1,0,1,0,not_converged,-7.3887858390808105,-7.486074154999999,0.0972883159191884
H1A2_D1,tau800,537,1,1,0,0,0,not_converged,-6.846656799316406,-6.956924663500001,0.11026786418359436
H1A2_D1,tau800,538,0,1,1,1,0,not_converged,-3.9670491218566895,-3.8169818549999963,-0.15006726685669314
H1A2_D1,tau800,539,0,1,0,0,1,verified,-5.887294769287109,-5.990063168333334,0.1027683990462247
H1A2_D1,tau800,540,1,1,0,0,0,not_converged,-4.339116096496582,-4.822480633362069,0.4833645368654871
H1A2_D1,tau800,541,1,1,0,1,0,not_converged,-3.282979726791382,-3.344931825833333,0.061952099041951314
H1A2_D1,tau800,542,1,1,0,1,1,verified,-3.169750452041626,-3.21176262125,0.04201216920837414
H1A2_D1,tau800,543,1,1,0,1,0,not_converged,-5.85414457321167,-5.867925685555556,0.013781112343886015
H1A2_D1,tau800,544,0,1,0,0,1,verified,-3.024545192718506,-3.134796051494253,0.11025085877574714
H1A2_D1,tau800,545,1,1,0,0,1,verified,-5.063577651977539,-5.232126961999998,0.16854931002245888
H1A2_D1,tau800,546,1,1,0,0,0,not_converged,-7.325654029846191,-7.440291984583329,0.11463795473713745
H1A2_D1,tau800,547,1,1,0,1,1,verified,-5.368956089019775,-5.417338445,0.048382355980225
H1A2_D1,tau800,548,1,1,0,1,1,verified,-4.956930160522461,-5.026056615,0.06912645447753896
H1A2_D1,tau800,549,1,1,0,0,1,verified,-4.668961524963379,-4.7867108075,0.11774928253662154
H1A2_D1,tau800,550,1,1,0,0,1,verified,-4.309443473815918,-4.434936616666667,0.12549314285074864
H1A2_D1,tau800,551,0,1,0,1,0,not_converged,-8.317780494689941,-8.409315963974366,0.09153546928442502
H1A2_D1,tau800,552,1,1,0,1,0,not_converged,-6.352168083190918,-6.395818074999999,0.04364999180908136
H1A2_D1,tau800,553,1,1,0,1,0,not_converged,-7.964782238006592,-7.99947954884058,0.034697310833988304
H1A2_D1,tau800,554,1,1,0,1,0,not_converged,-3.2152822017669678,-3.3051274425,0.08984524073303213
H1A2_D1,tau800,555,1,1,0,1,1,verified,-5.676712989807129,-5.76129931796875,0.08458632816162126
H1A2_D1,tau800,556,1,1,1,1,1,verified,-4.113882541656494,-4.078556233362069,-0.03532630829442507
H1A2_D1,tau800,557,1,1,0,0,1,verified,-4.659857749938965,-4.856504486666666,0.1966467367277014
H1A2_D1,tau800,558,1,1,0,0,0,not_converged,-5.920943737030029,-6.062922377843134,0.14197864081310474
H1A2_D1,tau800,559,1,1,0,1,0,not_converged,-8.200648307800293,-8.271957885541669,0.07130957774137592
H1A2_D1,tau800,560,1,1,0,1,0,not_converged,-5.1698527336120605,-5.219441670624999,0.04958893701293832
H1A2_D1,tau800,561,1,1,0,0,0,not_converged,-7.1251678466796875,-7.360338014583332,0.23517016790364487
H1A2_D1,tau800,562,1,1,0,1,0,not_converged,-6.967597961425781,-6.998467425958331,0.03086946453254935
H1A2_D1,tau800,563,0,1,0,0,0,not_converged,-5.487181663513184,-5.746246750681818,0.25906508716863463
H1A2_D1,tau800,564,1,1,0,1,0,not_converged,-8.328290939331055,-8.380616457222251,0.05232551789119633
H1A2_D1,tau800,565,1,1,0,1,0,not_converged,-6.9085893630981445,-6.9844244628125,0.07583509971435554
H1A2_D1,tau800,566,1,1,0,1,0,not_converged,-4.837490081787109,-4.84617572277778,0.00868564099067104
H1A2_D1,tau800,567,1,1,0,0,0,not_converged,-6.787688732147217,-6.977218462222222,0.18952973007500518
H1A2_D1,tau800,568,1,1,0,0,0,not_converged,-5.510912895202637,-5.667199826875002,0.15628693167236563
H1A2_D1,tau800,569,1,1,0,0,0,not_converged,-5.929774284362793,-6.21799675625,0.28822247188720684
H1A2_D1,tau800,570,1,1,0,1,0,not_converged,-6.489696502685547,-6.536831063,0.04713456031445329
H1A2_D1,tau800,571,1,1,0,1,0,not_converged,-5.988582611083984,-6.055091405,0.06650879391601539
H1A2_D1,tau800,572,1,1,0,1,0,not_converged,-5.8813371658325195,-5.894236688333334,0.012899522500814165
H1A2_D1,tau800,573,1,1,0,0,0,not_converged,-8.688592910766602,-8.860979771071428,0.17238686030482597
H1A2_D1,tau800,574,1,1,0,0,0,not_converged,-9.120682716369629,-9.130724048000001,0.010041331630372241
H1A2_D1,tau800,575,1,1,0,1,1,verified,-9.626138687133789,-9.64368324390625,0.01754455677246014
H1A2_D1,tau800,576,1,1,0,1,0,not_converged,-7.893393516540527,-7.9463406372500005,0.05294712070947316
H1A2_D1,tau800,577,1,1,0,1,0,not_converged,-7.840398788452148,-7.898664346666666,0.05826555821451773
H1A2_D1,tau800,578,0,1,0,0,0,not_converged,-7.5220112800598145,-7.904137801011904,0.3821265209520899
H1A2_D1,tau800,579,1,1,0,0,1,verified,-4.456739902496338,-4.5974441825,0.14070428000366242
H1A2_D1,tau800,580,1,1,0,1,1,verified,-4.178280353546143,-4.272866928125,0.094586574578857
H1A2_D1,tau800,581,1,1,0,0,0,not_converged,-5.061099052429199,-5.185017391111113,0.12391833868191338
H1A2_D1,tau800,582,1,1,0,0,0,not_converged,-8.153823852539062,-8.296152071761648,0.14232821922258587
H1A2_D1,tau800,583,1,1,0,0,0,not_converged,-7.342133522033691,-7.458291330000001,0.11615780796630926
H1A2_D1,tau800,584,0,1,0,0,0,not_converged,-6.983600616455078,-7.174230668947368,0.19063005249229015
H1A2_D1,tau800,585,1,1,0,1,0,not_converged,-8.105538368225098,-8.19349129625,0.08795292802490273
H1A2_D1,tau800,586,1,1,0,1,1,verified,-7.84526252746582,-7.941595019763888,0.0963324922980675
H1A2_D1,tau800,587,1,1,0,0,0,not_converged,-8.816629409790039,-9.076747898350009,0.26011848855996966
H1A2_D1,tau800,588,1,1,0,1,0,not_converged,-3.896660804748535,-3.940254005833328,0.04359320108479281
H1A2_D1,tau800,589,1,1,0,0,0,not_converged,-7.757809638977051,-7.931246645416669,0.17343700643961846
H1A2_D1,tau800,590,1,1,0,0,0,not_converged,-5.967965126037598,-6.075083163750001,0.10711803771240369
H1A2_D1,tau800,591,0,1,0,0,0,not_converged,-6.672970771789551,-6.8908339850875,0.21786321329794944
H1A2_D1,tau800,592,0,1,0,0,0,not_converged,-6.328660011291504,-6.488100046428571,0.1594400351370675
H1A2_D1,tau800,593,1,1,0,0,1,verified,-7.405946731567383,-7.644372546564039,0.23842581499665627
H1A2_D1,tau800,594,1,1,0,1,1,verified,-5.0528106689453125,-5.137322595390621,0.08451192644530892
H1A2_D1,tau800,595,1,1,0,1,1,verified,-3.7868711948394775,-3.8109214989166658,0.024050304077188223
H1A2_D1,tau800,596,1,1,0,1,1,verified,-6.32573938369751,-6.385504746666666,0.05976536296915658
H1A2_D1,tau800,597,1,1,0,1,0,not_converged,-5.60623025894165,-5.647885306666667,0.04165504772501638
H1A2_D1,tau800,598,1,1,0,1,0,not_converged,-4.090662956237793,-4.171417369375,0.08075441313720688
H1A2_D1,tau800,599,1,1,0,0,0,not_converged,-6.762378692626953,-7.0417229487916675,0.27934425616471437
H1A2_D1,tau800,600,1,1,0,1,0,not_converged,-8.538623809814453,-8.616930196354147,0.07830638653969402
H1A2_D1,tau800,601,1,1,0,0,0,not_converged,-6.362004280090332,-6.7198361735714345,0.35783189348110245
H1A2_D1,tau800,602,1,1,0,0,0,not_converged,-5.3827619552612305,-5.603360449083334,0.22059849382210395
H1A2_D1,tau800,603,1,1,0,1,0,not_converged,-7.132196426391602,-7.231503501249999,0.09930707485839729
H1A2_D1,tau800,604,0,0,0,0,0,generation_failure,,,
H1A2_D1,tau800,605,1,1,0,0,0,not_converged,-6.405421733856201,-6.532762696923074,0.1273409630668727
H1A2_D1,tau800,606,1,1,0,0,0,not_converged,-7.636960506439209,-8.254909004166667,0.6179484977274576
H1A2_D1,tau800,607,1,1,0,0,1,verified,-4.209738254547119,,
H1A2_D1,tau800,608,1,1,0,0,0,not_converged,-8.276034355163574,-8.381697039583335,0.10566268441976057
H1A2_D1,tau800,609,1,1,0,0,0,not_converged,-6.633563995361328,-6.8928177428125,0.25925374745117225
H1A2_D1,tau800,610,1,1,0,0,0,not_converged,-8.293553352355957,-8.31294434,0.019390987644042568
H1A2_D1,tau800,611,1,1,0,0,1,verified,-3.873040199279785,-3.878981410000002,0.005941210720216805
H1A2_D1,tau800,612,1,1,0,0,1,verified,-4.929541110992432,-5.094008341999999,0.164467231007567
H1A2_D1,tau800,613,1,1,0,0,0,not_converged,-6.828577995300293,-6.9800357155,0.1514577201997067
H1A2_D1,tau800,614,1,1,0,0,1,verified,-2.8059685230255127,,
H1A2_D1,tau800,615,1,1,1,1,1,verified,-5.308181285858154,-5.28278373,-0.025397555858154064
H1A2_D1,tau800,616,1,1,0,1,1,verified,-3.8893001079559326,-3.9262666141666664,0.03696650621073383
H1A2_D1,tau800,617,1,1,1,1,0,not_converged,-6.966829299926758,-6.814666827499999,-0.15216247242675873
H1A2_D1,tau800,618,1,1,0,1,1,verified,-6.820960998535156,-6.854147907142856,0.033186908607699905
H1A2_D1,tau800,619,1,1,0,0,1,verified,-4.615867614746094,-4.790574097530303,0.17470648278420953
H1A2_D1,tau800,620,1,1,0,1,0,not_converged,-2.7835872173309326,-2.8438955515948283,0.0603083342638957
H1A2_D1,tau800,621,1,1,1,1,0,not_converged,-3.0505733489990234,-3.039236250269841,-0.011337098729182316
H1A2_D1,tau800,622,1,1,0,0,0,not_converged,-6.097830295562744,-6.555785223571426,0.45795492800868143
H1A2_D1,tau800,623,0,1,0,1,1,verified,-4.2387566566467285,-4.2769381272222216,0.03818147057549304
H1A2_D1,tau800,624,1,1,0,0,0,not_converged,-6.813980579376221,-6.934263380833335,0.12028280145711445
H1A2_D1,tau800,625,1,1,0,1,0,not_converged,-9.080681800842285,-9.166623443333334,0.08594164249104885
H1A2_D1,tau800,626,0,1,0,1,1,verified,-3.3070709705352783,-3.340783218645833,0.03371224811055473
H1A2_D1,tau800,627,1,1,0,0,0,not_converged,-4.78148078918457,-5.0370138577777785,0.25553306859320823
H1A2_D1,tau800,628,1,1,0,0,1,verified,-3.9509787559509277,,
H1A2_D1,tau800,629,1,1,0,1,0,not_converged,-7.503220558166504,-7.59869000259375,0.0954694444272457
H1A2_D1,tau800,630,1,1,0,0,0,not_converged,-8.119501113891602,,
H1A2_D1,tau800,631,0,1,0,0,1,verified,-3.867508888244629,-3.8578771125,-0.009631775744628701
H1A2_D1,tau800,632,1,1,0,0,0,not_converged,-7.264612674713135,-7.290978368999999,0.026365694286864638
H1A2_D1,tau800,633,0,1,0,0,0,not_converged,-8.067619323730469,-8.217829233173074,0.15020990944260504
H1A2_D1,tau800,634,1,1,0,1,0,not_converged,-8.066917419433594,-8.099678662354178,0.03276124292058391
H1A2_D1,tau800,635,1,1,0,0,1,verified,-3.2247891426086426,-3.4289641216666666,0.20417497905802406
H1A2_D1,tau800,636,1,1,0,1,0,not_converged,-7.056504249572754,-7.110636203593749,0.054131954020995465
H1A2_D1,tau800,637,0,0,0,0,0,generation_failure,,,
H1A2_D1,tau800,638,1,1,0,1,1,verified,-4.951860427856445,-5.018267591000001,0.06640716314355544
H1A2_D1,tau800,639,1,1,0,0,0,not_converged,-3.20078182220459,-3.2128957719999995,0.012113949795409695
H1A2_D1,tau800,640,1,1,0,1,0,not_converged,-8.583983421325684,-8.625241947500001,0.04125852617431747
H1A2_D1,tau800,641,1,1,0,1,1,verified,-4.4383392333984375,-4.518596746785716,0.08025751338727893
H1A2_D1,tau800,642,0,1,0,0,0,not_converged,-5.607962608337402,-5.785255833964286,0.177293225626884
H1A2_D1,tau800,643,1,1,0,0,0,not_converged,-1.9082794189453125,-1.9412918889473683,0.03301247000205576
H1A2_D1,tau800,644,1,1,0,0,0,not_converged,-8.389078140258789,-8.7441595753125,0.3550814350537106
H1A2_D1,tau800,645,0,1,0,0,1,verified,-3.8959033489227295,-4.117912353333335,0.22200900441060512
H1A2_D1,tau800,646,1,1,0,1,1,verified,-4.0737128257751465,-4.1451110525,0.07139822672485341
H1A2_D1,tau800,647,1,1,0,1,1,verified,-3.869288921356201,-3.943475848089081,0.07418692673287985
H1A2_D1,tau800,648,1,1,0,0,1,verified,-6.5716400146484375,-6.777828643611112,0.20618862896267487
H1A2_D1,tau800,649,1,1,0,0,0,not_converged,-6.613719940185547,-6.8069309675,0.19321102731445272
H1A2_D1,tau800,650,0,1,0,0,1,verified,-4.420948505401611,-4.8071164225,0.3861679170983887
H1A2_D1,tau800,651,1,1,0,1,0,not_converged,-7.162437438964844,-7.2420316029999965,0.07959416403515274
H1A2_D1,tau800,652,1,1,0,1,0,not_converged,-4.440074443817139,-4.489138247901787,0.049063804084648055
H1A2_D1,tau800,653,1,1,0,1,1,verified,-5.882111072540283,-5.942038990000001,0.05992791745971804
H1A2_D1,tau800,654,1,1,0,1,0,not_converged,-7.710737228393555,-7.80430871946875,0.09357149107519547
H1A2_D1,tau800,655,1,1,0,0,0,not_converged,-7.655529499053955,-7.71596877875,0.06043927969604468
H1A2_D1,tau800,656,1,1,0,0,0,not_converged,-7.440685749053955,-7.576344552857143,0.13565880380318784
H1A2_D1,tau800,657,1,1,0,0,0,not_converged,-6.521795749664307,-6.7247548070892895,0.20295905742498288
H1A2_D1,tau800,658,1,1,0,0,1,verified,-7.6485595703125,-7.847256631959379,0.19869706164687884
H1A2_D1,tau800,659,1,1,0,1,1,verified,-2.4214372634887695,-2.5140636025000003,0.09262633901123074
H1A2_D1,tau800,660,1,1,1,1,0,not_converged,-8.09635066986084,-8.076085841892853,-0.020264827967986676
H1A2_D1,tau800,661,1,1,0,0,0,not_converged,-7.035498142242432,-7.168872619000002,0.1333744767575702
H1A2_D1,tau800,662,1,1,0,1,0,not_converged,-7.472736835479736,-7.5118813395,0.03914450402026404
H1A2_D1,tau800,663,1,1,0,1,0,not_converged,-8.166535377502441,-8.2644569396875,0.09792156218505887
H1A2_D1,tau800,664,1,1,0,0,0,not_converged,-3.041619300842285,,
H1A2_D1,tau800,665,0,1,0,0,0,not_converged,-6.236330986022949,-6.265704854,0.02937386797705077
H1A2_D1,tau800,666,1,1,0,1,1,verified,-8.610291481018066,-8.702747815555556,0.09245633453748958
H1A2_D1,tau800,667,1,0,0,0,0,invalid_raw,,-4.125440847395833,
H1A2_D1,tau800,668,1,1,0,0,0,not_converged,-4.439298152923584,-4.470746124444444,0.03144797152086021
H1A2_D1,tau800,669,1,1,0,0,0,not_converged,-6.654328346252441,-6.6621268041666655,0.007798457914224066
H1A2_D1,tau800,670,1,1,0,1,0,not_converged,-6.713724136352539,-6.765227836375001,0.05150370002246163
H1A2_D1,tau800,671,1,1,0,1,0,not_converged,-7.363986968994141,-7.443452225374998,0.07946525638085777
H1A2_D1,tau800,672,0,1,0,0,0,not_converged,-5.341797828674316,-5.521868224097222,0.1800703954229057
H1A2_D1,tau800,673,1,1,0,1,1,verified,-5.339505195617676,-5.39619175625,0.05668656063232458
H1A2_D1,tau800,674,1,1,0,0,0,not_converged,-7.132619857788086,-7.240865731547606,0.10824587375952
H1A2_D1,tau800,675,1,1,0,1,0,not_converged,-4.747075080871582,-4.807592882869896,0.060517801998313914
H1A2_D1,tau800,676,1,1,0,0,0,not_converged,-7.807651519775391,-7.950022721388889,0.14237120161349814
H1A2_D1,tau800,677,1,1,0,1,1,verified,-5.478886604309082,-5.574598848888892,0.09571224457980954
H1A2_D1,tau800,678,1,1,0,1,1,verified,-5.953155517578125,-6.0105781128316345,0.057422595253509456
H1A2_D1,tau800,679,1,1,0,1,0,not_converged,-4.639334678649902,-4.645062652783783,0.005727974133880487
H1A2_D1,tau800,680,1,1,0,0,0,not_converged,-7.551828861236572,-7.73580783,0.18397896876342745
H1A2_D1,tau800,681,1,1,0,0,0,not_converged,-6.273914813995361,-6.442499237692307,0.16858442369694604
H1A2_D1,tau800,682,1,1,0,0,0,not_converged,-7.571326732635498,-7.677512827749999,0.10618609511450128
H1A2_D1,tau800,683,1,1,0,1,1,verified,-5.640342712402344,-5.7153636783333335,0.07502096593098972
H1A2_D1,tau800,684,1,1,0,0,1,verified,-6.360535144805908,-6.620050240833334,0.2595150960274255
H1A2_D1,tau800,685,1,1,0,1,0,not_converged,-5.018377304077148,-5.0402639921875,0.021886688110351216
H1A2_D1,tau800,686,1,1,0,1,0,not_converged,-6.559053421020508,-6.632185537392859,0.07313211637235106
H1A2_D1,tau800,687,1,1,0,0,0,not_converged,-8.114383697509766,-8.233708902777778,0.11932520526801227
H1A2_D1,tau800,688,1,1,0,1,1,verified,-2.413259744644165,-2.4936662025000005,0.08040645785583544
H1A2_D1,tau800,689,0,1,0,1,0,not_converged,-6.255735397338867,-6.3002516555102,0.04451625817133298
H1A2_D1,tau800,690,1,1,0,0,0,not_converged,-4.496152400970459,,
H1A2_D1,tau800,691,1,1,0,0,0,not_converged,-4.820583343505859,-4.787270853333333,-0.03331249017252613
H1A2_D1,tau800,692,1,1,1,1,0,not_converged,-6.229943752288818,-6.17405111666667,-0.055892635622148745
H1A2_D1,tau800,693,1,1,0,0,1,verified,-6.200165748596191,-6.4184782624074,0.21831251381120875
H1A2_D1,tau800,694,1,1,0,1,0,not_converged,-4.8536505699157715,-4.934960862916669,0.08131029300089754
H1A2_D1,tau800,695,1,1,0,1,0,not_converged,-4.719578266143799,-4.812299475,0.09272120885620083
H1A2_D1,tau800,696,1,1,0,0,1,verified,-3.209946870803833,-3.1968489839999985,-0.013097886803834502
H1A2_D1,tau800,697,1,1,0,1,0,not_converged,-6.2397847175598145,-6.26341539,0.02363067244018513
H1A2_D1,tau800,698,1,1,0,1,0,not_converged,-8.079550743103027,-8.10818995285713,0.02863920975410217
H1A2_D1,tau800,699,1,1,0,1,1,verified,-6.893714904785156,-6.95063766,0.05692275521484369
H1A2_D1,tau800,700,1,1,0,0,0,not_converged,-6.188965320587158,-6.512159472222223,0.3231941516350645
H1A2_D1,tau800,701,1,1,0,0,1,verified,-1.2057559490203857,-1.3200470271684348,0.11429107814804906
H1A2_D1,tau800,702,1,1,1,1,1,verified,-6.3322553634643555,-6.28886659,-0.04338877346435588
H1A2_D1,tau800,703,0,1,1,1,1,verified,-6.904322147369385,-6.891417424285714,-0.012904723083670966
H1A2_D1,tau800,704,1,1,0,0,0,not_converged,-8.404047966003418,-8.51688622213451,0.11283825613109144
H1A2_D1,tau800,705,1,1,0,0,1,verified,-5.08698844909668,-5.233241557916665,0.14625310881998566
H1A2_D1,tau800,706,1,1,0,0,0,not_converged,-7.202233791351318,-7.342743946375009,0.14051015502369069
H1A2_D1,tau800,707,1,1,1,1,1,verified,-4.798637390136719,-4.7680858299999995,-0.030551560136719225
H1A2_D1,tau800,708,1,1,0,1,0,not_converged,-6.87838077545166,-6.971894294761912,0.09351351931025143
H1A2_D1,tau800,709,0,1,0,0,0,not_converged,-6.909112453460693,-7.098623117619049,0.18951066415835527
H1A2_D1,tau800,710,1,1,0,0,0,not_converged,-6.926678657531738,-7.342082446388888,0.4154037888571498
H1A2_D1,tau800,711,1,1,0,0,1,verified,-7.5762834548950195,-7.74208865875,0.16580520385498065
H1A2_D1,tau800,712,1,1,0,1,1,verified,-5.528815746307373,-5.551665437777777,0.022849691470404387
H1A2_D1,tau800,713,1,1,0,0,0,not_converged,-7.358338832855225,-7.49526839575,0.13692956289477554
H1A2_D1,tau800,714,1,1,0,1,0,not_converged,-3.8794991970062256,-3.9130018430000004,0.03350264599377484
H1A2_D1,tau800,715,0,1,0,0,0,not_converged,-5.540032863616943,-5.719087657083333,0.1790547934663893
H1A2_D1,tau800,716,1,1,0,0,0,not_converged,-7.668034553527832,-7.737812645333337,0.06977809180550487
H1A2_D1,tau800,717,1,1,0,1,0,not_converged,-6.4726786613464355,-6.5044673237857165,0.03178866243928091
H1A2_D1,tau800,718,1,1,0,0,0,not_converged,-9.873056411743164,-9.996184573500003,0.1231281617568385
H1A2_D1,tau800,719,1,1,0,0,0,not_converged,-5.2328267097473145,-5.44340574375,0.21057903400268518
H1A2_D1,tau800,720,0,1,0,0,0,not_converged,-9.023248672485352,-9.24237755570988,0.21912888322452773
H1A2_D1,tau800,721,1,1,0,0,0,not_converged,-5.011065483093262,-5.415105802638893,0.404040319545631
H1A2_D1,tau800,722,1,1,0,1,0,not_converged,-4.759348392486572,-4.768434421111113,0.009086028624540887
H1A2_D1,tau800,723,1,1,0,1,0,not_converged,-3.904392719268799,-3.954560286,0.05016756673120115
H1A2_D1,tau800,724,1,1,0,0,1,verified,-4.43973445892334,-4.541502935178574,0.10176847625523422
H1A2_D1,tau800,725,1,1,0,0,0,not_converged,-6.604966640472412,-6.748878903333334,0.14391226286092174
H1A2_D1,tau800,726,1,1,0,1,0,not_converged,-7.5896172523498535,-7.628483750411527,0.038866498061673305
H1A2_D1,tau800,727,1,1,0,0,1,verified,-3.5034940242767334,-3.520395878666667,0.016901854389933746
H1A2_D1,tau800,728,1,1,0,0,1,verified,-3.6451609134674072,-3.76551414375,0.1203532302825927
H1A2_D1,tau800,729,1,1,0,0,0,not_converged,-5.754741191864014,-5.862104980555555,0.10736378869154173
H1A2_D1,tau800,730,0,1,0,1,1,verified,-1.916952133178711,-1.98562423,0.06867209682128905
H1A2_D1,tau800,731,1,1,0,0,0,not_converged,-6.4703803062438965,-6.581252318333334,0.11087201208943753
H1A2_D1,tau800,732,0,0,0,0,0,generation_failure,,,
H1A2_D1,tau800,733,1,1,0,1,1,verified,-7.285619735717773,-7.336335197499998,0.0507154617822243
H1A2_D1,tau800,734,1,1,0,1,1,verified,-6.565776348114014,-6.658401237142859,0.09262488902884503
H1A2_D1,tau800,735,1,1,0,1,0,not_converged,-8.219771385192871,-8.270374294444444,0.05060290925157318
H1A2_D1,tau800,736,1,1,0,0,1,verified,-3.616041421890259,-3.610058185,-0.005983236890258592
H1A2_D1,tau800,737,1,1,0,1,1,verified,-3.4964916706085205,-3.5546431343039373,0.058151463695416794
H1A2_D1,tau800,738,1,1,0,0,1,verified,-0.26803627610206604,-0.303680365,0.03564408889793397
H1A2_D1,tau800,739,1,1,0,0,0,not_converged,-8.043527603149414,-8.060540081875,0.017012478725586533
H1A2_D1,tau800,740,1,1,0,0,1,verified,-8.684675216674805,-8.8303579059375,0.14568268926269567
H1A2_D1,tau800,741,1,1,0,1,1,verified,-4.518326282501221,-4.542635367083333,0.02430908458211256
H1A2_D1,tau800,742,1,1,0,0,0,not_converged,-5.6530280113220215,-5.7849796383333345,0.13195162701131302
H1A2_D1,tau800,743,1,1,0,1,1,verified,-7.817595958709717,-7.822364705357142,0.004768746647425104
H1A2_D1,tau800,744,1,1,0,0,1,verified,-3.198721408843994,-3.2121013475,0.013379938656005841
H1A2_D1,tau800,745,1,1,0,1,0,not_converged,-2.2764203548431396,-2.2923379383333327,0.01591758349019301
H1A2_D1,tau800,746,1,1,0,0,1,verified,-4.90406608581543,-5.304544437332861,0.4004783515174317
H1A2_D1,tau800,747,1,1,0,1,0,not_converged,-4.962218284606934,-5.0581171225,0.09589883789306608
H1A2_D1,tau800,748,1,1,0,0,0,not_converged,-8.260608673095703,-8.277995374,0.017386700904296504
H1A2_D1,tau800,749,1,1,0,1,0,not_converged,-4.5682692527771,-4.604603925034723,0.03633467225762299
H1A2_D1,tau800,750,0,1,0,1,0,not_converged,-9.26364803314209,-9.31128927875,0.04764124560790961
H1A2_D1,tau800,751,1,1,0,1,0,not_converged,-1.7162340879440308,-1.7605242516666666,0.044290163722635834
H1A2_D1,tau800,752,1,1,0,0,0,not_converged,-6.538037300109863,-6.722576283923612,0.18453898381374856
H1A2_D1,tau800,753,1,1,0,0,0,not_converged,-8.255671501159668,-8.392790857954543,0.13711935679487475
H1A2_D1,tau800,754,1,1,0,0,0,not_converged,-7.107064247131348,-7.1307171941666665,0.02365294703531884
H1A2_D1,tau800,755,1,1,0,0,1,verified,-7.6848039627075195,-8.100070554490738,0.4152665917832188
H1A2_D1,tau800,756,1,1,0,0,1,verified,-6.004513740539551,-6.170512414999999,0.16599867446044847
H1A2_D1,tau800,757,1,1,0,1,0,not_converged,-2.4524970054626465,-2.4789405550000003,0.02644354953735384
H1A2_D1,tau800,758,1,1,0,0,1,verified,-2.839362621307373,-2.961283005499999,0.12192038419262596
H1A2_D1,tau800,759,1,1,0,1,0,not_converged,-7.037543296813965,-7.1151969909999995,0.07765369418603463
H1A2_D1,tau800,760,1,1,0,0,0,not_converged,-8.66370964050293,-8.806885058333334,0.14317541783040433
H1A2_D1,tau800,761,1,1,0,0,1,verified,-5.715929985046387,-6.0097346,0.2938046149536131
H1A2_D1,tau800,762,1,1,0,1,1,verified,-7.910467147827148,-7.990677937000004,0.08021078917285518
H1A2_D1,tau800,763,1,1,0,0,0,not_converged,-7.634449481964111,-7.950050906588233,0.31560142462412166
H1A2_D1,tau800,764,1,1,0,0,0,not_converged,-6.0018181800842285,-6.141018505666668,0.1392003255824399
H1A2_D1,tau800,765,1,1,1,1,1,verified,-9.434277534484863,-9.408722988500001,-0.025554545984862287
H1A2_D1,tau800,766,1,1,0,0,0,not_converged,-7.389547348022461,-7.516797979874999,0.12725063185253838
H1A2_D1,tau800,767,1,1,1,1,1,verified,-3.9398632049560547,-3.9270266900000004,-0.012836514956054312
H1A2_D1,tau800,768,0,1,0,0,1,verified,-2.726630687713623,-2.9515350016666666,0.22490431395304356
H1A2_D1,tau800,769,0,1,1,1,1,verified,-2.785985231399536,-2.7539722699999998,-0.032012961399536355
H1A2_D1,tau800,770,1,1,1,1,0,not_converged,-10.061037063598633,-10.048376367284483,-0.012660696314149789
H1A2_D1,tau800,771,1,1,1,1,0,not_converged,-6.903574466705322,-6.876949725,-0.02662474170532203
H1A2_D1,tau800,772,1,1,0,0,1,verified,-6.269400596618652,-6.3711112776341,0.10171068101544734
H1A2_D1,tau800,773,1,1,1,1,1,verified,-7.124904155731201,-7.122875232,-0.0020289237312010044
H1A2_D1,tau800,774,0,1,0,1,0,not_converged,-5.437350273132324,-5.519281235555556,0.08193096242323161
H1A2_D1,tau800,775,1,1,0,0,0,not_converged,-8.258828163146973,-8.426084988249997,0.1672568251030242
H1A2_D1,tau800,776,1,1,0,0,0,not_converged,-7.311511993408203,-7.4584241271249985,0.14691213371679535
H1A2_D1,tau800,777,1,1,0,0,1,verified,-7.1322808265686035,-7.233627473281253,0.10134664671264915
H1A2_D1,tau800,778,0,1,0,1,1,verified,-4.293148994445801,-4.371537115833334,0.07838812138753326
H1A2_D1,tau800,779,1,1,0,1,1,verified,-1.1867899894714355,-1.2390868766666667,0.05229688719523118
H1A2_D1,tau800,780,1,1,0,0,0,not_converged,-7.024514675140381,-7.740167285859375,0.715652610718994
H1A2_D1,tau800,781,1,1,0,0,0,not_converged,-7.598356246948242,-7.84885051774306,0.25049427079481745
H1A2_D1,tau800,782,1,1,0,0,0,not_converged,-6.098341464996338,-6.171937493333335,0.07359602833699697
H1A2_D1,tau800,783,1,1,0,1,0,not_converged,-4.837863922119141,-4.879491741927084,0.04162781980794339
H1A2_D1,tau800,784,1,1,1,1,0,not_converged,-3.409238576889038,-3.3851983528030303,-0.02404022408600781
H1A2_D1,tau800,785,1,1,0,0,1,verified,-2.722959041595459,-3.1086040609027785,0.38564501930731954
H1A2_D1,tau800,786,1,1,1,1,0,not_converged,-7.913961887359619,-7.8457092920000004,-0.0682525953596187
H1A2_D1,tau800,787,1,1,0,0,0,not_converged,-7.437493324279785,-7.576344552857143,0.13885122857735777
H1A2_D1,tau800,788,1,1,0,1,0,not_converged,-4.185494899749756,-4.211207498333334,0.025712598583577773
H1A2_D1,tau800,789,0,1,0,1,0,not_converged,-4.787708282470703,-4.84518570875,0.05747742627929675
H1A2_D1,tau800,790,1,1,0,0,0,not_converged,-7.3031415939331055,-7.40743246492347,0.10429087099036494
H1A2_D1,tau800,791,1,1,0,0,0,not_converged,-5.364902973175049,,
H1A2_D1,tau800,792,1,1,0,1,1,verified,-3.2890427112579346,-3.3161780075,0.027135296242065454
H1A2_D1,tau800,793,1,1,0,0,1,verified,-6.195621013641357,-6.4379727303333345,0.24235171669197708
H1A2_D1,tau800,794,1,1,0,1,0,not_converged,-6.873631477355957,-6.924964055128209,0.05133257777225175
H1A2_D1,tau800,795,1,1,0,1,0,not_converged,-6.910440921783447,-6.949095105,0.03865418321655234
H1A2_D1,tau800,796,1,1,0,0,0,not_converged,-5.9194254875183105,-6.117192943333333,0.19776745581502286
H1A2_D1,tau800,797,1,1,0,1,1,verified,-7.056815147399902,-7.072619608125,0.015804460725097336
H1A2_D1,tau800,798,1,1,0,1,1,verified,-3.218789577484131,-3.2533790555937463,0.034589478109615435
H1A2_D1,tau800,799,1,1,0,0,1,verified,-4.750966548919678,-4.856704078999998,0.1057375300803205
H1A2_D1,tau800,800,1,1,0,1,0,not_converged,-5.663046836853027,-5.672655027619047,0.00960819076601993
H1A2_D1,tau800,801,1,1,0,1,1,verified,-8.168780326843262,-8.228284093928572,0.059503767085310244
H1A2_D1,tau800,802,1,1,0,1,0,not_converged,-6.469343185424805,-6.549004996,0.07966181057519517
H1A2_D1,tau800,803,1,1,0,0,1,verified,-5.968817234039307,-6.119753534,0.15093629996069335
H1A2_D1,tau800,804,1,1,0,1,1,verified,-3.499725580215454,-3.573580710833334,0.07385513061788007
H1A2_D1,tau800,805,0,1,0,0,0,not_converged,-6.9728102684021,-7.13805323076984,0.16524296236774028
H1A2_D1,tau800,806,1,1,0,1,0,not_converged,-6.786313056945801,-6.870190059567901,0.08387700262210007
H1A2_D1,tau800,807,1,1,0,0,1,verified,-7.006519794464111,-7.276155354522222,0.26963556005811107
H1A2_D1,tau800,808,1,1,0,0,0,not_converged,-5.8303446769714355,-5.949908545126046,0.11956386815461073
H1A2_D1,tau800,809,1,1,1,1,1,verified,-3.1031618118286133,-3.1015372975,-0.0016245143286131025
H1A2_D1,tau800,810,0,1,1,1,0,not_converged,-5.9658203125,-5.33646032625,-0.6293599862499999
H1A2_D1,tau800,811,1,1,0,0,0,not_converged,-8.438971519470215,-8.641752183636333,0.20278066416611829
H1A2_D1,tau800,812,1,1,1,1,0,not_converged,-7.861348628997803,-7.837688328888893,-0.023660300108909738
H1A2_D1,tau800,813,1,1,0,1,0,not_converged,-6.517066955566406,-6.529200695348258,0.01213373978185217
H1A2_D1,tau800,814,1,1,0,0,0,not_converged,-9.30866527557373,-9.562298996666666,0.25363372109293536
H1A2_D1,tau800,815,1,1,0,0,0,not_converged,-6.532711505889893,-6.71261526285714,0.17990375696724747
H1A2_D1,tau800,816,1,1,0,0,0,not_converged,-7.268728733062744,-7.27805242,0.009323686937255715
H1A2_D1,tau800,817,1,1,0,0,0,not_converged,-8.152066230773926,-8.275771377777778,0.12370514700385193
H1A2_D1,tau800,818,1,1,0,1,0,not_converged,-8.374743461608887,-8.427569198,0.052825736391113765
H1A2_D1,tau800,819,1,1,0,0,0,not_converged,-4.344163417816162,-4.442937286666667,0.09877386885050488
H1A2_D1,tau800,820,0,1,0,0,0,not_converged,-7.6799492835998535,-7.800188693214285,0.12023940961443191
H1A2_D1,tau800,821,1,1,0,1,1,verified,-5.982401371002197,-5.99867981,0.016278438997802347
H1A2_D1,tau800,822,1,1,0,1,0,not_converged,-7.461376667022705,-7.533483447794115,0.07210678077140997
H1A2_D1,tau800,823,1,1,0,0,1,verified,-7.25466775894165,-7.36402403991228,0.10935628097062988
H1A2_D1,tau800,824,1,1,0,0,0,not_converged,-2.589970350265503,,
H1A2_D1,tau800,825,0,1,0,0,0,not_converged,-3.7394022941589355,-3.8928727846913582,0.15347049053242268
H1A2_D1,tau800,826,0,0,0,0,0,generation_failure,,,
H1A2_D1,tau800,827,1,1,0,0,0,not_converged,-8.589001655578613,-8.710140971874996,0.1211393162963823
H1A2_D1,tau800,828,1,1,0,1,0,not_converged,-6.765344142913818,-6.825145993000001,0.059801850086182995
H1A2_D1,tau800,829,1,1,0,0,0,not_converged,-7.5262322425842285,-7.649855285333333,0.12362304274910407
H1A2_D1,tau800,830,1,1,0,0,0,not_converged,-6.832788944244385,-7.036984786500007,0.20419584225562204
H1A2_D1,tau800,831,0,1,1,1,1,verified,-3.864689826965332,-3.8265329825000003,-0.03815684446533174
H1A2_D1,tau800,832,1,1,0,1,0,not_converged,-6.036733150482178,-6.117308735855266,0.08057558537308829
H1A2_D1,tau800,833,1,1,0,1,0,not_converged,-5.781501770019531,-5.865303785,0.0838020149804688
H1A2_D1,tau800,834,1,1,0,0,0,not_converged,-9.289212226867676,-9.486995716666668,0.19778348979899185
H1A2_D1,tau800,835,1,1,0,1,0,not_converged,-3.122418165206909,-3.136149184333333,0.013731019126423938
H1A2_D1,tau800,836,0,1,0,0,1,verified,-4.683177471160889,-4.8613730521428575,0.17819558098196886
H1A2_D1,tau800,837,1,1,0,0,1,verified,-5.435690402984619,-5.614497634609375,0.17880723162475576
H1A2_D1,tau800,838,0,1,0,1,1,verified,-4.057462692260742,-4.0694253824999995,0.011962690239257334
H1A2_D1,tau800,839,1,1,1,1,0,not_converged,-5.847909450531006,-5.8394742100000006,-0.008435240531005306
H1A2_D1,tau800,840,1,1,0,0,1,verified,-6.964991569519043,-6.91080607,-0.05418549951904339
H1A2_D1,tau800,841,0,1,0,0,0,not_converged,-5.384730815887451,-5.556708085096156,0.17197726920870515
H1A2_D1,tau800,842,1,1,0,0,0,not_converged,-8.353464126586914,-8.422012696979166,0.06854857039225237
H1A2_D1,tau800,843,1,1,0,1,1,verified,-2.0042569637298584,-2.027634694074074,0.023377730344215752
H1A2_D1,tau800,844,1,1,0,0,1,verified,-6.7585368156433105,-6.931591296458333,0.17305448081502206
H1A2_D1,tau800,845,1,1,0,0,0,not_converged,-6.707509517669678,-6.838058308666669,0.13054879099699157
H1A2_D1,tau800,846,0,1,1,1,0,not_converged,-7.41899299621582,-7.3757731645,-0.043219831715820334
H1A2_D1,tau800,847,1,1,0,0,0,not_converged,-8.654054641723633,-8.847554120749999,0.19349947902636622
H1A2_D1,tau800,848,1,1,0,1,0,not_converged,-7.364798545837402,-7.460861769488637,0.09606322365123443
H1A2_D1,tau800,849,1,1,0,1,0,not_converged,-3.3075594902038574,-3.332236382916667,0.024676892712809373
H1A2_D1,tau800,850,0,1,0,0,0,not_converged,-6.542934417724609,-6.764080356176475,0.22114593845186548
H1A2_D1,tau800,851,1,1,0,1,0,not_converged,-9.237431526184082,-9.274697866666667,0.037266340482585036
H1A2_D1,tau800,852,1,1,0,0,0,not_converged,-7.562814712524414,-7.925577474541658,0.362762762017244
H1A2_D1,tau800,853,1,1,0,1,1,verified,-5.981654644012451,-6.0341786325,0.05252398848754858
H1A2_D1,tau800,854,1,1,0,0,0,not_converged,-8.960152626037598,-9.162336631333327,0.2021840052957291
H1A2_D1,tau800,855,0,1,0,1,1,verified,-4.362261772155762,-4.459803252,0.09754147984423867
H1A2_D1,tau800,856,1,1,0,1,0,not_converged,-7.800909996032715,-7.874149350833337,0.07323935480062183
H1A2_D1,tau800,857,1,1,0,0,0,not_converged,-5.20601224899292,-5.333822710000001,0.1278104610070807
H1A2_D1,tau800,858,1,1,0,1,1,verified,-4.39666748046875,-4.48796225684524,0.09129477637648975
H1A2_D1,tau800,859,1,1,0,1,1,verified,-5.319641590118408,-5.368700827121209,0.049059237002801126
H1A2_D1,tau800,860,1,1,0,1,0,not_converged,-6.162721633911133,-6.222918800681807,0.060197166770674215
H1A2_D1,tau800,861,1,1,1,1,0,not_converged,-5.286038398742676,-5.273301633333333,-0.012736765409342432
H1A2_D1,tau800,862,1,1,0,1,0,not_converged,-7.016826629638672,-7.0814302341666675,0.06460360452799563
H1A2_D1,tau800,863,0,1,0,0,1,verified,-4.371551990509033,-4.3693331225,-0.002218868009033592
H1A2_D1,tau800,864,1,1,0,1,0,not_converged,-6.143669605255127,-6.2328494295,0.08917982424487292
H1A2_D1,tau800,865,0,1,0,1,0,not_converged,-5.6615471839904785,-5.7010628075,0.03951562350952109
H1A2_D1,tau800,866,0,1,0,1,1,verified,-6.991438388824463,-6.99149448592803,5.609710356679898e-05
H1A2_D1,tau800,867,1,1,0,0,0,not_converged,-7.627728462219238,-7.813534150749998,0.18580568853075974
H1A2_D1,tau800,868,0,1,0,0,0,not_converged,-4.223208427429199,-4.359820095,0.13661166757080068
H1A2_D1,tau800,869,1,1,0,0,0,not_converged,-7.179940223693848,,
H1A2_D1,tau800,870,1,1,0,0,0,not_converged,-10.1467924118042,-10.161461063333332,0.014668651529133214
H1A2_D1,tau800,871,1,1,0,1,0,not_converged,-5.6858673095703125,-5.74306424,0.05719693042968732
H1A2_D1,tau800,872,0,0,0,0,0,generation_failure,,,
H1A2_D1,tau800,873,0,1,0,1,1,verified,-3.558478593826294,-3.5652668837500014,0.006788289923707502
H1A2_D1,tau800,874,0,1,0,0,0,not_converged,-6.676351547241211,-6.842737093058825,0.16638554581761422
H1A2_D1,tau800,875,1,1,0,1,0,not_converged,-5.83062744140625,-5.8992386660000005,0.06861122459375046
H1A2_D1,tau800,876,1,1,0,1,0,not_converged,-7.359831809997559,-7.3759375485,0.016105738502441014
H1A2_D1,tau800,877,1,1,0,0,0,not_converged,-3.3937761783599854,-3.5468643036363634,0.15308812527637805
H1A2_D1,tau800,878,1,1,0,1,0,not_converged,-5.881521701812744,-5.960389945791667,0.07886824397892322
H1A2_D1,tau800,879,0,1,0,1,1,verified,-3.3980798721313477,-3.4841492198214294,0.08606934769008179
H1A2_D1,tau800,880,0,1,0,0,0,not_converged,-4.229299068450928,-4.429701757,0.2004026885490724
H1A2_D1,tau800,881,1,1,0,0,1,verified,-4.3937177658081055,-4.613803788333334,0.22008602252522813
H1A2_D1,tau800,882,1,1,0,1,0,not_converged,-8.060352325439453,-8.150295750000002,0.08994342456054838
H1A2_D1,tau800,883,1,1,0,0,0,not_converged,-8.677186965942383,-9.0141752835,0.3369883175576174
H1A2_D1,tau800,884,1,1,0,1,0,not_converged,-3.4732742309570312,-3.5155698233333332,0.04229559237630198
H1A2_D1,tau800,885,0,1,0,0,0,not_converged,-6.842951774597168,-6.981420652045454,0.13846887744828607
H1A2_D1,tau800,886,0,1,0,0,0,not_converged,-7.115806579589844,,
H1A2_D1,tau800,887,1,1,0,0,1,verified,-6.0794196128845215,-6.3670003799999995,0.287580767115478
H1A2_D1,tau800,888,0,1,0,0,0,not_converged,-5.179989814758301,-5.314269965249999,0.1342801504916986
H1A2_D1,tau800,889,1,1,0,1,1,verified,-5.537149429321289,-5.6162415803125,0.07909215099121081
H1A2_D1,tau800,890,1,1,0,1,0,not_converged,-6.909540176391602,-6.919078220416664,0.009538044025062753
H1A2_D1,tau800,891,1,1,0,1,1,verified,-2.833479166030884,-2.8410345825,0.007555416469116061
H1A2_D1,tau800,892,1,1,0,1,0,not_converged,-5.863828182220459,-5.920631454027778,0.056803271807319256
H1A2_D1,tau800,893,1,1,0,1,0,not_converged,-6.366811275482178,-6.450757354166666,0.08394607868448833
H1A2_D1,tau800,894,1,1,1,1,1,verified,-3.5414977073669434,-3.52689995375,-0.014597753616943265
H1A2_D1,tau800,895,0,1,1,1,1,verified,-2.7381458282470703,-2.7363293518055563,-0.0018164764415140588
H1A2_D1,tau800,896,1,1,0,1,0,not_converged,-3.6371538639068604,-3.7158491445833333,0.07869528067647291
H1A2_D1,tau800,897,1,1,0,0,0,not_converged,-8.078035354614258,-8.160248024000001,0.08221266938574345
H1A2_D1,tau800,898,1,1,0,0,1,verified,-6.719886779785156,-6.831042365396824,0.11115558561166772
H1A2_D1,tau800,899,1,1,0,0,0,not_converged,-6.558234691619873,-6.812814635,0.25457994338012657
H1A2_D1,tau800,900,1,1,0,0,0,not_converged,-9.141571044921875,-9.32968279,0.18811174507812467
H1A2_D1,tau800,901,0,1,0,1,1,verified,-1.8424474000930786,-1.8879827516927081,0.045535351599629514
H1A2_D1,tau800,902,1,1,0,0,0,not_converged,-8.329924583435059,-8.380616457222251,0.05069187378719242
H1A2_D1,tau800,903,0,1,0,0,0,not_converged,-9.016395568847656,-9.276498181714283,0.2601026128666266
H1A2_D1,tau800,904,1,1,0,0,0,not_converged,-4.3395795822143555,-4.476813682857139,0.1372341006427833
H1A2_D1,tau800,905,1,1,0,0,0,not_converged,-5.6226582527160645,-5.6470053723214235,0.02434711960535907
H1A2_D1,tau800,906,1,1,0,1,0,not_converged,-6.653234958648682,-6.726081305,0.07284634635131848
H1A2_D1,tau800,907,1,1,0,1,0,not_converged,-8.338937759399414,-8.401153636785713,0.06221587738629886
H1A2_D1,tau800,908,1,1,1,1,0,not_converged,-4.558405876159668,-4.532290752777778,-0.02611512338189037
H1A2_D1,tau800,909,1,1,0,1,0,not_converged,-7.109516143798828,-7.1612256529166665,0.05170950911783834
H1A2_D1,tau800,910,0,0,0,0,0,generation_failure,,,
H1A2_D1,tau800,911,1,1,0,1,0,not_converged,-3.1268396377563477,-3.1365199707718125,0.009680333015464893
H1A2_D1,tau800,912,1,1,0,0,0,not_converged,-8.884016036987305,-9.133737216491225,0.24972117950392025
H1A2_D1,tau800,913,1,1,0,0,0,not_converged,-6.054353713989258,-6.424977623680556,0.37062390969129844
H1A2_D1,tau800,914,1,1,0,0,0,not_converged,-7.494628429412842,-7.548153147356322,0.05352471794348013
H1A2_D1,tau800,915,1,1,0,0,0,not_converged,-4.372443675994873,-4.4212917337499995,0.04884805775512646
H1A2_D1,tau800,916,1,1,0,1,0,not_converged,-4.8531999588012695,-4.938927495,0.08572753619873019
H1A2_D1,tau800,917,1,1,0,0,0,not_converged,-2.3045177459716797,,
H1A2_D1,tau800,918,0,0,0,0,0,generation_failure,,,
H1A2_D1,tau800,919,1,1,0,0,0,not_converged,-5.608011722564697,-5.935153199999993,0.32714147743529587
H1A2_D1,tau800,920,0,1,0,0,0,not_converged,-7.0127272605896,-7.309173151538461,0.29644589094886165
H1A2_D1,tau800,921,1,1,0,1,1,verified,-2.049217939376831,-2.0869139169444444,0.03769597756761334
H1A2_D1,tau800,922,0,1,0,1,0,not_converged,-8.6951322555542,-8.754443228499998,0.05931097294579857
H1A2_D1,tau800,923,1,1,0,0,0,not_converged,-5.30954647064209,-5.717606413377198,0.40805994273510837
H1A2_D1,tau800,924,1,1,0,0,1,verified,-1.8209384679794312,-1.9235609841666665,0.10262251618723539
H1A2_D1,tau800,925,1,1,0,0,0,not_converged,-6.452323913574219,-6.645119851666667,0.19279593809244844
H1A2_D1,tau800,926,1,1,0,0,0,not_converged,-8.107141494750977,-8.251581623124999,0.14444012837402198
H1A2_D1,tau800,927,0,1,0,0,0,not_converged,-5.6895599365234375,-5.789904790128208,0.10034485360477063
H1A2_D1,tau800,928,1,1,0,0,0,not_converged,-4.779479503631592,-4.955291062244899,0.1758115586133071
H1A2_D1,tau800,929,1,1,0,1,0,not_converged,-4.693783760070801,-4.71438744047619,0.02060368040538929
H1A2_D1,tau800,930,1,1,0,0,1,verified,-6.352323532104492,-6.562777495416665,0.21045396331217248
H1A2_D1,tau800,931,1,1,0,0,1,verified,-5.184279441833496,,
H1A2_D1,tau800,932,1,1,0,1,0,not_converged,-8.585405349731445,-8.626852597625001,0.04144724789355614
H1A2_D1,tau800,933,1,1,1,1,0,not_converged,-6.523120403289795,-6.508131777500003,-0.01498862578979221
H1A2_D1,tau800,934,1,1,0,0,1,verified,-6.100039958953857,-6.221268407500002,0.12122844854614456
H1A2_D1,tau800,935,1,1,0,1,1,verified,-1.852008581161499,-1.9235609841666665,0.07155240300516752
H1A2_D1,tau800,936,1,1,1,1,0,not_converged,-6.694869041442871,-6.605582771093751,-0.0892862703491204
H1A2_D1,tau800,937,1,1,1,1,0,not_converged,-3.630373477935791,-3.6301534775,-0.00022000043579106787
H1A2_D1,tau800,938,1,1,0,1,0,not_converged,-7.478892803192139,-7.4852171425,0.006324339307861138
H1A2_D1,tau800,939,1,1,0,0,0,not_converged,-6.300786018371582,-6.588806637777775,0.2880206194061934
H1A2_D1,tau800,940,0,1,0,0,0,not_converged,-6.884477138519287,-7.093001261234568,0.2085241227152812
H1A2_D1,tau800,941,1,1,0,0,1,verified,-6.330015659332275,-6.304610611666667,-0.02540504766560847
H1A2_D1,tau800,942,1,1,0,0,1,verified,-6.254680633544922,-6.408065929088541,0.15338529554361902
H1A2_D1,tau800,943,0,1,0,0,0,not_converged,-5.505553245544434,-5.931034952857143,0.4254817073127093
H1A2_D1,tau800,944,1,1,0,0,0,not_converged,-4.974747180938721,-5.000973668125,0.02622648718627918
H1A2_D1,tau800,945,0,1,0,0,0,not_converged,-4.917186737060547,-5.029781740000009,0.11259500293946179
H1A2_D1,tau800,946,1,1,0,0,0,not_converged,-7.405721187591553,-7.561609808437513,0.15588862084596045
H1A2_D1,tau800,947,1,1,0,1,1,verified,-2.604773998260498,-2.6288808611111123,0.024106862850614252
H1A2_D1,tau800,948,1,1,0,0,0,not_converged,-8.874042510986328,-9.005267389444437,0.13122487845810937
H1A2_D1,tau800,949,1,1,0,0,0,not_converged,-9.059504508972168,-9.173728859875,0.11422435090283223
H1A2_D1,tau800,950,1,1,0,0,0,not_converged,-4.726070880889893,-4.828780048266665,0.10270916737677283
H1A2_D1,tau800,951,1,1,0,1,0,not_converged,-2.608583927154541,-2.6353589008333334,0.026774973678792335
H1A2_D1,tau800,952,1,1,0,1,0,not_converged,-6.808498859405518,-6.8353379575,0.026839098094482594
H1A2_D1,tau800,953,0,1,0,1,1,verified,-6.067002773284912,-6.107807231399999,0.04080445811508682
H1A2_D1,tau800,954,1,1,0,1,0,not_converged,-1.511995792388916,-1.5762890504432145,0.06429325805429853
H1A2_D1,tau800,955,0,0,0,0,0,generation_failure,,,
H1A2_D1,tau800,956,1,1,0,0,1,verified,-5.066051483154297,-5.240470606250001,0.17441912309570373
H1A2_D1,tau800,957,1,1,0,0,1,verified,-6.537562370300293,-6.756182643611104,0.2186202733108109
H1A2_D1,tau800,958,1,1,0,1,0,not_converged,-7.903286933898926,-7.947011501666666,0.043724567767740474
H1A2_D1,tau800,959,1,1,0,1,1,verified,-4.201544761657715,-4.204492773249999,0.0029480115922844163
H1A2_D1,tau800,960,1,1,0,1,0,not_converged,-5.85921573638916,-5.907630262857143,0.048414526467983166
H1A2_D1,tau800,961,1,1,0,1,1,verified,-5.26991605758667,-5.348174636875,0.07825857928833013
H1A2_D1,tau800,962,1,1,0,0,1,verified,-3.294664144515991,-3.349867614000012,0.05520346948402066
H1A2_D1,tau800,963,1,1,0,1,1,verified,-5.770440578460693,-5.850962824615385,0.0805222461546915
H1A2_D1,tau800,964,1,1,0,1,0,not_converged,-2.620835542678833,-2.628029283333333,0.007193740654499958
H1A2_D1,tau800,965,1,1,0,0,0,not_converged,-7.301007270812988,-7.423750508611113,0.12274323779812502
H1A2_D1,tau800,966,1,1,0,0,0,not_converged,-6.330856800079346,-6.48022517,0.14936836992065405
H1A2_D1,tau800,967,0,1,0,0,0,not_converged,-8.385846138000488,-8.566027582250001,0.18018144424951288
H1A2_D1,tau800,968,0,1,0,0,1,verified,-4.227561950683594,-4.3953371727777775,0.16777522209418372
H1A2_D1,tau800,969,1,1,0,1,0,not_converged,-4.528878211975098,-4.579301731999999,0.05042352002490169
H1A2_D1,tau800,970,0,1,0,0,0,not_converged,-5.768754959106445,-6.008737998571429,0.23998303946498378
H1A2_D1,tau800,971,1,1,0,1,0,not_converged,-8.211800575256348,-8.300620009,0.08881943374365164
H1A2_D1,tau800,972,1,1,0,0,0,not_converged,-4.33857536315918,-4.591546156,0.25297079284082
H1A2_D1,tau800,973,1,1,0,0,1,verified,-3.9245412349700928,-4.275384111145833,0.35084287617574006
H1A2_D1,tau800,974,1,1,0,0,1,verified,-3.2651755809783936,-3.4017095735774285,0.13653399259903498
H1A2_D1,tau800,975,1,1,0,0,1,verified,-1.914320707321167,-1.9412918889473683,0.026971181626201268
H1A2_D1,tau800,976,1,1,0,0,0,not_converged,-9.074660301208496,-9.2610256993,0.1863653980915032
H1A2_D1,tau800,977,1,1,0,0,1,verified,-3.122783660888672,-3.2826886128333337,0.1599049519446618
H1A2_D1,tau800,978,1,1,0,0,1,verified,-3.979301929473877,-3.96256841,-0.016733519473877134
H1A2_D1,tau800,979,1,1,0,1,0,not_converged,-5.335582256317139,-5.37387322125,0.03829096493286155
H1A2_D1,tau800,980,0,1,0,1,1,verified,-3.328061580657959,-3.3988047760227267,0.0707431953647677
H1A2_D1,tau800,981,1,1,0,1,1,verified,-6.654837131500244,-6.7509717607692314,0.0961346292689873
H1A2_D1,tau800,982,1,1,0,0,1,verified,-5.017786979675293,-5.362090432083335,0.3443034524080417
H1A2_D1,tau800,983,0,0,0,0,0,generation_failure,,,
H1A2_D1,tau800,984,1,1,0,1,1,verified,-3.2510037422180176,-3.334469338125,0.08346559590698233
H1A2_D1,tau800,985,1,1,0,1,0,not_converged,-7.702249050140381,-7.7329063546296295,0.030657304489248638
H1A2_D1,tau800,986,1,1,0,1,0,not_converged,-6.981100082397461,-7.051076044499988,0.06997596210252688
H1A2_D1,tau800,987,1,1,0,1,0,not_converged,-7.532474517822266,-7.585669332435898,0.05319481461363207
H1A2_D1,tau800,988,1,1,1,1,0,not_converged,-6.960930347442627,-6.918072291,-0.0428580564426273
H1A2_D1,tau800,989,1,1,0,0,0,not_converged,-6.150639533996582,-6.293208005937493,0.14256847194091105
H1A2_D1,tau800,990,1,1,0,1,0,not_converged,-6.0602521896362305,-6.117308735855266,0.05705654621903555
H1A2_D1,tau800,991,1,1,0,1,0,not_converged,-7.785236358642578,-7.852421027500004,0.06718466885742558
H1A2_D1,tau800,992,1,1,0,0,1,verified,-3.4732096195220947,-3.6203491816666666,0.1471395621445719
H1A2_D1,tau800,993,1,1,0,1,1,verified,-3.586919069290161,-3.684443689388886,0.09752462009872476
H1A2_D1,tau800,994,1,1,1,1,1,verified,-4.474646091461182,-4.472193790714286,-0.0024523007468957303
H1A2_D1,tau800,995,1,1,0,1,0,not_converged,-8.000306129455566,-8.089172016666668,0.08886588721110122
H1A2_D1,tau800,996,1,1,0,1,1,verified,-11.962209701538086,-12.001129901960784,0.03892020042269806
H1A2_D1,tau800,997,1,1,0,1,0,not_converged,-6.29045295715332,-6.366955594868422,0.07650263771510168
H1A2_D1,tau800,998,1,1,0,1,0,not_converged,-8.602615356445312,-8.66466423875,0.06204888230468697
H1A2_D1,tau800,999,1,1,0,0,0,not_converged,-6.741884231567383,-6.955135084090912,0.2132508525235295
H1A2_D1,tau800,1000,1,1,0,0,0,not_converged,-6.249654293060303,-6.376005910500002,0.12635161743969903
H1A2_D1,tau800,1001,0,1,0,1,0,not_converged,-7.114468574523926,-7.172089614785716,0.05762104026179049
H1A2_D1,tau800,1002,1,1,0,0,1,verified,-7.262453556060791,-7.452604668935188,0.19015111287439712
H1A2_D1,tau800,1003,0,0,0,0,0,generation_failure,,,
H1A2_D1,tau800,1004,1,1,0,0,0,not_converged,-5.0534772872924805,-5.235251914,0.18177462670751954
H1A2_D1,tau800,1005,1,1,0,0,0,not_converged,-6.992456436157227,-7.464738426875,0.4722819907177733
H1A2_D1,tau800,1006,1,1,0,0,0,not_converged,-8.41937255859375,-8.99303566375,0.5736631051562497
H1A2_D1,tau800,1007,1,1,0,1,0,not_converged,-8.774547576904297,-8.848548997249987,0.0740014203456898
H1A2_D1,tau800,1008,0,1,0,0,0,not_converged,-7.161028861999512,-7.204191587857143,0.04316272585763148
H1A2_D1,tau800,1009,1,1,0,0,0,not_converged,-2.718545913696289,-3.37754515125,0.658999237553711
H1A2_D1,tau800,1010,0,1,0,0,1,verified,-5.924098014831543,-6.122153780833333,0.1980557660017901
H1A2_D1,tau800,1011,1,1,0,1,1,verified,-8.89953327178955,-8.964119810833333,0.06458653904378231
H1A2_D1,tau800,1012,1,1,1,1,1,verified,-6.8905839920043945,-6.814666827499999,-0.07591716450439545
H1A2_D1,tau800,1013,1,1,0,1,0,not_converged,-6.24173641204834,-6.279278795468749,0.037542383420409386
H1A2_D1,tau800,1014,1,1,0,1,1,verified,-5.404725074768066,-5.422837616018516,0.018112541250449254
H1A2_D1,tau800,1015,1,1,0,0,0,not_converged,-6.244898796081543,-6.385202765446426,0.14030396936488287
H1A2_D1,tau800,1016,1,1,1,1,0,not_converged,-5.364612579345703,-5.329946567465279,-0.034666011880424286
H1A2_D1,tau800,1017,1,1,0,0,0,not_converged,-8.342768669128418,-8.516481491666667,0.17371282253824916
H1A2_D1,tau800,1018,1,1,0,1,0,not_converged,-8.774484634399414,-8.849727559444439,0.07524292504502483
H1A2_D1,tau800,1019,1,1,0,0,1,verified,-4.392048358917236,-4.496368724000001,0.10432036508276443
H1A2_D1,tau800,1020,1,1,0,0,0,not_converged,-4.4564528465271,-4.495711541666666,0.03925869513956659
H1A2_D1,tau800,1021,1,1,0,0,0,not_converged,-5.117384910583496,-5.355754088333334,0.23836917774983757
H1A2_D1,tau800,1022,1,1,0,1,1,verified,-2.7057528495788574,-2.7256249412037032,0.019872091624845822
H1A2_D1,tau800,1023,1,1,0,0,0,not_converged,-7.674431800842285,,
H1A2_D1,tau800,1024,0,1,1,1,1,verified,-6.130531311035156,-6.060203857678572,-0.07032745335658408
H1A2_D1,tau800,1025,1,1,0,0,0,not_converged,-9.619098663330078,-9.873978126999999,0.254879463669921
H1A2_D1,tau800,1026,1,1,0,0,0,not_converged,-5.525567054748535,-5.705400640037594,0.17983358528905846
H1A2_D1,tau800,1027,1,1,1,1,1,verified,-3.4092583656311035,-3.392580020266668,-0.016678345364435465
H1A2_D1,tau800,1028,1,1,0,0,0,not_converged,-9.15982723236084,-9.182272448000004,0.022445215639164573
H1A2_D1,tau800,1029,1,1,0,1,1,verified,-3.42989444732666,-3.5032229162500004,0.07332846892334022
H1A2_D1,tau800,1030,1,1,0,1,0,not_converged,-6.833445072174072,-6.860705495,0.02726042282592811
H1A2_D1,tau800,1031,1,1,0,0,0,not_converged,-7.043641567230225,-7.1713837804687515,0.12774221323852686
H1A2_D1,tau800,1032,1,1,0,0,0,not_converged,-7.613814353942871,-7.72797144125,0.11415708730712915
H1A2_D1,tau800,1033,1,1,0,1,0,not_converged,-5.93730354309082,-5.964459653333333,0.027156110242512632
H1A2_D1,tau800,1034,1,1,0,0,1,verified,-8.982633590698242,-9.316285475605262,0.33365188490702025
H1A2_D1,tau800,1035,1,1,0,1,0,not_converged,-6.4717912673950195,-6.551274847857143,0.07948358046212345
H1A2_D1,tau800,1036,1,1,0,1,0,not_converged,-6.951751232147217,-7.035061600961514,0.08331036881429732
H1A2_D1,tau800,1037,0,1,0,0,1,verified,-4.054867744445801,-4.2106523650000005,0.15578462055419973
H1A2_D1,tau800,1038,0,0,0,0,0,generation_failure,,,
H1A2_D1,tau800,1039,1,1,0,0,0,not_converged,-8.017600059509277,-8.12706736383333,0.1094673043240526
H1A2_D1,tau800,1040,1,1,0,0,1,verified,-7.733964920043945,-7.904883351,0.1709184309560543
H1A2_D1,tau800,1041,0,0,0,0,0,generation_failure,,,
H1A2_D1,tau800,1042,1,1,0,0,1,verified,-4.247530460357666,-4.421276909333335,0.1737464489756686
H1A2_D1,tau800,1043,1,1,0,1,0,not_converged,-7.212431907653809,-7.266324898825752,0.05389299117194302
H1A2_D1,tau800,1044,1,1,0,0,0,not_converged,-9.056112289428711,-9.18370438726561,0.1275920978368994
H1A2_D1,tau800,1045,1,1,0,0,0,not_converged,-6.333398818969727,-6.676856412526043,0.343457593556316
H1A2_D1,tau800,1046,1,1,0,0,0,not_converged,-7.41633939743042,-7.528986436999999,0.11264703956957867
H1A2_D1,tau800,1047,1,1,0,0,0,not_converged,-3.522737503051758,-3.475579975,-0.04715752805175777
H1A2_D1,tau800,1048,1,1,0,0,0,not_converged,-4.971200466156006,-5.372073875000001,0.4008734088439949
H1A2_D1,tau800,1049,1,1,0,1,1,verified,-7.25177526473999,-7.328540419312498,0.07676515457250765
H1A2_D1,tau800,1050,1,1,0,0,0,not_converged,-6.501772403717041,-6.648754046999999,0.14698164328295782
H1A2_D1,tau800,1051,1,1,0,0,0,not_converged,-7.552085876464844,-8.06387644,0.5117905635351558
H1A2_D1,tau800,1052,0,1,1,1,0,not_converged,-4.163708686828613,-4.021669363125,-0.14203932370361372
H1A2_D1,tau800,1053,1,1,0,0,0,not_converged,-4.598088264465332,-4.706349505000003,0.10826124053467101
H1A2_D1,tau800,1054,1,1,0,0,1,verified,-5.614813804626465,-5.734849555312499,0.12003575068603389
H1A2_D1,tau800,1055,1,1,0,0,0,not_converged,-4.146522045135498,-4.2872910885,0.1407690433645019
H1A2_D1,tau800,1056,1,1,0,1,0,not_converged,-5.582874298095703,-5.617456659916664,0.03458236182096108
H1A2_D1,tau800,1057,1,1,0,0,0,not_converged,-8.515463829040527,-8.706719196,0.19125536695947254
H1A2_D1,tau800,1058,1,1,0,0,1,verified,-1.442020058631897,-1.4715861533333332,0.02956609470143623
H1A2_D1,tau800,1059,1,1,0,0,0,not_converged,-6.107912063598633,-6.275858142499998,0.16794607890136515
H1A2_D1,tau800,1060,1,1,0,1,0,not_converged,-1.9965434074401855,-2.0482766244594592,0.05173321701927369
H1A2_D1,tau800,1061,1,1,0,1,0,not_converged,-7.269575119018555,-7.322040057666666,0.05246493864811175
H1A2_D1,tau800,1062,1,1,1,1,1,verified,-5.3127241134643555,-5.304372049333331,-0.008352064131024406
H1A2_D1,tau800,1063,1,1,0,0,0,not_converged,-5.64695405960083,-5.864107121250001,0.2171530616491708
H1A2_D1,tau800,1064,1,1,0,1,0,not_converged,-6.940663814544678,-6.944661120000001,0.003997305455323286
H1A2_D1,tau800,1065,0,1,0,1,0,not_converged,-4.8734869956970215,-4.893101825833332,0.0196148301363106
H1A2_D1,tau800,1066,1,1,0,1,0,not_converged,-5.257054328918457,-5.325387706,0.06833337708154286
H1A2_D1,tau800,1067,1,1,0,0,0,not_converged,-6.84838342666626,-7.069447928888888,0.22106450222262808
H1A2_D1,tau800,1068,1,1,0,1,0,not_converged,-5.6567864418029785,-5.729387647142857,0.07260120533987813
H1A2_D1,tau800,1069,1,1,0,1,0,not_converged,-3.0387845039367676,-3.13835850840625,0.09957400446948261
H1A2_D1,tau800,1070,1,1,0,0,0,not_converged,-7.360281944274902,-7.507342496666669,0.14706055239176674
H1A2_D1,tau800,1071,0,1,0,1,0,not_converged,-6.431465148925781,-6.530258132264369,0.09879298333858788
H1A2_D1,tau800,1072,1,1,0,0,1,verified,-6.504823207855225,-6.610905146,0.10608193814477573
H1A2_D1,tau800,1073,1,1,0,1,1,verified,-3.5035955905914307,-3.5510887916666665,0.0474932010752358
H1A2_D1,tau800,1074,1,1,0,1,0,not_converged,-3.821312189102173,-3.8427055044791665,0.021393315376993627
H1A2_D1,tau800,1075,1,1,0,0,1,verified,-4.493744373321533,-4.49543435725,0.001689983928466532
H1A2_D1,tau800,1076,1,1,0,1,0,not_converged,-4.461231708526611,-4.471562288500001,0.01033057997338993
H1A2_D1,tau800,1077,1,1,0,0,0,not_converged,-7.430316925048828,-7.877660373,0.4473434479511722
H1A2_D1,tau800,1078,1,1,0,0,0,not_converged,-5.9859113693237305,-6.19337081525,0.2074594459262693
H1A2_D1,tau800,1079,1,1,0,1,0,not_converged,-6.140312194824219,-6.220123783437499,0.0798115886132802
H1A2_D1,tau800,1080,0,1,0,0,0,not_converged,-5.462074279785156,-5.731909365575396,0.2698350857902394
H1A2_D1,tau800,1081,1,1,0,0,0,not_converged,-8.094033241271973,-8.160132131666666,0.0660988903946933
H1A2_D1,tau800,1082,1,1,0,0,1,verified,-7.653130531311035,-7.767071391428572,0.11394086011753668
H1A2_D1,tau800,1083,1,1,0,0,1,verified,-3.8211841583251953,-3.979792708333333,0.15860855000813778
H1A2_D1,tau800,1084,1,1,0,0,0,not_converged,-6.3132643699646,-6.345887718,0.03262334803540057
H1A2_D1,tau800,1085,1,1,0,0,0,not_converged,-7.588525772094727,-8.311426695833333,0.7229009237386066
H1A2_D1,tau800,1086,1,1,0,1,0,not_converged,-8.74143123626709,-8.795507097239563,0.05407586097247297
H1A2_D1,tau800,1087,1,1,0,0,1,verified,-4.585691928863525,-4.716940807865228,0.1312488790017028
H1A2_D1,tau800,1088,1,1,0,0,0,not_converged,-5.4804911613464355,-5.5126637060000006,0.032172544653565005
H1A2_D1,tau800,1089,1,1,0,1,0,not_converged,-4.372267723083496,-4.431323465,0.05905574191650409
H1A2_D1,tau800,1090,0,1,0,1,1,verified,-6.9914703369140625,-7.071142149857135,0.07967181294307224
H1A2_D1,tau800,1091,1,1,0,1,0,not_converged,-3.503539562225342,-3.5262108225,0.022671260274658156
H1A2_D1,tau800,1092,1,1,0,0,0,not_converged,-7.535364627838135,-7.6657712326071366,0.1304066047690018
H1A2_D1,tau800,1093,1,1,0,0,1,verified,-2.898451089859009,-3.0256864379375,0.12723534807849113
H1A2_D1,tau800,1094,0,0,0,0,0,generation_failure,,,
H1A2_D1,tau800,1095,1,1,0,0,1,verified,-3.7446482181549072,-3.8632837685714287,0.11863555041652152
H1A2_D1,tau800,1096,1,1,0,0,0,not_converged,-7.889560699462891,-8.105400348611118,0.2158396491482275
H1A2_D1,tau800,1097,0,0,0,0,0,generation_failure,,,
H1A2_D1,tau800,1098,1,1,0,0,0,not_converged,-6.720087051391602,-6.851100028125,0.1310129767333983
H1A2_D1,tau800,1099,1,1,0,0,0,not_converged,-5.918519973754883,-6.211547880000001,0.29302790624511843
H1A2_D1,tau800,1100,1,1,0,1,1,verified,-8.231621742248535,-8.263819596190482,0.03219785394194652
H1A2_D1,tau800,1101,1,1,0,0,1,verified,-4.744863986968994,-4.925609181523438,0.1807451945544436
H1A2_D1,tau800,1102,1,1,0,0,0,not_converged,-5.995675563812256,-6.104678437142866,0.10900287333060987
H1A2_D1,tau800,1103,1,1,0,1,1,verified,-4.563836097717285,-4.660141724285718,0.09630562656843278
H1A2_D1,tau800,1104,1,1,0,1,1,verified,-5.550359725952148,-5.602128389135802,0.05176866318365381
H1A2_D1,tau800,1105,1,1,0,0,0,not_converged,-5.788309574127197,-5.804653234,0.01634365987280262
H1A2_D1,tau800,1106,1,1,0,1,1,verified,-8.49467658996582,-8.513917481250001,0.019240891284180606
H1A2_D1,tau800,1107,1,1,0,0,0,not_converged,-6.9964919090271,-7.125862983999999,0.1293710749728998
H1A2_D1,tau800,1108,0,0,0,0,0,generation_failure,,,
H1A2_D1,tau800,1109,1,1,0,0,1,verified,-5.1819305419921875,-5.2885161825,0.10658564050781294
H1A2_D1,tau800,1110,1,1,0,0,0,not_converged,-6.502601146697998,-6.641094936730768,0.1384937900327703
H1A2_D1,tau800,1111,1,1,0,0,1,verified,-3.1335198879241943,-3.278537474166667,0.14501758624247252
H1A2_D1,tau800,1112,1,1,0,1,0,not_converged,-4.772822380065918,-4.809366564285714,0.036544184219795994
H1A2_D1,tau800,1113,1,1,0,1,1,verified,-4.561686038970947,-4.594201310378788,0.03251527140784116
H1A2_D1,tau800,1114,1,1,0,1,0,not_converged,-5.841736316680908,-5.9005273467000015,0.05879103001909325
H1A2_D1,tau800,1115,1,1,0,1,1,verified,-4.30844259262085,-4.3548616225,0.04641902987915003
H1A2_D1,tau800,1116,1,1,1,1,1,verified,-4.772712230682373,-4.743154838124999,-0.029557392557373774
H1A2_D1,tau800,1117,1,1,0,1,0,not_converged,-6.48730993270874,-6.578242425,0.09093249229125977
H1A2_D1,tau800,1118,1,1,0,1,0,not_converged,-8.202292442321777,-8.2388825805,0.036590138178222986
H1A2_D1,tau800,1119,1,1,0,0,1,verified,-6.517012119293213,-6.686052480689658,0.16904036139644507
H1A2_D1,tau800,1120,1,1,0,1,0,not_converged,-4.49232292175293,-4.53840997,0.04608704824707033
H1A2_D1,tau800,1121,1,1,0,0,0,not_converged,-7.871383190155029,-8.570681207777774,0.6992980176227448
H1A2_D1,tau800,1122,1,1,0,1,1,verified,-3.8840389251708984,-3.8867623265,0.002723401329101538
H1A2_D1,tau800,1123,1,1,0,1,1,verified,-4.707854270935059,-4.789967024444445,0.08211275350938685
H1A2_D1,tau800,1124,1,1,0,0,0,not_converged,-7.061131954193115,-8.269795762222222,1.2086638080291063
H1A2_D1,tau800,1125,1,1,0,0,0,not_converged,-5.458451747894287,-5.4618606977777775,0.0034089498834903864
H1A2_D1,tau800,1126,1,1,0,0,1,verified,-3.4684479236602783,-3.533220957,0.06477303333972184
H1A2_D1,tau800,1127,1,1,0,1,0,not_converged,-5.945943832397461,-6.017627596999999,0.07168376460253789
H1A2_D1,tau800,1128,1,1,0,1,0,not_converged,-4.165868282318115,-4.188327623333334,0.02245934101521918
H1A2_D1,tau800,1129,1,1,0,0,1,verified,-4.580653667449951,-4.56992271,-0.010730957449951006
H1A2_D1,tau800,1130,1,1,0,0,0,not_converged,-5.421153545379639,-5.5842205655555555,0.1630670201759168
H1A2_D1,tau800,1131,1,1,0,0,0,not_converged,-4.965176582336426,-5.099868397500002,0.13469181516357587
H1A2_D1,tau800,1132,1,1,0,1,1,verified,-9.022037506103516,-9.038832954,0.01679544789648446
H1A2_D1,tau800,1133,1,1,0,0,1,verified,-7.008953094482422,-7.032730970526315,0.023777876043893365
H1A2_D1,tau800,1134,1,1,0,0,0,not_converged,-6.899606227874756,-7.205808006249994,0.30620177837523777
H1A2_D1,tau800,1135,1,1,0,0,1,verified,-6.160949230194092,-6.2677870565,0.10683782630590777
H1A2_D1,tau800,1136,1,1,0,0,1,verified,-4.9892191886901855,-5.0088445724999975,0.019625383809811936
H1A2_D1,tau800,1137,1,1,0,0,0,not_converged,-7.374912738800049,-7.440291984583329,0.06537924578328003
H1A2_D1,tau800,1138,1,1,0,0,0,not_converged,-6.446775913238525,-6.757431147999992,0.31065523476146684
H1A2_D1,tau800,1139,1,1,0,0,0,not_converged,-7.070863246917725,-7.640289121666665,0.5694258747489407
H1A2_D1,tau800,1140,1,1,1,1,0,not_converged,-3.829564332962036,-3.824484182499999,-0.005080150462037025
H1A2_D1,tau800,1141,1,1,0,1,0,not_converged,-2.7459230422973633,-2.771590186666667,0.025667144369303507
H1A2_D1,tau800,1142,1,1,0,0,0,not_converged,-6.785855293273926,-6.948817144869791,0.16296185159586507
H1A2_D1,tau800,1143,1,1,1,1,0,not_converged,-7.266218662261963,-7.195145645277776,-0.07107301698418667
H1A2_D1,tau800,1144,1,1,0,1,0,not_converged,-6.639875411987305,-6.691883268095243,0.05200785610793801
H1A2_D1,tau800,1145,0,1,0,0,1,verified,-5.138992786407471,-5.287064008571429,0.14807122216395818
H1A2_D1,tau800,1146,1,1,0,1,1,verified,-8.109326362609863,-8.1998463685,0.09052000589013609
H1A2_D1,tau800,1147,1,1,0,1,0,not_converged,-1.9990288019180298,-2.0761423783333335,0.0771135764153037
H1A2_D1,tau800,1148,0,1,0,1,1,verified,-2.4514822959899902,-2.538820911666667,0.08733861567667667
H1A2_D1,tau800,1149,1,1,0,0,1,verified,-3.6830191612243652,-3.809834463999999,0.12681530277563358
H1A2_D1,tau800,1150,1,1,1,1,0,not_converged,-8.073738098144531,-7.857408234000008,-0.21632986414452304
H1A2_D1,tau800,1151,1,1,0,1,0,not_converged,-7.022205352783203,-7.109493575833331,0.08728822305012773
H1A2_D1,tau800,1152,1,1,0,0,0,not_converged,-9.4484281539917,-9.574989949805556,0.1265617958138563
H1A2_D1,tau800,1153,0,1,0,1,0,not_converged,-9.344025611877441,-9.384648227960518,0.040622616083076935
H1A2_D1,tau800,1154,1,1,0,0,1,verified,-6.648204803466797,-6.76411168473611,0.11590688126931337
H1A2_D1,tau800,1155,1,1,0,0,1,verified,-7.978811264038086,-8.117298315999996,0.1384870519619099
H1A2_D1,tau800,1156,1,1,0,0,1,verified,-4.71741247177124,-4.725831525000007,0.008419053228767126
H1A2_D1,tau800,1157,0,1,0,1,0,not_converged,-5.3330206871032715,-5.379459846666666,0.04643915956339484
H1A2_D1,tau800,1158,1,1,0,1,1,verified,-7.250845909118652,-7.321609651666666,0.07076374254801365
H1A2_D1,tau800,1159,0,1,0,0,0,not_converged,-6.438914775848389,-6.457483203333333,0.018568427484944472
H1A2_D1,tau800,1160,1,1,0,1,1,verified,-5.244256496429443,-5.258215639583335,0.01395914315389124
H1A2_D1,tau800,1161,0,1,0,0,0,not_converged,-4.760133266448975,-5.408773900833333,0.6486406343843587
H1A2_D1,tau800,1162,0,1,0,0,0,not_converged,-3.864727258682251,-4.0382198012962975,0.17349254261404656
H1A2_D1,tau800,1163,1,1,0,1,0,not_converged,-11.217503547668457,-11.301092835,0.08358928733154336
H1A2_D1,tau800,1164,1,1,0,1,0,not_converged,-7.542923927307129,-7.592791765,0.0498678376928714
H1A2_D1,tau800,1165,1,1,0,0,0,not_converged,-7.864303112030029,-7.965704847276791,0.10140173524676133
H1A2_D1,tau800,1166,1,1,0,0,0,not_converged,-5.16083288192749,-5.2637038527083355,0.10287097078084528
H1A2_D1,tau800,1167,0,0,0,0,0,generation_failure,,,
H1A2_D1,tau800,1168,1,1,0,1,1,verified,-6.887457370758057,-6.975403875555555,0.08794650479749855
H1A2_D1,tau800,1169,1,1,0,1,1,verified,-4.296823978424072,-4.3705370659375,0.07371308751342731
H1A2_D1,tau800,1170,0,1,0,0,0,not_converged,-6.489709854125977,-6.627709356333334,0.13799950220735724
H1A2_D1,tau800,1171,1,1,1,1,1,verified,-5.980648517608643,-5.798954658750001,-0.1816938588586412
H1A2_D1,tau800,1172,1,1,0,0,0,not_converged,-6.990489959716797,-7.6632517827500015,0.6727618230332046
H1A2_D1,tau800,1173,1,1,0,0,1,verified,-6.202566623687744,-6.347517322532045,0.14495069884430123
H1A2_D1,tau800,1174,0,1,0,0,0,not_converged,-7.619182586669922,-7.810987893777778,0.19180530710785604
H1A2_D1,tau800,1175,1,1,0,0,0,not_converged,-7.016470909118652,-7.159469123333333,0.14299821421468106
H1A2_D1,tau800,1176,1,1,0,0,0,not_converged,-3.8676252365112305,,
H1A2_D1,tau800,1177,1,1,0,0,0,not_converged,-6.86134147644043,-7.014487173999997,0.15314569755956775
H1A2_D1,tau800,1178,1,1,0,1,1,verified,-2.678154945373535,-2.767568409358974,0.08941346398543892
H1A2_D1,tau800,1179,1,1,1,1,0,not_converged,-5.221959114074707,-5.197016557121214,-0.024942556953493344
H1A2_D1,tau800,1180,1,1,0,0,0,not_converged,-4.8475165367126465,-4.8757086875640905,0.028192150851443998
H1A2_D1,tau800,1181,1,1,0,1,0,not_converged,-6.374429702758789,-6.440790730833333,0.06636102807454414
H1A2_D1,tau800,1182,1,1,0,0,1,verified,-4.084238052368164,,
H1A2_D1,tau800,1183,1,1,1,1,0,not_converged,-8.579935073852539,-8.5724906125,-0.007444461352539733
H1A2_D1,tau800,1184,1,1,0,1,1,verified,-2.9524519443511963,-2.990478318,0.03802637364880379
H1A2_D1,tau800,1185,0,0,0,0,0,generation_failure,,,
H1A2_D1,tau800,1186,1,1,0,1,0,not_converged,-7.614968299865723,-7.6180084665624985,0.00304016669677587
H1A2_D1,tau800,1187,1,1,0,1,0,not_converged,-4.392947673797607,-4.4132147106250015,0.020267036827394058
H1A2_D1,tau800,1188,1,1,0,0,0,not_converged,-7.377687931060791,-7.557986012214286,0.1802980811534951
H1A2_D1,tau800,1189,0,1,0,1,0,not_converged,-5.692989349365234,-5.75735764095238,0.06436829158714552
H1A2_D1,tau800,1190,1,1,0,0,0,not_converged,-5.98264741897583,-6.096780866666669,0.11413344769083889
H1A2_D1,tau800,1191,1,1,0,0,0,not_converged,-4.5194411277771,-4.64604289625,0.1266017684729004
H1A2_D1,tau800,1192,1,1,0,0,1,verified,-5.698406219482422,-5.688423213,-0.009983006482421786
H1A2_D1,tau800,1193,1,1,0,1,1,verified,-7.240145683288574,-7.253974938333334,0.013829255044759847
H1A2_D1,tau800,1194,0,1,0,0,0,not_converged,-8.207060813903809,-8.367905796333329,0.16084498242951994
H1A2_D1,tau800,1195,1,1,0,1,1,verified,-4.138049602508545,-4.196917323125,0.05886772061645473
H1A2_D1,tau800,1196,1,1,0,1,1,verified,-2.3889026641845703,-2.43111766,0.042214995815429646
H1A2_D1,tau800,1197,1,1,0,0,0,not_converged,-3.1529641151428223,-3.3116867870833335,0.15872267194051126
H1A2_D1,tau800,1198,1,1,0,1,0,not_converged,-8.076783180236816,-8.174820348157901,0.09803716792108474
H1A2_D1,tau800,1199,1,1,0,1,0,not_converged,-5.47463846206665,-5.546787611472224,0.07214914940557371
B0_D2,native,0,1,1,0,0,1,verified,-3.916832208633423,-4.009571855,0.09273964636657706
B0_D2,native,1,0,0,0,0,0,invalid_raw,,-5.484713445875,
B0_D2,native,2,1,0,0,0,0,invalid_raw,,-8.10237906,
B0_D2,native,3,1,1,0,0,0,not_converged,-5.3141303062438965,-5.502003777666669,0.18787347142277255
B0_D2,native,4,1,0,0,0,0,invalid_raw,,-5.1133663415625,
B0_D2,native,5,1,1,0,0,0,not_converged,-4.816164970397949,-4.94716338,0.1309984096020509
B0_D2,native,6,1,1,0,0,0,not_converged,-6.510167598724365,-6.6907331475,0.18056554877563435
B0_D2,native,7,1,0,0,0,0,invalid_raw,,-7.983832712916669,
B0_D2,native,8,1,1,0,0,0,not_converged,-7.373051166534424,-7.544244481600023,0.1711933150655991
B0_D2,native,9,1,1,0,1,1,verified,-3.6225807666778564,-3.674296835,0.05171606832214337
B0_D2,native,10,0,0,0,0,0,generation_failure,,,
B0_D2,native,11,1,0,0,0,0,invalid_raw,,-6.32724859,
B0_D2,native,12,1,0,0,0,0,invalid_raw,,-7.231575101875001,
B0_D2,native,13,1,0,0,0,0,invalid_raw,,-5.422083512500001,
B0_D2,native,14,1,0,0,0,0,invalid_raw,,-8.181623782678573,
B0_D2,native,15,1,1,0,1,1,verified,-4.004581928253174,-4.015411599782609,0.010829671529434926
B0_D2,native,16,1,0,0,0,0,invalid_raw,,-6.0005053638999994,
B0_D2,native,17,1,1,0,0,0,invalid_terminal,-4.944472312927246,-5.469683520375,0.5252112074477537
B0_D2,native,18,1,1,0,0,0,not_converged,-3.3442907333374023,-8.166425333333333,4.82213459999593
B0_D2,native,19,1,0,0,0,0,invalid_raw,,-4.605035153,
B0_D2,native,20,0,0,0,0,0,invalid_raw,,-3.4543984520833377,
B0_D2,native,21,0,1,0,0,0,not_converged,-7.307548999786377,-7.4114072349999995,0.10385823521362259
B0_D2,native,22,1,1,0,1,1,verified,-3.2698962688446045,-3.3465349425277786,0.07663867368317412
B0_D2,native,23,1,1,0,0,0,invalid_terminal,-6.760355472564697,-8.534775392125006,1.7744199195603088
B0_D2,native,24,1,0,0,0,0,invalid_raw,,-6.401275155714295,
B0_D2,native,25,1,0,0,0,0,invalid_raw,,-6.030186345714284,
B0_D2,native,26,1,1,0,0,0,not_converged,-2.7751657962799072,-4.065101285,1.2899354887200927
B0_D2,native,27,1,1,0,0,0,invalid_terminal,-5.434206008911133,-8.277995374,2.843789365088867
B0_D2,native,28,1,0,0,0,0,invalid_raw,,-8.57344580767046,
B0_D2,native,29,1,1,0,0,1,verified,-6.976224899291992,-7.12852853,0.15230363070800745
B0_D2,native,30,1,1,1,1,1,verified,-4.045116424560547,-3.8562598855555557,-0.18885653900499122
B0_D2,native,31,1,0,0,0,0,invalid_raw,,-8.350202123333334,
B0_D2,native,32,1,0,0,0,0,invalid_raw,,-6.198551154940477,
B0_D2,native,33,0,1,0,0,1,verified,-2.836808204650879,-3.2407750545000003,0.40396684984912135
B0_D2,native,34,0,1,0,0,0,not_converged,-4.324393272399902,-4.497636578833335,0.17324330643343266
B0_D2,native,35,1,1,0,0,0,invalid_terminal,-6.620966911315918,-8.14310139134375,1.522134480027832
B0_D2,native,36,1,1,0,0,1,verified,-8.595175743103027,-8.724391128,0.12921538489697326
B0_D2,native,37,1,1,0,1,0,not_converged,-1.9226922988891602,-1.952378300000003,0.029686001110842852
B0_D2,native,38,1,1,0,0,1,verified,-4.493135452270508,-4.709098998333333,0.21596354606282553
B0_D2,native,39,1,0,0,0,0,invalid_raw,,-5.915836890166664,
B0_D2,native,40,0,0,0,0,0,invalid_raw,,-3.802641151785714,
B0_D2,native,41,1,1,0,1,1,verified,-1.8950022459030151,-1.9542531603125,0.05925091440948482
B0_D2,native,42,1,1,0,0,0,invalid_terminal,-5.460203170776367,-6.512465919583322,1.052262748806955
B0_D2,native,43,1,0,0,0,0,invalid_raw,,-5.850719717335528,
B0_D2,native,44,1,1,0,0,0,not_converged,7.8563690185546875,-3.8430903599999997,11.699459378554687
B0_D2,native,45,1,0,0,0,0,invalid_raw,,-4.496251316499999,
B0_D2,native,46,1,1,0,1,0,not_converged,-5.414113998413086,-5.469567920625,0.05545392221191392
B0_D2,native,47,1,0,0,0,0,invalid_raw,,-6.545346556145834,
B0_D2,native,48,1,1,0,1,0,not_converged,-4.689937114715576,-4.763740613333333,0.0738034986177567
B0_D2,native,49,1,1,0,0,1,verified,-6.71095085144043,-7.562665890961545,0.8517150395211157
B0_D2,native,50,1,0,0,0,0,invalid_raw,,,
B0_D2,native,51,0,0,0,0,0,invalid_raw,,-5.630959203772728,
B0_D2,native,52,1,0,0,0,0,invalid_raw,,-5.38968762125,
B0_D2,native,53,1,0,0,0,0,invalid_raw,,-7.945187599499943,
B0_D2,native,54,1,1,0,0,0,invalid_terminal,-3.5837135314941406,-4.403268771363637,0.8195552398694961
B0_D2,native,55,0,1,0,0,1,verified,-4.062875270843506,-4.385677031632107,0.3228017607886011
B0_D2,native,56,1,0,0,0,0,invalid_raw,,-6.638178890405793,
B0_D2,native,57,1,0,0,0,0,invalid_raw,,-3.5378374575,
B0_D2,native,58,1,0,0,0,0,invalid_raw,,-4.18185644125,
B0_D2,native,59,1,1,0,0,1,verified,-6.191134929656982,-6.3229868864285725,0.13185195677159012
B0_D2,native,60,1,0,0,0,0,invalid_raw,,-5.191991573968254,
B0_D2,native,61,1,0,0,0,0,invalid_raw,,-4.038829385555556,
B0_D2,native,62,1,0,0,0,0,invalid_raw,,-6.903119146406251,
B0_D2,native,63,1,1,0,1,0,not_converged,-2.506143808364868,-2.5408712575,0.03472744913513193
B0_D2,native,64,1,0,0,0,0,invalid_raw,,-5.7862076692499995,
B0_D2,native,65,1,0,0,0,0,invalid_raw,,-8.734052461000001,
B0_D2,native,66,1,1,0,0,0,not_converged,-8.78686237335205,-9.018776336000009,0.23191396264795827
B0_D2,native,67,1,0,0,0,0,invalid_raw,,-6.857098430624999,
B0_D2,native,68,1,0,0,0,0,invalid_raw,,-6.4088391155,
B0_D2,native,69,1,1,0,0,1,verified,-4.742491245269775,,
B0_D2,native,70,1,0,0,0,0,invalid_raw,,-6.724726695277777,
B0_D2,native,71,1,1,0,1,1,verified,-6.066330432891846,-6.133645338717951,0.06731490582610533
B0_D2,native,72,1,0,0,0,0,invalid_raw,,-2.209365664125,
B0_D2,native,73,1,1,0,1,0,not_converged,-6.057840824127197,-6.14896511,0.09112428587280252
B0_D2,native,74,0,0,0,0,0,generation_failure,,,
B0_D2,native,75,1,1,0,0,0,not_converged,-6.4518022537231445,-6.86948376,0.4176815062768551
B0_D2,native,76,1,0,0,0,0,invalid_raw,,-9.3180580075,
B0_D2,native,77,1,1,0,0,0,not_converged,-7.251049995422363,-7.40158500625,0.1505350108276371
B0_D2,native,78,1,0,0,0,0,invalid_raw,,-5.773086189999989,
B0_D2,native,79,1,1,0,0,1,verified,-7.192737102508545,-7.878894665999999,0.6861575634914541
B0_D2,native,80,1,0,0,0,0,invalid_raw,,-3.493545871428571,
B0_D2,native,81,1,0,0,0,0,invalid_raw,,-4.2673970042499985,
B0_D2,native,82,1,0,0,0,0,invalid_raw,,-8.485476243249995,
B0_D2,native,83,1,1,0,0,0,not_converged,5.018540859222412,,
B0_D2,native,84,1,1,0,0,1,verified,-5.801596164703369,,
B0_D2,native,85,1,1,0,0,1,verified,-3.9104979038238525,-4.051094681666666,0.14059677784281366
B0_D2,native,86,1,1,0,0,0,not_converged,-6.310989856719971,-6.780431213666667,0.469441356946696
B0_D2,native,87,1,1,0,1,0,not_converged,-6.3758769035339355,-6.421737205,0.04586030146606479
B0_D2,native,88,1,0,0,0,0,invalid_raw,,-5.871281581470582,
B0_D2,native,89,1,0,0,0,0,invalid_raw,,-3.632177217777778,
B0_D2,native,90,1,0,0,0,0,invalid_raw,,-9.1413639178125,
B0_D2,native,91,1,0,0,0,0,invalid_raw,,-4.958693060937501,
B0_D2,native,92,1,1,0,1,0,not_converged,-7.076307773590088,-7.1039437025,0.027635928909911733
B0_D2,native,93,1,1,0,0,0,not_converged,7.017862319946289,-2.8910942266666666,9.908956546612956
B0_D2,native,94,1,0,0,0,0,invalid_raw,,-8.04555525951924,
B0_D2,native,95,0,0,0,0,0,invalid_raw,,-6.072915362631578,
B0_D2,native,96,1,0,0,0,0,invalid_raw,,-3.789418821519097,
B0_D2,native,97,0,0,0,0,0,invalid_raw,,-7.940270319230763,
B0_D2,native,98,1,1,0,1,0,not_converged,-10.547591209411621,-10.636418313333335,0.08882710392171411
B0_D2,native,99,1,1,0,0,0,not_converged,-2.937443256378174,-3.1105685842578126,0.17312532787963875
B0_D2,native,100,1,0,0,0,0,invalid_raw,,-6.005723295,
B0_D2,native,101,1,1,0,0,1,verified,-2.561332941055298,-4.3734802209999994,1.8121472799447016
B0_D2,native,102,1,1,0,0,1,verified,-3.6032497882843018,-3.788776815,0.1855270267156981
B0_D2,native,103,1,0,0,0,0,invalid_raw,,-7.65935502575,
B0_D2,native,104,1,0,0,0,0,invalid_raw,,-4.535984331029412,
B0_D2,native,105,1,0,0,0,0,invalid_raw,,-7.440291984583329,
B0_D2,native,106,1,1,0,0,0,not_converged,-7.93701171875,-8.085020394267245,0.14800867551724473
B0_D2,native,107,0,0,0,0,0,invalid_raw,,-4.486865391999999,
B0_D2,native,108,1,1,0,0,0,not_converged,-5.039603233337402,-6.328540503,1.2889372696625978
B0_D2,native,109,1,0,0,0,0,invalid_raw,,-7.745318409999998,
B0_D2,native,110,1,0,0,0,0,invalid_raw,,-7.29170594982143,
B0_D2,native,111,1,1,0,0,1,verified,-2.1396713256835938,-2.861575609903846,0.7219042842202521
B0_D2,native,112,1,0,0,0,0,invalid_raw,,-8.380616457222251,
B0_D2,native,113,1,0,0,0,0,invalid_raw,,-8.764925864999999,
B0_D2,native,114,1,0,0,0,0,invalid_raw,,-8.775034656093752,
B0_D2,native,115,0,1,0,0,0,not_converged,2.7578210830688477,-8.3743801625,11.132201245568847
B0_D2,native,116,0,0,0,0,0,invalid_raw,,-3.479068619375,
B0_D2,native,117,1,0,0,0,0,invalid_raw,,-7.740286122500001,
B0_D2,native,118,1,1,0,0,0,invalid_terminal,-6.6239519119262695,-9.849365099916671,3.2254131879904016
B0_D2,native,119,1,0,0,0,0,invalid_raw,,-8.289726508000001,
B0_D2,native,120,1,1,0,0,1,verified,-3.3669919967651367,-3.5660005975000004,0.1990086007348637
B0_D2,native,121,1,1,0,0,0,invalid_terminal,-1.4812750816345215,-6.086105460714286,4.604830379079765
B0_D2,native,122,1,0,0,0,0,invalid_raw,,-5.940439314444447,
B0_D2,native,123,1,0,0,0,0,invalid_raw,,-6.834619367222224,
B0_D2,native,124,1,0,0,0,0,invalid_raw,,-7.3775944704375025,
B0_D2,native,125,1,1,0,0,0,invalid_terminal,-5.210264205932617,-6.398109526666665,1.1878453207340476
B0_D2,native,126,1,1,0,1,0,not_converged,-5.831658840179443,-5.879291711666667,0.04763287148722384
B0_D2,native,127,1,0,0,0,0,invalid_raw,,-4.1208782742415355,
B0_D2,native,128,0,1,0,0,1,verified,-7.663423538208008,-8.499263851666667,0.8358403134586592
B0_D2,native,129,1,0,0,0,0,invalid_raw,,-5.6093164792307695,
B0_D2,native,130,1,1,0,0,1,verified,-1.596634864807129,-1.944070708125,0.34743584331787103
B0_D2,native,131,1,0,0,0,0,invalid_raw,,-5.27874586025,
B0_D2,native,132,1,1,0,0,0,not_converged,-3.897063970565796,-4.341222944242425,0.44415897367662893
B0_D2,native,133,0,1,0,0,0,invalid_terminal,-4.208024024963379,-8.283025118076925,4.075001093113546
B0_D2,native,134,1,1,0,1,1,verified,-3.6021344661712646,-3.690115826608392,0.08798136043712734
B0_D2,native,135,1,1,0,1,0,not_converged,-7.335508346557617,-7.4101133275,0.07460498094238321
B0_D2,native,136,1,0,0,0,0,invalid_raw,,-9.086374506015627,
B0_D2,native,137,1,1,0,1,0,not_converged,-3.260974884033203,-3.3255577897222226,0.06458290568901948
B0_D2,native,138,1,0,0,0,0,invalid_raw,,-5.985514178847229,
B0_D2,native,139,1,1,0,1,0,not_converged,-6.84803581237793,-6.926639417500001,0.07860360512207087
B0_D2,native,140,0,1,0,1,0,not_converged,-4.924479961395264,-4.989444045,0.06496408360473627
B0_D2,native,141,0,0,0,0,0,invalid_raw,,-5.5482818012857145,
B0_D2,native,142,1,0,0,0,0,invalid_raw,,-8.562077407569447,
B0_D2,native,143,1,0,0,0,0,invalid_raw,,-7.708868977374998,
B0_D2,native,144,1,1,0,0,0,invalid_terminal,-5.304564952850342,-6.331120033999999,1.0265550811496569
B0_D2,native,145,1,1,0,0,0,not_converged,-5.708008289337158,-5.909151107187499,0.20114281785034116
B0_D2,native,146,1,1,0,0,0,not_converged,3.8603568077087402,-5.872545882,9.732902689708741
B0_D2,native,147,1,1,0,1,1,verified,-6.29164981842041,-6.385504746666666,0.09385492824625619
B0_D2,native,148,0,1,0,1,1,verified,-5.155716896057129,-5.179524520208334,0.023807624151205076
B0_D2,native,149,1,0,0,0,0,invalid_raw,,-4.195074619591839,
B0_D2,native,150,1,0,0,0,0,invalid_raw,,-4.478896110999999,
B0_D2,native,151,1,0,0,0,0,invalid_raw,,-7.350469881111111,
B0_D2,native,152,1,0,0,0,0,invalid_raw,,-3.8489445024999998,
B0_D2,native,153,1,1,0,0,0,not_converged,3.1736738681793213,-3.610415597000003,6.784089465179324
B0_D2,native,154,1,0,0,0,0,invalid_raw,,-6.055091405,
B0_D2,native,155,0,0,0,0,0,invalid_raw,,-4.074633725833333,
B0_D2,native,156,1,1,0,1,0,not_converged,-8.78750991821289,-8.853172124999999,0.06566220678710799
B0_D2,native,157,0,0,0,0,0,invalid_raw,,-7.023488505624993,
B0_D2,native,158,1,1,0,0,0,not_converged,-6.105471611022949,-6.9884091150000005,0.8829375039770513
B0_D2,native,159,1,0,0,0,0,invalid_raw,,-4.630558908749999,
B0_D2,native,160,0,0,0,0,0,invalid_raw,,-5.7183457926315775,
B0_D2,native,161,1,1,0,0,1,verified,-6.966554164886475,-7.263837138888889,0.29728297400241477
B0_D2,native,162,1,0,0,0,0,invalid_raw,,-5.172278064375,
B0_D2,native,163,1,1,0,1,1,verified,-7.13004207611084,-7.1564276412500005,0.026385565139160683
B0_D2,native,164,1,1,0,0,0,not_converged,-5.161408424377441,-5.5955588206666675,0.43415039628922614
B0_D2,native,165,1,1,1,1,0,not_converged,-5.228226661682129,-5.1957255899999994,-0.032501071682129457
B0_D2,native,166,1,0,0,0,0,invalid_raw,,-6.213327328630953,
B0_D2,native,167,1,1,0,0,0,not_converged,-7.597096920013428,-7.868006862222222,0.27090994220879416
B0_D2,native,168,1,1,0,0,0,not_converged,-5.210639476776123,-5.516363594285715,0.30572411750959194
B0_D2,native,169,1,0,0,0,0,invalid_raw,,-4.4360599,
B0_D2,native,170,1,0,0,0,0,invalid_raw,,-7.196764992847221,
B0_D2,native,171,1,1,0,0,0,invalid_terminal,-1.433819055557251,-4.9873992312499995,3.5535801756927485
B0_D2,native,172,0,0,0,0,0,generation_failure,,,
B0_D2,native,173,1,1,0,1,1,verified,-4.013406276702881,-4.0433448525,0.029938575797118894
B0_D2,native,174,1,1,0,0,0,not_converged,-4.767336845397949,-6.184572847416666,1.4172360020187167
B0_D2,native,175,0,0,0,0,0,generation_failure,,,
B0_D2,native,176,1,0,0,0,0,invalid_raw,,-6.979628066000011,
B0_D2,native,177,1,0,0,0,0,invalid_raw,,-8.4103017015,
B0_D2,native,178,1,0,0,0,0,invalid_raw,,-7.506928,
B0_D2,native,179,1,0,0,0,0,invalid_raw,,-3.632799633666666,
B0_D2,native,180,0,0,0,0,0,generation_failure,,,
B0_D2,native,181,1,0,0,0,0,invalid_raw,,-9.403702867499998,
B0_D2,native,182,1,1,0,0,1,verified,-2.0553817749023438,-3.509270435,1.4538886600976562
B0_D2,native,183,1,0,0,0,0,invalid_raw,,-8.030099325,
B0_D2,native,184,1,0,0,0,0,invalid_raw,,-3.9777701946666664,
B0_D2,native,185,1,0,0,0,0,invalid_raw,,-8.105286150974027,
B0_D2,native,186,1,1,0,0,0,not_converged,-5.158729553222656,-5.309584936750004,0.15085538352734762
B0_D2,native,187,1,0,0,0,0,invalid_raw,,-2.935958591666667,
B0_D2,native,188,0,0,0,0,0,invalid_raw,,-4.530805311500001,
B0_D2,native,189,1,0,0,0,0,invalid_raw,,-4.2974479065625,
B0_D2,native,190,1,0,0,0,0,invalid_raw,,-2.478843291636363,
B0_D2,native,191,1,1,0,0,1,verified,-5.165868282318115,-5.861079962000004,0.695211679681889
B0_D2,native,192,1,1,0,0,0,invalid_terminal,-2.1482183933258057,-6.129474928124999,3.9812565347991935
B0_D2,native,193,1,1,0,0,0,not_converged,-3.8936331272125244,,
B0_D2,native,194,1,0,0,0,0,invalid_raw,,-4.4339253475000024,
B0_D2,native,195,0,0,0,0,0,generation_failure,,,
B0_D2,native,196,1,0,0,0,0,invalid_raw,,-5.183282092550001,
B0_D2,native,197,1,0,0,0,0,invalid_raw,,-7.544452388071431,
B0_D2,native,198,1,0,0,0,0,invalid_raw,,-6.5425852557291675,
B0_D2,native,199,1,1,0,0,1,verified,-6.005807399749756,-6.185462128,0.1796547282502443
B0_D2,native,200,1,1,0,1,0,not_converged,-6.690814971923828,-6.69122325,0.0004082780761720528
B0_D2,native,201,1,0,0,0,0,invalid_raw,,-9.02059057129252,
B0_D2,native,202,1,0,0,0,0,invalid_raw,,-5.17988181,
B0_D2,native,203,1,0,0,0,0,invalid_raw,,,
B0_D2,native,204,1,0,0,0,0,invalid_raw,,-7.992896970749994,
B0_D2,native,205,1,1,0,0,0,not_converged,1.6346192359924316,-6.140276655,7.774895890992432
B0_D2,native,206,1,1,0,0,0,not_converged,0.6810593605041504,-4.74468591142857,5.425745271932721
B0_D2,native,207,1,0,0,0,0,invalid_raw,,-5.606899892685186,
B0_D2,native,208,0,1,0,0,0,not_converged,2.8594346046447754,-4.68741232,7.546846924644775
B0_D2,native,209,1,1,0,0,0,not_converged,-4.832834243774414,-5.1834762150000095,0.3506419712255955
B0_D2,native,210,1,1,0,0,1,verified,-2.616945266723633,,
B0_D2,native,211,1,0,0,0,0,invalid_raw,,-5.776918745625004,
B0_D2,native,212,1,0,0,0,0,invalid_raw,,-6.956673522678572,
B0_D2,native,213,1,1,0,0,0,not_converged,-6.4907379150390625,-7.664742834166666,1.1740049191276034
B0_D2,native,214,1,1,0,0,1,verified,-3.208810329437256,-3.3357029050000016,0.1268925755627457
B0_D2,native,215,1,0,0,0,0,invalid_raw,,-6.628928884285714,
B0_D2,native,216,1,0,0,0,0,invalid_raw,,-4.1200051914285725,
B0_D2,native,217,1,1,0,1,1,verified,-4.325652599334717,-4.370858004130435,0.045205404795717996
B0_D2,native,218,1,0,0,0,0,invalid_raw,,-7.0036066112499995,
B0_D2,native,219,1,0,0,0,0,invalid_raw,,-5.8145049271875,
B0_D2,native,220,1,1,0,0,0,not_converged,-8.727333068847656,-8.85985034,0.13251727115234324
B0_D2,native,221,1,0,0,0,0,invalid_raw,,-3.520395878666667,
B0_D2,native,222,1,0,0,0,0,invalid_raw,,-8.158475707500001,
B0_D2,native,223,1,1,0,1,0,not_converged,-2.7327959537506104,-2.7799054446875,0.04710949093688965
B0_D2,native,224,1,0,0,0,0,invalid_raw,,-6.17849534983333,
B0_D2,native,225,1,1,0,0,0,not_converged,-5.983125686645508,-6.361017529109196,0.3778918424636881
B0_D2,native,226,1,0,0,0,0,invalid_raw,,-5.569344862882653,
B0_D2,native,227,1,1,0,1,0,not_converged,-1.7079368829727173,-1.764497722236842,0.05656083926412481
B0_D2,native,228,1,1,0,0,1,verified,-2.1607539653778076,,
B0_D2,native,229,1,0,0,0,0,invalid_raw,,-4.828162192999991,
B0_D2,native,230,1,0,0,0,0,invalid_raw,,-6.745648262999994,
B0_D2,native,231,1,1,0,0,1,verified,-2.874318838119507,-3.037658465,0.16333962688049297
B0_D2,native,232,1,1,1,1,0,invalid_terminal,-7.48679780960083,-7.2413824275000005,-0.24541538210082958
B0_D2,native,233,1,0,0,0,0,invalid_raw,,-8.78412913614582,
B0_D2,native,234,0,0,0,0,0,generation_failure,,,
B0_D2,native,235,1,0,0,0,0,invalid_raw,,-7.127507601153846,
B0_D2,native,236,0,1,0,0,0,invalid_terminal,-5.246587753295898,-9.161690116,3.9151023627041024
B0_D2,native,237,1,1,0,0,0,not_converged,-7.548510551452637,-7.649855285333333,0.10134473388069587
B0_D2,native,238,1,1,0,0,1,verified,-3.6431963443756104,-3.9039555466666664,0.2607592022910561
B0_D2,native,239,1,0,0,0,0,invalid_raw,,-8.195476525393518,
B0_D2,native,240,0,1,0,0,0,not_converged,-0.9851828813552856,-3.1748408445,2.189657963144714
B0_D2,native,241,0,0,0,0,0,invalid_raw,,-6.001532512576922,
B0_D2,native,242,1,1,0,0,0,invalid_terminal,0.6939792633056641,-2.9622649737499995,3.6562442370556636
B0_D2,native,243,1,0,0,0,0,invalid_raw,,-6.2871970683333345,
B0_D2,native,244,1,0,0,0,0,invalid_raw,,-7.770567307142858,
B0_D2,native,245,1,0,0,0,0,invalid_raw,,-7.920912217708325,
B0_D2,native,246,1,0,0,0,0,invalid_raw,,-3.687521190666668,
B0_D2,native,247,1,1,0,1,0,not_converged,-4.7087178230285645,-4.750298503055555,0.04158068002699089
B0_D2,native,248,1,0,0,0,0,invalid_raw,,-7.025995946785715,
B0_D2,native,249,1,0,0,0,0,invalid_raw,,-8.487405831500002,
B0_D2,native,250,1,1,0,0,0,not_converged,-5.391332149505615,-5.871369278888894,0.4800371293832786
B0_D2,native,251,1,0,0,0,0,invalid_raw,,-6.295641089112499,
B0_D2,native,252,1,0,0,0,0,invalid_raw,,-3.566205878125,
B0_D2,native,253,0,1,0,0,0,not_converged,-5.1041951179504395,-5.533590399090911,0.4293952811404713
B0_D2,native,254,1,1,1,1,0,not_converged,-9.97492504119873,-9.9450290275,-0.029896013698730073
B0_D2,native,255,1,1,0,0,0,not_converged,-6.613860607147217,-6.894403809199998,0.2805432020527814
B0_D2,native,256,1,1,0,0,0,not_converged,-7.081847667694092,-7.407460142874999,0.3256124751809075
B0_D2,native,257,1,0,0,0,0,invalid_raw,,-7.124483321553028,
B0_D2,native,258,1,0,0,0,0,invalid_raw,,-7.450987041,
B0_D2,native,259,0,0,0,0,0,generation_failure,,,
B0_D2,native,260,1,1,1,1,0,not_converged,-5.494852066040039,-5.493872198749999,-0.0009798672900398486
B0_D2,native,261,1,1,1,1,1,verified,-4.787776470184326,-4.7631831025624995,-0.024593367621826623
B0_D2,native,262,1,0,0,0,0,invalid_raw,,-6.957786933333335,
B0_D2,native,263,1,0,0,0,0,invalid_raw,,-6.926639417500001,
B0_D2,native,264,0,0,0,0,0,invalid_raw,,-5.071622596904762,
B0_D2,native,265,1,0,0,0,0,invalid_raw,,-5.76353898,
B0_D2,native,266,1,1,1,1,0,not_converged,-6.073573112487793,-6.0073073536538475,-0.06626575883394548
B0_D2,native,267,1,1,0,0,0,not_converged,-5.641224384307861,-7.3198004800000085,1.6785760956921472
B0_D2,native,268,1,1,0,0,0,not_converged,-5.062175750732422,-5.20062912111111,0.13845337037868788
B0_D2,native,269,1,1,0,0,0,not_converged,6.160557746887207,-6.286152254999999,12.446710001887206
B0_D2,native,270,1,0,0,0,0,invalid_raw,,-4.726353991666666,
B0_D2,native,271,1,0,0,0,0,invalid_raw,,-4.805392888958333,
B0_D2,native,272,0,0,0,0,0,invalid_raw,,-5.746246750681818,
B0_D2,native,273,1,0,0,0,0,invalid_raw,,-4.5878161475,
B0_D2,native,274,1,1,0,1,1,verified,-4.363898277282715,-4.4121433955,0.04824511821728539
B0_D2,native,275,1,0,0,0,0,invalid_raw,,-4.375447646484375,
B0_D2,native,276,1,1,0,0,1,verified,-5.821651458740234,-5.999105397175926,0.17745393843569168
B0_D2,native,277,1,1,0,0,0,not_converged,-1.8884639739990234,-2.0504891375,0.16202516350097662
B0_D2,native,278,1,0,0,0,0,invalid_raw,,-5.1221278275,
B0_D2,native,279,1,1,0,0,0,invalid_terminal,-7.218922138214111,-7.903979024583332,0.685056886369221
B0_D2,native,280,1,1,1,1,1,verified,-2.8666913509368896,-2.8016605543406596,-0.06503079659623001
B0_D2,native,281,1,0,0,0,0,invalid_raw,,-8.791714443541668,
B0_D2,native,282,1,0,0,0,0,invalid_raw,,-3.2446934216666667,
B0_D2,native,283,1,1,0,0,0,not_converged,-1.8811441659927368,-4.251312112750002,2.370167946757265
B0_D2,native,284,1,1,0,0,0,not_converged,-3.8157355785369873,,
B0_D2,native,285,0,0,0,0,0,invalid_raw,,-5.842526910990029,
B0_D2,native,286,1,1,0,0,0,invalid_terminal,-1.6996610164642334,-5.759537465596789,4.059876449132555
B0_D2,native,287,1,1,0,0,0,not_converged,2.302125930786133,-9.789058354444444,12.091184285230577
B0_D2,native,288,1,1,0,0,1,verified,-6.277703285217285,-6.383733436,0.10603015078271483
B0_D2,native,289,1,0,0,0,0,invalid_raw,,-6.106789206969696,
B0_D2,native,290,1,1,1,1,0,not_converged,-3.3805108070373535,-3.35642271875,-0.024088088287353315
B0_D2,native,291,1,0,0,0,0,invalid_raw,,-5.856307052833337,
B0_D2,native,292,1,0,0,0,0,invalid_raw,,-4.858748289999999,
B0_D2,native,293,0,0,0,0,0,generation_failure,,,
B0_D2,native,294,1,1,0,0,0,not_converged,4.819245338439941,-4.101147137166667,8.920392475606608
B0_D2,native,295,1,1,0,0,0,not_converged,-6.1792449951171875,-6.29634838,0.11710338488281291
B0_D2,native,296,1,0,0,0,0,invalid_raw,,-4.654199455897437,
B0_D2,native,297,1,0,0,0,0,invalid_raw,,-6.7262452365476175,
B0_D2,native,298,1,1,0,0,0,not_converged,-4.677130222320557,-4.85595832,0.1788280976794434
B0_D2,native,299,1,1,0,0,0,not_converged,-4.063697338104248,,
B0_D2,native,300,1,0,0,0,0,invalid_raw,,-8.795292552083334,
B0_D2,native,301,1,0,0,0,0,invalid_raw,,-8.614129246071428,
B0_D2,native,302,1,0,0,0,0,invalid_raw,,-6.9583210300000005,
B0_D2,native,303,1,1,0,0,0,invalid_terminal,-2.2849502563476562,-7.344096527727273,5.059146271379617
B0_D2,native,304,0,0,0,0,0,invalid_raw,,-3.854455645612245,
B0_D2,native,305,1,1,0,1,0,not_converged,-3.355023145675659,-3.392726045,0.03770289932434068
B0_D2,native,306,1,1,0,0,0,not_converged,-2.1028318405151367,-5.018360740192307,2.91552889967717
B0_D2,native,307,0,0,0,0,0,invalid_raw,,-5.748584652763157,
B0_D2,native,308,1,0,0,0,0,invalid_raw,,-8.103911396437498,
B0_D2,native,309,1,1,0,1,0,not_converged,-2.1495795249938965,-2.1831125125,0.03353298750610367
B0_D2,native,310,1,0,0,0,0,invalid_raw,,-6.759939068671887,
B0_D2,native,311,1,0,0,0,0,invalid_raw,,-4.604603925034723,
B0_D2,native,312,1,0,0,0,0,invalid_raw,,-7.637244786607142,
B0_D2,native,313,1,0,0,0,0,invalid_raw,,,
B0_D2,native,314,1,0,0,0,0,invalid_raw,,-6.096360439642856,
B0_D2,native,315,1,1,0,0,1,verified,-6.308221340179443,-6.515414064404761,0.20719272422531798
B0_D2,native,316,1,0,0,0,0,invalid_raw,,-4.86590872037037,
B0_D2,native,317,1,0,0,0,0,invalid_raw,,-6.496671924062499,
B0_D2,native,318,1,0,0,0,0,invalid_raw,,-6.99806351642857,
B0_D2,native,319,1,0,0,0,0,invalid_raw,,-7.278228040499998,
B0_D2,native,320,1,1,0,1,1,verified,-4.034517765045166,-4.12900124,0.094483474954834
B0_D2,native,321,1,0,0,0,0,invalid_raw,,-5.826691488846152,
B0_D2,native,322,1,0,0,0,0,invalid_raw,,-8.524832456062505,
B0_D2,native,323,0,0,0,0,0,generation_failure,,,
B0_D2,native,324,0,1,0,0,1,verified,-7.362579822540283,-7.633242624,0.270662801459717
B0_D2,native,325,1,1,0,0,0,not_converged,-5.336959362030029,-5.520239303974359,0.1832799419443294
B0_D2,native,326,1,1,0,1,0,not_converged,-2.7203762531280518,-2.7799054446875,0.05952919155944825
B0_D2,native,327,1,0,0,0,0,invalid_raw,,-8.184920311375004,
B0_D2,native,328,1,1,0,0,1,verified,-5.984901428222656,-6.226623234,0.2417218057773436
B0_D2,native,329,0,0,0,0,0,invalid_raw,,-7.144048147000002,
B0_D2,native,330,1,0,0,0,0,invalid_raw,,-6.58863101,
B0_D2,native,331,1,1,0,0,0,not_converged,-4.8470072746276855,-4.962999632,0.11599235737231428
B0_D2,native,332,1,1,1,1,1,verified,-5.934561252593994,-5.807793345,-0.1267679075939938
B0_D2,native,333,1,1,0,0,0,not_converged,2.7402162551879883,-7.283933336363634,10.024149591551623
B0_D2,native,334,1,1,0,0,0,not_converged,5.013638496398926,,
B0_D2,native,335,1,1,0,0,1,verified,-5.991929531097412,-6.446760544101562,0.4548310130041502
B0_D2,native,336,1,1,0,0,1,verified,-3.656306505203247,-3.7784580488541675,0.1221515436509204
B0_D2,native,337,1,0,0,0,0,invalid_raw,,-4.6610906490740724,
B0_D2,native,338,1,1,0,0,0,not_converged,-5.218679904937744,-5.443290666999999,0.22461076206225528
B0_D2,native,339,1,0,0,0,0,invalid_raw,,-6.531749023125,
B0_D2,native,340,1,1,0,0,0,invalid_terminal,-3.832826614379883,-4.4885759125,0.6557492981201172
B0_D2,native,341,1,1,0,1,1,verified,-5.380792617797852,-5.476698801374998,0.09590618357714664
B0_D2,native,342,1,0,0,0,0,invalid_raw,,-4.894412604660488,
B0_D2,native,343,1,1,0,0,0,not_converged,-6.918484210968018,-7.702896643333333,0.7844124323653157
B0_D2,native,344,1,0,0,0,0,invalid_raw,,-5.158396759375,
B0_D2,native,345,1,1,0,0,0,not_converged,-6.219520092010498,-6.32752468,0.10800458798950174
B0_D2,native,346,1,0,0,0,0,invalid_raw,,-5.848872917791664,
B0_D2,native,347,1,1,0,1,0,not_converged,-2.2065441608428955,-2.3028027475,0.0962585866571044
B0_D2,native,348,1,0,0,0,0,invalid_raw,,-4.016336547812502,
B0_D2,native,349,1,0,0,0,0,invalid_raw,,-5.416102978958333,
B0_D2,native,350,1,1,0,0,0,invalid_terminal,-6.2535719871521,-7.073015417272727,0.8194434301206277
B0_D2,native,351,0,0,0,0,0,generation_failure,,,
B0_D2,native,352,1,1,0,0,1,verified,-3.504464626312256,-3.745560845,0.2410962186877441
B0_D2,native,353,1,0,0,0,0,invalid_raw,,-6.004462560625,
B0_D2,native,354,1,1,0,0,0,invalid_terminal,-2.693396806716919,-4.885664255714286,2.1922674489973675
B0_D2,native,355,1,1,0,0,0,invalid_terminal,-1.974832534790039,-4.38895631953125,2.4141237847412107
B0_D2,native,356,1,1,0,0,0,not_converged,2.0515382289886475,-3.7503563497500014,5.801894578738649
B0_D2,native,357,1,1,0,0,0,not_converged,-6.0611066818237305,-6.2040151939213,0.14290851209756994
B0_D2,native,358,1,1,0,0,1,verified,-8.288334846496582,-8.813001928000002,0.52466708150342
B0_D2,native,359,1,1,0,0,1,verified,-1.674949049949646,,
B0_D2,native,360,1,0,0,0,0,invalid_raw,,-8.456414450833334,
B0_D2,native,361,1,1,0,0,1,verified,-6.2364726066589355,-6.374543491079999,0.1380708844210634
B0_D2,native,362,1,0,0,0,0,invalid_raw,,-8.928585654444444,
B0_D2,native,363,1,1,0,0,0,invalid_terminal,0.725562572479248,-7.26076491,7.986327482479248
B0_D2,native,364,1,0,0,0,0,invalid_raw,,-7.8259403418749995,
B0_D2,native,365,1,1,0,0,0,not_converged,2.6358351707458496,-7.603746021875001,10.23958119262085
B0_D2,native,366,1,1,1,1,1,verified,-9.997556686401367,-9.844391244722223,-0.15316544167914437
B0_D2,native,367,0,0,0,0,0,invalid_raw,,-7.147121729517008,
B0_D2,native,368,1,1,0,0,0,not_converged,-7.06223201751709,-7.2905947565,0.22836273898291015
B0_D2,native,369,1,1,0,0,0,invalid_terminal,-7.313935279846191,-8.013470406058559,0.6995351262123677
B0_D2,native,370,1,1,0,0,0,not_converged,1.9198670387268066,-6.191409585,8.111276623726805
B0_D2,native,371,1,0,0,0,0,invalid_raw,,,
B0_D2,native,372,1,0,0,0,0,invalid_raw,,-6.5915052257291675,
B0_D2,native,373,1,1,0,0,0,not_converged,3.847156524658203,-5.01393641909091,8.861092943749114
B0_D2,native,374,1,0,0,0,0,invalid_raw,,-6.8892647775,
B0_D2,native,375,1,1,0,0,1,verified,-5.8741021156311035,-6.244251652378788,0.37014953674768414
B0_D2,native,376,1,1,0,0,0,invalid_terminal,-5.832630634307861,-6.426387084999999,0.5937564506921378
B0_D2,native,377,1,1,0,0,1,verified,-3.869544267654419,-4.2482075667708346,0.3786632991164156
B0_D2,native,378,0,1,0,0,0,invalid_terminal,-0.00983285903930664,-5.659528698511903,5.649695839472597
B0_D2,native,379,1,0,0,0,0,invalid_raw,,-3.1810739,
B0_D2,native,380,1,1,0,0,0,not_converged,-4.672261714935303,,
B0_D2,native,381,1,1,0,0,1,verified,-7.143678665161133,-7.463248600833333,0.3195699356722006
B0_D2,native,382,1,1,0,0,0,not_converged,-5.852344989776611,-6.24037293625,0.3880279464733887
B0_D2,native,383,1,1,0,0,1,verified,-6.718323707580566,-6.86689797625,0.14857426866943335
B0_D2,native,384,0,1,0,0,1,verified,-7.1752190589904785,-7.472582518249999,0.2973634592595209
B0_D2,native,385,1,0,0,0,0,invalid_raw,,,
B0_D2,native,386,1,1,0,0,1,verified,-1.746985673904419,-1.9639978787499999,0.21701220484558092
B0_D2,native,387,1,0,0,0,0,invalid_raw,,-5.295137119464284,
B0_D2,native,388,1,1,0,0,0,not_converged,-7.5198845863342285,-7.63836758875,0.11848300241577192
B0_D2,native,389,1,1,0,1,0,not_converged,-3.5226876735687256,-3.5967200025,0.07403232893127454
B0_D2,native,390,1,1,0,0,1,verified,-7.55855655670166,-7.79202852269229,0.23347196599062947
B0_D2,native,391,1,0,0,0,0,invalid_raw,,-8.627817990833332,
B0_D2,native,392,1,1,0,0,0,not_converged,-4.931361198425293,,
B0_D2,native,393,1,0,0,0,0,invalid_raw,,-6.4539449788541665,
B0_D2,native,394,0,0,0,0,0,generation_failure,,,
B0_D2,native,395,1,1,0,0,0,invalid_terminal,-4.318553447723389,-5.60683765421875,1.2882842064953612
B0_D2,native,396,1,0,0,0,0,invalid_raw,,-6.4121261725,
B0_D2,native,397,1,1,0,0,0,not_converged,-6.90505838394165,-7.0909342075,0.18587582355834975
B0_D2,native,398,1,0,0,0,0,invalid_raw,,-10.8573587875,
B0_D2,native,399,1,1,0,0,1,verified,-3.740145444869995,-3.8445175317708324,0.10437208690083732
B0_D2,native,400,1,1,0,0,0,not_converged,1.8235416412353516,-6.381535613333334,8.205077254568685
B0_D2,native,401,1,0,0,0,0,invalid_raw,,-3.65515203546875,
B0_D2,native,402,1,0,0,0,0,invalid_raw,,-8.257422462812501,
B0_D2,native,403,1,1,0,1,1,verified,-10.739164352416992,-10.8234458525,0.08428150008300861
B0_D2,native,404,1,0,0,0,0,invalid_raw,,-7.758457392222223,
B0_D2,native,405,1,0,0,0,0,invalid_raw,,-8.418681412142858,
B0_D2,native,406,0,0,0,0,0,invalid_raw,,-6.619508543999997,
B0_D2,native,407,0,0,0,0,0,invalid_raw,,-5.735540416491224,
B0_D2,native,408,1,0,0,0,0,invalid_raw,,-8.769706787968742,
B0_D2,native,409,1,0,0,0,0,invalid_raw,,-8.041667774000013,
B0_D2,native,410,1,0,0,0,0,invalid_raw,,-6.5903824748333335,
B0_D2,native,411,1,1,0,0,0,not_converged,-3.638702392578125,-4.15863041875,0.5199280261718746
B0_D2,native,412,0,1,0,0,0,not_converged,-5.634099006652832,-6.091361339393945,0.45726233274111294
B0_D2,native,413,0,0,0,0,0,invalid_raw,,-7.07118010925,
B0_D2,native,414,1,1,0,1,1,verified,-4.912704944610596,-4.98162886625,0.06892392163940464
B0_D2,native,415,1,0,0,0,0,invalid_raw,,-5.20334055,
B0_D2,native,416,1,1,0,0,0,not_converged,-2.196718692779541,-6.675661131333333,4.478942438553792
B0_D2,native,417,1,1,0,0,1,verified,-5.861746788024902,-6.3070154264000005,0.4452686383750981
B0_D2,native,418,1,1,0,0,0,invalid_terminal,-3.4368183612823486,-3.8678257400000002,0.4310073787176516
B0_D2,native,419,0,0,0,0,0,generation_failure,,,
B0_D2,native,420,1,0,0,0,0,invalid_raw,,-5.48895296601852,
B0_D2,native,421,1,1,0,1,0,not_converged,-9.367548942565918,-9.432109396666666,0.06456045410074829
B0_D2,native,422,1,0,0,0,0,invalid_raw,,-7.4657569589803945,
B0_D2,native,423,1,0,0,0,0,invalid_raw,,-6.787190061666667,
B0_D2,native,424,1,0,0,0,0,invalid_raw,,-2.5003914575,
B0_D2,native,425,1,1,1,1,1,verified,-3.310910224914551,-3.2972176,-0.013692624914550588
B0_D2,native,426,1,0,0,0,0,invalid_raw,,-6.000078808650795,
B0_D2,native,427,1,1,0,0,0,relaxation_energy_increased,5.3581085205078125,-5.530141087857143,10.888249608364955
B0_D2,native,428,1,0,0,0,0,invalid_raw,,-4.996930055381944,
B0_D2,native,429,1,0,0,0,0,invalid_raw,,-5.776935175777778,
B0_D2,native,430,1,0,0,0,0,invalid_raw,,-5.572251004351852,
B0_D2,native,431,1,1,0,0,1,verified,-5.773527145385742,-6.844030326666665,1.0705031812809231
B0_D2,native,432,1,0,0,0,0,invalid_raw,,-4.49155244983333,
B0_D2,native,433,1,1,0,0,0,not_converged,-6.0990118980407715,-6.293599595302753,0.19458769726198177
B0_D2,native,434,0,0,0,0,0,invalid_raw,,-6.9428080617646994,
B0_D2,native,435,1,0,0,0,0,invalid_raw,,-7.4021100337500005,
B0_D2,native,436,1,1,0,1,0,not_converged,-9.697724342346191,-9.791720543333334,0.09399620098714223
B0_D2,native,437,1,0,0,0,0,invalid_raw,,-3.091066119722221,
B0_D2,native,438,1,0,0,0,0,invalid_raw,,-6.251656806250001,
B0_D2,native,439,1,1,0,0,1,verified,-4.1278839111328125,-4.230986013888891,0.10310210275607812
B0_D2,native,440,1,0,0,0,0,invalid_raw,,-7.440291984583329,
B0_D2,native,441,1,1,0,0,0,not_converged,-6.7677836418151855,-7.473559076785713,0.7057754349705272
B0_D2,native,442,1,1,0,0,0,not_converged,-6.588252067565918,-6.71070386234375,0.12245179477783186
B0_D2,native,443,1,1,0,1,0,not_converged,-4.364200115203857,-4.441031711066666,0.0768315958628083
B0_D2,native,444,1,1,1,1,1,verified,-4.058597564697266,-4.05571518,-0.0028823846972656497
B0_D2,native,445,1,1,0,0,0,not_converged,-5.697476387023926,-5.841298413322369,0.14382202629844354
B0_D2,native,446,1,0,0,0,0,invalid_raw,,-3.869441791458333,
B0_D2,native,447,0,0,0,0,0,invalid_raw,,-4.984967777268518,
B0_D2,native,448,1,0,0,0,0,invalid_raw,,-8.079092086938779,
B0_D2,native,449,1,0,0,0,0,invalid_raw,,-7.2614877075,
B0_D2,native,450,1,1,0,1,0,not_converged,-4.762718677520752,-4.7679368225,0.005218144979248329
B0_D2,native,451,1,1,0,0,1,verified,-5.217538356781006,-5.32133803265873,0.10379967587772398
B0_D2,native,452,1,0,0,0,0,invalid_raw,,-2.00559988,
B0_D2,native,453,0,0,0,0,0,invalid_raw,,-7.16645020875,
B0_D2,native,454,1,0,0,0,0,invalid_raw,,-6.2863988775,
B0_D2,native,455,0,0,0,0,0,invalid_raw,,-6.896046239285714,
B0_D2,native,456,1,0,0,0,0,invalid_raw,,-8.356161032314818,
B0_D2,native,457,1,1,1,1,1,verified,-3.9468743801116943,-3.934791412840911,-0.012082967270783396
B0_D2,native,458,1,0,0,0,0,invalid_raw,,-3.336431573125001,
B0_D2,native,459,1,1,0,1,0,not_converged,-3.344356060028076,-3.3835279566666667,0.03917189663859055
B0_D2,native,460,1,0,0,0,0,invalid_raw,,-8.462408774,
B0_D2,native,461,1,1,0,0,0,invalid_terminal,-4.425858020782471,-5.858947303333334,1.4330892825508634
B0_D2,native,462,1,1,0,0,1,verified,-3.6787309646606445,-3.795662345,0.11693138033935568
B0_D2,native,463,1,0,0,0,0,invalid_raw,,-7.832468905555556,
B0_D2,native,464,0,0,0,0,0,generation_failure,,,
B0_D2,native,465,1,1,0,0,0,not_converged,-4.751888751983643,-4.891678837282052,0.13979008529840975
B0_D2,native,466,1,0,0,0,0,invalid_raw,,-6.366389921785728,
B0_D2,native,467,0,1,0,0,1,verified,-3.380018711090088,-3.8109432977777784,0.4309245866876905
B0_D2,native,468,1,0,0,0,0,invalid_raw,,-7.725826418541667,
B0_D2,native,469,1,1,0,1,0,not_converged,-5.1283769607543945,-5.184373668046875,0.055996707292480075
B0_D2,native,470,1,1,0,0,0,not_converged,-5.6745452880859375,-6.1418910916666665,0.46734580358072897
B0_D2,native,471,1,1,1,1,1,verified,-4.283720016479492,-4.257636727777777,-0.026083288701714835
B0_D2,native,472,1,1,0,0,1,verified,-5.692773342132568,-5.7952186475000005,0.10244530536743213
B0_D2,native,473,1,1,0,1,1,verified,-3.144113540649414,-3.1897965708522724,0.045683030202858355
B0_D2,native,474,1,0,0,0,0,invalid_raw,,-8.160132131666666,
B0_D2,native,475,1,1,0,1,0,not_converged,-3.267538547515869,-3.2908807475,0.023342199984131007
B0_D2,native,476,1,1,0,1,0,not_converged,-6.298151016235352,-6.3858088968333355,0.08765788059798396
B0_D2,native,477,1,0,0,0,0,invalid_raw,,-5.633232337605364,
B0_D2,native,478,1,0,0,0,0,invalid_raw,,-5.966823779777783,
B0_D2,native,479,1,1,0,0,0,invalid_terminal,-3.8153514862060547,-5.453567671249994,1.6382161850439392
B0_D2,native,480,1,0,0,0,0,invalid_raw,,-6.40845135,
B0_D2,native,481,1,1,0,0,1,verified,-7.738293647766113,-7.840069253749998,0.10177560598388435
B0_D2,native,482,1,0,0,0,0,invalid_raw,,-8.566373946500002,
B0_D2,native,483,1,0,0,0,0,invalid_raw,,-8.33067552250001,
B0_D2,native,484,1,1,0,1,1,verified,-3.5854923725128174,-3.640387075125,0.054894702612182655
B0_D2,native,485,0,0,0,0,0,invalid_raw,,-7.438309159500001,
B0_D2,native,486,0,1,0,1,0,not_converged,-5.957091331481934,-5.987368683333333,0.03027735185139946
B0_D2,native,487,1,0,0,0,0,invalid_raw,,-8.441607665500001,
B0_D2,native,488,1,1,0,0,0,not_converged,-1.6909112930297852,-1.81458719,0.12367589697021475
B0_D2,native,489,1,0,0,0,0,invalid_raw,,-5.182306179999999,
B0_D2,native,490,1,0,0,0,0,invalid_raw,,-6.140405388333333,
B0_D2,native,491,0,0,0,0,0,invalid_raw,,-7.95283244158334,
B0_D2,native,492,1,1,0,0,1,verified,-7.151866436004639,-7.366108416666662,0.21424198066202305
B0_D2,native,493,1,0,0,0,0,invalid_raw,,-6.675795845069443,
B0_D2,native,494,1,0,0,0,0,invalid_raw,,-6.752732359625,
B0_D2,native,495,1,0,0,0,0,invalid_raw,,-8.445496715865385,
B0_D2,native,496,1,0,0,0,0,invalid_raw,,-8.799084292000003,
B0_D2,native,497,1,0,0,0,0,invalid_raw,,-6.265854163640623,
B0_D2,native,498,1,0,0,0,0,invalid_raw,,-9.113073129166667,
B0_D2,native,499,1,1,0,1,0,not_converged,-1.3468495607376099,-1.3605156349999998,0.013666074262389971
B0_D2,native,500,1,1,0,1,1,verified,-3.1682987213134766,-3.2581879712500004,0.08988924993652381
B0_D2,native,501,1,0,0,0,0,invalid_raw,,-7.274399870625004,
B0_D2,native,502,1,0,0,0,0,invalid_raw,,-3.733119167333333,
B0_D2,native,503,1,0,0,0,0,invalid_raw,,-8.380222386835644,
B0_D2,native,504,1,1,0,0,0,not_converged,-6.089956760406494,-6.321931073571428,0.2319743131649341
B0_D2,native,505,1,0,0,0,0,invalid_raw,,-6.1209733422222214,
B0_D2,native,506,1,1,1,1,0,not_converged,-6.071216583251953,-6.0073073536538475,-0.06390922959810563
B0_D2,native,507,1,1,0,0,1,verified,-4.896141529083252,-5.120989921666667,0.22484839258341527
B0_D2,native,508,1,0,0,0,0,invalid_raw,,-5.97049048125,
B0_D2,native,509,0,0,0,0,0,invalid_raw,,-5.963047953482141,
B0_D2,native,510,0,0,0,0,0,invalid_raw,,-6.112085032805556,
B0_D2,native,511,1,0,0,0,0,invalid_raw,,-7.744531859375,
B0_D2,native,512,0,1,0,0,0,not_converged,3.9078054428100586,-6.069127939166666,9.976933381976725
B0_D2,native,513,1,0,0,0,0,invalid_raw,,-5.5535936321875,
B0_D2,native,514,1,0,0,0,0,invalid_raw,,-5.7685055025,
B0_D2,native,515,1,0,0,0,0,invalid_raw,,-7.131432083469386,
B0_D2,native,516,1,1,0,0,0,invalid_terminal,1.0147619247436523,-4.874577810797101,5.889339735540753
B0_D2,native,517,0,0,0,0,0,invalid_raw,,-8.430237784180548,
B0_D2,native,518,1,1,0,0,0,invalid_terminal,-3.662224054336548,-6.32724859,2.665024535663452
B0_D2,native,519,1,0,0,0,0,invalid_raw,,-7.463248600833333,
B0_D2,native,520,1,0,0,0,0,invalid_raw,,-6.849193782499998,
B0_D2,native,521,1,1,0,0,0,not_converged,-6.332711219787598,-6.441000308333333,0.10828908854573527
B0_D2,native,522,1,1,0,0,0,not_converged,-3.7372794151306152,-3.8414387829761907,0.10415936784557545
B0_D2,native,523,1,0,0,0,0,invalid_raw,,-8.718612457833338,
B0_D2,native,524,1,1,0,0,0,not_converged,-5.279594898223877,-5.511338759642857,0.2317438614189804
B0_D2,native,525,1,1,0,0,0,not_converged,-5.910608291625977,-6.595725783690476,0.6851174920644993
B0_D2,native,526,1,0,0,0,0,invalid_raw,,-5.182306179999999,
B0_D2,native,527,1,1,1,1,0,not_converged,-4.668846130371094,-4.641573311111113,-0.027272819259980707
B0_D2,native,528,1,0,0,0,0,invalid_raw,,-6.308745976428566,
B0_D2,native,529,1,0,0,0,0,invalid_raw,,-2.8910942266666666,
B0_D2,native,530,1,0,0,0,0,invalid_raw,,-6.1209733422222214,
B0_D2,native,531,1,1,0,0,1,verified,-3.955106496810913,-4.060792923,0.10568642618908708
B0_D2,native,532,0,0,0,0,0,invalid_raw,,-8.299187171470596,
B0_D2,native,533,1,0,0,0,0,invalid_raw,,-7.610649461428571,
B0_D2,native,534,1,1,0,1,1,verified,-2.744309425354004,-2.7844803107499985,0.04017088539599456
B0_D2,native,535,1,0,0,0,0,invalid_raw,,-4.35474680975,
B0_D2,native,536,1,1,0,1,0,not_converged,-7.391244888305664,-7.486074154999999,0.09482926669433489
B0_D2,native,537,1,0,0,0,0,invalid_raw,,-6.956924663500001,
B0_D2,native,538,0,0,0,0,0,invalid_raw,,-3.8169818549999963,
B0_D2,native,539,0,1,0,0,0,invalid_terminal,-5.717267036437988,-5.990063168333334,0.2727961318953458
B0_D2,native,540,1,1,0,0,0,not_converged,-4.484565734863281,-4.822480633362069,0.33791489849878786
B0_D2,native,541,1,0,0,0,0,invalid_raw,,-3.344931825833333,
B0_D2,native,542,1,0,0,0,0,invalid_raw,,-3.21176262125,
B0_D2,native,543,1,0,0,0,0,invalid_raw,,-5.867925685555556,
B0_D2,native,544,0,0,0,0,0,invalid_raw,,-3.134796051494253,
B0_D2,native,545,1,0,0,0,0,invalid_raw,,-5.232126961999998,
B0_D2,native,546,1,0,0,0,0,invalid_raw,,-7.440291984583329,
B0_D2,native,547,1,0,0,0,0,invalid_raw,,-5.417338445,
B0_D2,native,548,1,1,0,0,0,invalid_terminal,-3.1641268730163574,-5.026056615,1.8619297419836425
B0_D2,native,549,1,0,0,0,0,invalid_raw,,-4.7867108075,
B0_D2,native,550,1,0,0,0,0,invalid_raw,,-4.434936616666667,
B0_D2,native,551,0,0,0,0,0,invalid_raw,,-8.409315963974366,
B0_D2,native,552,1,1,0,0,0,not_converged,-5.968050003051758,-6.395818074999999,0.4277680719482415
B0_D2,native,553,1,1,0,1,0,not_converged,-7.995518207550049,-7.99947954884058,0.003961341290531273
B0_D2,native,554,1,1,0,0,0,not_converged,-2.953273057937622,-3.3051274425,0.35185438456237783
B0_D2,native,555,1,1,0,0,1,verified,-5.644905090332031,-5.76129931796875,0.11639422763671892
B0_D2,native,556,1,0,0,0,0,invalid_raw,,-4.078556233362069,
B0_D2,native,557,1,0,0,0,0,invalid_raw,,-4.856504486666666,
B0_D2,native,558,1,1,0,0,0,invalid_terminal,-5.044899940490723,-6.062922377843134,1.0180224373524114
B0_D2,native,559,1,0,0,0,0,invalid_raw,,-8.271957885541669,
B0_D2,native,560,1,0,0,0,0,invalid_raw,,-5.219441670624999,
B0_D2,native,561,1,0,0,0,0,invalid_raw,,-7.360338014583332,
B0_D2,native,562,1,0,0,0,0,invalid_raw,,-6.998467425958331,
B0_D2,native,563,0,1,1,1,0,not_converged,-5.757766246795654,-5.746246750681818,-0.01151949611383607
B0_D2,native,564,1,0,0,0,0,invalid_raw,,-8.380616457222251,
B0_D2,native,565,1,0,0,0,0,invalid_raw,,-6.9844244628125,
B0_D2,native,566,1,1,0,0,1,verified,-4.7045207023620605,-4.84617572277778,0.14165502041571987
B0_D2,native,567,1,0,0,0,0,invalid_raw,,-6.977218462222222,
B0_D2,native,568,1,1,0,0,0,invalid_terminal,-4.622472763061523,-5.667199826875002,1.044727063813479
B0_D2,native,569,1,0,0,0,0,invalid_raw,,-6.21799675625,
B0_D2,native,570,1,0,0,0,0,invalid_raw,,-6.536831063,
B0_D2,native,571,1,0,0,0,0,invalid_raw,,-6.055091405,
B0_D2,native,572,1,0,0,0,0,invalid_raw,,-5.894236688333334,
B0_D2,native,573,1,0,0,0,0,invalid_raw,,-8.860979771071428,
B0_D2,native,574,1,1,0,0,0,not_converged,-7.127943515777588,-9.130724048000001,2.0027805322224133
B0_D2,native,575,1,0,0,0,0,invalid_raw,,-9.64368324390625,
B0_D2,native,576,1,1,0,0,0,not_converged,-5.705198287963867,-7.9463406372500005,2.2411423492861333
B0_D2,native,577,1,1,0,0,1,verified,-7.673235893249512,-7.898664346666666,0.22542845341715445
B0_D2,native,578,0,1,0,0,0,not_converged,-7.519495010375977,-7.904137801011904,0.38464279063592777
B0_D2,native,579,1,1,0,1,0,not_converged,-4.552308082580566,-4.5974441825,0.0451360999194339
B0_D2,native,580,1,1,0,0,0,not_converged,-4.129946708679199,-4.272866928125,0.14292021944580036
B0_D2,native,581,1,1,0,0,0,not_converged,-4.896729469299316,-5.185017391111113,0.2882879218117962
B0_D2,native,582,1,0,0,0,0,invalid_raw,,-8.296152071761648,
B0_D2,native,583,1,0,0,0,0,invalid_raw,,-7.458291330000001,
B0_D2,native,584,0,0,0,0,0,invalid_raw,,-7.174230668947368,
B0_D2,native,585,1,0,0,0,0,invalid_raw,,-8.19349129625,
B0_D2,native,586,1,0,0,0,0,invalid_raw,,-7.941595019763888,
B0_D2,native,587,1,0,0,0,0,invalid_raw,,-9.076747898350009,
B0_D2,native,588,1,1,0,1,1,verified,-3.863452672958374,-3.940254005833328,0.07680133287495394
B0_D2,native,589,1,0,0,0,0,invalid_raw,,-7.931246645416669,
B0_D2,native,590,1,0,0,0,0,invalid_raw,,-6.075083163750001,
B0_D2,native,591,0,1,0,0,0,not_converged,-6.431585788726807,-6.8908339850875,0.4592481963606936
B0_D2,native,592,0,0,0,0,0,invalid_raw,,-6.488100046428571,
B0_D2,native,593,1,0,0,0,0,invalid_raw,,-7.644372546564039,
B0_D2,native,594,1,0,0,0,0,invalid_raw,,-5.137322595390621,
B0_D2,native,595,1,0,0,0,0,invalid_raw,,-3.8109214989166658,
B0_D2,native,596,1,0,0,0,0,invalid_raw,,-6.385504746666666,
B0_D2,native,597,1,1,0,0,0,not_converged,-4.306832313537598,-5.647885306666667,1.3410529931290691
B0_D2,native,598,1,1,0,1,1,verified,-4.086179733276367,-4.171417369375,0.08523763609863266
B0_D2,native,599,1,1,0,0,1,verified,-6.738399028778076,-7.0417229487916675,0.3033239200135913
B0_D2,native,600,1,0,0,0,0,invalid_raw,,-8.616930196354147,
B0_D2,native,601,1,0,0,0,0,invalid_raw,,-6.7198361735714345,
B0_D2,native,602,1,1,0,0,0,not_converged,-5.383961200714111,-5.603360449083334,0.2193992483692231
B0_D2,native,603,1,1,0,0,0,not_converged,-7.121915817260742,-7.231503501249999,0.10958768398925667
B0_D2,native,604,1,0,0,0,0,invalid_raw,,-8.567752844413793,
B0_D2,native,605,1,0,0,0,0,invalid_raw,,-6.532762696923074,
B0_D2,native,606,1,1,0,0,0,invalid_terminal,-6.250092506408691,-8.254909004166667,2.004816497757975
B0_D2,native,607,1,0,0,0,0,invalid_raw,,,
B0_D2,native,608,1,1,0,0,0,invalid_terminal,-3.928286075592041,-8.381697039583335,4.453410963991294
B0_D2,native,609,1,0,0,0,0,invalid_raw,,-6.8928177428125,
B0_D2,native,610,1,1,0,0,0,not_converged,-7.951564311981201,-8.31294434,0.3613800280187984
B0_D2,native,611,1,0,0,0,0,invalid_raw,,-3.878981410000002,
B0_D2,native,612,1,0,0,0,0,invalid_raw,,-5.094008341999999,
B0_D2,native,613,1,0,0,0,0,invalid_raw,,-6.9800357155,
B0_D2,native,614,1,1,0,0,0,invalid_terminal,6.036962032318115,,
B0_D2,native,615,1,1,1,1,0,not_converged,-5.307152271270752,-5.28278373,-0.02436854127075172
B0_D2,native,616,1,1,0,0,0,invalid_terminal,-2.8406870365142822,-3.9262666141666664,1.0855795776523842
B0_D2,native,617,1,0,0,0,0,invalid_raw,,-6.814666827499999,
B0_D2,native,618,1,0,0,0,0,invalid_raw,,-6.854147907142856,
B0_D2,native,619,1,0,0,0,0,invalid_raw,,-4.790574097530303,
B0_D2,native,620,1,0,0,0,0,invalid_raw,,-2.8438955515948283,
B0_D2,native,621,1,1,0,0,0,not_converged,4.743163108825684,-3.039236250269841,7.782399359095525
B0_D2,native,622,1,0,0,0,0,invalid_raw,,-6.555785223571426,
B0_D2,native,623,0,0,0,0,0,invalid_raw,,-4.2769381272222216,
B0_D2,native,624,1,1,0,0,0,not_converged,-6.812797546386719,-6.934263380833335,0.1214658344466164
B0_D2,native,625,1,0,0,0,0,invalid_raw,,-9.166623443333334,
B0_D2,native,626,0,0,0,0,0,invalid_raw,,-3.340783218645833,
B0_D2,native,627,1,1,0,0,1,verified,-4.467780113220215,-5.0370138577777785,0.5692337445575637
B0_D2,native,628,1,1,0,0,0,not_converged,-3.9500300884246826,,
B0_D2,native,629,1,0,0,0,0,invalid_raw,,-7.59869000259375,
B0_D2,native,630,1,0,0,0,0,invalid_raw,,,
B0_D2,native,631,0,1,1,1,1,verified,-3.8657524585723877,-3.8578771125,-0.00787534607238749
B0_D2,native,632,1,0,0,0,0,invalid_raw,,-7.290978368999999,
B0_D2,native,633,0,0,0,0,0,invalid_raw,,-8.217829233173074,
B0_D2,native,634,1,0,0,0,0,invalid_raw,,-8.099678662354178,
B0_D2,native,635,1,1,0,0,1,verified,-3.313549757003784,-3.4289641216666666,0.11541436466288246
B0_D2,native,636,1,0,0,0,0,invalid_raw,,-7.110636203593749,
B0_D2,native,637,0,0,0,0,0,generation_failure,,,
B0_D2,native,638,1,0,0,0,0,invalid_raw,,-5.018267591000001,
B0_D2,native,639,1,0,0,0,0,invalid_raw,,-3.2128957719999995,
B0_D2,native,640,1,1,0,1,0,not_converged,-8.588293075561523,-8.625241947500001,0.03694887193847762
B0_D2,native,641,1,1,0,0,0,not_converged,5.776372909545898,-4.518596746785716,10.294969656331615
B0_D2,native,642,0,0,0,0,0,invalid_raw,,-5.785255833964286,
B0_D2,native,643,1,1,0,0,0,not_converged,-1.7089961767196655,-1.9412918889473683,0.23229571222770273
B0_D2,native,644,1,0,0,0,0,invalid_raw,,-8.7441595753125,
B0_D2,native,645,0,1,0,0,1,verified,-3.8114774227142334,-4.117912353333335,0.3064349306191012
B0_D2,native,646,1,1,0,1,0,not_converged,-4.129138946533203,-4.1451110525,0.015972105966796768
B0_D2,native,647,1,1,0,0,0,not_converged,-3.704676866531372,-3.943475848089081,0.23879898155770896
B0_D2,native,648,1,1,0,0,1,verified,-6.001222610473633,-6.777828643611112,0.7766060331374796
B0_D2,native,649,1,1,0,0,0,not_converged,-6.663637638092041,-6.8069309675,0.14329332940795858
B0_D2,native,650,0,0,0,0,0,invalid_raw,,-4.8071164225,
B0_D2,native,651,1,0,0,0,0,invalid_raw,,-7.2420316029999965,
B0_D2,native,652,1,0,0,0,0,invalid_raw,,-4.489138247901787,
B0_D2,native,653,1,0,0,0,0,invalid_raw,,-5.942038990000001,
B0_D2,native,654,1,0,0,0,0,invalid_raw,,-7.80430871946875,
B0_D2,native,655,1,0,0,0,0,invalid_raw,,-7.71596877875,
B0_D2,native,656,1,1,0,0,0,not_converged,-7.436225414276123,-7.576344552857143,0.14011913858101988
B0_D2,native,657,1,0,0,0,0,invalid_raw,,-6.7247548070892895,
B0_D2,native,658,1,0,0,0,0,invalid_raw,,-7.847256631959379,
B0_D2,native,659,1,1,0,1,1,verified,-2.47544002532959,-2.5140636025000003,0.03862357717041043
B0_D2,native,660,1,0,0,0,0,invalid_raw,,-8.076085841892853,
B0_D2,native,661,1,0,0,0,0,invalid_raw,,-7.168872619000002,
B0_D2,native,662,1,0,0,0,0,invalid_raw,,-7.5118813395,
B0_D2,native,663,1,0,0,0,0,invalid_raw,,-8.2644569396875,
B0_D2,native,664,1,0,0,0,0,invalid_raw,,,
B0_D2,native,665,0,1,0,0,0,not_converged,-6.129549503326416,-6.265704854,0.13615535067358397
B0_D2,native,666,1,0,0,0,0,invalid_raw,,-8.702747815555556,
B0_D2,native,667,1,0,0,0,0,invalid_raw,,-4.125440847395833,
B0_D2,native,668,1,1,0,0,1,verified,-4.094695091247559,-4.470746124444444,0.3760510331968856
B0_D2,native,669,1,1,0,0,0,not_converged,-6.251648902893066,-6.6621268041666655,0.41047790127359907
B0_D2,native,670,1,1,0,1,0,not_converged,-6.6665849685668945,-6.765227836375001,0.09864286780810616
B0_D2,native,671,1,0,0,0,0,invalid_raw,,-7.443452225374998,
B0_D2,native,672,0,1,0,0,1,verified,-4.582782745361328,-5.521868224097222,0.939085478735894
B0_D2,native,673,1,0,0,0,0,invalid_raw,,-5.39619175625,
B0_D2,native,674,1,0,0,0,0,invalid_raw,,-7.240865731547606,
B0_D2,native,675,1,1,0,0,0,invalid_terminal,6.395517826080322,-4.807592882869896,11.203110708950218
B0_D2,native,676,1,1,0,0,0,not_converged,-0.49055910110473633,-7.950022721388889,7.459463620284152
B0_D2,native,677,1,0,0,0,0,invalid_raw,,-5.574598848888892,
B0_D2,native,678,1,0,0,0,0,invalid_raw,,-6.0105781128316345,
B0_D2,native,679,1,1,0,0,1,verified,-4.353208541870117,-4.645062652783783,0.29185411091366564
B0_D2,native,680,1,1,0,0,0,not_converged,-7.389771461486816,-7.73580783,0.3460363685131833
B0_D2,native,681,1,0,0,0,0,invalid_raw,,-6.442499237692307,
B0_D2,native,682,1,1,0,0,0,invalid_terminal,-5.979325294494629,-7.677512827749999,1.6981875332553704
B0_D2,native,683,1,1,0,1,0,not_converged,-5.668826103210449,-5.7153636783333335,0.046537575122884256
B0_D2,native,684,1,0,0,0,0,invalid_raw,,-6.620050240833334,
B0_D2,native,685,1,0,0,0,0,invalid_raw,,-5.0402639921875,
B0_D2,native,686,1,1,0,0,0,not_converged,-6.4471755027771,-6.632185537392859,0.18501003461575927
B0_D2,native,687,1,0,0,0,0,invalid_raw,,-8.233708902777778,
B0_D2,native,688,1,1,0,0,1,verified,-2.3717117309570312,-2.4936662025000005,0.12195447154296923
B0_D2,native,689,0,1,0,0,0,invalid_terminal,-0.595822811126709,-6.3002516555102,5.704428844383491
B0_D2,native,690,1,1,0,0,1,verified,-4.5598320960998535,,
B0_D2,native,691,1,1,0,0,1,verified,-4.679869174957275,-4.787270853333333,0.10740167837605785
B0_D2,native,692,1,1,0,0,0,invalid_terminal,-2.6509504318237305,-6.17405111666667,3.523100684842939
B0_D2,native,693,1,0,0,0,0,invalid_raw,,-6.4184782624074,
B0_D2,native,694,1,0,0,0,0,invalid_raw,,-4.934960862916669,
B0_D2,native,695,1,1,0,0,0,not_converged,4.98828649520874,-4.812299475,9.80058597020874
B0_D2,native,696,1,0,0,0,0,invalid_raw,,-3.1968489839999985,
B0_D2,native,697,1,1,0,0,0,not_converged,-6.040346622467041,-6.26341539,0.22306876753295857
B0_D2,native,698,1,0,0,0,0,invalid_raw,,-8.10818995285713,
B0_D2,native,699,1,0,0,0,0,invalid_raw,,-6.95063766,
B0_D2,native,700,1,1,0,0,1,verified,-6.177037239074707,-6.512159472222223,0.33512223314751566
B0_D2,native,701,1,0,0,0,0,invalid_raw,,-1.3200470271684348,
B0_D2,native,702,1,1,0,0,1,verified,-5.290835380554199,-6.28886659,0.9980312094458004
B0_D2,native,703,0,0,0,0,0,invalid_raw,,-6.891417424285714,
B0_D2,native,704,1,0,0,0,0,invalid_raw,,-8.51688622213451,
B0_D2,native,705,1,1,1,1,0,not_converged,-5.299908638000488,-5.233241557916665,-0.06666708008382294
B0_D2,native,706,1,1,0,0,0,not_converged,-7.15895414352417,-7.342743946375009,0.18378980285083912
B0_D2,native,707,1,1,0,0,0,invalid_terminal,-4.460087299346924,-4.7680858299999995,0.3079985306530757
B0_D2,native,708,1,0,0,0,0,invalid_raw,,-6.971894294761912,
B0_D2,native,709,0,0,0,0,0,invalid_raw,,-7.098623117619049,
B0_D2,native,710,1,1,0,0,0,not_converged,-6.945478439331055,-7.342082446388888,0.3966040070578334
B0_D2,native,711,1,0,0,0,0,invalid_raw,,-7.74208865875,
B0_D2,native,712,1,1,0,0,0,not_converged,-4.965372085571289,-5.551665437777777,0.5862933522064884
B0_D2,native,713,1,1,0,0,1,verified,-5.834917068481445,-7.49526839575,1.6603513272685548
B0_D2,native,714,1,1,0,0,0,not_converged,-3.7761998176574707,-3.9130018430000004,0.13680202534252972
B0_D2,native,715,0,0,0,0,0,invalid_raw,,-5.719087657083333,
B0_D2,native,716,1,0,0,0,0,invalid_raw,,-7.737812645333337,
B0_D2,native,717,1,1,0,1,0,not_converged,-6.429806232452393,-6.5044673237857165,0.07466109133332388
B0_D2,native,718,1,1,0,0,0,not_converged,-9.368258476257324,-9.996184573500003,0.6279260972426783
B0_D2,native,719,1,0,0,0,0,invalid_raw,,-5.44340574375,
B0_D2,native,720,0,0,0,0,0,invalid_raw,,-9.24237755570988,
B0_D2,native,721,1,0,0,0,0,invalid_raw,,-5.415105802638893,
B0_D2,native,722,1,0,0,0,0,invalid_raw,,-4.768434421111113,
B0_D2,native,723,1,1,0,0,1,verified,-3.7719531059265137,-3.954560286,0.1826071800734863
B0_D2,native,724,1,1,0,0,1,verified,-4.356722831726074,-4.541502935178574,0.18478010345249984
B0_D2,native,725,1,1,0,0,0,not_converged,-6.314467906951904,-6.748878903333334,0.43441099638142955
B0_D2,native,726,1,0,0,0,0,invalid_raw,,-7.628483750411527,
B0_D2,native,727,1,1,0,0,0,invalid_terminal,-2.8177034854888916,-3.520395878666667,0.7026923931777755
B0_D2,native,728,1,1,0,0,1,verified,-3.539456605911255,-3.76551414375,0.22605753783874505
B0_D2,native,729,1,0,0,0,0,invalid_raw,,-5.862104980555555,
B0_D2,native,730,0,0,0,0,0,invalid_raw,,-1.98562423,
B0_D2,native,731,1,0,0,0,0,invalid_raw,,-6.581252318333334,
B0_D2,native,732,0,0,0,0,0,generation_failure,,,
B0_D2,native,733,1,1,0,1,0,not_converged,-7.245739459991455,-7.336335197499998,0.09059573750854266
B0_D2,native,734,1,0,0,0,0,invalid_raw,,-6.658401237142859,
B0_D2,native,735,1,0,0,0,0,invalid_raw,,-8.270374294444444,
B0_D2,native,736,1,1,0,1,0,not_converged,-3.6089282035827637,-3.610058185,0.0011299814172365252
B0_D2,native,737,1,1,0,1,1,verified,-3.499185562133789,-3.5546431343039373,0.05545757217014824
B0_D2,native,738,1,1,0,1,1,verified,-0.27286526560783386,-0.303680365,0.030815099392166145
B0_D2,native,739,1,0,0,0,0,invalid_raw,,-8.060540081875,
B0_D2,native,740,1,0,0,0,0,invalid_raw,,-8.8303579059375,
B0_D2,native,741,1,0,0,0,0,invalid_raw,,-4.542635367083333,
B0_D2,native,742,1,1,0,0,0,invalid_terminal,-4.566834449768066,-5.7849796383333345,1.218145188565268
B0_D2,native,743,1,1,0,0,0,not_converged,1.9047813415527344,-7.822364705357142,9.727146046909876
B0_D2,native,744,1,1,0,1,0,not_converged,-3.162006139755249,-3.2121013475,0.05009520774475096
B0_D2,native,745,1,1,0,1,0,not_converged,-2.2585690021514893,-2.2923379383333327,0.0337689361818434
B0_D2,native,746,1,0,0,0,0,invalid_raw,,-5.304544437332861,
B0_D2,native,747,1,1,0,0,0,invalid_terminal,-4.4728593826293945,-5.0581171225,0.5852577398706051
B0_D2,native,748,1,0,0,0,0,invalid_raw,,-8.277995374,
B0_D2,native,749,1,0,0,0,0,invalid_raw,,-4.604603925034723,
B0_D2,native,750,0,0,0,0,0,invalid_raw,,-9.31128927875,
B0_D2,native,751,1,0,0,0,0,invalid_raw,,-1.7605242516666666,
B0_D2,native,752,1,0,0,0,0,invalid_raw,,-6.722576283923612,
B0_D2,native,753,1,0,0,0,0,invalid_raw,,-8.392790857954543,
B0_D2,native,754,1,0,0,0,0,invalid_raw,,-7.1307171941666665,
B0_D2,native,755,1,1,0,0,0,invalid_terminal,-2.602576732635498,-8.100070554490738,5.49749382185524
B0_D2,native,756,1,0,0,0,0,invalid_raw,,-6.170512414999999,
B0_D2,native,757,1,1,0,1,0,not_converged,-2.466500997543335,-2.4789405550000003,0.012439557456665362
B0_D2,native,758,1,0,0,0,0,invalid_raw,,-2.961283005499999,
B0_D2,native,759,1,0,0,0,0,invalid_raw,,-7.1151969909999995,
B0_D2,native,760,1,0,0,0,0,invalid_raw,,-8.806885058333334,
B0_D2,native,761,1,1,0,0,0,not_converged,-5.575002670288086,-6.0097346,0.4347319297119139
B0_D2,native,762,1,0,0,0,0,invalid_raw,,-7.990677937000004,
B0_D2,native,763,1,1,0,0,1,verified,-7.54478645324707,-7.950050906588233,0.4052644533411627
B0_D2,native,764,1,0,0,0,0,invalid_raw,,-6.141018505666668,
B0_D2,native,765,1,0,0,0,0,invalid_raw,,-9.408722988500001,
B0_D2,native,766,1,0,0,0,0,invalid_raw,,-7.516797979874999,
B0_D2,native,767,1,1,0,0,0,not_converged,-0.5404460430145264,-3.9270266900000004,3.386580646985474
B0_D2,native,768,0,0,0,0,0,invalid_raw,,-2.9515350016666666,
B0_D2,native,769,0,0,0,0,0,invalid_raw,,-2.7539722699999998,
B0_D2,native,770,1,1,1,1,0,not_converged,-10.0610933303833,-10.048376367284483,-0.012716963098817757
B0_D2,native,771,1,0,0,0,0,invalid_raw,,-6.876949725,
B0_D2,native,772,1,0,0,0,0,invalid_raw,,-6.3711112776341,
B0_D2,native,773,1,1,1,1,1,verified,-7.124721527099609,-7.122875232,-0.0018462950996092076
B0_D2,native,774,0,0,0,0,0,invalid_raw,,-5.519281235555556,
B0_D2,native,775,1,0,0,0,0,invalid_raw,,-8.426084988249997,
B0_D2,native,776,1,0,0,0,0,invalid_raw,,-7.4584241271249985,
B0_D2,native,777,1,0,0,0,0,invalid_raw,,-7.233627473281253,
B0_D2,native,778,0,1,0,0,1,verified,-3.915884256362915,-4.371537115833334,0.455652859470419
B0_D2,native,779,1,1,0,0,1,verified,-1.1148064136505127,-1.2390868766666667,0.12428046301615403
B0_D2,native,780,1,0,0,0,0,invalid_raw,,-7.740167285859375,
B0_D2,native,781,1,1,0,0,0,invalid_terminal,-3.5356571674346924,-7.84885051774306,4.313193350308367
B0_D2,native,782,1,0,0,0,0,invalid_raw,,-6.171937493333335,
B0_D2,native,783,1,1,0,1,1,verified,-4.806461811065674,-4.879491741927084,0.07302993086141019
B0_D2,native,784,1,0,0,0,0,invalid_raw,,-3.3851983528030303,
B0_D2,native,785,0,0,0,0,0,generation_failure,,,
B0_D2,native,786,1,1,1,1,0,not_converged,-7.905264854431152,-7.8457092920000004,-0.0595555624311519
B0_D2,native,787,1,0,0,0,0,invalid_raw,,-7.576344552857143,
B0_D2,native,788,1,0,0,0,0,invalid_raw,,-4.211207498333334,
B0_D2,native,789,0,0,0,0,0,invalid_raw,,-4.84518570875,
B0_D2,native,790,1,0,0,0,0,invalid_raw,,-7.40743246492347,
B0_D2,native,791,1,0,0,0,0,invalid_raw,,,
B0_D2,native,792,1,1,0,1,1,verified,-3.2895123958587646,-3.3161780075,0.026665611641235376
B0_D2,native,793,1,0,0,0,0,invalid_raw,,-6.4379727303333345,
B0_D2,native,794,1,0,0,0,0,invalid_raw,,-6.924964055128209,
B0_D2,native,795,1,0,0,0,0,invalid_raw,,-6.949095105,
B0_D2,native,796,1,0,0,0,0,invalid_raw,,-6.117192943333333,
B0_D2,native,797,1,0,0,0,0,invalid_raw,,-7.072619608125,
B0_D2,native,798,1,1,0,1,1,verified,-3.186837673187256,-3.2533790555937463,0.06654138240649043
B0_D2,native,799,1,0,0,0,0,invalid_raw,,-4.856704078999998,
B0_D2,native,800,1,1,0,0,0,not_converged,-4.766544818878174,-5.672655027619047,0.9061102087408734
B0_D2,native,801,1,1,0,0,0,invalid_terminal,-6.183653831481934,-8.228284093928572,2.0446302624466384
B0_D2,native,802,1,1,0,0,0,not_converged,-5.446178436279297,-6.549004996,1.102826559720703
B0_D2,native,803,1,0,0,0,0,invalid_raw,,-6.119753534,
B0_D2,native,804,1,1,0,1,0,not_converged,-3.5185413360595703,-3.573580710833334,0.05503937477376386
B0_D2,native,805,0,0,0,0,0,invalid_raw,,-7.13805323076984,
B0_D2,native,806,1,0,0,0,0,invalid_raw,,-6.870190059567901,
B0_D2,native,807,1,1,0,0,0,not_converged,-3.0147900581359863,-7.276155354522222,4.261365296386236
B0_D2,native,808,1,0,0,0,0,invalid_raw,,-5.949908545126046,
B0_D2,native,809,1,1,0,1,0,not_converged,-3.100429058074951,-3.1015372975,0.0011082394250490069
B0_D2,native,810,0,1,1,1,1,verified,-6.018344402313232,-5.33646032625,-0.6818840760632323
B0_D2,native,811,1,0,0,0,0,invalid_raw,,-8.641752183636333,
B0_D2,native,812,1,1,0,0,0,not_converged,0.23103570938110352,-7.837688328888893,8.068724038269997
B0_D2,native,813,1,1,0,0,0,invalid_terminal,-4.395808219909668,-6.529200695348258,2.1333924754385905
B0_D2,native,814,1,1,0,0,0,not_converged,-9.286672592163086,-9.562298996666666,0.2756264045035799
B0_D2,native,815,1,0,0,0,0,invalid_raw,,-6.71261526285714,
B0_D2,native,816,1,1,0,0,0,invalid_terminal,-6.067759037017822,-7.27805242,1.2102933829821776
B0_D2,native,817,1,0,0,0,0,invalid_raw,,-8.275771377777778,
B0_D2,native,818,1,1,0,0,0,not_converged,-0.7652063369750977,-8.427569198,7.662362861024903
B0_D2,native,819,1,0,0,0,0,invalid_raw,,-4.442937286666667,
B0_D2,native,820,0,1,0,0,0,not_converged,2.984675407409668,-7.800188693214285,10.784864100623953
B0_D2,native,821,1,1,0,0,1,verified,-5.712011814117432,-5.99867981,0.28666799588256797
B0_D2,native,822,1,0,0,0,0,invalid_raw,,-7.533483447794115,
B0_D2,native,823,1,0,0,0,0,invalid_raw,,-7.36402403991228,
B0_D2,native,824,1,1,0,0,1,verified,-2.5684287548065186,,
B0_D2,native,825,0,1,0,0,1,verified,-3.570537567138672,-3.8928727846913582,0.32233521755268635
B0_D2,native,826,0,0,0,0,0,generation_failure,,,
B0_D2,native,827,1,0,0,0,0,invalid_raw,,-8.710140971874996,
B0_D2,native,828,1,1,0,0,0,not_converged,-6.385988235473633,-6.825145993000001,0.43915775752636854
B0_D2,native,829,1,0,0,0,0,invalid_raw,,-7.649855285333333,
B0_D2,native,830,1,0,0,0,0,invalid_raw,,-7.036984786500007,
B0_D2,native,831,0,0,0,0,0,invalid_raw,,-3.8265329825000003,
B0_D2,native,832,1,0,0,0,0,invalid_raw,,-6.117308735855266,
B0_D2,native,833,1,1,0,0,1,verified,-5.324945449829102,-5.865303785,0.5403583351708985
B0_D2,native,834,1,0,0,0,0,invalid_raw,,-9.486995716666668,
B0_D2,native,835,1,1,0,1,0,not_converged,-3.1185638904571533,-3.136149184333333,0.017585293876179797
B0_D2,native,836,0,0,0,0,0,invalid_raw,,-4.8613730521428575,
B0_D2,native,837,1,0,0,0,0,invalid_raw,,-5.614497634609375,
B0_D2,native,838,0,0,0,0,0,invalid_raw,,-4.0694253824999995,
B0_D2,native,839,1,1,0,0,0,not_converged,-5.667684555053711,-5.8394742100000006,0.17178965494628962
B0_D2,native,840,1,1,0,1,1,verified,-6.898691654205322,-6.91080607,0.012114415794677313
B0_D2,native,841,0,0,0,0,0,invalid_raw,,-5.556708085096156,
B0_D2,native,842,1,0,0,0,0,invalid_raw,,-8.422012696979166,
B0_D2,native,843,1,1,0,1,1,verified,-2.0034430027008057,-2.027634694074074,0.024191691373268487
B0_D2,native,844,1,0,0,0,0,invalid_raw,,-6.931591296458333,
B0_D2,native,845,1,0,0,0,0,invalid_raw,,-6.838058308666669,
B0_D2,native,846,0,1,0,1,0,not_converged,-7.276315689086914,-7.3757731645,0.09945747541308592
B0_D2,native,847,1,1,0,0,1,verified,-7.943100929260254,-8.847554120749999,0.9044531914897451
B0_D2,native,848,1,1,0,0,0,invalid_terminal,-5.463201999664307,-7.460861769488637,1.9976597698243301
B0_D2,native,849,1,1,0,0,0,not_converged,4.533956527709961,-3.332236382916667,7.866192910626628
B0_D2,native,850,0,0,0,0,0,invalid_raw,,-6.764080356176475,
B0_D2,native,851,1,1,0,0,1,verified,-9.029699325561523,-9.274697866666667,0.24499854110514363
B0_D2,native,852,1,0,0,0,0,invalid_raw,,-7.925577474541658,
B0_D2,native,853,1,0,0,0,0,invalid_raw,,-6.0341786325,
B0_D2,native,854,1,0,0,0,0,invalid_raw,,-9.162336631333327,
B0_D2,native,855,0,1,0,0,1,verified,-4.354213237762451,-4.459803252,0.10559001423754921
B0_D2,native,856,1,1,0,0,0,not_converged,-7.437015056610107,-7.874149350833337,0.43713429422322925
B0_D2,native,857,1,0,0,0,0,invalid_raw,,-5.333822710000001,
B0_D2,native,858,1,0,0,0,0,invalid_raw,,-4.48796225684524,
B0_D2,native,859,1,1,0,1,1,verified,-5.312455177307129,-5.368700827121209,0.05624564981408042
B0_D2,native,860,1,1,0,1,0,not_converged,-6.151853561401367,-6.222918800681807,0.07106523928043984
B0_D2,native,861,1,0,0,0,0,invalid_raw,,-5.273301633333333,
B0_D2,native,862,1,1,0,0,0,not_converged,3.7554922103881836,-7.0814302341666675,10.836922444554851
B0_D2,native,863,0,1,0,0,1,verified,-4.11128568649292,-4.3693331225,0.2580474360070797
B0_D2,native,864,1,1,0,1,0,not_converged,-6.189169883728027,-6.2328494295,0.04367954577197253
B0_D2,native,865,0,1,0,1,0,not_converged,-5.647226333618164,-5.7010628075,0.053836473881835545
B0_D2,native,866,0,0,0,0,0,invalid_raw,,-6.99149448592803,
B0_D2,native,867,1,0,0,0,0,invalid_raw,,-7.813534150749998,
B0_D2,native,868,0,0,0,0,0,invalid_raw,,-4.359820095,
B0_D2,native,869,1,0,0,0,0,invalid_raw,,,
B0_D2,native,870,1,1,0,0,1,verified,-9.823718070983887,-10.161461063333332,0.3377429923494457
B0_D2,native,871,1,0,0,0,0,invalid_raw,,-5.74306424,
B0_D2,native,872,1,1,0,0,0,not_converged,-6.565232276916504,-6.707488204410716,0.14225592749421168
B0_D2,native,873,0,0,0,0,0,invalid_raw,,-3.5652668837500014,
B0_D2,native,874,0,0,0,0,0,invalid_raw,,-6.842737093058825,
B0_D2,native,875,1,0,0,0,0,invalid_raw,,-5.8992386660000005,
B0_D2,native,876,1,1,0,0,0,not_converged,-6.494915008544922,-7.3759375485,0.8810225399550777
B0_D2,native,877,1,1,0,1,1,verified,-3.453972816467285,-3.5468643036363634,0.09289148716907825
B0_D2,native,878,1,1,0,0,1,verified,-5.478311061859131,-5.960389945791667,0.4820788839325365
B0_D2,native,879,0,1,0,0,1,verified,-3.3748342990875244,-3.4841492198214294,0.10931492073390503
B0_D2,native,880,0,1,0,0,0,not_converged,-4.079223155975342,-4.429701757,0.35047860102465833
B0_D2,native,881,1,0,0,0,0,invalid_raw,,-4.613803788333334,
B0_D2,native,882,1,1,0,0,1,verified,-7.606389999389648,-8.150295750000002,0.5439057506103531
B0_D2,native,883,1,0,0,0,0,invalid_raw,,-9.0141752835,
B0_D2,native,884,1,1,0,0,1,verified,-3.3396763801574707,-3.5155698233333332,0.17589344317586253
B0_D2,native,885,0,0,0,0,0,invalid_raw,,-6.981420652045454,
B0_D2,native,886,0,0,0,0,0,invalid_raw,,,
B0_D2,native,887,1,1,0,0,0,invalid_terminal,0.9827566146850586,-6.3670003799999995,7.349756994685058
B0_D2,native,888,0,0,0,0,0,invalid_raw,,-5.314269965249999,
B0_D2,native,889,1,1,0,0,0,invalid_terminal,-3.9660489559173584,-5.6162415803125,1.6501926243951415
B0_D2,native,890,1,0,0,0,0,invalid_raw,,-6.919078220416664,
B0_D2,native,891,1,1,0,0,1,verified,-2.65458345413208,-2.8410345825,0.18645112836791977
B0_D2,native,892,1,0,0,0,0,invalid_raw,,-5.920631454027778,
B0_D2,native,893,1,0,0,0,0,invalid_raw,,-6.450757354166666,
B0_D2,native,894,1,1,1,1,0,not_converged,-3.531919479370117,-3.52689995375,-0.0050195256201170935
B0_D2,native,895,0,1,0,1,1,verified,-2.7047231197357178,-2.7363293518055563,0.03160623206983848
B0_D2,native,896,1,0,0,0,0,invalid_raw,,-3.7158491445833333,
B0_D2,native,897,1,1,0,0,0,invalid_terminal,-5.7220659255981445,-8.160248024000001,2.4381820984018567
B0_D2,native,898,1,0,0,0,0,invalid_raw,,-6.831042365396824,
B0_D2,native,899,1,0,0,0,0,invalid_raw,,-6.812814635,
B0_D2,native,900,1,1,0,0,0,not_converged,-9.01907730102539,-9.32968279,0.31060548897460905
B0_D2,native,901,0,0,0,0,0,invalid_raw,,-1.8879827516927081,
B0_D2,native,902,1,0,0,0,0,invalid_raw,,-8.380616457222251,
B0_D2,native,903,0,0,0,0,0,invalid_raw,,-9.276498181714283,
B0_D2,native,904,1,1,0,0,1,verified,-4.1303019523620605,-4.476813682857139,0.3465117304950782
B0_D2,native,905,1,0,0,0,0,invalid_raw,,-5.6470053723214235,
B0_D2,native,906,1,0,0,0,0,invalid_raw,,-6.726081305,
B0_D2,native,907,1,0,0,0,0,invalid_raw,,-8.401153636785713,
B0_D2,native,908,1,1,0,1,0,not_converged,-4.479410171508789,-4.532290752777778,0.052880581268988536
B0_D2,native,909,1,0,0,0,0,invalid_raw,,-7.1612256529166665,
B0_D2,native,910,1,1,0,0,0,not_converged,-8.003222465515137,-8.195154697916665,0.19193223240152868
B0_D2,native,911,1,1,0,1,1,verified,-3.1197409629821777,-3.1365199707718125,0.016779007789634814
B0_D2,native,912,1,0,0,0,0,invalid_raw,,-9.133737216491225,
B0_D2,native,913,1,0,0,0,0,invalid_raw,,-6.424977623680556,
B0_D2,native,914,1,1,0,0,0,not_converged,-6.733502388000488,-7.548153147356322,0.8146507593558336
B0_D2,native,915,1,1,0,1,0,not_converged,-4.361789703369141,-4.4212917337499995,0.059502030380858884
B0_D2,native,916,1,1,0,1,0,not_converged,-4.85396671295166,-4.938927495,0.08496078204833957
B0_D2,native,917,1,1,0,0,0,not_converged,-2.2997732162475586,,
B0_D2,native,918,0,0,0,0,0,generation_failure,,,
B0_D2,native,919,1,0,0,0,0,invalid_raw,,-5.935153199999993,
B0_D2,native,920,0,0,0,0,0,invalid_raw,,-7.309173151538461,
B0_D2,native,921,1,0,0,0,0,invalid_raw,,-2.0869139169444444,
B0_D2,native,922,0,0,0,0,0,invalid_raw,,-8.754443228499998,
B0_D2,native,923,1,1,0,0,0,invalid_terminal,-3.846266746520996,-5.717606413377198,1.8713396668562021
B0_D2,native,924,1,1,0,1,1,verified,-1.8236812353134155,-1.9235609841666665,0.09987974885325102
B0_D2,native,925,1,0,0,0,0,invalid_raw,,-6.645119851666667,
B0_D2,native,926,1,0,0,0,0,invalid_raw,,-8.251581623124999,
B0_D2,native,927,0,1,0,0,0,not_converged,-5.238610744476318,-5.789904790128208,0.5512940456518898
B0_D2,native,928,1,0,0,0,0,invalid_raw,,-4.955291062244899,
B0_D2,native,929,1,1,0,1,1,verified,-4.698853492736816,-4.71438744047619,0.015533947739373666
B0_D2,native,930,1,0,0,0,0,invalid_raw,,-6.562777495416665,
B0_D2,native,931,1,1,0,0,1,verified,-4.763100624084473,,
B0_D2,native,932,1,0,0,0,0,invalid_raw,,-8.626852597625001,
B0_D2,native,933,1,1,0,0,0,invalid_terminal,3.537151336669922,-6.508131777500003,10.045283114169925
B0_D2,native,934,1,0,0,0,0,invalid_raw,,-6.221268407500002,
B0_D2,native,935,1,1,0,0,0,not_converged,-1.3965723514556885,-1.9235609841666665,0.5269886327109781
B0_D2,native,936,1,0,0,0,0,invalid_raw,,-6.605582771093751,
B0_D2,native,937,1,1,0,0,1,verified,-3.4623711109161377,-3.6301534775,0.16778236658386225
B0_D2,native,938,1,0,0,0,0,invalid_raw,,-7.4852171425,
B0_D2,native,939,1,0,0,0,0,invalid_raw,,-6.588806637777775,
B0_D2,native,940,0,1,0,0,0,not_converged,-6.8855695724487305,-7.093001261234568,0.20743168878583784
B0_D2,native,941,1,1,0,0,0,invalid_terminal,-4.993474960327148,-6.304610611666667,1.3111356513395185
B0_D2,native,942,1,1,0,0,0,invalid_terminal,-5.648212432861328,-6.408065929088541,0.7598534962272128
B0_D2,native,943,0,1,0,0,0,invalid_terminal,-3.849616527557373,-5.931034952857143,2.08141842529977
B0_D2,native,944,1,1,0,0,0,invalid_terminal,-4.653667449951172,-5.000973668125,0.347306218173828
B0_D2,native,945,0,0,0,0,0,invalid_raw,,-5.029781740000009,
B0_D2,native,946,1,1,0,0,0,invalid_terminal,-6.825493335723877,-7.561609808437513,0.7361164727136362
B0_D2,native,947,1,0,0,0,0,invalid_raw,,-2.6288808611111123,
B0_D2,native,948,1,0,0,0,0,invalid_raw,,-9.005267389444437,
B0_D2,native,949,1,0,0,0,0,invalid_raw,,-9.173728859875,
B0_D2,native,950,1,1,0,0,0,invalid_terminal,-3.4912049770355225,-4.828780048266665,1.337575071231143
B0_D2,native,951,1,1,0,0,0,invalid_terminal,-2.313573122024536,-2.6353589008333334,0.3217857788087972
B0_D2,native,952,1,1,0,0,0,not_converged,-6.503340721130371,-6.8353379575,0.3319972363696291
B0_D2,native,953,0,0,0,0,0,invalid_raw,,-6.107807231399999,
B0_D2,native,954,1,1,0,0,0,not_converged,-1.3631376028060913,-1.5762890504432145,0.21315144763712324
B0_D2,native,955,1,1,0,0,1,verified,-5.3843488693237305,-6.096721035989582,0.7123721666658511
B0_D2,native,956,1,1,0,1,0,not_converged,-5.162116527557373,-5.240470606250001,0.07835407869262756
B0_D2,native,957,1,0,0,0,0,invalid_raw,,-6.756182643611104,
B0_D2,native,958,1,1,0,0,0,not_converged,-7.584535598754883,-7.947011501666666,0.36247590291178344
B0_D2,native,959,1,0,0,0,0,invalid_raw,,-4.204492773249999,
B0_D2,native,960,1,1,0,0,0,invalid_terminal,-4.803800582885742,-5.907630262857143,1.1038296799714011
B0_D2,native,961,1,0,0,0,0,invalid_raw,,-5.348174636875,
B0_D2,native,962,1,1,0,0,0,not_converged,-1.189803123474121,-3.349867614000012,2.160064490525891
B0_D2,native,963,1,1,0,0,0,not_converged,-5.706356048583984,-5.850962824615385,0.14460677603140049
B0_D2,native,964,1,0,0,0,0,invalid_raw,,-2.628029283333333,
B0_D2,native,965,1,0,0,0,0,invalid_raw,,-7.423750508611113,
B0_D2,native,966,1,0,0,0,0,invalid_raw,,-6.48022517,
B0_D2,native,967,0,1,0,1,0,not_converged,-8.469842910766602,-8.566027582250001,0.0961846714833996
B0_D2,native,968,0,0,0,0,0,invalid_raw,,-4.3953371727777775,
B0_D2,native,969,1,1,0,0,0,invalid_terminal,-2.0052075386047363,-4.579301731999999,2.574094193395263
B0_D2,native,970,0,0,0,0,0,invalid_raw,,-6.008737998571429,
B0_D2,native,971,1,0,0,0,0,invalid_raw,,-8.300620009,
B0_D2,native,972,1,0,0,0,0,invalid_raw,,-4.591546156,
B0_D2,native,973,1,0,0,0,0,invalid_raw,,-4.275384111145833,
B0_D2,native,974,1,1,0,1,0,not_converged,-3.325469732284546,-3.4017095735774285,0.07623984129288264
B0_D2,native,975,1,1,0,0,0,not_converged,-1.7088472843170166,-1.9412918889473683,0.23244460463035166
B0_D2,native,976,1,0,0,0,0,invalid_raw,,-9.2610256993,
B0_D2,native,977,1,0,0,0,0,invalid_raw,,-3.2826886128333337,
B0_D2,native,978,1,1,1,1,1,verified,-3.975409984588623,-3.96256841,-0.012841574588623228
B0_D2,native,979,1,0,0,0,0,invalid_raw,,-5.37387322125,
B0_D2,native,980,0,1,0,1,1,verified,-3.3077948093414307,-3.3988047760227267,0.09100996668129602
B0_D2,native,981,1,0,0,0,0,invalid_raw,,-6.7509717607692314,
B0_D2,native,982,1,1,0,0,0,not_converged,-5.110661029815674,-5.362090432083335,0.25142940226766086
B0_D2,native,983,1,1,0,0,1,verified,-4.260123252868652,-4.445204028333333,0.18508077546468105
B0_D2,native,984,1,0,0,0,0,invalid_raw,,-3.334469338125,
B0_D2,native,985,1,0,0,0,0,invalid_raw,,-7.7329063546296295,
B0_D2,native,986,1,0,0,0,0,invalid_raw,,-7.051076044499988,
B0_D2,native,987,1,0,0,0,0,invalid_raw,,-7.585669332435898,
B0_D2,native,988,1,0,0,0,0,invalid_raw,,-6.918072291,
B0_D2,native,989,1,0,0,0,0,invalid_raw,,-6.293208005937493,
B0_D2,native,990,1,0,0,0,0,invalid_raw,,-6.117308735855266,
B0_D2,native,991,1,0,0,0,0,invalid_raw,,-7.852421027500004,
B0_D2,native,992,1,1,0,0,0,not_converged,-3.4339239597320557,-3.6203491816666666,0.18642522193461097
B0_D2,native,993,1,1,0,1,0,not_converged,-3.614042043685913,-3.684443689388886,0.0704016457029728
B0_D2,native,994,1,1,0,1,1,verified,-4.381890773773193,-4.472193790714286,0.09030301694109255
B0_D2,native,995,1,0,0,0,0,invalid_raw,,-8.089172016666668,
B0_D2,native,996,1,1,0,0,0,invalid_terminal,-7.876677989959717,-12.001129901960784,4.124451912001067
B0_D2,native,997,1,0,0,0,0,invalid_raw,,-6.366955594868422,
B0_D2,native,998,1,0,0,0,0,invalid_raw,,-8.66466423875,
B0_D2,native,999,1,0,0,0,0,invalid_raw,,-6.955135084090912,
B0_D2,native,1000,1,0,0,0,0,invalid_raw,,-6.376005910500002,
B0_D2,native,1001,0,1,0,0,0,invalid_terminal,-4.0748162269592285,-7.172089614785716,3.0972733878264878
B0_D2,native,1002,1,0,0,0,0,invalid_raw,,-7.452604668935188,
B0_D2,native,1003,1,1,0,0,0,not_converged,-4.135666847229004,-4.539833736785715,0.404166889556711
B0_D2,native,1004,1,1,0,0,1,verified,-5.087395191192627,-5.235251914,0.14785672280737305
B0_D2,native,1005,1,0,0,0,0,invalid_raw,,-7.464738426875,
B0_D2,native,1006,1,1,0,0,0,not_converged,-8.446694374084473,-8.99303566375,0.5463412896655271
B0_D2,native,1007,1,1,0,0,1,verified,-8.570292472839355,-8.848548997249987,0.2782565244106312
B0_D2,native,1008,0,1,0,0,1,verified,-6.872575759887695,-7.204191587857143,0.3316158279694479
B0_D2,native,1009,1,1,0,0,1,verified,-3.2688286304473877,-3.37754515125,0.1087165208026124
B0_D2,native,1010,0,0,0,0,0,invalid_raw,,-6.122153780833333,
B0_D2,native,1011,1,0,0,0,0,invalid_raw,,-8.964119810833333,
B0_D2,native,1012,1,0,0,0,0,invalid_raw,,-6.814666827499999,
B0_D2,native,1013,1,0,0,0,0,invalid_raw,,-6.279278795468749,
B0_D2,native,1014,1,1,0,0,1,verified,-5.220479488372803,-5.422837616018516,0.20235812764571293
B0_D2,native,1015,1,0,0,0,0,invalid_raw,,-6.385202765446426,
B0_D2,native,1016,1,0,0,0,0,invalid_raw,,-5.329946567465279,
B0_D2,native,1017,1,1,0,0,0,not_converged,-8.189958572387695,-8.516481491666667,0.3265229192789718
B0_D2,native,1018,1,0,0,0,0,invalid_raw,,-8.849727559444439,
B0_D2,native,1019,1,0,0,0,0,invalid_raw,,-4.496368724000001,
B0_D2,native,1020,1,1,0,0,0,not_converged,3.3777198791503906,-4.495711541666666,7.873431420817057
B0_D2,native,1021,1,1,0,0,0,invalid_terminal,-4.149203300476074,-5.355754088333334,1.2065507878572594
B0_D2,native,1022,1,0,0,0,0,invalid_raw,,-2.7256249412037032,
B0_D2,native,1023,1,0,0,0,0,invalid_raw,,,
B0_D2,native,1024,0,1,0,1,0,not_converged,-6.060072422027588,-6.060203857678572,0.00013143565098427956
B0_D2,native,1025,1,1,0,0,0,not_converged,-9.479996681213379,-9.873978126999999,0.3939814457866202
B0_D2,native,1026,1,0,0,0,0,invalid_raw,,-5.705400640037594,
B0_D2,native,1027,1,0,0,0,0,invalid_raw,,-3.392580020266668,
B0_D2,native,1028,1,0,0,0,0,invalid_raw,,-9.182272448000004,
B0_D2,native,1029,1,1,0,0,1,verified,-3.3179028034210205,-3.5032229162500004,0.18532011282897987
B0_D2,native,1030,1,1,0,0,1,verified,-6.725374698638916,-6.860705495,0.13533079636108436
B0_D2,native,1031,1,0,0,0,0,invalid_raw,,-7.1713837804687515,
B0_D2,native,1032,1,1,0,0,0,not_converged,-7.212058067321777,-7.72797144125,0.5159133739282229
B0_D2,native,1033,1,0,0,0,0,invalid_raw,,-5.964459653333333,
B0_D2,native,1034,1,0,0,0,0,invalid_raw,,-9.316285475605262,
B0_D2,native,1035,1,0,0,0,0,invalid_raw,,-6.551274847857143,
B0_D2,native,1036,1,0,0,0,0,invalid_raw,,-7.035061600961514,
B0_D2,native,1037,0,0,0,0,0,invalid_raw,,-4.2106523650000005,
B0_D2,native,1038,1,0,0,0,0,invalid_raw,,-5.665450406666666,
B0_D2,native,1039,1,1,0,0,0,invalid_terminal,-1.662956714630127,-8.12706736383333,6.464110649203203
B0_D2,native,1040,1,1,0,0,0,not_converged,-7.711526870727539,-7.904883351,0.19335648027246055
B0_D2,native,1041,1,1,0,0,0,not_converged,-4.219595432281494,-4.334081165555555,0.1144857332740612
B0_D2,native,1042,1,0,0,0,0,invalid_raw,,-4.421276909333335,
B0_D2,native,1043,1,0,0,0,0,invalid_raw,,-7.266324898825752,
B0_D2,native,1044,1,0,0,0,0,invalid_raw,,-9.18370438726561,
B0_D2,native,1045,1,0,0,0,0,invalid_raw,,-6.676856412526043,
B0_D2,native,1046,1,0,0,0,0,invalid_raw,,-7.528986436999999,
B0_D2,native,1047,1,1,0,1,0,not_converged,-3.4678757190704346,-3.475579975,0.007704255929565473
B0_D2,native,1048,1,0,0,0,0,invalid_raw,,-5.372073875000001,
B0_D2,native,1049,1,1,0,0,0,not_converged,-7.215163230895996,-7.328540419312498,0.1133771884165018
B0_D2,native,1050,1,1,0,0,1,verified,-6.39948034286499,-6.648754046999999,0.2492737041350086
B0_D2,native,1051,1,1,0,0,0,not_converged,-7.792430400848389,-8.06387644,0.2714460391516109
B0_D2,native,1052,0,0,0,0,0,invalid_raw,,-4.021669363125,
B0_D2,native,1053,1,1,0,0,0,not_converged,0.09711837768554688,-4.706349505000003,4.80346788268555
B0_D2,native,1054,1,1,0,1,1,verified,-5.647526741027832,-5.734849555312499,0.0873228142846667
B0_D2,native,1055,1,1,0,0,1,verified,-3.7741386890411377,-4.2872910885,0.5131523994588623
B0_D2,native,1056,1,1,0,1,0,not_converged,-5.5466156005859375,-5.617456659916664,0.07084105933072671
B0_D2,native,1057,1,0,0,0,0,invalid_raw,,-8.706719196,
B0_D2,native,1058,1,1,0,0,0,not_converged,-1.2952321767807007,-1.4715861533333332,0.17635397655263252
B0_D2,native,1059,1,0,0,0,0,invalid_raw,,-6.275858142499998,
B0_D2,native,1060,1,1,0,0,0,not_converged,-1.8394742012023926,-2.0482766244594592,0.20880242325706666
B0_D2,native,1061,1,1,0,0,0,not_converged,-6.897812843322754,-7.322040057666666,0.42422721434391253
B0_D2,native,1062,1,0,0,0,0,invalid_raw,,-5.304372049333331,
B0_D2,native,1063,1,1,0,0,0,not_converged,-5.576079845428467,-5.864107121250001,0.2880272758215341
B0_D2,native,1064,1,1,0,1,0,not_converged,-6.934615135192871,-6.944661120000001,0.010045984807129926
B0_D2,native,1065,0,1,0,0,0,invalid_terminal,3.2757019996643066,-4.893101825833332,8.168803825497639
B0_D2,native,1066,1,0,0,0,0,invalid_raw,,-5.325387706,
B0_D2,native,1067,1,0,0,0,0,invalid_raw,,-7.069447928888888,
B0_D2,native,1068,1,0,0,0,0,invalid_raw,,-5.729387647142857,
B0_D2,native,1069,1,1,1,1,0,not_converged,-3.154580593109131,-3.13835850840625,-0.016222084702880668
B0_D2,native,1070,1,0,0,0,0,invalid_raw,,-7.507342496666669,
B0_D2,native,1071,0,1,0,0,1,verified,-5.9169921875,-6.530258132264369,0.6132659447643691
B0_D2,native,1072,1,0,0,0,0,invalid_raw,,-6.610905146,
B0_D2,native,1073,1,1,0,0,1,verified,7.293524742126465,-3.5510887916666665,10.844613533793131
B0_D2,native,1074,1,0,0,0,0,invalid_raw,,-3.8427055044791665,
B0_D2,native,1075,1,1,0,0,0,not_converged,-0.6930181980133057,-4.49543435725,3.802416159236694
B0_D2,native,1076,1,1,0,0,0,not_converged,6.735651969909668,-4.471562288500001,11.20721425840967
B0_D2,native,1077,1,1,0,0,0,not_converged,-1.1428604125976562,-7.877660373,6.734799960402344
B0_D2,native,1078,1,1,0,0,0,not_converged,-6.0288286209106445,-6.19337081525,0.16454219433935524
B0_D2,native,1079,1,1,0,0,0,invalid_terminal,-3.047238826751709,-6.220123783437499,3.17288495668579
B0_D2,native,1080,0,0,0,0,0,invalid_raw,,-5.731909365575396,
B0_D2,native,1081,1,1,0,0,0,invalid_terminal,-4.286910533905029,-8.160132131666666,3.8732215977616367
B0_D2,native,1082,1,0,0,0,0,invalid_raw,,-7.767071391428572,
B0_D2,native,1083,1,0,0,0,0,invalid_raw,,-3.979792708333333,
B0_D2,native,1084,1,0,0,0,0,invalid_raw,,-6.345887718,
B0_D2,native,1085,1,1,0,0,0,not_converged,-7.80493688583374,-8.311426695833333,0.5064898099995929
B0_D2,native,1086,1,0,0,0,0,invalid_raw,,-8.795507097239563,
B0_D2,native,1087,1,0,0,0,0,invalid_raw,,-4.716940807865228,
B0_D2,native,1088,1,1,0,0,0,not_converged,-1.3722591400146484,-5.5126637060000006,4.140404565985352
B0_D2,native,1089,1,1,0,0,1,verified,-4.165833950042725,-4.431323465,0.2654895149572756
B0_D2,native,1090,0,0,0,0,0,invalid_raw,,-7.071142149857135,
B0_D2,native,1091,1,1,0,1,1,verified,-3.4542784690856934,-3.5262108225,0.0719323534143066
B0_D2,native,1092,1,0,0,0,0,invalid_raw,,-7.6657712326071366,
B0_D2,native,1093,1,1,0,0,0,not_converged,5.895178318023682,-3.0256864379375,8.920864755961182
B0_D2,native,1094,1,0,0,0,0,invalid_raw,,-7.523973682857157,
B0_D2,native,1095,1,0,0,0,0,invalid_raw,,-3.8632837685714287,
B0_D2,native,1096,1,0,0,0,0,invalid_raw,,-8.105400348611118,
B0_D2,native,1097,1,1,0,0,0,invalid_terminal,-2.641613006591797,-6.402096247000001,3.7604832404082043
B0_D2,native,1098,1,1,0,0,0,not_converged,-6.747505187988281,-6.851100028125,0.1035948401367186
B0_D2,native,1099,1,0,0,0,0,invalid_raw,,-6.211547880000001,
B0_D2,native,1100,1,0,0,0,0,invalid_raw,,-8.263819596190482,
B0_D2,native,1101,1,1,0,1,1,verified,-4.897071361541748,-4.925609181523438,0.028537819981689694
B0_D2,native,1102,1,0,0,0,0,invalid_raw,,-6.104678437142866,
B0_D2,native,1103,1,1,0,0,0,not_converged,5.190885543823242,-4.660141724285718,9.851027268108961
B0_D2,native,1104,1,0,0,0,0,invalid_raw,,-5.602128389135802,
B0_D2,native,1105,1,1,0,1,0,not_converged,-5.7094011306762695,-5.804653234,0.09525210332373035
B0_D2,native,1106,1,1,0,0,1,verified,-7.743374824523926,-8.513917481250001,0.7705426567260751
B0_D2,native,1107,1,1,0,0,0,not_converged,-6.915444374084473,-7.125862983999999,0.21041860991552674
B0_D2,native,1108,0,0,0,0,0,invalid_raw,,-8.37788647211111,
B0_D2,native,1109,1,1,0,0,0,not_converged,-5.116240978240967,-5.2885161825,0.17227520425903364
B0_D2,native,1110,1,0,0,0,0,invalid_raw,,-6.641094936730768,
B0_D2,native,1111,1,1,0,0,1,verified,-3.061004161834717,-3.278537474166667,0.21753331233195006
B0_D2,native,1112,1,1,0,0,0,not_converged,-4.694881439208984,-4.809366564285714,0.11448512507672959
B0_D2,native,1113,1,1,0,0,1,verified,-4.114563465118408,-4.594201310378788,0.4796378452603802
B0_D2,native,1114,1,1,0,1,0,not_converged,-5.895759105682373,-5.9005273467000015,0.004768241017628405
B0_D2,native,1115,1,0,0,0,0,invalid_raw,,-4.3548616225,
B0_D2,native,1116,1,0,0,0,0,invalid_raw,,-4.743154838124999,
B0_D2,native,1117,1,0,0,0,0,invalid_raw,,-6.578242425,
B0_D2,native,1118,1,0,0,0,0,invalid_raw,,-8.2388825805,
B0_D2,native,1119,1,0,0,0,0,invalid_raw,,-6.686052480689658,
B0_D2,native,1120,1,1,0,1,0,not_converged,-4.480762004852295,-4.53840997,0.057647965147705094
B0_D2,native,1121,1,1,0,0,0,not_converged,-7.7640886306762695,-8.570681207777774,0.8065925771015046
B0_D2,native,1122,1,1,0,1,1,verified,-3.798240900039673,-3.8867623265,0.08852142646032712
B0_D2,native,1123,1,0,0,0,0,invalid_raw,,-4.789967024444445,
B0_D2,native,1124,1,0,0,0,0,invalid_raw,,-8.269795762222222,
B0_D2,native,1125,1,0,0,0,0,invalid_raw,,-5.4618606977777775,
B0_D2,native,1126,1,1,0,0,0,not_converged,4.207386016845703,-3.533220957,7.740606973845703
B0_D2,native,1127,1,0,0,0,0,invalid_raw,,-6.017627596999999,
B0_D2,native,1128,1,0,0,0,0,invalid_raw,,-4.188327623333334,
B0_D2,native,1129,1,1,0,0,0,invalid_terminal,-1.1544535160064697,-4.56992271,3.4154691939935304
B0_D2,native,1130,1,0,0,0,0,invalid_raw,,-5.5842205655555555,
B0_D2,native,1131,1,0,0,0,0,invalid_raw,,-5.099868397500002,
B0_D2,native,1132,1,1,0,0,0,not_converged,-8.790733337402344,-9.038832954,0.24809961659765634
B0_D2,native,1133,1,0,0,0,0,invalid_raw,,-7.032730970526315,
B0_D2,native,1134,1,1,0,0,0,invalid_terminal,-5.568591117858887,-7.205808006249994,1.637216888391107
B0_D2,native,1135,1,0,0,0,0,invalid_raw,,-6.2677870565,
B0_D2,native,1136,1,1,0,0,1,verified,5.081961631774902,-5.0088445724999975,10.0908062042749
B0_D2,native,1137,1,0,0,0,0,invalid_raw,,-7.440291984583329,
B0_D2,native,1138,1,1,0,0,0,not_converged,-6.311734676361084,-6.757431147999992,0.44569647163890824
B0_D2,native,1139,1,1,0,0,0,not_converged,-7.186908721923828,-7.640289121666665,0.45338039974283717
B0_D2,native,1140,1,1,1,1,1,verified,-3.827726364135742,-3.824484182499999,-0.00324218163574308
B0_D2,native,1141,1,1,0,1,1,verified,-2.7123639583587646,-2.771590186666667,0.05922622830790214
B0_D2,native,1142,1,0,0,0,0,invalid_raw,,-6.948817144869791,
B0_D2,native,1143,1,1,0,0,0,invalid_terminal,-6.712693691253662,-7.195145645277776,0.4824519540241141
B0_D2,native,1144,1,1,0,0,1,verified,-6.082243919372559,-6.691883268095243,0.6096393487226841
B0_D2,native,1145,0,0,0,0,0,invalid_raw,,-5.287064008571429,
B0_D2,native,1146,1,0,0,0,0,invalid_raw,,-8.1998463685,
B0_D2,native,1147,1,0,0,0,0,invalid_raw,,-2.0761423783333335,
B0_D2,native,1148,0,1,0,0,1,verified,-2.412689208984375,-2.538820911666667,0.1261317026822919
B0_D2,native,1149,1,1,0,0,1,verified,-3.3438878059387207,-3.809834463999999,0.4659466580612781
B0_D2,native,1150,1,1,1,1,0,not_converged,-8.009634017944336,-7.857408234000008,-0.15222578394432773
B0_D2,native,1151,1,1,0,0,1,verified,-6.9788947105407715,-7.109493575833331,0.13059886529255937
B0_D2,native,1152,1,0,0,0,0,invalid_raw,,-9.574989949805556,
B0_D2,native,1153,0,0,0,0,0,invalid_raw,,-9.384648227960518,
B0_D2,native,1154,1,1,0,0,0,not_converged,-6.5466132164001465,-6.76411168473611,0.21749846833596376
B0_D2,native,1155,1,0,0,0,0,invalid_raw,,-8.117298315999996,
B0_D2,native,1156,1,1,0,0,0,invalid_terminal,-4.1085662841796875,-4.725831525000007,0.6172652408203199
B0_D2,native,1157,0,0,0,0,0,invalid_raw,,-5.379459846666666,
B0_D2,native,1158,1,1,0,1,0,not_converged,-7.244344711303711,-7.321609651666666,0.07726494036295506
B0_D2,native,1159,0,1,0,0,1,verified,-6.33646821975708,-6.457483203333333,0.12101498357625307
B0_D2,native,1160,1,1,0,0,0,not_converged,3.3578033447265625,-5.258215639583335,8.616018984309896
B0_D2,native,1161,0,1,0,0,0,not_converged,-4.848083972930908,-5.408773900833333,0.5606899279024251
B0_D2,native,1162,0,0,0,0,0,invalid_raw,,-4.0382198012962975,
B0_D2,native,1163,1,1,0,0,0,not_converged,-9.480854034423828,-11.301092835,1.8202388005761723
B0_D2,native,1164,1,1,0,0,0,not_converged,-7.437140464782715,-7.592791765,0.15565130021728546
B0_D2,native,1165,1,0,0,0,0,invalid_raw,,-7.965704847276791,
B0_D2,native,1166,1,1,0,0,0,not_converged,-5.011162281036377,-5.2637038527083355,0.25254157167195856
B0_D2,native,1167,0,0,0,0,0,generation_failure,,,
B0_D2,native,1168,1,1,0,0,0,not_converged,0.6453104019165039,-6.975403875555555,7.620714277472059
B0_D2,native,1169,1,0,0,0,0,invalid_raw,,-4.3705370659375,
B0_D2,native,1170,0,0,0,0,0,invalid_raw,,-6.627709356333334,
B0_D2,native,1171,1,1,0,0,0,not_converged,-5.657011032104492,-5.798954658750001,0.1419436266455092
B0_D2,native,1172,1,1,0,0,0,not_converged,-6.942402362823486,-7.6632517827500015,0.7208494199265152
B0_D2,native,1173,1,0,0,0,0,invalid_raw,,-6.347517322532045,
B0_D2,native,1174,0,0,0,0,0,invalid_raw,,-7.810987893777778,
B0_D2,native,1175,1,0,0,0,0,invalid_raw,,-7.159469123333333,
B0_D2,native,1176,1,0,0,0,0,invalid_raw,,,
B0_D2,native,1177,1,0,0,0,0,invalid_raw,,-7.014487173999997,
B0_D2,native,1178,1,1,0,0,0,not_converged,-1.3438408374786377,-2.767568409358974,1.4237275718803364
B0_D2,native,1179,1,1,0,1,0,not_converged,-5.121795177459717,-5.197016557121214,0.07522137966149689
B0_D2,native,1180,1,0,0,0,0,invalid_raw,,-4.8757086875640905,
B0_D2,native,1181,1,0,0,0,0,invalid_raw,,-6.440790730833333,
B0_D2,native,1182,1,0,0,0,0,invalid_raw,,,
B0_D2,native,1183,1,0,0,0,0,invalid_raw,,-8.5724906125,
B0_D2,native,1184,1,0,0,0,0,invalid_raw,,-2.990478318,
B0_D2,native,1185,0,0,0,0,0,generation_failure,,,
B0_D2,native,1186,1,1,0,1,0,not_converged,-7.526169776916504,-7.6180084665624985,0.09183868964599462
B0_D2,native,1187,1,0,0,0,0,invalid_raw,,-4.4132147106250015,
B0_D2,native,1188,1,0,0,0,0,invalid_raw,,-7.557986012214286,
B0_D2,native,1189,0,0,0,0,0,invalid_raw,,-5.75735764095238,
B0_D2,native,1190,0,0,0,0,0,generation_failure,,,
B0_D2,native,1191,1,1,0,1,1,verified,-4.603813171386719,-4.64604289625,0.04222972486328125
B0_D2,native,1192,1,1,0,0,1,verified,-5.574461936950684,-5.688423213,0.1139612760493165
B0_D2,native,1193,1,0,0,0,0,invalid_raw,,-7.253974938333334,
B0_D2,native,1194,0,0,0,0,0,invalid_raw,,-8.367905796333329,
B0_D2,native,1195,1,1,0,1,1,verified,-4.109341144561768,-4.196917323125,0.08757617856323208
B0_D2,native,1196,1,0,0,0,0,invalid_raw,,-2.43111766,
B0_D2,native,1197,1,0,0,0,0,invalid_raw,,-3.3116867870833335,
B0_D2,native,1198,1,0,0,0,0,invalid_raw,,-8.174820348157901,
B0_D2,native,1199,1,1,0,0,1,verified,-5.02353572845459,-5.546787611472224,0.5232518830176343
B0_D2,tau800,0,1,1,0,1,1,verified,-3.9532580375671387,-4.009571855,0.056313817432861235
B0_D2,tau800,1,0,1,0,1,0,not_converged,-5.424437522888184,-5.484713445875,0.06027592298681661
B0_D2,tau800,2,1,1,0,0,0,not_converged,-7.9610748291015625,-8.10237906,0.14130423089843802
B0_D2,tau800,3,1,1,0,0,0,not_converged,-5.354172706604004,-5.502003777666669,0.14783107106266513
B0_D2,tau800,4,1,1,0,0,0,not_converged,-5.100106239318848,-5.1133663415625,0.013260102243652483
B0_D2,tau800,5,1,1,0,0,0,not_converged,-4.987277984619141,-4.94716338,-0.040114604619140515
B0_D2,tau800,6,1,1,0,1,0,not_converged,-6.643661975860596,-6.6907331475,0.047071171639403886
B0_D2,tau800,7,1,1,1,1,0,not_converged,-7.991480350494385,-7.983832712916669,-0.0076476375777154715
B0_D2,tau800,8,1,1,0,0,0,not_converged,-7.430568218231201,-7.544244481600023,0.11367626336882175
B0_D2,tau800,9,1,1,0,1,1,verified,-3.660099744796753,-3.674296835,0.014197090203246887
B0_D2,tau800,10,0,0,0,0,0,generation_failure,,,
B0_D2,tau800,11,1,1,0,0,0,not_converged,-6.184480667114258,-6.32724859,0.14276792288574214
B0_D2,tau800,12,1,1,0,0,1,verified,-7.1307759284973145,-7.231575101875001,0.10079917337768673
B0_D2,tau800,13,1,1,0,1,0,not_converged,-5.394193649291992,-5.422083512500001,0.027889863208009125
B0_D2,tau800,14,1,1,0,0,0,not_converged,-7.97503662109375,-8.181623782678573,0.2065871615848227
B0_D2,tau800,15,1,1,0,0,1,verified,-4.005753517150879,-4.015411599782609,0.009658082631729847
B0_D2,tau800,16,1,1,0,1,1,verified,-5.908238410949707,-6.0005053638999994,0.09226695295029241
B0_D2,tau800,17,1,1,0,0,0,not_converged,-4.929022789001465,-5.469683520375,0.540660731373535
B0_D2,tau800,18,1,1,0,0,0,not_converged,-8.052998542785645,-8.166425333333333,0.11342679054768823
B0_D2,tau800,19,1,1,0,0,1,verified,-4.644990921020508,-4.605035153,-0.0399557680205076
B0_D2,tau800,20,0,1,0,0,0,not_converged,-3.3075103759765625,-3.4543984520833377,0.14688807610677523
B0_D2,tau800,21,0,1,0,1,0,not_converged,-7.338744640350342,-7.4114072349999995,0.07266259464965774
B0_D2,tau800,22,1,1,0,0,0,not_converged,-3.2229156494140625,-3.3465349425277786,0.12361929311371611
B0_D2,tau800,23,1,1,1,1,0,not_converged,-8.571062088012695,-8.534775392125006,-0.03628669588768929
B0_D2,tau800,24,1,1,0,1,1,verified,-6.311384677886963,-6.401275155714295,0.08989047782733195
B0_D2,tau800,25,1,1,0,1,0,not_converged,-5.952380180358887,-6.030186345714284,0.07780616535539764
B0_D2,tau800,26,1,1,1,1,0,not_converged,-4.065589904785156,-4.065101285,-0.0004886197851563523
B0_D2,tau800,27,1,1,0,0,0,not_converged,-8.260655403137207,-8.277995374,0.017339970862792597
B0_D2,tau800,28,1,1,0,1,0,not_converged,-8.5077543258667,-8.57344580767046,0.06569148180376061
B0_D2,tau800,29,1,1,0,1,0,not_converged,-7.125628471374512,-7.12852853,0.0029000586254879224
B0_D2,tau800,30,1,1,1,1,1,verified,-4.070284843444824,-3.8562598855555557,-0.21402495788926856
B0_D2,tau800,31,1,1,0,0,0,not_converged,-8.183503150939941,-8.350202123333334,0.1666989723933927
B0_D2,tau800,32,1,1,0,0,1,verified,-5.784942626953125,-6.198551154940477,0.4136085279873516
B0_D2,tau800,33,0,1,0,0,1,verified,-3.1153202056884766,-3.2407750545000003,0.1254548488115237
B0_D2,tau800,34,0,1,0,0,0,not_converged,-4.374640941619873,-4.497636578833335,0.12299563721346196
B0_D2,tau800,35,1,1,0,0,0,not_converged,-8.031211853027344,-8.14310139134375,0.11188953831640625
B0_D2,tau800,36,1,1,0,1,1,verified,-8.697607040405273,-8.724391128,0.02678408759472717
B0_D2,tau800,37,1,1,0,1,0,not_converged,-1.898561954498291,-1.952378300000003,0.05381634550171199
B0_D2,tau800,38,1,1,1,1,1,verified,-4.714600086212158,-4.709098998333333,-0.005501087878824862
B0_D2,tau800,39,1,1,0,0,0,not_converged,-5.755756378173828,-5.915836890166664,0.16008051199283546
B0_D2,tau800,40,0,1,0,0,0,not_converged,-3.6623694896698,-3.802641151785714,0.14027166211591435
B0_D2,tau800,41,1,1,0,1,1,verified,-1.9197880029678345,-1.9542531603125,0.03446515734466549
B0_D2,tau800,42,1,1,0,0,0,not_converged,-6.228044033050537,-6.512465919583322,0.284421886532785
B0_D2,tau800,43,1,1,0,0,0,not_converged,-5.710778713226318,-5.850719717335528,0.1399410041092093
B0_D2,tau800,44,1,1,0,1,0,not_converged,-3.813537359237671,-3.8430903599999997,0.029553000762328807
B0_D2,tau800,45,1,1,0,0,1,verified,-4.4800310134887695,-4.496251316499999,0.01622030301122912
B0_D2,tau800,46,1,1,0,1,0,not_converged,-5.423694133758545,-5.469567920625,0.045873786866454935
B0_D2,tau800,47,1,1,0,0,0,not_converged,-6.4326558113098145,-6.545346556145834,0.11269074483601926
B0_D2,tau800,48,1,1,0,0,1,verified,-4.6401214599609375,-4.763740613333333,0.12361915337239537
B0_D2,tau800,49,1,1,0,0,0,not_converged,-7.419771194458008,-7.562665890961545,0.1428946965035376
B0_D2,tau800,50,1,1,0,0,1,verified,-2.4655637741088867,,
B0_D2,tau800,51,0,1,1,1,0,not_converged,-5.761857032775879,-5.630959203772728,-0.1308978290031506
B0_D2,tau800,52,1,1,0,1,0,not_converged,-5.316658973693848,-5.38968762125,0.07302864755615257
B0_D2,tau800,53,1,1,0,0,0,not_converged,-7.840471267700195,-7.945187599499943,0.10471633179974749
B0_D2,tau800,54,1,1,0,1,0,not_converged,-4.326892852783203,-4.403268771363637,0.07637591858043358
B0_D2,tau800,55,0,1,0,0,0,not_converged,-3.984506130218506,-4.385677031632107,0.4011709014136011
B0_D2,tau800,56,1,1,0,1,1,verified,-6.637319087982178,-6.638178890405793,0.0008598024236148305
B0_D2,tau800,57,1,1,0,1,1,verified,-3.4632511138916016,-3.5378374575,0.07458634360839822
B0_D2,tau800,58,1,1,0,0,1,verified,-3.8458828926086426,-4.18185644125,0.3359735486413573
B0_D2,tau800,59,1,1,0,1,0,not_converged,-6.259536266326904,-6.3229868864285725,0.06345062010166824
B0_D2,tau800,60,1,1,0,0,0,not_converged,-5.070218563079834,-5.191991573968254,0.12177301088842007
B0_D2,tau800,61,1,1,0,1,1,verified,-3.972947120666504,-4.038829385555556,0.06588226488905224
B0_D2,tau800,62,1,1,0,0,0,not_converged,-6.801547527313232,-6.903119146406251,0.10157161909301848
B0_D2,tau800,63,1,1,0,1,0,not_converged,-2.5116209983825684,-2.5408712575,0.02925025911743173
B0_D2,tau800,64,1,1,0,0,1,verified,-5.653151988983154,-5.7862076692499995,0.13305568026684522
B0_D2,tau800,65,1,1,0,0,0,not_converged,-8.481178283691406,-8.734052461000001,0.25287417730859474
B0_D2,tau800,66,1,1,0,0,1,verified,-8.937822341918945,-9.018776336000009,0.08095399408106374
B0_D2,tau800,67,1,1,0,0,0,not_converged,-6.752369403839111,-6.857098430624999,0.10472902678588802
B0_D2,tau800,68,1,1,0,0,0,not_converged,-6.288201332092285,-6.4088391155,0.12063778340771503
B0_D2,tau800,69,1,1,0,0,0,not_converged,-4.8113179206848145,,
B0_D2,tau800,70,1,1,0,0,0,not_converged,-6.422711372375488,-6.724726695277777,0.30201532290228883
B0_D2,tau800,71,1,1,0,1,1,verified,-6.10854959487915,-6.133645338717951,0.025095743838800644
B0_D2,tau800,72,1,1,0,1,0,not_converged,-2.185547351837158,-2.209365664125,0.023818312287841703
B0_D2,tau800,73,1,1,0,0,0,not_converged,-6.056612014770508,-6.14896511,0.09235309522949198
B0_D2,tau800,74,0,0,0,0,0,generation_failure,,,
B0_D2,tau800,75,1,1,0,0,0,not_converged,-6.829690933227539,-6.86948376,0.03979282677246054
B0_D2,tau800,76,1,1,0,1,0,not_converged,-9.243948936462402,-9.3180580075,0.07410907103759712
B0_D2,tau800,77,1,1,0,0,0,not_converged,-7.3683180809021,-7.40158500625,0.033266925347900766
B0_D2,tau800,78,1,1,0,1,0,not_converged,-5.764108657836914,-5.773086189999989,0.008977532163075175
B0_D2,tau800,79,1,1,0,0,1,verified,-7.870935916900635,-7.878894665999999,0.007958749099364226
B0_D2,tau800,80,1,1,0,1,0,not_converged,-3.4678845405578613,-3.493545871428571,0.025661330870709875
B0_D2,tau800,81,1,1,0,1,0,not_converged,-4.215307712554932,-4.2673970042499985,0.05208929169506682
B0_D2,tau800,82,1,1,0,0,1,verified,-8.158041954040527,-8.485476243249995,0.32743428920946727
B0_D2,tau800,83,1,1,0,0,1,verified,-3.780590295791626,,
B0_D2,tau800,84,1,1,0,0,0,not_converged,-5.905956745147705,,
B0_D2,tau800,85,1,1,0,1,1,verified,-3.9561469554901123,-4.051094681666666,0.09494772617655389
B0_D2,tau800,86,1,1,1,1,0,not_converged,-6.786814212799072,-6.780431213666667,-0.006382999132405587
B0_D2,tau800,87,1,1,0,1,0,not_converged,-6.376219272613525,-6.421737205,0.045517932386474946
B0_D2,tau800,88,1,1,0,1,0,not_converged,-5.823345184326172,-5.871281581470582,0.04793639714440978
B0_D2,tau800,89,1,1,0,1,1,verified,-3.6308212280273438,-3.632177217777778,0.0013559897504342722
B0_D2,tau800,90,1,1,0,0,0,not_converged,-8.950957298278809,-9.1413639178125,0.1904066195336913
B0_D2,tau800,91,1,1,0,1,1,verified,-4.916313648223877,-4.958693060937501,0.042379412713623665
B0_D2,tau800,92,1,1,0,0,0,not_converged,-7.088761329650879,-7.1039437025,0.015182372849120718
B0_D2,tau800,93,1,1,1,1,1,verified,-2.920604705810547,-2.8910942266666666,-0.029510479143880275
B0_D2,tau800,94,1,1,0,1,0,not_converged,-7.951924800872803,-8.04555525951924,0.09363045864643738
B0_D2,tau800,95,0,1,0,1,0,not_converged,-5.977613925933838,-6.072915362631578,0.09530143669774027
B0_D2,tau800,96,1,1,0,1,0,not_converged,-3.696812868118286,-3.789418821519097,0.09260595340081101
B0_D2,tau800,97,0,1,0,1,0,not_converged,-7.842345237731934,-7.940270319230763,0.09792508149882906
B0_D2,tau800,98,1,1,0,0,0,not_converged,-10.4373779296875,-10.636418313333335,0.1990403836458352
B0_D2,tau800,99,1,1,0,0,0,not_converged,-2.8466756343841553,-3.1105685842578126,0.2638929498736573
B0_D2,tau800,100,1,1,0,0,0,not_converged,-5.860659122467041,-6.005723295,0.1450641725329591
B0_D2,tau800,101,1,1,1,1,1,verified,-4.374728679656982,-4.3734802209999994,-0.0012484586569829759
B0_D2,tau800,102,1,1,1,1,1,verified,-3.7896242141723633,-3.788776815,-0.0008473991723634278
B0_D2,tau800,103,1,1,0,1,0,not_converged,-7.572266101837158,-7.65935502575,0.08708892391284184
B0_D2,tau800,104,1,1,0,1,0,not_converged,-4.5135369300842285,-4.535984331029412,0.022447400945183382
B0_D2,tau800,105,1,1,0,0,0,not_converged,-7.378242492675781,-7.440291984583329,0.062049491907547605
B0_D2,tau800,106,1,1,0,1,0,not_converged,-8.07740306854248,-8.085020394267245,0.007617325724764257
B0_D2,tau800,107,0,1,0,0,1,verified,-4.362234115600586,-4.486865391999999,0.12463127639941263
B0_D2,tau800,108,1,1,0,0,0,not_converged,-6.146425724029541,-6.328540503,0.18211477897045913
B0_D2,tau800,109,1,1,0,0,0,not_converged,-7.589395999908447,-7.745318409999998,0.1559224100915504
B0_D2,tau800,110,1,1,0,0,0,not_converged,-7.109420299530029,-7.29170594982143,0.18228565029140054
B0_D2,tau800,111,1,1,1,1,1,verified,-2.8935434818267822,-2.861575609903846,-0.031967871922936375
B0_D2,tau800,112,1,1,0,1,0,not_converged,-8.318785667419434,-8.380616457222251,0.06183078980281742
B0_D2,tau800,113,1,1,1,1,1,verified,-8.854470252990723,-8.764925864999999,-0.08954438799072406
B0_D2,tau800,114,1,1,0,1,0,not_converged,-8.691550254821777,-8.775034656093752,0.0834844012719742
B0_D2,tau800,115,0,1,0,0,0,not_converged,-8.19223403930664,-8.3743801625,0.182146123193359
B0_D2,tau800,116,0,1,0,0,0,not_converged,-3.269559144973755,-3.479068619375,0.20950947440124512
B0_D2,tau800,117,1,1,0,0,0,not_converged,-7.387047290802002,-7.740286122500001,0.35323883169799863
B0_D2,tau800,118,1,1,0,0,0,not_converged,-9.258353233337402,-9.849365099916671,0.5910118665792687
B0_D2,tau800,119,1,1,0,0,0,not_converged,-8.01673412322998,-8.289726508000001,0.27299238477002064
B0_D2,tau800,120,1,1,0,1,1,verified,-3.5464558601379395,-3.5660005975000004,0.01954473736206097
B0_D2,tau800,121,1,1,0,1,0,not_converged,-6.060414791107178,-6.086105460714286,0.02569066960710842
B0_D2,tau800,122,1,1,0,1,0,not_converged,-5.9169769287109375,-5.940439314444447,0.02346238573350945
B0_D2,tau800,123,1,1,1,1,0,not_converged,-6.882958889007568,-6.834619367222224,-0.048339521785344175
B0_D2,tau800,124,1,1,0,0,0,not_converged,-7.164656639099121,-7.3775944704375025,0.2129378313383814
B0_D2,tau800,125,1,1,0,1,0,not_converged,-6.306995868682861,-6.398109526666665,0.09111365798380344
B0_D2,tau800,126,1,1,0,0,1,verified,-5.8617329597473145,-5.879291711666667,0.017558751919352744
B0_D2,tau800,127,1,1,0,0,0,not_converged,-3.9424965381622314,-4.1208782742415355,0.17838173607930408
B0_D2,tau800,128,0,1,0,1,1,verified,-8.463820457458496,-8.499263851666667,0.035443394208170886
B0_D2,tau800,129,1,1,0,1,0,not_converged,-5.509424209594727,-5.6093164792307695,0.09989226963604292
B0_D2,tau800,130,1,1,0,0,1,verified,-1.9214447736740112,-1.944070708125,0.022625934450988705
B0_D2,tau800,131,1,1,0,1,1,verified,-5.220519065856934,-5.27874586025,0.05822679439306633
B0_D2,tau800,132,1,1,0,1,0,not_converged,-4.248847007751465,-4.341222944242425,0.09237593649095999
B0_D2,tau800,133,0,1,0,0,1,verified,-8.039913177490234,-8.283025118076925,0.24311194058669017
B0_D2,tau800,134,1,1,0,1,0,not_converged,-3.591381788253784,-3.690115826608392,0.09873403835460781
B0_D2,tau800,135,1,1,0,0,1,verified,-7.337752819061279,-7.4101133275,0.0723605084387211
B0_D2,tau800,136,1,1,0,0,0,not_converged,-8.96511173248291,-9.086374506015627,0.12126277353271675
B0_D2,tau800,137,1,1,1,1,1,verified,-3.3297290802001953,-3.3255577897222226,-0.004171290477972711
B0_D2,tau800,138,1,1,0,0,1,verified,-5.867227077484131,-5.985514178847229,0.11828710136309795
B0_D2,tau800,139,1,1,0,0,0,not_converged,-6.762190818786621,-6.926639417500001,0.16444859871337947
B0_D2,tau800,140,0,1,0,1,1,verified,-4.954436779022217,-4.989444045,0.03500726597778314
B0_D2,tau800,141,0,1,0,0,0,not_converged,-5.32435417175293,-5.5482818012857145,0.22392762953278478
B0_D2,tau800,142,1,1,0,0,1,verified,-8.379246711730957,-8.562077407569447,0.18283069583849
B0_D2,tau800,143,1,1,0,0,0,not_converged,-7.505339622497559,-7.708868977374998,0.20352935487743906
B0_D2,tau800,144,1,1,0,1,0,not_converged,-6.251059532165527,-6.331120033999999,0.08006050183447133
B0_D2,tau800,145,1,1,0,0,1,verified,-5.678614139556885,-5.909151107187499,0.2305369676306146
B0_D2,tau800,146,1,1,0,0,1,verified,-5.764929294586182,-5.872545882,0.10761658741381819
B0_D2,tau800,147,1,1,0,0,1,verified,-6.3074798583984375,-6.385504746666666,0.07802488826822884
B0_D2,tau800,148,0,1,0,1,1,verified,-5.156270980834961,-5.179524520208334,0.023253539373373044
B0_D2,tau800,149,1,1,0,1,1,verified,-4.137684345245361,-4.195074619591839,0.05739027434647781
B0_D2,tau800,150,1,1,0,1,0,not_converged,-4.412222385406494,-4.478896110999999,0.06667372559350504
B0_D2,tau800,151,1,1,0,1,0,not_converged,-7.339313507080078,-7.350469881111111,0.011156374031032534
B0_D2,tau800,152,1,1,0,1,1,verified,-3.7980191707611084,-3.8489445024999998,0.050925331738891355
B0_D2,tau800,153,1,1,1,1,1,verified,-3.644510269165039,-3.610415597000003,-0.034094672165036144
B0_D2,tau800,154,1,1,0,0,0,not_converged,-5.813199520111084,-6.055091405,0.24189188488891578
B0_D2,tau800,155,0,1,0,0,1,verified,-3.962864398956299,-4.074633725833333,0.11176932687703456
B0_D2,tau800,156,1,1,0,0,1,verified,-8.721790313720703,-8.853172124999999,0.1313818112792955
B0_D2,tau800,157,0,1,0,1,1,verified,-6.933791160583496,-7.023488505624993,0.08969734504149685
B0_D2,tau800,158,1,1,0,0,0,not_converged,-7.008810043334961,-6.9884091150000005,-0.020400928334960433
B0_D2,tau800,159,1,1,0,1,1,verified,-4.565335273742676,-4.630558908749999,0.06522363500732364
B0_D2,tau800,160,0,1,0,0,0,not_converged,-5.427134990692139,-5.7183457926315775,0.2912108019394388
B0_D2,tau800,161,1,1,0,0,0,not_converged,-7.000387668609619,-7.263837138888889,0.26344947027927024
B0_D2,tau800,162,1,1,0,1,1,verified,-5.142608642578125,-5.172278064375,0.02966942179687493
B0_D2,tau800,163,1,1,0,0,1,verified,-7.040356636047363,-7.1564276412500005,0.11607100520263725
B0_D2,tau800,164,1,1,0,1,0,not_converged,-5.526412487030029,-5.5955588206666675,0.06914633363663825
B0_D2,tau800,165,1,1,0,0,0,not_converged,-5.230644702911377,-5.1957255899999994,-0.0349191129113775
B0_D2,tau800,166,1,1,0,0,0,not_converged,-6.083695411682129,-6.213327328630953,0.12963191694882426
B0_D2,tau800,167,1,1,0,1,0,not_converged,-7.79792594909668,-7.868006862222222,0.07008091312554221
B0_D2,tau800,168,1,1,0,0,0,not_converged,-5.188988208770752,-5.516363594285715,0.32737538551496304
B0_D2,tau800,169,1,1,0,0,1,verified,-4.297654628753662,-4.4360599,0.13840527124633795
B0_D2,tau800,170,1,1,0,0,0,not_converged,-7.05895471572876,-7.196764992847221,0.1378102771184615
B0_D2,tau800,171,1,1,0,1,0,not_converged,-4.97601318359375,-4.9873992312499995,0.01138604765624951
B0_D2,tau800,172,0,0,0,0,0,generation_failure,,,
B0_D2,tau800,173,1,1,0,1,0,not_converged,-4.023965358734131,-4.0433448525,0.019379493765868894
B0_D2,tau800,174,1,1,0,1,0,not_converged,-6.161279201507568,-6.184572847416666,0.02329364590909755
B0_D2,tau800,175,0,0,0,0,0,generation_failure,,,
B0_D2,tau800,176,1,1,0,1,0,not_converged,-6.881453037261963,-6.979628066000011,0.09817502873804784
B0_D2,tau800,177,1,1,0,1,0,not_converged,-8.398892402648926,-8.4103017015,0.011409298851074112
B0_D2,tau800,178,1,1,0,0,0,not_converged,-7.49757194519043,-7.506928,0.00935605480957058
B0_D2,tau800,179,1,1,1,1,1,verified,-3.76871395111084,-3.632799633666666,-0.1359143174441737
B0_D2,tau800,180,0,0,0,0,0,generation_failure,,,
B0_D2,tau800,181,1,1,0,0,0,not_converged,-8.820038795471191,-9.403702867499998,0.5836640720288067
B0_D2,tau800,182,1,1,0,1,1,verified,-3.477771759033203,-3.509270435,0.031498675966796785
B0_D2,tau800,183,1,1,0,0,0,not_converged,-7.892951965332031,-8.030099325,0.13714735966796887
B0_D2,tau800,184,0,0,0,0,0,generation_failure,,,
B0_D2,tau800,185,1,1,0,0,0,not_converged,-7.96037483215332,-8.105286150974027,0.14491131882070718
B0_D2,tau800,186,1,1,0,1,1,verified,-5.279054641723633,-5.309584936750004,0.030530295026371057
B0_D2,tau800,187,1,1,0,1,0,not_converged,-2.864771842956543,-2.935958591666667,0.07118674871012409
B0_D2,tau800,188,0,1,0,0,0,not_converged,-4.325555324554443,-4.530805311500001,0.20524998694555752
B0_D2,tau800,189,1,1,0,1,1,verified,-4.232583522796631,-4.2974479065625,0.0648643837658689
B0_D2,tau800,190,1,1,0,1,0,not_converged,-2.45410418510437,-2.478843291636363,0.02473910653199285
B0_D2,tau800,191,1,1,0,0,1,verified,-4.869662761688232,-5.861079962000004,0.9914172003117718
B0_D2,tau800,192,1,1,0,0,1,verified,-6.002844333648682,-6.129474928124999,0.12663059447631753
B0_D2,tau800,193,1,1,0,0,0,not_converged,-4.036410808563232,,
B0_D2,tau800,194,1,1,0,0,0,not_converged,-4.239321231842041,-4.4339253475000024,0.19460411565796143
B0_D2,tau800,195,0,0,0,0,0,generation_failure,,,
B0_D2,tau800,196,1,1,0,1,1,verified,-5.1776814460754395,-5.183282092550001,0.005600646474561266
B0_D2,tau800,197,1,1,0,0,1,verified,-7.392480850219727,-7.544452388071431,0.15197153785170414
B0_D2,tau800,198,1,1,0,0,0,not_converged,-6.13946533203125,-6.5425852557291675,0.4031199236979175
B0_D2,tau800,199,1,1,0,1,0,not_converged,-6.162464618682861,-6.185462128,0.022997509317138842
B0_D2,tau800,200,1,1,1,1,0,not_converged,-6.692085266113281,-6.69122325,-0.0008620161132810722
B0_D2,tau800,201,1,1,0,1,1,verified,-8.977469444274902,-9.02059057129252,0.043121127017617056
B0_D2,tau800,202,1,1,0,0,0,not_converged,-5.202260494232178,-5.17988181,-0.02237868423217737
B0_D2,tau800,203,1,1,0,0,1,verified,-5.558042049407959,,
B0_D2,tau800,204,1,1,0,0,0,not_converged,-7.681574821472168,-7.992896970749994,0.3113221492778262
B0_D2,tau800,205,1,1,0,0,1,verified,-5.840333938598633,-6.140276655,0.29994271640136727
B0_D2,tau800,206,1,1,0,0,1,verified,-4.628200531005859,-4.74468591142857,0.11648538042271106
B0_D2,tau800,207,1,1,0,1,0,not_converged,-5.520314693450928,-5.606899892685186,0.08658519923425789
B0_D2,tau800,208,0,1,0,0,1,verified,-4.640902042388916,-4.68741232,0.04651027761108395
B0_D2,tau800,209,1,1,0,0,0,not_converged,-5.059924125671387,-5.1834762150000095,0.12355208932862283
B0_D2,tau800,210,1,1,0,0,1,verified,-2.8880648612976074,,
B0_D2,tau800,211,1,1,0,1,0,not_converged,-5.73809289932251,-5.776918745625004,0.03882584630249397
B0_D2,tau800,212,0,0,0,0,0,generation_failure,,,
B0_D2,tau800,213,1,1,0,0,0,not_converged,-7.219527244567871,-7.664742834166666,0.4452155895987948
B0_D2,tau800,214,1,1,0,0,1,verified,-3.2314438819885254,-3.3357029050000016,0.10425902301147616
B0_D2,tau800,215,1,1,0,0,0,not_converged,-6.579154968261719,-6.628928884285714,0.04977391602399539
B0_D2,tau800,216,1,1,0,1,0,not_converged,-4.1134796142578125,-4.1200051914285725,0.006525577170759966
B0_D2,tau800,217,1,1,0,0,0,not_converged,-4.36198091506958,-4.370858004130435,0.008877089060854715
B0_D2,tau800,218,1,1,0,0,0,not_converged,-6.851380348205566,-7.0036066112499995,0.1522262630444331
B0_D2,tau800,219,1,1,0,0,1,verified,-5.254178047180176,-5.8145049271875,0.5603268800073238
B0_D2,tau800,220,1,1,0,1,1,verified,-8.819709777832031,-8.85985034,0.04014056216796824
B0_D2,tau800,221,1,1,0,1,1,verified,-3.503321886062622,-3.520395878666667,0.017073992604045074
B0_D2,tau800,222,1,1,0,0,0,not_converged,-7.911357879638672,-8.158475707500001,0.24711782786132908
B0_D2,tau800,223,1,1,0,0,1,verified,-2.7284095287323,-2.7799054446875,0.0514959159552002
B0_D2,tau800,224,1,1,0,1,0,not_converged,-6.14509916305542,-6.17849534983333,0.03339618677791023
B0_D2,tau800,225,1,1,0,0,0,not_converged,-6.049147605895996,-6.361017529109196,0.31186992321319984
B0_D2,tau800,226,1,1,0,0,0,not_converged,-5.370552062988281,-5.569344862882653,0.19879279989437215
B0_D2,tau800,227,1,1,0,1,0,not_converged,-1.7392784357070923,-1.764497722236842,0.025219286529749807
B0_D2,tau800,228,1,1,0,0,0,not_converged,-2.445787191390991,,
B0_D2,tau800,229,1,1,0,0,1,verified,-4.861417770385742,-4.828162192999991,-0.033255577385751245
B0_D2,tau800,230,1,1,0,1,0,not_converged,-6.702803611755371,-6.745648262999994,0.04284465124462322
B0_D2,tau800,231,1,1,0,1,0,not_converged,-3.0304863452911377,-3.037658465,0.0071721197088621125
B0_D2,tau800,232,1,1,0,1,0,not_converged,-7.154242515563965,-7.2413824275000005,0.08713991193603565
B0_D2,tau800,233,1,1,0,0,0,not_converged,-8.589561462402344,-8.78412913614582,0.19456767374347628
B0_D2,tau800,234,0,0,0,0,0,generation_failure,,,
B0_D2,tau800,235,1,1,0,0,0,not_converged,-6.99653959274292,-7.127507601153846,0.13096800841092637
B0_D2,tau800,236,0,1,0,0,0,not_converged,-9.002950668334961,-9.161690116,0.1587394476650399
B0_D2,tau800,237,1,1,0,0,0,not_converged,-7.697896480560303,-7.649855285333333,-0.048041195226970146
B0_D2,tau800,238,1,1,0,0,1,verified,-3.746382236480713,-3.9039555466666664,0.15757331018595355
B0_D2,tau800,239,1,1,1,1,0,not_converged,-8.257102966308594,-8.195476525393518,-0.06162644091507552
B0_D2,tau800,240,0,1,0,0,1,verified,-2.883517026901245,-3.1748408445,0.2913238175987547
B0_D2,tau800,241,0,1,0,1,1,verified,-5.931033611297607,-6.001532512576922,0.07049890127931491
B0_D2,tau800,242,1,1,0,0,1,verified,-2.847259759902954,-2.9622649737499995,0.11500521384704543
B0_D2,tau800,243,1,1,0,0,0,not_converged,-6.134039402008057,-6.2871970683333345,0.15315766632527783
B0_D2,tau800,244,1,1,0,0,0,not_converged,-7.4063310623168945,-7.770567307142858,0.36423624482596306
B0_D2,tau800,245,1,1,0,1,1,verified,-7.888511657714844,-7.920912217708325,0.032400559993480904
B0_D2,tau800,246,1,1,0,1,0,not_converged,-3.628429889678955,-3.687521190666668,0.05909130098771298
B0_D2,tau800,247,1,1,0,1,1,verified,-4.727660655975342,-4.750298503055555,0.022637847080213547
B0_D2,tau800,248,1,1,0,0,1,verified,-6.8603410720825195,-7.025995946785715,0.16565487470319518
B0_D2,tau800,249,1,1,0,0,0,not_converged,-8.251662254333496,-8.487405831500002,0.23574357716650596
B0_D2,tau800,250,1,1,0,0,0,not_converged,-5.609406471252441,-5.871369278888894,0.2619628076364524
B0_D2,tau800,251,1,1,0,0,0,not_converged,-6.045278549194336,-6.295641089112499,0.2503625399181635
B0_D2,tau800,252,1,1,0,1,1,verified,-3.4860997200012207,-3.566205878125,0.08010615812377919
B0_D2,tau800,253,0,1,0,0,0,not_converged,-5.221944808959961,-5.533590399090911,0.31164559013094983
B0_D2,tau800,254,1,1,1,1,0,not_converged,-9.97676944732666,-9.9450290275,-0.03174041982665976
B0_D2,tau800,255,1,1,0,1,0,not_converged,-6.829644680023193,-6.894403809199998,0.06475912917680482
B0_D2,tau800,256,1,1,0,0,1,verified,-7.188135147094727,-7.407460142874999,0.21932499578027276
B0_D2,tau800,257,1,1,0,0,0,not_converged,-6.958536624908447,-7.124483321553028,0.16594669664458106
B0_D2,tau800,258,1,1,1,1,0,not_converged,-7.45385217666626,-7.450987041,-0.002865135666259455
B0_D2,tau800,259,0,0,0,0,0,generation_failure,,,
B0_D2,tau800,260,1,1,1,1,1,verified,-5.500308513641357,-5.493872198749999,-0.006436314891358208
B0_D2,tau800,261,1,1,0,1,1,verified,-4.735230445861816,-4.7631831025624995,0.027952656700683143
B0_D2,tau800,262,1,1,0,0,0,not_converged,-6.718050003051758,-6.957786933333335,0.23973693028157683
B0_D2,tau800,263,1,1,0,0,0,not_converged,-6.890178203582764,-6.926639417500001,0.03646121391723689
B0_D2,tau800,264,0,1,0,0,0,not_converged,-4.9395270347595215,-5.071622596904762,0.1320955621452402
B0_D2,tau800,265,1,1,0,1,1,verified,-5.668989658355713,-5.76353898,0.09454932164428698
B0_D2,tau800,266,1,1,1,1,0,not_converged,-6.079485893249512,-6.0073073536538475,-0.07217853959566423
B0_D2,tau800,267,1,1,0,0,0,not_converged,-7.040534019470215,-7.3198004800000085,0.27926646052979365
B0_D2,tau800,268,1,1,1,1,0,not_converged,-5.2271809577941895,-5.20062912111111,-0.0265518366830797
B0_D2,tau800,269,1,1,1,1,1,verified,-6.293635368347168,-6.286152254999999,-0.007483113347168668
B0_D2,tau800,270,1,1,0,0,0,not_converged,-4.464535713195801,-4.726353991666666,0.2618182784708649
B0_D2,tau800,271,1,1,1,1,1,verified,-4.820078372955322,-4.805392888958333,-0.014685483996989213
B0_D2,tau800,272,0,1,0,0,1,verified,-5.560117244720459,-5.746246750681818,0.18612950596135924
B0_D2,tau800,273,1,1,0,1,1,verified,-4.554126739501953,-4.5878161475,0.03368940799804676
B0_D2,tau800,274,1,1,0,1,1,verified,-4.39206600189209,-4.4121433955,0.020077393607910388
B0_D2,tau800,275,1,1,0,1,0,not_converged,-4.310998439788818,-4.375447646484375,0.06444920669555643
B0_D2,tau800,276,1,1,0,0,0,not_converged,-5.788365364074707,-5.999105397175926,0.21074003310121903
B0_D2,tau800,277,1,1,0,1,0,not_converged,-2.0212013721466064,-2.0504891375,0.029287765353393613
B0_D2,tau800,278,1,1,0,0,1,verified,-5.097934722900391,-5.1221278275,0.024193104599609327
B0_D2,tau800,279,1,1,0,0,0,not_converged,-7.74305534362793,-7.903979024583332,0.16092368095540266
B0_D2,tau800,280,1,1,1,1,1,verified,-2.8302671909332275,-2.8016605543406596,-0.028606636592567902
B0_D2,tau800,281,1,1,0,0,0,not_converged,-8.622620582580566,-8.791714443541668,0.16909386096110168
B0_D2,tau800,282,1,1,1,1,0,not_converged,-3.33211088180542,-3.2446934216666667,-0.08741746013875318
B0_D2,tau800,283,1,1,1,1,0,not_converged,-4.2514166831970215,-4.251312112750002,-0.00010457044701972507
B0_D2,tau800,284,1,1,0,0,0,not_converged,-3.821593999862671,,
B0_D2,tau800,285,0,1,0,1,0,not_converged,-5.789587020874023,-5.842526910990029,0.052939890116005195
B0_D2,tau800,286,1,1,0,1,1,verified,-5.730039119720459,-5.759537465596789,0.0294983458763296
B0_D2,tau800,287,1,1,1,1,1,verified,-9.81164836883545,-9.789058354444444,-0.022590014391004942
B0_D2,tau800,288,1,1,0,0,1,verified,-6.351304054260254,-6.383733436,0.03242938173974608
B0_D2,tau800,289,1,1,0,0,0,not_converged,-5.868720054626465,-6.106789206969696,0.23806915234323078
B0_D2,tau800,290,1,1,0,1,1,verified,-3.322223424911499,-3.35642271875,0.03419929383850118
B0_D2,tau800,291,1,1,0,0,0,not_converged,-5.709953308105469,-5.856307052833337,0.14635374472786822
B0_D2,tau800,292,1,1,0,0,0,not_converged,-4.674531936645508,-4.858748289999999,0.1842163533544916
B0_D2,tau800,293,0,0,0,0,0,generation_failure,,,
B0_D2,tau800,294,1,1,0,0,0,not_converged,-3.953916549682617,-4.101147137166667,0.14723058748404938
B0_D2,tau800,295,1,1,0,0,1,verified,-6.266381740570068,-6.29634838,0.02996663942993205
B0_D2,tau800,296,1,1,0,1,0,not_converged,-4.5759172439575195,-4.654199455897437,0.0782822119399178
B0_D2,tau800,297,1,1,0,1,1,verified,-6.656594753265381,-6.7262452365476175,0.06965048328223666
B0_D2,tau800,298,1,1,0,0,1,verified,-4.695986270904541,-4.85595832,0.15997204909545903
B0_D2,tau800,299,1,1,0,0,1,verified,-4.2391510009765625,,
B0_D2,tau800,300,1,1,0,1,0,not_converged,-8.757588386535645,-8.795292552083334,0.03770416554768907
B0_D2,tau800,301,1,1,0,0,0,not_converged,-8.479964256286621,-8.614129246071428,0.13416498978480718
B0_D2,tau800,302,1,1,1,1,1,verified,-6.970203876495361,-6.9583210300000005,-0.011882846495360866
B0_D2,tau800,303,1,1,0,0,0,not_converged,-7.076588153839111,-7.344096527727273,0.2675083738881616
B0_D2,tau800,304,0,1,1,1,0,not_converged,-3.945129156112671,-3.854455645612245,-0.09067351050042571
B0_D2,tau800,305,1,1,0,0,0,not_converged,-3.367880344390869,-3.392726045,0.024845700609130716
B0_D2,tau800,306,1,1,0,0,1,verified,-4.903384208679199,-5.018360740192307,0.11497653151310772
B0_D2,tau800,307,0,1,0,0,0,not_converged,-5.635495662689209,-5.748584652763157,0.11308899007394846
B0_D2,tau800,308,1,1,0,1,0,not_converged,-8.041807174682617,-8.103911396437498,0.06210422175488084
B0_D2,tau800,309,1,1,0,1,0,not_converged,-2.1695284843444824,-2.1831125125,0.013584028155517736
B0_D2,tau800,310,1,1,0,0,0,not_converged,-6.628542423248291,-6.759939068671887,0.13139664542359597
B0_D2,tau800,311,1,1,0,1,0,not_converged,-4.569942474365234,-4.604603925034723,0.034661450669488225
B0_D2,tau800,312,0,0,0,0,0,generation_failure,,,
B0_D2,tau800,313,1,1,0,0,0,not_converged,-6.321715354919434,,
B0_D2,tau800,314,1,1,0,0,1,verified,-5.95524263381958,-6.096360439642856,0.14111780582327604
B0_D2,tau800,315,1,1,0,0,0,not_converged,-5.975103855133057,-6.515414064404761,0.5403102092717047
B0_D2,tau800,316,1,1,0,0,1,verified,-4.687577247619629,-4.86590872037037,0.1783314727507408
B0_D2,tau800,317,1,1,0,1,0,not_converged,-6.421318054199219,-6.496671924062499,0.07535386986327985
B0_D2,tau800,318,1,1,0,1,0,not_converged,-6.957145690917969,-6.99806351642857,0.040917825510601524
B0_D2,tau800,319,1,1,0,0,0,not_converged,-7.1422905921936035,-7.278228040499998,0.13593744830639487
B0_D2,tau800,320,1,1,0,0,1,verified,-4.014579772949219,-4.12900124,0.11442146705078127
B0_D2,tau800,321,1,1,0,1,0,not_converged,-5.728272438049316,-5.826691488846152,0.09841905079683588
B0_D2,tau800,322,1,1,0,0,0,not_converged,-8.396750450134277,-8.524832456062505,0.12808200592822772
B0_D2,tau800,323,0,0,0,0,0,generation_failure,,,
B0_D2,tau800,324,0,1,0,1,0,not_converged,-7.573260307312012,-7.633242624,0.05998231668798848
B0_D2,tau800,325,1,1,0,0,0,not_converged,-5.385258197784424,-5.520239303974359,0.13498110618993486
B0_D2,tau800,326,1,1,0,1,1,verified,-2.70430064201355,-2.7799054446875,0.0756048026739502
B0_D2,tau800,327,1,1,0,1,0,not_converged,-8.118727684020996,-8.184920311375004,0.06619262735400788
B0_D2,tau800,328,1,1,0,0,0,not_converged,-6.198208332061768,-6.226623234,0.028414901938232262
B0_D2,tau800,329,0,1,0,1,1,verified,-7.05698299407959,-7.144048147000002,0.08706515292041228
B0_D2,tau800,330,1,1,0,0,0,not_converged,-6.45387077331543,-6.58863101,0.1347602366845706
B0_D2,tau800,331,1,1,0,0,1,verified,-4.921151638031006,-4.962999632,0.04184799396899397
B0_D2,tau800,332,1,1,0,1,1,verified,-5.739070415496826,-5.807793345,0.06872292950317416
B0_D2,tau800,333,1,1,0,0,0,not_converged,-7.104425430297852,-7.283933336363634,0.17950790606578249
B0_D2,tau800,334,1,1,0,0,0,not_converged,-3.4232900142669678,,
B0_D2,tau800,335,1,1,0,0,0,not_converged,-6.2964277267456055,-6.446760544101562,0.15033281735595683
B0_D2,tau800,336,1,1,0,0,1,verified,-3.6594269275665283,-3.7784580488541675,0.11903112128763915
B0_D2,tau800,337,1,1,0,1,0,not_converged,-4.622076034545898,-4.6610906490740724,0.03901461452817401
B0_D2,tau800,338,1,1,0,0,0,not_converged,-5.3192830085754395,-5.443290666999999,0.12400765842455996
B0_D2,tau800,339,1,1,0,1,0,not_converged,-6.485769271850586,-6.531749023125,0.04597975127441423
B0_D2,tau800,340,1,1,0,0,0,not_converged,-4.303409099578857,-4.4885759125,0.18516681292114257
B0_D2,tau800,341,1,1,0,1,1,verified,-5.382638931274414,-5.476698801374998,0.09405987010058414
B0_D2,tau800,342,1,1,0,0,1,verified,-4.55328893661499,-4.894412604660488,0.34112366804549765
B0_D2,tau800,343,1,1,0,1,0,not_converged,-7.640580177307129,-7.702896643333333,0.06231646602620433
B0_D2,tau800,344,1,1,0,1,1,verified,-5.060999393463135,-5.158396759375,0.09739736591186521
B0_D2,tau800,345,1,1,0,0,0,not_converged,-6.313599586486816,-6.32752468,0.013925093513183384
B0_D2,tau800,346,1,1,0,0,0,not_converged,-5.596168518066406,-5.848872917791664,0.2527043997252578
B0_D2,tau800,347,1,1,0,0,1,verified,-2.2772982120513916,-2.3028027475,0.025504535448608312
B0_D2,tau800,348,1,1,0,1,1,verified,-4.013694763183594,-4.016336547812502,0.0026417846289081837
B0_D2,tau800,349,1,1,0,1,1,verified,-5.327001571655273,-5.416102978958333,0.08910140730305915
B0_D2,tau800,350,1,1,0,1,0,not_converged,-7.069117546081543,-7.073015417272727,0.0038978711911843433
B0_D2,tau800,351,0,0,0,0,0,generation_failure,,,
B0_D2,tau800,352,1,1,0,1,1,verified,-3.717247247695923,-3.745560845,0.02831359730407712
B0_D2,tau800,353,1,1,0,0,0,not_converged,-5.820255279541016,-6.004462560625,0.18420728108398432
B0_D2,tau800,354,1,1,0,0,1,verified,-4.558812618255615,-4.885664255714286,0.3268516374586712
B0_D2,tau800,355,1,1,0,1,1,verified,-4.367159366607666,-4.38895631953125,0.021796952923583746
B0_D2,tau800,356,1,1,0,1,1,verified,-3.7240099906921387,-3.7503563497500014,0.026346359057862756
B0_D2,tau800,357,1,1,0,1,1,verified,-6.157633304595947,-6.2040151939213,0.04638188932535314
B0_D2,tau800,358,1,1,0,1,0,not_converged,-8.783424377441406,-8.813001928000002,0.02957755055859579
B0_D2,tau800,359,1,1,0,0,1,verified,-2.100869655609131,,
B0_D2,tau800,360,1,1,0,0,0,not_converged,-8.188980102539062,-8.456414450833334,0.2674343482942714
B0_D2,tau800,361,1,1,0,0,1,verified,-6.274171829223633,-6.374543491079999,0.10037166185636615
B0_D2,tau800,362,1,1,0,1,1,verified,-8.834224700927734,-8.928585654444444,0.09436095351670915
B0_D2,tau800,363,1,1,0,0,0,not_converged,-7.270747661590576,-7.26076491,-0.009982751590576378
B0_D2,tau800,364,1,1,0,1,1,verified,-7.794110298156738,-7.8259403418749995,0.03183004371826126
B0_D2,tau800,365,1,1,0,1,0,not_converged,-7.523002624511719,-7.603746021875001,0.08074339736328184
B0_D2,tau800,366,1,1,1,1,0,not_converged,-9.987786293029785,-9.844391244722223,-0.14339504830756233
B0_D2,tau800,367,0,1,0,0,0,not_converged,-7.031589984893799,-7.147121729517008,0.11553174462320914
B0_D2,tau800,368,1,1,0,1,0,not_converged,-7.268626689910889,-7.2905947565,0.021968066589111324
B0_D2,tau800,369,1,1,1,1,0,not_converged,-8.073139190673828,-8.013470406058559,-0.05966878461526903
B0_D2,tau800,370,1,1,0,0,1,verified,-6.154440879821777,-6.191409585,0.03696870517822237
B0_D2,tau800,371,0,0,0,0,0,generation_failure,,,
B0_D2,tau800,372,1,1,0,0,0,not_converged,-6.169325828552246,-6.5915052257291675,0.42217939717692143
B0_D2,tau800,373,1,1,0,1,0,not_converged,-4.9222612380981445,-5.01393641909091,0.09167518099276517
B0_D2,tau800,374,1,1,0,1,1,verified,-6.883380889892578,-6.8892647775,0.005883887607422089
B0_D2,tau800,375,1,1,0,0,0,not_converged,-5.922242641448975,-6.244251652378788,0.32200901092981304
B0_D2,tau800,376,1,1,0,0,0,not_converged,-6.219653129577637,-6.426387084999999,0.2067339554223624
B0_D2,tau800,377,1,1,0,0,1,verified,-3.879284381866455,-4.2482075667708346,0.3689231849043795
B0_D2,tau800,378,0,1,0,0,0,not_converged,-5.504988670349121,-5.659528698511903,0.15454002816278223
B0_D2,tau800,379,1,1,0,0,1,verified,-2.9844624996185303,-3.1810739,0.19661140038146963
B0_D2,tau800,380,1,1,0,0,0,not_converged,-4.834422588348389,,
B0_D2,tau800,381,1,1,0,0,1,verified,-7.148416996002197,-7.463248600833333,0.31483160483113615
B0_D2,tau800,382,1,1,0,1,0,not_converged,-6.210530757904053,-6.24037293625,0.029842178345947268
B0_D2,tau800,383,1,1,1,1,1,verified,-6.872963905334473,-6.86689797625,-0.006065929084472899
B0_D2,tau800,384,0,1,0,0,0,not_converged,-7.319768905639648,-7.472582518249999,0.15281361261035098
B0_D2,tau800,385,1,1,0,0,0,not_converged,-6.717648983001709,,
B0_D2,tau800,386,1,1,0,1,1,verified,-1.9349174499511719,-1.9639978787499999,0.029080428798827995
B0_D2,tau800,387,1,1,0,0,0,not_converged,-5.142581462860107,-5.295137119464284,0.1525556566041768
B0_D2,tau800,388,1,1,0,1,0,not_converged,-7.551239013671875,-7.63836758875,0.08712857507812544
B0_D2,tau800,389,1,1,0,1,0,not_converged,-3.568066358566284,-3.5967200025,0.028653643933715944
B0_D2,tau800,390,1,1,0,1,0,not_converged,-7.694003582000732,-7.79202852269229,0.0980249406915572
B0_D2,tau800,391,1,1,0,1,0,not_converged,-8.593353271484375,-8.627817990833332,0.03446471934895712
B0_D2,tau800,392,1,1,0,0,0,not_converged,-4.949450969696045,,
B0_D2,tau800,393,1,1,0,1,0,not_converged,-6.395135402679443,-6.4539449788541665,0.058809576174723155
B0_D2,tau800,394,0,0,0,0,0,generation_failure,,,
B0_D2,tau800,395,1,1,0,0,0,not_converged,-5.455055236816406,-5.60683765421875,0.15178241740234366
B0_D2,tau800,396,1,1,0,0,0,not_converged,-6.369917392730713,-6.4121261725,0.04220877976928694
B0_D2,tau800,397,1,1,0,1,0,not_converged,-7.062825679779053,-7.0909342075,0.028108527720947407
B0_D2,tau800,398,1,1,0,0,1,verified,-10.659455299377441,-10.8573587875,0.19790348812255942
B0_D2,tau800,399,1,1,0,0,1,verified,-3.481086254119873,-3.8445175317708324,0.3634312776509594
B0_D2,tau800,400,1,1,0,0,1,verified,-6.04138708114624,-6.381535613333334,0.3401485321870936
B0_D2,tau800,401,1,1,0,0,1,verified,-3.401726722717285,-3.65515203546875,0.25342531275146474
B0_D2,tau800,402,1,1,0,1,0,not_converged,-8.181288719177246,-8.257422462812501,0.07613374363525516
B0_D2,tau800,403,1,1,0,1,1,verified,-10.81982421875,-10.8234458525,0.0036216337500007967
B0_D2,tau800,404,1,1,0,1,1,verified,-7.729165554046631,-7.758457392222223,0.029291838175591778
B0_D2,tau800,405,1,1,0,0,0,not_converged,-8.283537864685059,-8.418681412142858,0.13514354745779933
B0_D2,tau800,406,0,1,0,1,0,not_converged,-6.617955207824707,-6.619508543999997,0.0015533361752897434
B0_D2,tau800,407,0,1,0,1,1,verified,-5.705306529998779,-5.735540416491224,0.03023388649244474
B0_D2,tau800,408,1,1,0,0,0,not_converged,-8.580492973327637,-8.769706787968742,0.18921381464110532
B0_D2,tau800,409,1,1,0,1,0,not_converged,-7.962378978729248,-8.041667774000013,0.07928879527076482
B0_D2,tau800,410,1,1,0,0,0,not_converged,-6.483633041381836,-6.5903824748333335,0.10674943345149757
B0_D2,tau800,411,1,1,0,1,0,not_converged,-4.074493408203125,-4.15863041875,0.08413701054687461
B0_D2,tau800,412,0,1,0,1,0,not_converged,-6.080800533294678,-6.091361339393945,0.01056080609926724
B0_D2,tau800,413,0,1,0,1,1,verified,-7.059823513031006,-7.07118010925,0.01135659621899432
B0_D2,tau800,414,1,1,0,1,1,verified,-4.948057651519775,-4.98162886625,0.03357121473022495
B0_D2,tau800,415,1,1,0,1,1,verified,-5.167624473571777,-5.20334055,0.03571607642822272
B0_D2,tau800,416,1,1,0,1,1,verified,-6.6669464111328125,-6.675661131333333,0.008714720200520887
B0_D2,tau800,417,1,1,0,1,0,not_converged,-6.296630382537842,-6.3070154264000005,0.01038504386215866
B0_D2,tau800,418,1,1,0,0,0,not_converged,-3.766676902770996,-3.8678257400000002,0.10114883722900414
B0_D2,tau800,419,0,0,0,0,0,generation_failure,,,
B0_D2,tau800,420,1,1,0,0,1,verified,-5.331202507019043,-5.48895296601852,0.1577504589994767
B0_D2,tau800,421,1,1,0,1,1,verified,-9.332972526550293,-9.432109396666666,0.09913687011637329
B0_D2,tau800,422,1,1,0,1,1,verified,-7.440154552459717,-7.4657569589803945,0.02560240652067769
B0_D2,tau800,423,1,1,0,0,0,not_converged,-6.657124996185303,-6.787190061666667,0.13006506548136443
B0_D2,tau800,424,1,1,0,1,1,verified,-2.4502131938934326,-2.5003914575,0.05017826360656752
B0_D2,tau800,425,1,1,0,0,0,not_converged,-3.313244104385376,-3.2972176,-0.016026504385375784
B0_D2,tau800,426,1,1,0,1,0,not_converged,-5.984692573547363,-6.000078808650795,0.01538623510343129
B0_D2,tau800,427,1,1,0,1,1,verified,-5.441812515258789,-5.530141087857143,0.08832857259835425
B0_D2,tau800,428,1,1,0,1,1,verified,-4.99506950378418,-4.996930055381944,0.0018605515977645481
B0_D2,tau800,429,1,1,0,1,1,verified,-5.6937575340271,-5.776935175777778,0.08317764175067843
B0_D2,tau800,430,1,1,1,1,1,verified,-5.614645004272461,-5.572251004351852,-0.042393999920609104
B0_D2,tau800,431,1,1,0,0,0,not_converged,-5.668860912322998,-6.844030326666665,1.1751694143436673
B0_D2,tau800,432,1,1,0,0,1,verified,-4.530665397644043,-4.49155244983333,-0.03911294781071284
B0_D2,tau800,433,1,1,1,1,0,not_converged,-6.303431034088135,-6.293599595302753,-0.009831438785381508
B0_D2,tau800,434,0,1,0,1,1,verified,-6.873296737670898,-6.9428080617646994,0.06951132409380101
B0_D2,tau800,435,1,1,0,0,0,not_converged,-7.293406009674072,-7.4021100337500005,0.10870402407592827
B0_D2,tau800,436,1,1,0,0,0,not_converged,-9.818669319152832,-9.791720543333334,-0.026948775819498394
B0_D2,tau800,437,1,1,1,1,1,verified,-3.1266207695007324,-3.091066119722221,-0.035554649778511305
B0_D2,tau800,438,0,0,0,0,0,generation_failure,,,
B0_D2,tau800,439,1,1,1,1,1,verified,-4.276354789733887,-4.230986013888891,-0.0453687758449961
B0_D2,tau800,440,1,1,0,0,1,verified,-7.379059314727783,-7.440291984583329,0.06123266985554565
B0_D2,tau800,441,1,1,0,1,0,not_converged,-7.418385028839111,-7.473559076785713,0.05517404794660141
B0_D2,tau800,442,1,1,0,0,0,not_converged,-6.618431091308594,-6.71070386234375,0.09227277103515608
B0_D2,tau800,443,1,1,0,1,0,not_converged,-4.390749454498291,-4.441031711066666,0.050282256568374706
B0_D2,tau800,444,1,1,0,0,0,not_converged,-4.059563159942627,-4.05571518,-0.003847979942626978
B0_D2,tau800,445,1,1,0,1,0,not_converged,-5.745725154876709,-5.841298413322369,0.09557325844566034
B0_D2,tau800,446,1,1,1,1,0,not_converged,-3.9570400714874268,-3.869441791458333,-0.08759828002909398
B0_D2,tau800,447,0,1,1,1,0,not_converged,-5.092279434204102,-4.984967777268518,-0.10731165693558342
B0_D2,tau800,448,1,1,0,0,0,not_converged,-7.8626790046691895,-8.079092086938779,0.21641308226958955
B0_D2,tau800,449,1,1,0,1,0,not_converged,-7.210179805755615,-7.2614877075,0.05130790174438449
B0_D2,tau800,450,1,1,0,0,1,verified,-4.761088848114014,-4.7679368225,0.0068479743859866105
B0_D2,tau800,451,1,1,0,1,1,verified,-5.288324356079102,-5.32133803265873,0.03301367657962828
B0_D2,tau800,452,1,1,0,0,1,verified,-1.9690593481063843,-2.00559988,0.036540531893615835
B0_D2,tau800,453,0,0,0,0,0,generation_failure,,,
B0_D2,tau800,454,1,1,0,1,0,not_converged,-6.191555023193359,-6.2863988775,0.09484385430664055
B0_D2,tau800,455,0,1,1,1,1,verified,-7.033633708953857,-6.896046239285714,-0.1375874696681434
B0_D2,tau800,456,1,1,0,0,0,not_converged,-8.075063705444336,-8.356161032314818,0.2810973268704817
B0_D2,tau800,457,1,1,1,1,0,not_converged,-3.941795825958252,-3.934791412840911,-0.007004413117341013
B0_D2,tau800,458,1,1,0,1,0,not_converged,-3.3051605224609375,-3.336431573125001,0.03127105066406344
B0_D2,tau800,459,1,1,0,1,0,not_converged,-3.3403236865997314,-3.3835279566666667,0.04320427006693528
B0_D2,tau800,460,1,1,0,0,0,not_converged,-8.269351959228516,-8.462408774,0.1930568147714844
B0_D2,tau800,461,1,1,0,1,1,verified,-5.828311920166016,-5.858947303333334,0.03063538316731851
B0_D2,tau800,462,1,1,0,1,0,not_converged,-3.7425825595855713,-3.795662345,0.053079785414428926
B0_D2,tau800,463,1,1,0,0,0,not_converged,-7.537110328674316,-7.832468905555556,0.2953585768812399
B0_D2,tau800,464,0,0,0,0,0,generation_failure,,,
B0_D2,tau800,465,1,1,0,1,1,verified,-4.794809341430664,-4.891678837282052,0.09686949585138827
B0_D2,tau800,466,1,1,0,0,1,verified,-6.208765029907227,-6.366389921785728,0.15762489187850104
B0_D2,tau800,467,0,1,0,0,0,not_converged,-3.41733455657959,-3.8109432977777784,0.39360874119818856
B0_D2,tau800,468,1,1,0,1,0,not_converged,-7.66416597366333,-7.725826418541667,0.06166044487833666
B0_D2,tau800,469,1,1,0,0,0,not_converged,-4.973058700561523,-5.184373668046875,0.21131496748535117
B0_D2,tau800,470,1,1,0,0,0,not_converged,-6.039544105529785,-6.1418910916666665,0.10234698613688131
B0_D2,tau800,471,1,1,0,1,1,verified,-4.254251956939697,-4.257636727777777,0.0033847708380800867
B0_D2,tau800,472,1,1,0,0,0,not_converged,-5.770628452301025,-5.7952186475000005,0.024590195198975096
B0_D2,tau800,473,1,1,1,1,1,verified,-3.1989569664001465,-3.1897965708522724,-0.009160395547874067
B0_D2,tau800,474,1,1,0,1,0,not_converged,-8.093554496765137,-8.160132131666666,0.06657763490152924
B0_D2,tau800,475,1,1,0,1,0,not_converged,-3.268357038497925,-3.2908807475,0.022523709002075343
B0_D2,tau800,476,1,1,0,1,1,verified,-6.361492156982422,-6.3858088968333355,0.02431673985091365
B0_D2,tau800,477,1,1,0,0,0,not_converged,-5.482095718383789,-5.633232337605364,0.15113661922157462
B0_D2,tau800,478,0,0,0,0,0,generation_failure,,,
B0_D2,tau800,479,1,1,1,1,0,not_converged,-5.498747825622559,-5.453567671249994,-0.04518015437256473
B0_D2,tau800,480,1,1,0,1,0,not_converged,-6.328860759735107,-6.40845135,0.07959059026489257
B0_D2,tau800,481,1,1,1,1,0,not_converged,-7.8738884925842285,-7.840069253749998,-0.03381923883423088
B0_D2,tau800,482,1,1,0,0,0,not_converged,-8.413447380065918,-8.566373946500002,0.15292656643408442
B0_D2,tau800,483,1,1,0,1,1,verified,-8.2776517868042,-8.33067552250001,0.053023735695811425
B0_D2,tau800,484,1,1,0,0,1,verified,-3.582882881164551,-3.640387075125,0.05750419396044926
B0_D2,tau800,485,0,0,0,0,0,generation_failure,,,
B0_D2,tau800,486,0,1,0,0,0,not_converged,-5.990724563598633,-5.987368683333333,-0.00335588026529976
B0_D2,tau800,487,1,1,0,1,0,not_converged,-8.414999961853027,-8.441607665500001,0.026607703646973846
B0_D2,tau800,488,1,1,0,1,0,not_converged,-1.794999122619629,-1.81458719,0.019588067380371
B0_D2,tau800,489,1,1,1,1,0,not_converged,-5.209571361541748,-5.182306179999999,-0.027265181541748618
B0_D2,tau800,490,1,1,0,1,0,not_converged,-6.063880443572998,-6.140405388333333,0.07652494476033489
B0_D2,tau800,491,0,1,0,0,1,verified,-7.805315971374512,-7.95283244158334,0.14751647020882785
B0_D2,tau800,492,1,1,0,0,0,not_converged,-7.22751522064209,-7.366108416666662,0.13859319602457187
B0_D2,tau800,493,1,1,0,1,0,not_converged,-6.649598121643066,-6.675795845069443,0.026197723426376385
B0_D2,tau800,494,1,1,0,0,0,not_converged,-6.608745574951172,-6.752732359625,0.14398678467382808
B0_D2,tau800,495,1,1,0,0,0,not_converged,-8.300223350524902,-8.445496715865385,0.14527336534048274
B0_D2,tau800,496,1,1,0,0,0,not_converged,-8.665034294128418,-8.799084292000003,0.13404999787158545
B0_D2,tau800,497,1,1,0,1,0,not_converged,-6.232166767120361,-6.265854163640623,0.03368739652026154
B0_D2,tau800,498,1,1,0,0,0,not_converged,-8.978151321411133,-9.113073129166667,0.13492180775553386
B0_D2,tau800,499,1,1,0,1,0,not_converged,-1.324088215827942,-1.3605156349999998,0.03642741917205794
B0_D2,tau800,500,1,1,0,0,0,not_converged,-3.2201733589172363,-3.2581879712500004,0.03801461233276404
B0_D2,tau800,501,1,1,0,0,0,not_converged,-7.167060852050781,-7.274399870625004,0.10733901857422268
B0_D2,tau800,502,1,1,0,0,1,verified,-3.707972764968872,-3.733119167333333,0.02514640236446075
B0_D2,tau800,503,1,1,0,0,1,verified,-8.255784034729004,-8.380222386835644,0.12443835210664034
B0_D2,tau800,504,1,1,0,0,0,not_converged,-6.134730815887451,-6.321931073571428,0.18720025768397708
B0_D2,tau800,505,1,1,0,0,0,not_converged,-6.0367255210876465,-6.1209733422222214,0.08424782113457496
B0_D2,tau800,506,1,1,0,0,0,not_converged,-6.079344272613525,-6.0073073536538475,-0.0720369189596779
B0_D2,tau800,507,1,1,0,0,0,not_converged,-5.098951816558838,-5.120989921666667,0.02203810510782933
B0_D2,tau800,508,1,1,0,0,0,not_converged,-5.859408378601074,-5.97049048125,0.11108210264892548
B0_D2,tau800,509,0,1,0,1,0,not_converged,-5.904346942901611,-5.963047953482141,0.058701010580529456
B0_D2,tau800,510,0,1,0,1,0,not_converged,-6.086103439331055,-6.112085032805556,0.025981593474501352
B0_D2,tau800,511,1,1,0,1,0,not_converged,-7.663064002990723,-7.744531859375,0.08146785638427723
B0_D2,tau800,512,0,1,1,1,0,not_converged,-6.069476127624512,-6.069127939166666,-0.0003481884578455663
B0_D2,tau800,513,1,1,0,0,0,not_converged,-5.227786064147949,-5.5535936321875,0.3258075680395507
B0_D2,tau800,514,1,1,0,0,0,not_converged,-5.466578960418701,-5.7685055025,0.3019265420812989
B0_D2,tau800,515,1,1,0,0,1,verified,-7.010164737701416,-7.131432083469386,0.12126734576797027
B0_D2,tau800,516,1,1,0,1,1,verified,-4.850098133087158,-4.874577810797101,0.02447967770994275
B0_D2,tau800,517,0,1,0,1,0,not_converged,-8.36484146118164,-8.430237784180548,0.06539632299890741
B0_D2,tau800,518,1,1,0,0,0,not_converged,-6.293599605560303,-6.32724859,0.033648984439697216
B0_D2,tau800,519,1,1,0,0,0,not_converged,-7.136816024780273,-7.463248600833333,0.32643257605306
B0_D2,tau800,520,1,1,0,0,0,not_converged,-6.74213981628418,-6.849193782499998,0.10705396621581809
B0_D2,tau800,521,1,1,0,0,0,not_converged,-6.427301406860352,-6.441000308333333,0.013698901472981362
B0_D2,tau800,522,1,1,0,0,1,verified,-3.7282230854034424,-3.8414387829761907,0.1132156975727483
B0_D2,tau800,523,1,1,0,1,0,not_converged,-8.634522438049316,-8.718612457833338,0.08409001978402131
B0_D2,tau800,524,1,1,0,0,0,not_converged,-5.5223259925842285,-5.511338759642857,-0.010987232941371161
B0_D2,tau800,525,1,1,0,0,0,not_converged,-6.4753642082214355,-6.595725783690476,0.12036157546904036
B0_D2,tau800,526,1,1,1,1,0,not_converged,-5.195590496063232,-5.182306179999999,-0.013284316063232993
B0_D2,tau800,527,1,1,1,1,0,not_converged,-4.708139419555664,-4.641573311111113,-0.06656610844455102
B0_D2,tau800,528,1,1,0,1,1,verified,-6.245214939117432,-6.308745976428566,0.06353103731113396
B0_D2,tau800,529,1,1,1,1,1,verified,-2.9362473487854004,-2.8910942266666666,-0.04515312211873379
B0_D2,tau800,530,1,1,0,0,0,not_converged,-6.033670902252197,-6.1209733422222214,0.08730243997002418
B0_D2,tau800,531,1,1,0,1,0,not_converged,-3.9785380363464355,-4.060792923,0.08225488665356462
B0_D2,tau800,532,0,1,0,0,0,not_converged,-8.133440017700195,-8.299187171470596,0.1657471537704005
B0_D2,tau800,533,1,1,0,1,0,not_converged,-7.572051525115967,-7.610649461428571,0.03859793631260455
B0_D2,tau800,534,1,1,0,1,1,verified,-2.724217653274536,-2.7844803107499985,0.06026265747546233
B0_D2,tau800,535,1,1,0,1,0,not_converged,-4.330045700073242,-4.35474680975,0.02470110967675776
B0_D2,tau800,536,1,1,0,1,0,not_converged,-7.3863749504089355,-7.486074154999999,0.0996992045910634
B0_D2,tau800,537,1,1,0,0,0,not_converged,-6.8293256759643555,-6.956924663500001,0.12759898753564514
B0_D2,tau800,538,0,1,1,1,0,not_converged,-3.966923713684082,-3.8169818549999963,-0.14994185868408572
B0_D2,tau800,539,0,1,0,0,1,verified,-5.887335777282715,-5.990063168333334,0.10272739105061923
B0_D2,tau800,540,1,1,0,0,0,not_converged,-4.339121341705322,-4.822480633362069,0.48335929165674685
B0_D2,tau800,541,1,1,0,1,0,not_converged,-3.282892942428589,-3.344931825833333,0.06203888340474428
B0_D2,tau800,542,1,1,0,1,1,verified,-3.146742343902588,-3.21176262125,0.06502027734741223
B0_D2,tau800,543,1,1,1,1,0,not_converged,-5.8810224533081055,-5.867925685555556,-0.013096767752549532
B0_D2,tau800,544,0,1,0,1,0,not_converged,-3.04875111579895,-3.134796051494253,0.0860449356953028
B0_D2,tau800,545,0,0,0,0,0,generation_failure,,,
B0_D2,tau800,546,1,1,0,0,0,not_converged,-7.378746509552002,-7.440291984583329,0.0615454750313269
B0_D2,tau800,547,1,1,0,1,1,verified,-5.335125923156738,-5.417338445,0.08221252184326211
B0_D2,tau800,548,1,1,0,1,1,verified,-4.956921577453613,-5.026056615,0.06913503754638661
B0_D2,tau800,549,1,1,0,0,1,verified,-4.672469139099121,-4.7867108075,0.11424166840087935
B0_D2,tau800,550,1,1,0,0,0,not_converged,-4.333826541900635,-4.434936616666667,0.10111007476603184
B0_D2,tau800,551,0,1,0,1,0,not_converged,-8.337921142578125,-8.409315963974366,0.07139482139624143
B0_D2,tau800,552,1,1,0,1,1,verified,-6.352263450622559,-6.395818074999999,0.04355462437744073
B0_D2,tau800,553,1,1,0,1,0,not_converged,-7.969611167907715,-7.99947954884058,0.029868380932865257
B0_D2,tau800,554,1,1,0,1,0,not_converged,-3.215298652648926,-3.3051274425,0.08982878985107412
B0_D2,tau800,555,1,1,0,1,1,verified,-5.6767144203186035,-5.76129931796875,0.08458489765014665
B0_D2,tau800,556,1,1,0,1,0,not_converged,-4.056956768035889,-4.078556233362069,0.0215994653261804
B0_D2,tau800,557,1,1,0,0,1,verified,-4.674676895141602,-4.856504486666666,0.18182759152506467
B0_D2,tau800,558,1,1,0,0,1,verified,-5.92029333114624,-6.062922377843134,0.1426290466968938
B0_D2,tau800,559,1,1,0,0,0,not_converged,-8.09964370727539,-8.271957885541669,0.17231417826627826
B0_D2,tau800,560,1,1,0,1,1,verified,-5.141164779663086,-5.219441670624999,0.07827689096191293
B0_D2,tau800,561,1,1,0,0,0,not_converged,-7.126107692718506,-7.360338014583332,0.2342303218648265
B0_D2,tau800,562,1,1,0,1,0,not_converged,-6.967544078826904,-6.998467425958331,0.030923347131426304
B0_D2,tau800,563,0,1,0,0,0,not_converged,-5.488975524902344,-5.746246750681818,0.2572712257794745
B0_D2,tau800,564,1,1,0,1,0,not_converged,-8.283570289611816,-8.380616457222251,0.09704616761043461
B0_D2,tau800,565,1,1,0,1,0,not_converged,-6.90675163269043,-6.9844244628125,0.07767283012207038
B0_D2,tau800,566,1,1,0,1,1,verified,-4.836980819702148,-4.84617572277778,0.009194903075631977
B0_D2,tau800,567,1,1,0,0,0,not_converged,-6.801672458648682,-6.977218462222222,0.17554600357354033
B0_D2,tau800,568,1,1,0,0,0,not_converged,-5.492462635040283,-5.667199826875002,0.17473719183471914
B0_D2,tau800,569,1,1,0,0,0,not_converged,-5.98867654800415,-6.21799675625,0.22932020824584942
B0_D2,tau800,570,1,1,0,0,0,not_converged,-6.428513526916504,-6.536831063,0.10831753608349626
B0_D2,tau800,571,1,1,0,1,0,not_converged,-5.968987464904785,-6.055091405,0.0861039400952146
B0_D2,tau800,572,1,1,0,0,0,not_converged,-5.748361110687256,-5.894236688333334,0.14587557764607784
B0_D2,tau800,573,1,1,0,0,0,not_converged,-8.652396202087402,-8.860979771071428,0.2085835689840252
B0_D2,tau800,574,1,1,0,0,0,not_converged,-9.120681762695312,-9.130724048000001,0.010042285304688647
B0_D2,tau800,575,1,1,0,1,0,not_converged,-9.629480361938477,-9.64368324390625,0.01420288196777264
B0_D2,tau800,576,1,1,0,1,0,not_converged,-7.8934407234191895,-7.9463406372500005,0.05289991383081105
B0_D2,tau800,577,1,1,0,0,1,verified,-7.728990077972412,-7.898664346666666,0.16967426869425406
B0_D2,tau800,578,0,1,0,0,1,verified,-7.522620677947998,-7.904137801011904,0.3815171230639063
B0_D2,tau800,579,1,1,0,0,0,not_converged,-4.456482410430908,-4.5974441825,0.1409617720690921
B0_D2,tau800,580,1,1,0,0,0,not_converged,-4.132942199707031,-4.272866928125,0.13992472841796832
B0_D2,tau800,581,1,1,0,0,0,not_converged,-5.061305999755859,-5.185017391111113,0.12371139135525322
B0_D2,tau800,582,1,1,0,0,1,verified,-8.172053337097168,-8.296152071761648,0.1240987346644804
B0_D2,tau800,583,1,1,0,1,0,not_converged,-7.406394958496094,-7.458291330000001,0.05189637150390691
B0_D2,tau800,584,0,1,0,0,0,not_converged,-7.039490222930908,-7.174230668947368,0.13474044601646007
B0_D2,tau800,585,1,1,0,0,1,verified,-8.025188446044922,-8.19349129625,0.1683028502050785
B0_D2,tau800,586,1,1,0,0,0,not_converged,-7.824528217315674,-7.941595019763888,0.11706680244821399
B0_D2,tau800,587,1,1,0,0,0,not_converged,-8.908689498901367,-9.076747898350009,0.16805839944864154
B0_D2,tau800,588,1,1,0,1,0,not_converged,-3.8966622352600098,-3.940254005833328,0.0435917705733182
B0_D2,tau800,589,1,1,0,1,0,not_converged,-7.841945171356201,-7.931246645416669,0.08930147406046807
B0_D2,tau800,590,1,1,0,0,0,not_converged,-5.889745235443115,-6.075083163750001,0.1853379283068861
B0_D2,tau800,591,0,1,0,0,0,not_converged,-6.691773414611816,-6.8908339850875,0.19906057047568382
B0_D2,tau800,592,0,1,0,1,0,not_converged,-6.447792053222656,-6.488100046428571,0.04030799320591516
B0_D2,tau800,593,1,1,0,0,0,not_converged,-7.2980170249938965,-7.644372546564039,0.3463555215701426
B0_D2,tau800,594,1,1,0,1,1,verified,-5.0528883934021,-5.137322595390621,0.0844342019885218
B0_D2,tau800,595,1,1,0,1,1,verified,-3.7367348670959473,-3.8109214989166658,0.0741866318207185
B0_D2,tau800,596,1,1,0,1,1,verified,-6.334756374359131,-6.385504746666666,0.05074837230753548
B0_D2,tau800,597,1,1,0,1,0,not_converged,-5.606198310852051,-5.647885306666667,0.04168699581461599
B0_D2,tau800,598,1,1,0,1,1,verified,-4.073284149169922,-4.171417369375,0.09813322020507798
B0_D2,tau800,599,1,1,0,0,0,not_converged,-6.906949043273926,-7.0417229487916675,0.1347739055177417
B0_D2,tau800,600,1,1,0,1,1,verified,-8.53618335723877,-8.616930196354147,0.08074683911537761
B0_D2,tau800,601,1,1,0,0,0,not_converged,-6.369707107543945,-6.7198361735714345,0.35012906602748917
B0_D2,tau800,602,1,1,0,0,0,not_converged,-5.383160591125488,-5.603360449083334,0.22019985795784613
B0_D2,tau800,603,1,1,0,0,0,not_converged,-7.053234577178955,-7.231503501249999,0.17826892407104378
B0_D2,tau800,604,1,1,0,0,1,verified,-8.401156425476074,-8.567752844413793,0.16659641893771848
B0_D2,tau800,605,1,1,0,0,1,verified,-6.405407905578613,-6.532762696923074,0.1273547913444606
B0_D2,tau800,606,1,1,0,0,0,not_converged,-7.714795112609863,-8.254909004166667,0.5401138915568033
B0_D2,tau800,607,1,1,0,0,0,not_converged,-4.178140163421631,,
B0_D2,tau800,608,1,1,0,0,0,not_converged,-8.281387329101562,-8.381697039583335,0.10030971048177229
B0_D2,tau800,609,1,1,0,0,0,not_converged,-6.519732475280762,-6.8928177428125,0.37308526753173865
B0_D2,tau800,610,1,1,0,0,0,not_converged,-8.29356575012207,-8.31294434,0.019378589877929286
B0_D2,tau800,611,1,1,0,0,1,verified,-3.872802972793579,-3.878981410000002,0.00617843720642286
B0_D2,tau800,612,1,1,0,0,1,verified,-4.776723384857178,-5.094008341999999,0.3172849571428209
B0_D2,tau800,613,1,1,0,0,0,not_converged,-6.770915985107422,-6.9800357155,0.2091197303925778
B0_D2,tau800,614,1,1,0,0,1,verified,-2.7457635402679443,,
B0_D2,tau800,615,1,1,1,1,1,verified,-5.308170318603516,-5.28278373,-0.025386588603515392
B0_D2,tau800,616,1,1,0,1,1,verified,-3.889383554458618,-3.9262666141666664,0.03688305970804828
B0_D2,tau800,617,1,1,1,1,1,verified,-6.890429973602295,-6.814666827499999,-0.07576314610229584
B0_D2,tau800,618,1,1,0,1,1,verified,-6.835538864135742,-6.854147907142856,0.018609043007113968
B0_D2,tau800,619,1,1,0,1,1,verified,-4.6948676109313965,-4.790574097530303,0.09570648659890679
B0_D2,tau800,620,1,1,0,1,1,verified,-2.8000669479370117,-2.8438955515948283,0.0438286036578166
B0_D2,tau800,621,1,1,1,1,1,verified,-3.050976276397705,-3.039236250269841,-0.011740026127863956
B0_D2,tau800,622,1,1,0,0,1,verified,-6.386791706085205,-6.555785223571426,0.1689935174862205
B0_D2,tau800,623,0,1,0,1,0,not_converged,-4.227115154266357,-4.2769381272222216,0.04982297295586413
B0_D2,tau800,624,1,1,0,1,0,not_converged,-6.834864616394043,-6.934263380833335,0.09939876443929219
B0_D2,tau800,625,1,1,0,1,0,not_converged,-9.081066131591797,-9.166623443333334,0.08555731174153713
B0_D2,tau800,626,0,1,0,1,1,verified,-3.2627365589141846,-3.340783218645833,0.07804665973164848
B0_D2,tau800,627,1,1,0,0,0,not_converged,-4.78155517578125,-5.0370138577777785,0.25545868199652855
B0_D2,tau800,628,1,1,0,0,0,not_converged,-3.979213237762451,,
B0_D2,tau800,629,1,1,0,1,1,verified,-7.510406494140625,-7.59869000259375,0.0882835084531246
B0_D2,tau800,630,1,1,0,0,0,not_converged,-8.040292739868164,,
B0_D2,tau800,631,0,1,0,0,1,verified,-3.867570161819458,-3.8578771125,-0.009693049319457803
B0_D2,tau800,632,1,1,0,0,1,verified,-7.264704704284668,-7.290978368999999,0.026273664715331435
B0_D2,tau800,633,0,1,0,0,0,not_converged,-8.041285514831543,-8.217829233173074,0.17654371834153082
B0_D2,tau800,634,1,1,0,1,0,not_converged,-8.067163467407227,-8.099678662354178,0.0325151949469511
B0_D2,tau800,635,1,1,0,0,1,verified,-3.2762868404388428,-3.4289641216666666,0.15267728122782387
B0_D2,tau800,636,1,1,0,0,0,not_converged,-6.986985683441162,-7.110636203593749,0.12365052015258726
B0_D2,tau800,637,0,0,0,0,0,generation_failure,,,
B0_D2,tau800,638,1,1,0,1,1,verified,-4.996579170227051,-5.018267591000001,0.021688420772949968
B0_D2,tau800,639,1,1,0,0,1,verified,-3.201450824737549,-3.2128957719999995,0.011444947262450711
B0_D2,tau800,640,1,1,0,1,0,not_converged,-8.58406925201416,-8.625241947500001,0.041172695485840904
B0_D2,tau800,641,1,1,0,0,1,verified,-4.407988548278809,-4.518596746785716,0.11060819850690784
B0_D2,tau800,642,0,1,0,0,0,not_converged,-5.616428375244141,-5.785255833964286,0.1688274587201457
B0_D2,tau800,643,1,1,0,0,0,not_converged,-1.9082684516906738,-1.9412918889473683,0.03302343725669443
B0_D2,tau800,644,1,1,0,1,0,not_converged,-8.713289260864258,-8.7441595753125,0.030870314448241842
B0_D2,tau800,645,0,1,0,0,1,verified,-3.662893295288086,-4.117912353333335,0.45501905804524867
B0_D2,tau800,646,1,1,0,1,0,not_converged,-4.073695659637451,-4.1451110525,0.07141539286254872
B0_D2,tau800,647,1,1,0,0,1,verified,-3.819222927093506,-3.943475848089081,0.12425292099557517
B0_D2,tau800,648,1,1,0,0,0,not_converged,-6.644900321960449,-6.777828643611112,0.13292832165066315
B0_D2,tau800,649,1,1,0,0,0,not_converged,-6.613684177398682,-6.8069309675,0.19324679010131796
B0_D2,tau800,650,0,1,0,0,1,verified,-4.503217697143555,-4.8071164225,0.30389872535644535
B0_D2,tau800,651,1,1,0,1,0,not_converged,-7.187498092651367,-7.2420316029999965,0.0545335103486293
B0_D2,tau800,652,1,1,1,1,0,not_converged,-4.502106666564941,-4.489138247901787,-0.01296841866315468
B0_D2,tau800,653,1,1,0,1,1,verified,-5.871109485626221,-5.942038990000001,0.07092950437378054
B0_D2,tau800,654,1,1,0,0,0,not_converged,-7.686849117279053,-7.80430871946875,0.11745960218969742
B0_D2,tau800,655,1,1,0,0,0,not_converged,-7.567873001098633,-7.71596877875,0.14809577765136694
B0_D2,tau800,656,1,1,0,0,0,not_converged,-7.443715572357178,-7.576344552857143,0.1326289804999652
B0_D2,tau800,657,1,1,0,0,0,not_converged,-6.599084854125977,-6.7247548070892895,0.12566995296331296
B0_D2,tau800,658,1,1,0,0,1,verified,-7.632452487945557,-7.847256631959379,0.2148041440138222
B0_D2,tau800,659,1,1,0,1,1,verified,-2.4213876724243164,-2.5140636025000003,0.09267593007568387
B0_D2,tau800,660,1,1,0,1,0,not_converged,-8.051714897155762,-8.076085841892853,0.02437094473709145
B0_D2,tau800,661,1,1,0,0,0,not_converged,-7.030747413635254,-7.168872619000002,0.13812520536474793
B0_D2,tau800,662,1,1,0,1,0,not_converged,-7.4337310791015625,-7.5118813395,0.07815026039843787
B0_D2,tau800,663,1,1,0,0,0,not_converged,-8.106976509094238,-8.2644569396875,0.157480430593262
B0_D2,tau800,664,1,1,0,0,1,verified,-3.052281141281128,,
B0_D2,tau800,665,0,1,0,0,0,not_converged,-6.236194133758545,-6.265704854,0.02951072024145507
B0_D2,tau800,666,1,1,0,1,0,not_converged,-8.695343017578125,-8.702747815555556,0.007404797977430988
B0_D2,tau800,667,1,1,0,0,1,verified,-4.007318496704102,-4.125440847395833,0.11812235069173127
B0_D2,tau800,668,1,1,0,0,0,not_converged,-4.439716815948486,-4.470746124444444,0.031029308495957864
B0_D2,tau800,669,1,1,0,1,0,not_converged,-6.60610818862915,-6.6621268041666655,0.05601861553751508
B0_D2,tau800,670,1,1,0,1,0,not_converged,-6.713785171508789,-6.765227836375001,0.05144266486621163
B0_D2,tau800,671,1,1,0,1,0,not_converged,-7.359504699707031,-7.443452225374998,0.08394752566796715
B0_D2,tau800,672,0,1,0,0,0,not_converged,-5.341943264007568,-5.521868224097222,0.17992496008965375
B0_D2,tau800,673,1,1,0,1,1,verified,-5.35598611831665,-5.39619175625,0.04020563793334997
B0_D2,tau800,674,1,1,0,1,0,not_converged,-7.144926071166992,-7.240865731547606,0.09593966038061374
B0_D2,tau800,675,1,1,0,0,0,not_converged,-4.704644203186035,-4.807592882869896,0.10294867968386079
B0_D2,tau800,676,1,1,0,0,0,not_converged,-7.72475528717041,-7.950022721388889,0.2252674342184786
B0_D2,tau800,677,1,1,0,1,1,verified,-5.524015426635742,-5.574598848888892,0.05058342225314938
B0_D2,tau800,678,1,1,0,0,1,verified,-5.903386116027832,-6.0105781128316345,0.10719199680380243
B0_D2,tau800,679,1,1,1,1,0,not_converged,-4.646695137023926,-4.645062652783783,-0.0016324842401429507
B0_D2,tau800,680,1,1,0,0,1,verified,-7.397072792053223,-7.73580783,0.33873503794677706
B0_D2,tau800,681,1,1,0,0,1,verified,-6.2614898681640625,-6.442499237692307,0.18100936952824487
B0_D2,tau800,682,1,1,0,0,0,not_converged,-7.521368026733398,-7.677512827749999,0.1561448010166009
B0_D2,tau800,683,1,1,0,1,1,verified,-5.640342712402344,-5.7153636783333335,0.07502096593098972
B0_D2,tau800,684,1,1,1,1,1,verified,-6.705822944641113,-6.620050240833334,-0.08577270380777957
B0_D2,tau800,685,1,1,1,1,0,not_converged,-5.040334701538086,-5.0402639921875,-7.070935058628436e-05
B0_D2,tau800,686,1,1,0,1,0,not_converged,-6.553544998168945,-6.632185537392859,0.07864053922391356
B0_D2,tau800,687,1,1,0,1,1,verified,-8.136971473693848,-8.233708902777778,0.09673742908393024
B0_D2,tau800,688,1,1,0,1,1,verified,-2.4132587909698486,-2.4936662025000005,0.08040741153015185
B0_D2,tau800,689,0,1,0,1,1,verified,-6.236153602600098,-6.3002516555102,0.06409805291010251
B0_D2,tau800,690,1,1,0,0,0,not_converged,-4.496188640594482,,
B0_D2,tau800,691,1,1,0,0,0,not_converged,-4.820229530334473,-4.787270853333333,-0.032958677001139414
B0_D2,tau800,692,1,1,1,1,0,not_converged,-6.208535194396973,-6.17405111666667,-0.03448407773030304
B0_D2,tau800,693,1,1,0,0,0,not_converged,-6.183700084686279,-6.4184782624074,0.23477817772112086
B0_D2,tau800,694,1,1,0,1,0,not_converged,-4.915820598602295,-4.934960862916669,0.0191402643143741
B0_D2,tau800,695,1,1,0,1,0,not_converged,-4.751218318939209,-4.812299475,0.061081156060790676
B0_D2,tau800,696,1,1,0,0,1,verified,-3.2101097106933594,-3.1968489839999985,-0.01326072669336087
B0_D2,tau800,697,1,1,0,1,0,not_converged,-6.239726543426514,-6.26341539,0.02368884657348591
B0_D2,tau800,698,1,1,0,1,1,verified,-8.0894136428833,-8.10818995285713,0.01877630997382873
B0_D2,tau800,699,1,1,0,0,1,verified,-6.846248626708984,-6.95063766,0.10438903329101556
B0_D2,tau800,700,1,1,0,0,0,not_converged,-6.304803371429443,-6.512159472222223,0.20735610079277933
B0_D2,tau800,701,1,1,0,1,1,verified,-1.2634714841842651,-1.3200470271684348,0.05657554298416967
B0_D2,tau800,702,1,1,1,1,1,verified,-6.332255840301514,-6.28886659,-0.04338925030151408
B0_D2,tau800,703,0,1,1,1,1,verified,-6.904314041137695,-6.891417424285714,-0.012896616851981513
B0_D2,tau800,704,1,1,0,1,0,not_converged,-8.461875915527344,-8.51688622213451,0.05501030660716566
B0_D2,tau800,705,1,1,1,1,0,not_converged,-5.2879252433776855,-5.233241557916665,-0.054683685461020204
B0_D2,tau800,706,1,1,0,0,0,not_converged,-7.202214241027832,-7.342743946375009,0.14052970534717701
B0_D2,tau800,707,1,1,1,1,1,verified,-4.798488140106201,-4.7680858299999995,-0.030402310106201647
B0_D2,tau800,708,1,1,0,1,1,verified,-6.918961524963379,-6.971894294761912,0.052932769798532675
B0_D2,tau800,709,0,1,0,0,0,not_converged,-6.995950222015381,-7.098623117619049,0.10267289560366777
B0_D2,tau800,710,1,1,0,0,0,not_converged,-7.0037312507629395,-7.342082446388888,0.3383511956259486
B0_D2,tau800,711,1,1,0,0,1,verified,-7.611495018005371,-7.74208865875,0.1305936407446291
B0_D2,tau800,712,1,1,0,1,1,verified,-5.528672218322754,-5.551665437777777,0.022993219455023528
B0_D2,tau800,713,1,1,0,0,0,not_converged,-7.358334541320801,-7.49526839575,0.13693385442919936
B0_D2,tau800,714,1,1,0,1,0,not_converged,-3.8794453144073486,-3.9130018430000004,0.03355652859265179
B0_D2,tau800,715,0,1,0,0,0,not_converged,-5.605481147766113,-5.719087657083333,0.11360650931721938
B0_D2,tau800,716,1,1,0,1,0,not_converged,-7.658054351806641,-7.737812645333337,0.07975829352669628
B0_D2,tau800,717,1,1,0,0,1,verified,-6.365505218505859,-6.5044673237857165,0.13896210527985708
B0_D2,tau800,718,1,1,0,0,0,not_converged,-9.843002319335938,-9.996184573500003,0.15318225416406506
B0_D2,tau800,719,0,0,0,0,0,generation_failure,,,
B0_D2,tau800,720,0,1,0,1,0,not_converged,-9.214673042297363,-9.24237755570988,0.027704513412516008
B0_D2,tau800,721,1,1,0,0,0,not_converged,-4.995023250579834,-5.415105802638893,0.42008255205905876
B0_D2,tau800,722,1,1,0,1,1,verified,-4.755996227264404,-4.768434421111113,0.012438193846708856
B0_D2,tau800,723,1,1,0,1,0,not_converged,-3.904407501220703,-3.954560286,0.050152784779296855
B0_D2,tau800,724,1,1,0,1,0,not_converged,-4.514862060546875,-4.541502935178574,0.026640874631699063
B0_D2,tau800,725,1,1,0,0,0,not_converged,-6.603842258453369,-6.748878903333334,0.1450366448799647
B0_D2,tau800,726,1,1,0,0,0,not_converged,-7.523186683654785,-7.628483750411527,0.10529706675674166
B0_D2,tau800,727,1,1,0,0,0,not_converged,-3.5034661293029785,-3.520395878666667,0.01692974936368863
B0_D2,tau800,728,1,1,0,0,1,verified,-3.7127554416656494,-3.76551414375,0.05275870208435052
B0_D2,tau800,729,1,1,1,1,1,verified,-5.891462802886963,-5.862104980555555,-0.02935782233140749
B0_D2,tau800,730,0,1,0,1,1,verified,-1.9169409275054932,-1.98562423,0.06868330249450683
B0_D2,tau800,731,1,1,0,1,0,not_converged,-6.507136821746826,-6.581252318333334,0.07411549658650785
B0_D2,tau800,732,0,0,0,0,0,generation_failure,,,
B0_D2,tau800,733,1,1,0,1,1,verified,-7.280782699584961,-7.336335197499998,0.0555524979150368
B0_D2,tau800,734,1,1,0,1,0,not_converged,-6.559884071350098,-6.658401237142859,0.09851716579276104
B0_D2,tau800,735,1,1,0,0,0,not_converged,-8.14261245727539,-8.270374294444444,0.12776183716905365
B0_D2,tau800,736,1,1,0,0,1,verified,-3.616042375564575,-3.610058185,-0.005984190564574998
B0_D2,tau800,737,1,1,0,1,1,verified,-3.504429578781128,-3.5546431343039373,0.05021355552280937
B0_D2,tau800,738,1,1,0,0,1,verified,-0.26909199357032776,-0.303680365,0.03458837142967225
B0_D2,tau800,739,1,1,0,1,0,not_converged,-7.974599361419678,-8.060540081875,0.08594072045532286
B0_D2,tau800,740,1,1,0,0,0,not_converged,-8.664615631103516,-8.8303579059375,0.16574227483398474
B0_D2,tau800,741,1,1,0,1,0,not_converged,-4.518141269683838,-4.542635367083333,0.024494097399495374
B0_D2,tau800,742,1,1,0,0,0,not_converged,-5.5675811767578125,-5.7849796383333345,0.217398461575522
B0_D2,tau800,743,1,1,1,1,0,not_converged,-7.826216697692871,-7.822364705357142,-0.003851992335729193
B0_D2,tau800,744,1,1,0,0,1,verified,-3.1987016201019287,-3.2121013475,0.01339972739807127
B0_D2,tau800,745,1,1,0,1,0,not_converged,-2.276465892791748,-2.2923379383333327,0.015872045541584612
B0_D2,tau800,746,1,1,0,1,0,not_converged,-5.223288536071777,-5.304544437332861,0.08125590126108406
B0_D2,tau800,747,1,1,0,1,1,verified,-5.013068675994873,-5.0581171225,0.04504844650512663
B0_D2,tau800,748,1,1,0,0,0,not_converged,-8.260604858398438,-8.277995374,0.01739051560156213
B0_D2,tau800,749,1,1,0,1,0,not_converged,-4.576932430267334,-4.604603925034723,0.027671494767388616
B0_D2,tau800,750,0,1,0,1,0,not_converged,-9.263864517211914,-9.31128927875,0.04742476153808539
B0_D2,tau800,751,1,1,0,1,0,not_converged,-1.734028935432434,-1.7605242516666666,0.026495316234232513
B0_D2,tau800,752,1,1,0,0,0,not_converged,-6.560739994049072,-6.722576283923612,0.16183628987453957
B0_D2,tau800,753,0,0,0,0,0,generation_failure,,,
B0_D2,tau800,754,1,1,0,1,0,not_converged,-7.106358051300049,-7.1307171941666665,0.024359142866617667
B0_D2,tau800,755,1,1,0,0,1,verified,-7.752257823944092,-8.100070554490738,0.3478127305466465
B0_D2,tau800,756,1,1,0,0,0,not_converged,-6.013675212860107,-6.170512414999999,0.15683720213989183
B0_D2,tau800,757,1,1,0,1,0,not_converged,-2.4525229930877686,-2.4789405550000003,0.02641756191223177
B0_D2,tau800,758,1,1,0,1,1,verified,-2.907047986984253,-2.961283005499999,0.05423501851574608
B0_D2,tau800,759,1,1,0,0,1,verified,-6.946527004241943,-7.1151969909999995,0.1686699867580561
B0_D2,tau800,760,1,1,0,0,0,not_converged,-8.679898262023926,-8.806885058333334,0.12698679630940823
B0_D2,tau800,761,1,1,0,0,1,verified,-5.943358898162842,-6.0097346,0.06637570183715802
B0_D2,tau800,762,1,1,0,1,0,not_converged,-7.897362232208252,-7.990677937000004,0.09331570479175166
B0_D2,tau800,763,1,1,0,0,0,not_converged,-7.83168363571167,-7.950050906588233,0.11836727087656307
B0_D2,tau800,764,1,1,0,0,0,not_converged,-5.974099636077881,-6.141018505666668,0.16691886958878754
B0_D2,tau800,765,1,1,1,1,0,not_converged,-9.433317184448242,-9.408722988500001,-0.024594195948241193
B0_D2,tau800,766,1,1,0,0,0,not_converged,-7.3690009117126465,-7.516797979874999,0.14779706816235283
B0_D2,tau800,767,1,1,1,1,1,verified,-3.9399051666259766,-3.9270266900000004,-0.012878476625976187
B0_D2,tau800,768,0,1,0,0,0,not_converged,-2.69793438911438,-2.9515350016666666,0.2536006125522867
B0_D2,tau800,769,0,0,0,0,0,generation_failure,,,
B0_D2,tau800,770,1,1,1,1,0,not_converged,-10.061010360717773,-10.048376367284483,-0.012633993433290414
B0_D2,tau800,771,1,1,1,1,0,not_converged,-6.903598785400391,-6.876949725,-0.02664906040039039
B0_D2,tau800,772,1,1,0,0,1,verified,-6.269193649291992,-6.3711112776341,0.10191762834210749
B0_D2,tau800,773,1,1,1,1,1,verified,-7.124887466430664,-7.122875232,-0.002012234430663895
B0_D2,tau800,774,0,1,0,0,1,verified,-5.417293548583984,-5.519281235555556,0.10198768697157146
B0_D2,tau800,775,1,1,0,0,0,not_converged,-8.271968841552734,-8.426084988249997,0.15411614669726248
B0_D2,tau800,776,1,1,0,0,0,not_converged,-7.32236385345459,-7.4584241271249985,0.13606027367040863
B0_D2,tau800,777,1,1,0,1,0,not_converged,-7.159034729003906,-7.233627473281253,0.07459274427734641
B0_D2,tau800,778,0,1,0,0,0,not_converged,-4.364353656768799,-4.371537115833334,0.007183459064535214
B0_D2,tau800,779,1,1,0,1,1,verified,-1.1915655136108398,-1.2390868766666667,0.04752136305582688
B0_D2,tau800,780,1,1,0,0,0,not_converged,-6.908356189727783,-7.740167285859375,0.8318110961315917
B0_D2,tau800,781,1,1,0,0,1,verified,-7.719799518585205,-7.84885051774306,0.12905099915785456
B0_D2,tau800,782,1,1,0,0,0,not_converged,-6.051772594451904,-6.171937493333335,0.12016489888143056
B0_D2,tau800,783,1,1,0,1,1,verified,-4.837287425994873,-4.879491741927084,0.04220431593221097
B0_D2,tau800,784,1,1,0,1,1,verified,-3.3809118270874023,-3.3851983528030303,0.004286525715627931
B0_D2,tau800,785,0,0,0,0,0,generation_failure,,,
B0_D2,tau800,786,1,1,1,1,0,not_converged,-7.937765121459961,-7.8457092920000004,-0.09205582945996049
B0_D2,tau800,787,1,1,0,0,1,verified,-7.476222991943359,-7.576344552857143,0.10012156091378355
B0_D2,tau800,788,1,1,1,1,0,not_converged,-4.256811618804932,-4.211207498333334,-0.04560412047159801
B0_D2,tau800,789,0,1,0,1,0,not_converged,-4.798929214477539,-4.84518570875,0.04625649427246081
B0_D2,tau800,790,1,1,0,0,0,not_converged,-7.297115325927734,-7.40743246492347,0.11031713899573603
B0_D2,tau800,791,0,0,0,0,0,generation_failure,,,
B0_D2,tau800,792,1,1,0,1,1,verified,-3.2890145778656006,-3.3161780075,0.02716342963439944
B0_D2,tau800,793,1,1,0,0,1,verified,-6.248498916625977,-6.4379727303333345,0.18947381370735794
B0_D2,tau800,794,1,1,0,1,0,not_converged,-6.847153186798096,-6.924964055128209,0.07781086833011308
B0_D2,tau800,795,1,1,0,1,0,not_converged,-6.914370536804199,-6.949095105,0.03472456819580039
B0_D2,tau800,796,1,1,0,0,0,not_converged,-5.86308479309082,-6.117192943333333,0.2541081502425131
B0_D2,tau800,797,1,1,0,1,1,verified,-7.055756568908691,-7.072619608125,0.016863039216308273
B0_D2,tau800,798,1,1,0,1,0,not_converged,-3.25311279296875,-3.2533790555937463,0.00026626262499629405
B0_D2,tau800,799,0,0,0,0,0,generation_failure,,,
B0_D2,tau800,800,1,1,0,0,0,not_converged,-5.379358768463135,-5.672655027619047,0.2932962591559125
B0_D2,tau800,801,1,1,0,1,1,verified,-8.163223266601562,-8.228284093928572,0.06506082732700946
B0_D2,tau800,802,1,1,0,0,0,not_converged,-6.179320335388184,-6.549004996,0.36968466061181626
B0_D2,tau800,803,1,1,0,0,1,verified,-6.09753942489624,-6.119753534,0.02221410910375976
B0_D2,tau800,804,1,1,0,1,1,verified,-3.499722480773926,-3.573580710833334,0.07385823005940839
B0_D2,tau800,805,0,1,0,0,0,not_converged,-6.979649066925049,-7.13805323076984,0.15840416384479106
B0_D2,tau800,806,1,1,0,1,0,not_converged,-6.785645961761475,-6.870190059567901,0.08454409780642624
B0_D2,tau800,807,1,1,0,1,0,not_converged,-7.20055627822876,-7.276155354522222,0.07559907629346263
B0_D2,tau800,808,1,1,0,0,1,verified,-5.7662835121154785,-5.949908545126046,0.18362503301056776
B0_D2,tau800,809,1,1,1,1,1,verified,-3.103154182434082,-3.1015372975,-0.0016168849340818525
B0_D2,tau800,810,0,1,1,1,0,not_converged,-5.965808391571045,-5.33646032625,-0.6293480653210448
B0_D2,tau800,811,1,1,0,0,0,not_converged,-8.222138404846191,-8.641752183636333,0.4196137787901417
B0_D2,tau800,812,1,1,0,1,0,not_converged,-7.819617748260498,-7.837688328888893,0.01807058062839495
B0_D2,tau800,813,1,1,1,1,1,verified,-6.627623081207275,-6.529200695348258,-0.09842238585901697
B0_D2,tau800,814,1,1,0,0,0,not_converged,-9.3086576461792,-9.562298996666666,0.2536413504874666
B0_D2,tau800,815,1,1,0,0,0,not_converged,-6.569276809692383,-6.71261526285714,0.14333845316475724
B0_D2,tau800,816,1,1,0,0,0,not_converged,-7.268799781799316,-7.27805242,0.00925263820068345
B0_D2,tau800,817,1,1,0,0,0,not_converged,-8.130459785461426,-8.275771377777778,0.14531159231635193
B0_D2,tau800,818,1,1,0,1,0,not_converged,-8.365410804748535,-8.427569198,0.06215839325146533
B0_D2,tau800,819,1,1,0,0,0,not_converged,-4.34429931640625,-4.442937286666667,0.09863797026041699
B0_D2,tau800,820,0,1,0,0,0,not_converged,-7.636297702789307,-7.800188693214285,0.1638909904249788
B0_D2,tau800,821,1,1,0,1,1,verified,-5.984495162963867,-5.99867981,0.014184647036132425
B0_D2,tau800,822,1,1,0,1,0,not_converged,-7.473447799682617,-7.533483447794115,0.060035648111497864
B0_D2,tau800,823,1,1,0,1,0,not_converged,-7.293586730957031,-7.36402403991228,0.07043730895524902
B0_D2,tau800,824,1,1,0,0,0,not_converged,-2.589163064956665,,
B0_D2,tau800,825,0,1,0,0,1,verified,-3.708336353302002,-3.8928727846913582,0.18453643138935627
B0_D2,tau800,826,0,0,0,0,0,generation_failure,,,
B0_D2,tau800,827,1,1,0,0,0,not_converged,-8.579527854919434,-8.710140971874996,0.130613116955562
B0_D2,tau800,828,1,1,0,1,0,not_converged,-6.766817569732666,-6.825145993000001,0.05832842326733534
B0_D2,tau800,829,1,1,0,0,0,not_converged,-7.520829200744629,-7.649855285333333,0.12902608458870368
B0_D2,tau800,830,1,1,0,1,0,not_converged,-6.960170269012451,-7.036984786500007,0.07681451748755563
B0_D2,tau800,831,0,1,1,1,1,verified,-3.876152753829956,-3.8265329825000003,-0.049619771329955764
B0_D2,tau800,832,1,1,0,1,1,verified,-6.023804664611816,-6.117308735855266,0.09350407124344962
B0_D2,tau800,833,1,1,0,1,0,not_converged,-5.781552314758301,-5.865303785,0.08375147024169927
B0_D2,tau800,834,1,1,0,0,0,not_converged,-9.30374813079834,-9.486995716666668,0.1832475858683278
B0_D2,tau800,835,1,1,0,1,0,not_converged,-3.1223361492156982,-3.136149184333333,0.013813035117634875
B0_D2,tau800,836,0,1,0,0,0,not_converged,-4.716620445251465,-4.8613730521428575,0.1447526068913927
B0_D2,tau800,837,0,0,0,0,0,generation_failure,,,
B0_D2,tau800,838,0,1,0,1,0,not_converged,-3.9868714809417725,-4.0694253824999995,0.08255390155822706
B0_D2,tau800,839,1,1,1,1,0,not_converged,-5.847891330718994,-5.8394742100000006,-0.008417120718993587
B0_D2,tau800,840,1,1,0,0,1,verified,-6.964995861053467,-6.91080607,-0.05418979105346722
B0_D2,tau800,841,0,1,0,0,0,not_converged,-5.3824005126953125,-5.556708085096156,0.17430757240084382
B0_D2,tau800,842,1,1,0,0,1,verified,-8.363006591796875,-8.422012696979166,0.059006105182291435
B0_D2,tau800,843,1,1,0,1,1,verified,-2.0080416202545166,-2.027634694074074,0.01959307381955755
B0_D2,tau800,844,1,1,0,0,0,not_converged,-6.7174482345581055,-6.931591296458333,0.21414306190022714
B0_D2,tau800,845,1,1,0,0,0,not_converged,-6.7081379890441895,-6.838058308666669,0.12992031962247985
B0_D2,tau800,846,0,1,1,1,0,not_converged,-7.419017791748047,-7.3757731645,-0.043244627248046896
B0_D2,tau800,847,1,1,0,0,0,not_converged,-8.653950691223145,-8.847554120749999,0.1936034295268545
B0_D2,tau800,848,1,1,0,0,0,not_converged,-7.354423522949219,-7.460861769488637,0.10643824653941802
B0_D2,tau800,849,1,1,0,0,0,not_converged,-3.219341993331909,-3.332236382916667,0.11289438958475762
B0_D2,tau800,850,0,1,0,0,0,not_converged,-6.600574016571045,-6.764080356176475,0.16350633960542993
B0_D2,tau800,851,1,1,0,1,0,not_converged,-9.237432479858398,-9.274697866666667,0.03726538680826863
B0_D2,tau800,852,1,1,0,0,0,not_converged,-7.704136848449707,-7.925577474541658,0.22144062609195103
B0_D2,tau800,853,1,1,0,1,0,not_converged,-5.988203048706055,-6.0341786325,0.04597558379394506
B0_D2,tau800,854,1,1,0,1,0,not_converged,-9.116338729858398,-9.162336631333327,0.04599790147492833
B0_D2,tau800,855,0,1,0,1,0,not_converged,-4.411049842834473,-4.459803252,0.04875340916552773
B0_D2,tau800,856,1,1,0,1,0,not_converged,-7.7756218910217285,-7.874149350833337,0.09852745981160815
B0_D2,tau800,857,1,1,0,0,0,not_converged,-5.183671951293945,-5.333822710000001,0.15015075870605532
B0_D2,tau800,858,1,1,0,1,0,not_converged,-4.438268184661865,-4.48796225684524,0.049694072183374516
B0_D2,tau800,859,1,1,0,0,1,verified,-5.262691020965576,-5.368700827121209,0.10600980615563316
B0_D2,tau800,860,1,1,0,1,1,verified,-6.165800094604492,-6.222918800681807,0.05711870607731484
B0_D2,tau800,861,1,1,1,1,0,not_converged,-5.288253307342529,-5.273301633333333,-0.014951674009195948
B0_D2,tau800,862,1,1,0,1,0,not_converged,-7.063159465789795,-7.0814302341666675,0.01827076837687258
B0_D2,tau800,863,0,1,0,0,1,verified,-4.371555328369141,-4.3693331225,-0.002222205869141014
B0_D2,tau800,864,1,1,0,1,0,not_converged,-6.180669784545898,-6.2328494295,0.052179644954101434
B0_D2,tau800,865,0,1,0,1,0,not_converged,-5.661424160003662,-5.7010628075,0.0396386474963375
B0_D2,tau800,866,0,1,0,1,1,verified,-6.958290100097656,-6.99149448592803,0.03320438583037344
B0_D2,tau800,867,1,1,0,0,0,not_converged,-7.662655353546143,-7.813534150749998,0.15087879720385544
B0_D2,tau800,868,0,1,0,1,0,not_converged,-4.27150821685791,-4.359820095,0.08831187814208974
B0_D2,tau800,869,1,1,0,0,0,not_converged,-7.118038654327393,,
B0_D2,tau800,870,1,1,0,0,0,not_converged,-10.146780014038086,-10.161461063333332,0.014681049295246495
B0_D2,tau800,871,1,1,0,1,0,not_converged,-5.692154884338379,-5.74306424,0.050909355661620914
B0_D2,tau800,872,1,1,0,0,0,not_converged,-6.46614933013916,-6.707488204410716,0.24133887427155543
B0_D2,tau800,873,0,1,0,1,1,verified,-3.5433666706085205,-3.5652668837500014,0.02190021314148094
B0_D2,tau800,874,0,1,0,0,0,not_converged,-6.657965660095215,-6.842737093058825,0.18477143296361032
B0_D2,tau800,875,1,1,0,1,0,not_converged,-5.850784778594971,-5.8992386660000005,0.04845388740502976
B0_D2,tau800,876,1,1,0,1,1,verified,-7.320281982421875,-7.3759375485,0.05565556607812461
B0_D2,tau800,877,1,1,0,0,0,not_converged,-3.393752336502075,-3.5468643036363634,0.1531119671342882
B0_D2,tau800,878,1,1,0,1,0,not_converged,-5.8904266357421875,-5.960389945791667,0.06996331004947987
B0_D2,tau800,879,0,1,0,0,0,not_converged,-3.3177738189697266,-3.4841492198214294,0.16637540085170288
B0_D2,tau800,880,0,1,0,0,0,not_converged,-4.208942890167236,-4.429701757,0.2207588668327638
B0_D2,tau800,881,1,1,0,1,1,verified,-4.523985862731934,-4.613803788333334,0.0898179256014
B0_D2,tau800,882,1,1,0,0,1,verified,-8.065698623657227,-8.150295750000002,0.08459712634277494
B0_D2,tau800,883,1,1,0,0,0,not_converged,-8.856051445007324,-9.0141752835,0.15812383849267597
B0_D2,tau800,884,1,1,0,1,1,verified,-3.4717931747436523,-3.5155698233333332,0.04377664858968089
B0_D2,tau800,885,0,1,0,0,0,not_converged,-6.773054122924805,-6.981420652045454,0.20836652912064935
B0_D2,tau800,886,0,1,0,0,0,not_converged,-7.1156229972839355,,
B0_D2,tau800,887,1,1,0,0,0,not_converged,-5.99595832824707,-6.3670003799999995,0.37104205175292915
B0_D2,tau800,888,0,1,0,0,0,not_converged,-5.180051326751709,-5.314269965249999,0.1342186384982904
B0_D2,tau800,889,1,1,0,1,1,verified,-5.523111820220947,-5.6162415803125,0.0931297600915526
B0_D2,tau800,890,1,1,0,0,1,verified,-6.812138080596924,-6.919078220416664,0.10694013981974049
B0_D2,tau800,891,1,1,0,1,1,verified,-2.833468437194824,-2.8410345825,0.007566145305175631
B0_D2,tau800,892,1,1,0,1,0,not_converged,-5.825634956359863,-5.920631454027778,0.09499649766791496
B0_D2,tau800,893,1,1,0,0,0,not_converged,-6.247888088226318,-6.450757354166666,0.2028692659403477
B0_D2,tau800,894,1,1,0,0,1,verified,-3.5169146060943604,-3.52689995375,0.009985347655639742
B0_D2,tau800,895,0,1,1,1,1,verified,-2.737882614135742,-2.7363293518055563,-0.0015532623301859338
B0_D2,tau800,896,1,1,0,1,0,not_converged,-3.621777057647705,-3.7158491445833333,0.09407208693562819
B0_D2,tau800,897,1,1,0,0,1,verified,-8.078193664550781,-8.160248024000001,0.08205435944922002
B0_D2,tau800,898,1,1,0,0,0,not_converged,-6.667984962463379,-6.831042365396824,0.16305740293344506
B0_D2,tau800,899,1,1,0,0,0,not_converged,-6.515242099761963,-6.812814635,0.29757253523803673
B0_D2,tau800,900,1,1,0,0,0,not_converged,-9.091165542602539,-9.32968279,0.2385172473974606
B0_D2,tau800,901,0,1,0,1,0,not_converged,-1.7992057800292969,-1.8879827516927081,0.08877697166341125
B0_D2,tau800,902,1,1,0,0,0,not_converged,-8.268543243408203,-8.380616457222251,0.11207321381404789
B0_D2,tau800,903,0,1,0,0,0,not_converged,-8.968034744262695,-9.276498181714283,0.30846343745158755
B0_D2,tau800,904,1,1,0,0,0,not_converged,-4.329425811767578,-4.476813682857139,0.14738787108956064
B0_D2,tau800,905,1,1,0,1,0,not_converged,-5.623284339904785,-5.6470053723214235,0.023721032416638366
B0_D2,tau800,906,1,1,0,0,0,not_converged,-6.6241326332092285,-6.726081305,0.1019486717907716
B0_D2,tau800,907,1,1,0,0,0,not_converged,-8.350362777709961,-8.401153636785713,0.05079085907575198
B0_D2,tau800,908,1,1,0,1,1,verified,-4.525054931640625,-4.532290752777778,0.007235821137152598
B0_D2,tau800,909,1,1,0,1,1,verified,-7.07388162612915,-7.1612256529166665,0.08734402678751607
B0_D2,tau800,910,1,1,0,1,0,not_converged,-8.167652130126953,-8.195154697916665,0.027502567789712273
B0_D2,tau800,911,1,1,0,1,0,not_converged,-3.1268651485443115,-3.1365199707718125,0.009654822227501025
B0_D2,tau800,912,1,1,0,0,0,not_converged,-8.926325798034668,-9.133737216491225,0.20741141845655697
B0_D2,tau800,913,1,1,0,0,1,verified,-6.070435047149658,-6.424977623680556,0.35454257653089805
B0_D2,tau800,914,1,1,0,0,0,not_converged,-7.494739055633545,-7.548153147356322,0.053414091722777
B0_D2,tau800,915,1,1,0,0,1,verified,-4.252872467041016,-4.4212917337499995,0.16841926670898388
B0_D2,tau800,916,1,1,0,1,0,not_converged,-4.853720188140869,-4.938927495,0.08520730685913058
B0_D2,tau800,917,1,1,0,0,0,not_converged,-2.3045105934143066,,
B0_D2,tau800,918,0,0,0,0,0,generation_failure,,,
B0_D2,tau800,919,1,1,0,0,0,not_converged,-5.556070327758789,-5.935153199999993,0.37908287224120407
B0_D2,tau800,920,0,1,0,1,0,not_converged,-7.251501560211182,-7.309173151538461,0.057671591327279614
B0_D2,tau800,921,1,1,1,1,1,verified,-2.090639591217041,-2.0869139169444444,-0.003725674272596624
B0_D2,tau800,922,0,1,0,1,0,not_converged,-8.685909271240234,-8.754443228499998,0.06853395725976341
B0_D2,tau800,923,1,1,0,0,0,not_converged,-5.502446174621582,-5.717606413377198,0.21516023875561618
B0_D2,tau800,924,1,1,0,0,1,verified,-1.8764915466308594,-1.9235609841666665,0.04706943753580717
B0_D2,tau800,925,1,1,0,1,1,verified,-6.55544376373291,-6.645119851666667,0.08967608793375703
B0_D2,tau800,926,1,1,0,0,0,not_converged,-7.93843936920166,-8.251581623124999,0.3131422539233384
B0_D2,tau800,927,0,1,0,1,0,not_converged,-5.724058628082275,-5.789904790128208,0.06584616204593274
B0_D2,tau800,928,0,0,0,0,0,generation_failure,,,
B0_D2,tau800,929,1,1,0,1,0,not_converged,-4.691593170166016,-4.71438744047619,0.022794270310174447
B0_D2,tau800,930,1,1,0,0,0,not_converged,-6.40102481842041,-6.562777495416665,0.1617526769962545
B0_D2,tau800,931,1,1,0,0,0,not_converged,-5.184430122375488,,
B0_D2,tau800,932,1,1,0,1,0,not_converged,-8.585221290588379,-8.626852597625001,0.041631307036622545
B0_D2,tau800,933,1,1,1,1,0,not_converged,-6.521571636199951,-6.508131777500003,-0.01343985869994846
B0_D2,tau800,934,1,1,0,0,0,not_converged,-6.076417922973633,-6.221268407500002,0.14485048452636917
B0_D2,tau800,935,1,1,0,1,1,verified,-1.923018455505371,-1.9235609841666665,0.0005425286612954494
B0_D2,tau800,936,1,1,1,1,0,not_converged,-6.620095252990723,-6.605582771093751,-0.014512481896971963
B0_D2,tau800,937,1,1,1,1,0,not_converged,-3.630375623703003,-3.6301534775,-0.00022214620300298193
B0_D2,tau800,938,1,1,0,1,0,not_converged,-7.47902774810791,-7.4852171425,0.006189394392089653
B0_D2,tau800,939,1,1,0,0,0,not_converged,-6.300408840179443,-6.588806637777775,0.28839779759833206
B0_D2,tau800,940,0,1,0,0,0,not_converged,-6.927620887756348,-7.093001261234568,0.16538037347822065
B0_D2,tau800,941,1,1,0,1,1,verified,-6.236703395843506,-6.304610611666667,0.06790721582316106
B0_D2,tau800,942,1,1,0,0,1,verified,-6.0326104164123535,-6.408065929088541,0.3754555126761874
B0_D2,tau800,943,0,1,0,0,0,not_converged,-5.6156229972839355,-5.931034952857143,0.31541195557320734
B0_D2,tau800,944,1,1,0,0,1,verified,-4.974941253662109,-5.000973668125,0.026032414462890507
B0_D2,tau800,945,0,1,0,0,0,not_converged,-4.906582832336426,-5.029781740000009,0.12319890766358288
B0_D2,tau800,946,1,1,0,1,0,not_converged,-7.464557647705078,-7.561609808437513,0.09705216073243506
B0_D2,tau800,947,1,1,1,1,1,verified,-2.6364073753356934,-2.6288808611111123,-0.00752651422458106
B0_D2,tau800,948,1,1,0,1,0,not_converged,-8.96904182434082,-9.005267389444437,0.036225565103617186
B0_D2,tau800,949,1,1,0,0,0,not_converged,-9.05912971496582,-9.173728859875,0.11459914490917988
B0_D2,tau800,950,1,1,0,0,0,not_converged,-4.822000026702881,-4.828780048266665,0.006780021563784544
B0_D2,tau800,951,1,1,0,1,0,not_converged,-2.6084344387054443,-2.6353589008333334,0.026924462127889015
B0_D2,tau800,952,1,1,0,1,0,not_converged,-6.808492660522461,-6.8353379575,0.026845296977539235
B0_D2,tau800,953,0,1,0,1,0,not_converged,-6.071556091308594,-6.107807231399999,0.036251140091405176
B0_D2,tau800,954,1,1,0,0,0,not_converged,-1.5244762897491455,-1.5762890504432145,0.05181276069406904
B0_D2,tau800,955,1,1,0,0,1,verified,-5.81608772277832,-6.096721035989582,0.2806333132112613
B0_D2,tau800,956,1,1,0,0,0,not_converged,-5.111542224884033,-5.240470606250001,0.1289283813659674
B0_D2,tau800,957,1,1,0,0,1,verified,-6.616250991821289,-6.756182643611104,0.13993165178981481
B0_D2,tau800,958,1,1,0,1,0,not_converged,-7.894442081451416,-7.947011501666666,0.05256942021525024
B0_D2,tau800,959,1,1,0,1,1,verified,-4.201662063598633,-4.204492773249999,0.0028307096513664476
B0_D2,tau800,960,1,1,0,1,0,not_converged,-5.854525089263916,-5.907630262857143,0.053105173593227306
B0_D2,tau800,961,1,1,0,1,1,verified,-5.260283470153809,-5.348174636875,0.08789116672119146
B0_D2,tau800,962,1,1,0,0,1,verified,-3.2945215702056885,-3.349867614000012,0.055346043794323396
B0_D2,tau800,963,1,1,0,1,0,not_converged,-5.805852890014648,-5.850962824615385,0.04510993460073642
B0_D2,tau800,964,1,1,1,1,0,not_converged,-2.632474422454834,-2.628029283333333,-0.004445139121501018
B0_D2,tau800,965,1,1,0,1,0,not_converged,-7.353930473327637,-7.423750508611113,0.06982003528347658
B0_D2,tau800,966,1,1,0,0,0,not_converged,-6.321144104003906,-6.48022517,0.1590810659960935
B0_D2,tau800,967,0,1,0,0,0,not_converged,-8.445147514343262,-8.566027582250001,0.12088006790673944
B0_D2,tau800,968,0,1,0,0,0,not_converged,-4.262480735778809,-4.3953371727777775,0.13285643699896887
B0_D2,tau800,969,1,1,0,1,0,not_converged,-4.5291852951049805,-4.579301731999999,0.05011643689501888
B0_D2,tau800,970,0,1,0,0,0,not_converged,-5.798966884613037,-6.008737998571429,0.20977111395839199
B0_D2,tau800,971,1,1,0,1,0,not_converged,-8.212960243225098,-8.300620009,0.08765976577490164
B0_D2,tau800,972,1,1,0,0,0,not_converged,-4.33863639831543,-4.591546156,0.25290975768457
B0_D2,tau800,973,1,0,0,0,0,invalid_raw,,-4.275384111145833,
B0_D2,tau800,974,1,1,0,0,1,verified,-3.2651760578155518,-3.4017095735774285,0.13653351576187678
B0_D2,tau800,975,1,1,0,0,1,verified,-1.9143366813659668,-1.9412918889473683,0.026955207581401464
B0_D2,tau800,976,1,1,0,0,0,not_converged,-9.074453353881836,-9.2610256993,0.18657234541816337
B0_D2,tau800,977,1,1,0,0,1,verified,-3.1405980587005615,-3.2826886128333337,0.14209055413277216
B0_D2,tau800,978,1,1,0,0,1,verified,-3.9792799949645996,-3.96256841,-0.01671158496459979
B0_D2,tau800,979,1,1,0,1,1,verified,-5.343707084655762,-5.37387322125,0.030166136594238502
B0_D2,tau800,980,0,1,0,0,1,verified,-3.2853915691375732,-3.3988047760227267,0.11341320688515344
B0_D2,tau800,981,1,1,0,1,0,not_converged,-6.714011192321777,-6.7509717607692314,0.0369605684474541
B0_D2,tau800,982,1,1,0,0,1,verified,-5.017748832702637,-5.362090432083335,0.34434159938069797
B0_D2,tau800,983,1,1,0,1,0,not_converged,-4.429813385009766,-4.445204028333333,0.015390643323567765
B0_D2,tau800,984,1,1,0,1,1,verified,-3.241734266281128,-3.334469338125,0.09273507184387197
B0_D2,tau800,985,1,1,0,1,0,not_converged,-7.701946258544922,-7.7329063546296295,0.030960096084707622
B0_D2,tau800,986,1,1,0,0,0,not_converged,-6.910955429077148,-7.051076044499988,0.14012061542283938
B0_D2,tau800,987,1,1,0,1,0,not_converged,-7.52644157409668,-7.585669332435898,0.059227758339218006
B0_D2,tau800,988,1,1,0,1,0,not_converged,-6.908344745635986,-6.918072291,0.009727545364013324
B0_D2,tau800,989,1,1,0,1,0,not_converged,-6.194579601287842,-6.293208005937493,0.09862840464965128
B0_D2,tau800,990,1,1,0,1,0,not_converged,-6.0585808753967285,-6.117308735855266,0.058727860458537506
B0_D2,tau800,991,1,1,0,0,0,not_converged,-7.828734397888184,-7.852421027500004,0.02368662961182011
B0_D2,tau800,992,1,1,0,0,1,verified,-3.4732072353363037,-3.6203491816666666,0.14714194633036293
B0_D2,tau800,993,1,1,0,1,1,verified,-3.5869195461273193,-3.684443689388886,0.09752414326156655
B0_D2,tau800,994,1,1,1,1,1,verified,-4.475583553314209,-4.472193790714286,-0.003389762599923074
B0_D2,tau800,995,1,1,0,0,1,verified,-7.973994731903076,-8.089172016666668,0.11517728476359146
B0_D2,tau800,996,1,1,0,0,1,verified,-11.895766258239746,-12.001129901960784,0.1053636437210379
B0_D2,tau800,997,1,1,0,1,0,not_converged,-6.296103000640869,-6.366955594868422,0.07085259422755286
B0_D2,tau800,998,1,1,0,1,0,not_converged,-8.60504150390625,-8.66466423875,0.05962273484374947
B0_D2,tau800,999,1,1,0,0,0,not_converged,-6.726456165313721,-6.955135084090912,0.2286789187771916
B0_D2,tau800,1000,1,1,0,1,0,not_converged,-6.290902137756348,-6.376005910500002,0.0851037727436541
B0_D2,tau800,1001,0,1,0,1,0,not_converged,-7.113761901855469,-7.172089614785716,0.05832771293024752
B0_D2,tau800,1002,1,1,0,0,1,verified,-7.284823417663574,-7.452604668935188,0.16778125127161392
B0_D2,tau800,1003,1,1,0,1,1,verified,-4.527190685272217,-4.539833736785715,0.012643051513498094
B0_D2,tau800,1004,1,1,0,0,0,not_converged,-5.041988849639893,-5.235251914,0.19326306436010743
B0_D2,tau800,1005,1,1,0,0,0,not_converged,-6.947560787200928,-7.464738426875,0.5171776396740722
B0_D2,tau800,1006,1,1,0,0,0,not_converged,-8.418769836425781,-8.99303566375,0.5742658273242185
B0_D2,tau800,1007,1,1,0,1,0,not_converged,-8.774527549743652,-8.848548997249987,0.07402144750633433
B0_D2,tau800,1008,0,1,0,0,1,verified,-7.1607770919799805,-7.204191587857143,0.04341449587716273
B0_D2,tau800,1009,1,1,0,0,1,verified,-2.7185659408569336,-3.37754515125,0.6589792103930665
B0_D2,tau800,1010,0,1,0,0,0,not_converged,-6.001550197601318,-6.122153780833333,0.1206035832320147
B0_D2,tau800,1011,1,1,0,1,1,verified,-8.915318489074707,-8.964119810833333,0.04880132175862606
B0_D2,tau800,1012,1,1,1,1,1,verified,-6.879612922668457,-6.814666827499999,-0.06494609516845795
B0_D2,tau800,1013,1,1,0,1,0,not_converged,-6.257962226867676,-6.279278795468749,0.02131656860107345
B0_D2,tau800,1014,1,1,0,1,0,not_converged,-5.3923234939575195,-5.422837616018516,0.03051412206099613
B0_D2,tau800,1015,1,1,0,0,0,not_converged,-6.176392078399658,-6.385202765446426,0.20881068704676764
B0_D2,tau800,1016,1,1,0,1,0,not_converged,-5.327375411987305,-5.329946567465279,0.002571155477974152
B0_D2,tau800,1017,1,1,0,0,0,not_converged,-8.225106239318848,-8.516481491666667,0.29137525234781947
B0_D2,tau800,1018,1,1,0,0,0,not_converged,-8.676642417907715,-8.849727559444439,0.17308514153672405
B0_D2,tau800,1019,0,0,0,0,0,generation_failure,,,
B0_D2,tau800,1020,1,1,0,0,1,verified,-4.467220306396484,-4.495711541666666,0.028491235270181825
B0_D2,tau800,1021,1,1,0,1,0,not_converged,-5.3502326011657715,-5.355754088333334,0.005521487167562178
B0_D2,tau800,1022,1,1,0,1,1,verified,-2.704716682434082,-2.7256249412037032,0.020908258769621213
B0_D2,tau800,1023,1,1,0,0,0,not_converged,-7.700700283050537,,
B0_D2,tau800,1024,0,1,1,1,1,verified,-6.172478199005127,-6.060203857678572,-0.11227434132655478
B0_D2,tau800,1025,1,1,0,0,0,not_converged,-9.710161209106445,-9.873978126999999,0.1638169178935538
B0_D2,tau800,1026,1,1,0,1,0,not_converged,-5.615777969360352,-5.705400640037594,0.08962267067724206
B0_D2,tau800,1027,0,0,0,0,0,generation_failure,,,
B0_D2,tau800,1028,1,1,0,0,0,not_converged,-9.159842491149902,-9.182272448000004,0.022429956850102073
B0_D2,tau800,1029,1,1,0,1,1,verified,-3.429882526397705,-3.5032229162500004,0.0733403898522953
B0_D2,tau800,1030,1,1,0,1,0,not_converged,-6.833400726318359,-6.860705495,0.027304768681641
B0_D2,tau800,1031,1,1,0,1,0,not_converged,-7.098841667175293,-7.1713837804687515,0.0725421132934585
B0_D2,tau800,1032,1,1,0,1,0,not_converged,-7.663221836090088,-7.72797144125,0.06474960515991235
B0_D2,tau800,1033,1,1,0,0,0,not_converged,-5.771240711212158,-5.964459653333333,0.19321894212117474
B0_D2,tau800,1034,1,1,0,0,0,not_converged,-8.99516773223877,-9.316285475605262,0.3211177433664929
B0_D2,tau800,1035,1,1,0,0,0,not_converged,-6.404974460601807,-6.551274847857143,0.14630038725533634
B0_D2,tau800,1036,1,1,0,1,0,not_converged,-6.9399919509887695,-7.035061600961514,0.09506964997274459
B0_D2,tau800,1037,0,1,0,0,0,not_converged,-4.038764953613281,-4.2106523650000005,0.17188741138671926
B0_D2,tau800,1038,1,1,0,1,0,not_converged,-5.609570026397705,-5.665450406666666,0.05588038026896136
B0_D2,tau800,1039,1,1,0,1,0,not_converged,-8.034396171569824,-8.12706736383333,0.09267119226350573
B0_D2,tau800,1040,1,1,0,0,0,not_converged,-7.742427825927734,-7.904883351,0.16245552507226524
B0_D2,tau800,1041,1,1,0,1,1,verified,-4.251959323883057,-4.334081165555555,0.0821218416724987
B0_D2,tau800,1042,1,1,0,1,0,not_converged,-4.328295707702637,-4.421276909333335,0.0929812016306979
B0_D2,tau800,1043,1,1,0,0,0,not_converged,-7.1501078605651855,-7.266324898825752,0.11621703826056606
B0_D2,tau800,1044,1,1,0,0,0,not_converged,-9.043871879577637,-9.18370438726561,0.13983250768797362
B0_D2,tau800,1045,1,1,0,0,0,not_converged,-6.328972816467285,-6.676856412526043,0.3478835960587574
B0_D2,tau800,1046,1,1,0,0,0,not_converged,-7.41684103012085,-7.528986436999999,0.11214540687914898
B0_D2,tau800,1047,1,1,0,0,0,not_converged,-3.522737979888916,-3.475579975,-0.04715800488891597
B0_D2,tau800,1048,1,1,0,0,0,not_converged,-4.955474376678467,-5.372073875000001,0.416599498321534
B0_D2,tau800,1049,1,1,0,0,1,verified,-7.200065612792969,-7.328540419312498,0.12847480651952914
B0_D2,tau800,1050,1,1,0,0,0,not_converged,-6.467504501342773,-6.648754046999999,0.1812495456572254
B0_D2,tau800,1051,1,1,0,0,0,not_converged,-7.551833629608154,-8.06387644,0.5120428103918453
B0_D2,tau800,1052,0,1,1,1,0,not_converged,-4.1157612800598145,-4.021669363125,-0.09409191693481489
B0_D2,tau800,1053,1,1,0,0,0,not_converged,-4.598207950592041,-4.706349505000003,0.10814155440796203
B0_D2,tau800,1054,1,1,0,0,0,not_converged,-5.538118362426758,-5.734849555312499,0.19673119288574092
B0_D2,tau800,1055,1,1,0,1,0,not_converged,-4.264474868774414,-4.2872910885,0.022816219725585896
B0_D2,tau800,1056,1,1,0,1,0,not_converged,-5.582952499389648,-5.617456659916664,0.03450416052701577
B0_D2,tau800,1057,1,1,0,0,1,verified,-8.408581733703613,-8.706719196,0.2981374622963866
B0_D2,tau800,1058,1,1,0,0,1,verified,-1.4418381452560425,-1.4715861533333332,0.029748008077290722
B0_D2,tau800,1059,1,1,0,0,0,not_converged,-6.078986644744873,-6.275858142499998,0.1968714977551249
B0_D2,tau800,1060,1,1,0,1,0,not_converged,-1.9967738389968872,-2.0482766244594592,0.05150278546257203
B0_D2,tau800,1061,1,1,0,1,0,not_converged,-7.269847393035889,-7.322040057666666,0.05219266463077776
B0_D2,tau800,1062,1,1,1,1,0,not_converged,-5.32184362411499,-5.304372049333331,-0.01747157478165917
B0_D2,tau800,1063,1,1,0,1,0,not_converged,-5.811202526092529,-5.864107121250001,0.05290459515747159
B0_D2,tau800,1064,1,1,0,1,0,not_converged,-6.9407172203063965,-6.944661120000001,0.003943899693604536
B0_D2,tau800,1065,0,1,1,1,1,verified,-4.958812713623047,-4.893101825833332,-0.06571088778971479
B0_D2,tau800,1066,1,1,0,0,1,verified,-5.08447790145874,-5.325387706,0.24090980454125965
B0_D2,tau800,1067,1,1,0,0,0,not_converged,-6.857075214385986,-7.069447928888888,0.21237271450290152
B0_D2,tau800,1068,1,1,0,0,1,verified,-5.5793657302856445,-5.729387647142857,0.1500219168572121
B0_D2,tau800,1069,1,1,0,1,0,not_converged,-3.038696527481079,-3.13835850840625,0.09966198092517109
B0_D2,tau800,1070,1,1,0,0,0,not_converged,-7.297609329223633,-7.507342496666669,0.20973316744303627
B0_D2,tau800,1071,0,1,0,0,0,not_converged,-6.403451442718506,-6.530258132264369,0.12680668954586327
B0_D2,tau800,1072,1,1,0,1,0,not_converged,-6.525141716003418,-6.610905146,0.08576342999658237
B0_D2,tau800,1073,1,1,0,0,1,verified,-3.284722089767456,-3.5510887916666665,0.2663667018992104
B0_D2,tau800,1074,1,1,0,1,1,verified,-3.794100522994995,-3.8427055044791665,0.04860498148417136
B0_D2,tau800,1075,1,1,0,0,1,verified,-4.493704319000244,-4.49543435725,0.0017300382497555944
B0_D2,tau800,1076,1,1,0,1,0,not_converged,-4.460772514343262,-4.471562288500001,0.01078977415673954
B0_D2,tau800,1077,1,1,0,0,0,not_converged,-6.720900535583496,-7.877660373,1.1567598374165042
B0_D2,tau800,1078,1,1,0,1,0,not_converged,-6.113739013671875,-6.19337081525,0.07963180157812477
B0_D2,tau800,1079,1,1,0,1,0,not_converged,-6.121438980102539,-6.220123783437499,0.09868480333495988
B0_D2,tau800,1080,0,1,0,0,1,verified,-5.468704700469971,-5.731909365575396,0.26320466510542495
B0_D2,tau800,1081,1,1,0,1,0,not_converged,-8.089503288269043,-8.160132131666666,0.07062884339762299
B0_D2,tau800,1082,1,1,0,0,1,verified,-7.639700412750244,-7.767071391428572,0.1273709786783277
B0_D2,tau800,1083,1,1,0,0,0,not_converged,-3.783982515335083,-3.979792708333333,0.1958101929982501
B0_D2,tau800,1084,1,1,0,0,0,not_converged,-6.3136773109436035,-6.345887718,0.03221040705639666
B0_D2,tau800,1085,1,1,0,0,1,verified,-7.831729888916016,-8.311426695833333,0.47969680691731753
B0_D2,tau800,1086,1,1,0,1,0,not_converged,-8.734222412109375,-8.795507097239563,0.06128468513018781
B0_D2,tau800,1087,1,1,0,0,1,verified,-4.613361358642578,-4.716940807865228,0.10357944922265006
B0_D2,tau800,1088,1,1,0,0,0,not_converged,-5.480167388916016,-5.5126637060000006,0.03249631708398493
B0_D2,tau800,1089,1,1,0,1,1,verified,-4.3725810050964355,-4.431323465,0.05874245990356464
B0_D2,tau800,1090,0,1,0,0,1,verified,-6.913066387176514,-7.071142149857135,0.15807576268062107
B0_D2,tau800,1091,1,1,0,1,0,not_converged,-3.5035006999969482,-3.5262108225,0.02271012250305171
B0_D2,tau800,1092,1,1,0,0,0,not_converged,-7.556551456451416,-7.6657712326071366,0.10921977615572054
B0_D2,tau800,1093,1,1,0,1,0,not_converged,-2.937511920928955,-3.0256864379375,0.08817451700854484
B0_D2,tau800,1094,1,1,0,0,0,not_converged,-7.377955913543701,-7.523973682857157,0.1460177693134561
B0_D2,tau800,1095,1,1,0,1,0,not_converged,-3.805643081665039,-3.8632837685714287,0.05764068690638968
B0_D2,tau800,1096,1,1,0,0,0,not_converged,-7.9667510986328125,-8.105400348611118,0.13864924997830563
B0_D2,tau800,1097,1,1,0,1,0,not_converged,-6.323642253875732,-6.402096247000001,0.0784539931242687
B0_D2,tau800,1098,1,1,0,0,0,not_converged,-6.726165294647217,-6.851100028125,0.12493473347778306
B0_D2,tau800,1099,1,1,0,0,1,verified,-6.032410144805908,-6.211547880000001,0.17913773519409304
B0_D2,tau800,1100,1,1,0,0,0,not_converged,-8.05897331237793,-8.263819596190482,0.204846283812552
B0_D2,tau800,1101,1,1,0,0,1,verified,-4.745333671569824,-4.925609181523438,0.18027550995361352
B0_D2,tau800,1102,1,1,0,1,0,not_converged,-6.086236476898193,-6.104678437142866,0.018441960244672373
B0_D2,tau800,1103,1,1,0,1,0,not_converged,-4.648807048797607,-4.660141724285718,0.011334675488110513
B0_D2,tau800,1104,1,1,0,1,1,verified,-5.536529541015625,-5.602128389135802,0.06559884812017724
B0_D2,tau800,1105,1,1,0,0,0,not_converged,-5.788209438323975,-5.804653234,0.016443795676025275
B0_D2,tau800,1106,1,1,0,1,1,verified,-8.494681358337402,-8.513917481250001,0.019236122912598574
B0_D2,tau800,1107,1,1,0,0,0,not_converged,-6.997601509094238,-7.125862983999999,0.12826147490576112
B0_D2,tau800,1108,0,1,0,1,0,not_converged,-8.311200141906738,-8.37788647211111,0.0666863302043712
B0_D2,tau800,1109,1,1,0,0,0,not_converged,-5.181827545166016,-5.2885161825,0.10668863733398481
B0_D2,tau800,1110,1,1,0,0,0,not_converged,-6.495528221130371,-6.641094936730768,0.14556671560039725
B0_D2,tau800,1111,1,1,0,0,1,verified,-3.068751096725464,-3.278537474166667,0.209786377441203
B0_D2,tau800,1112,1,1,0,1,0,not_converged,-4.772807598114014,-4.809366564285714,0.03655896617170029
B0_D2,tau800,1113,1,1,0,0,0,not_converged,-4.38720703125,-4.594201310378788,0.20699427912878843
B0_D2,tau800,1114,1,1,0,1,0,not_converged,-5.841765880584717,-5.9005273467000015,0.058761466115284655
B0_D2,tau800,1115,1,1,0,1,0,not_converged,-4.26851224899292,-4.3548616225,0.08634937350707972
B0_D2,tau800,1116,1,1,1,1,1,verified,-4.773674488067627,-4.743154838124999,-0.03051964994262768
B0_D2,tau800,1117,1,1,0,1,1,verified,-6.500199794769287,-6.578242425,0.0780426302307129
B0_D2,tau800,1118,1,1,0,1,0,not_converged,-8.202705383300781,-8.2388825805,0.03617719719921908
B0_D2,tau800,1119,1,1,0,1,1,verified,-6.623765468597412,-6.686052480689658,0.06228701209224585
B0_D2,tau800,1120,1,1,0,1,0,not_converged,-4.492314338684082,-4.53840997,0.046095631315917984
B0_D2,tau800,1121,1,1,0,0,0,not_converged,-8.023794174194336,-8.570681207777774,0.5468870335834382
B0_D2,tau800,1122,1,1,0,1,1,verified,-3.885031223297119,-3.8867623265,0.0017311032028808349
B0_D2,tau800,1123,1,1,0,1,0,not_converged,-4.704759120941162,-4.789967024444445,0.08520790350328333
B0_D2,tau800,1124,1,1,0,0,0,not_converged,-7.10611629486084,-8.269795762222222,1.1636794673613817
B0_D2,tau800,1125,1,1,0,0,0,not_converged,-5.452395915985107,-5.4618606977777775,0.009464781792670074
B0_D2,tau800,1126,1,1,0,0,1,verified,-3.468538284301758,-3.533220957,0.06468267269824235
B0_D2,tau800,1127,1,1,0,0,0,not_converged,-5.846258163452148,-6.017627596999999,0.1713694335478504
B0_D2,tau800,1128,1,1,0,1,0,not_converged,-4.149515628814697,-4.188327623333334,0.03881199451863715
B0_D2,tau800,1129,1,1,0,0,1,verified,-4.580677509307861,-4.56992271,-0.010754799307861163
B0_D2,tau800,1130,1,1,0,0,0,not_converged,-5.397429943084717,-5.5842205655555555,0.18679062247083866
B0_D2,tau800,1131,1,1,0,0,1,verified,-4.975910186767578,-5.099868397500002,0.12395821073242352
B0_D2,tau800,1132,1,1,0,1,0,not_converged,-9.021706581115723,-9.038832954,0.01712637288427743
B0_D2,tau800,1133,1,1,0,1,1,verified,-6.951981544494629,-7.032730970526315,0.08074942603168633
B0_D2,tau800,1134,1,1,0,0,0,not_converged,-7.097049713134766,-7.205808006249994,0.108758293115228
B0_D2,tau800,1135,1,1,0,0,0,not_converged,-6.133978366851807,-6.2677870565,0.13380868964819292
B0_D2,tau800,1136,1,1,0,0,1,verified,-4.989276885986328,-5.0088445724999975,0.019567686513669358
B0_D2,tau800,1137,1,1,0,1,0,not_converged,-7.380517959594727,-7.440291984583329,0.05977402498860229
B0_D2,tau800,1138,1,1,0,0,1,verified,-6.447322845458984,-6.757431147999992,0.31010830254100785
B0_D2,tau800,1139,1,1,0,0,1,verified,-7.1600799560546875,-7.640289121666665,0.4802091656119778
B0_D2,tau800,1140,1,1,1,1,0,not_converged,-3.829566478729248,-3.824484182499999,-0.005082296229248939
B0_D2,tau800,1141,1,1,0,1,0,not_converged,-2.7459170818328857,-2.771590186666667,0.025673104833781046
B0_D2,tau800,1142,1,1,0,0,0,not_converged,-6.817831993103027,-6.948817144869791,0.1309851517667635
B0_D2,tau800,1143,1,1,1,1,0,not_converged,-7.207972526550293,-7.195145645277776,-0.012826881272516744
B0_D2,tau800,1144,1,1,0,1,0,not_converged,-6.642816066741943,-6.691883268095243,0.04906720135329934
B0_D2,tau800,1145,0,1,0,0,0,not_converged,-5.09900426864624,-5.287064008571429,0.18805973992518865
B0_D2,tau800,1146,1,1,0,1,1,verified,-8.109312057495117,-8.1998463685,0.09053431100488218
B0_D2,tau800,1147,1,1,0,1,0,not_converged,-1.989140510559082,-2.0761423783333335,0.08700186777425145
B0_D2,tau800,1148,0,1,0,0,1,verified,-2.4293019771575928,-2.538820911666667,0.10951893450907413
B0_D2,tau800,1149,1,1,0,0,1,verified,-3.683079719543457,-3.809834463999999,0.12675474445654178
B0_D2,tau800,1150,1,1,1,1,0,not_converged,-8.073803901672363,-7.857408234000008,-0.21639566767235507
B0_D2,tau800,1151,1,1,0,0,0,not_converged,-6.980597972869873,-7.109493575833331,0.1288956029634578
B0_D2,tau800,1152,1,1,0,0,0,not_converged,-9.362534523010254,-9.574989949805556,0.2124554267953016
B0_D2,tau800,1153,0,1,0,1,0,not_converged,-9.313628196716309,-9.384648227960518,0.07102003124420975
B0_D2,tau800,1154,1,1,0,0,1,verified,-6.484228610992432,-6.76411168473611,0.2798830737436786
B0_D2,tau800,1155,1,1,0,0,0,not_converged,-8.089592933654785,-8.117298315999996,0.027705382345210694
B0_D2,tau800,1156,1,1,0,0,0,not_converged,-4.716717720031738,-4.725831525000007,0.00911380496826908
B0_D2,tau800,1157,0,1,1,1,0,not_converged,-5.38635778427124,-5.379459846666666,-0.006897937604573912
B0_D2,tau800,1158,1,1,0,1,1,verified,-7.242761135101318,-7.321609651666666,0.07884851656534764
B0_D2,tau800,1159,0,1,0,0,0,not_converged,-6.440627098083496,-6.457483203333333,0.01685610524983705
B0_D2,tau800,1160,1,1,1,1,1,verified,-5.385361194610596,-5.258215639583335,-0.1271455550272611
B0_D2,tau800,1161,0,1,0,0,1,verified,-4.807575702667236,-5.408773900833333,0.601198198166097
B0_D2,tau800,1162,0,1,0,0,1,verified,-3.844525098800659,-4.0382198012962975,0.19369470249563836
B0_D2,tau800,1163,1,1,0,1,0,not_converged,-11.21749496459961,-11.301092835,0.08359787040039102
B0_D2,tau800,1164,1,1,0,1,0,not_converged,-7.542922019958496,-7.592791765,0.04986974504150421
B0_D2,tau800,1165,1,1,0,0,0,not_converged,-7.8362627029418945,-7.965704847276791,0.1294421443348961
B0_D2,tau800,1166,1,1,0,0,0,not_converged,-5.160834312438965,-5.2637038527083355,0.10286954026937067
B0_D2,tau800,1167,0,0,0,0,0,generation_failure,,,
B0_D2,tau800,1168,1,1,0,1,0,not_converged,-6.951084613800049,-6.975403875555555,0.02431926175550636
B0_D2,tau800,1169,1,1,0,0,1,verified,-4.15705680847168,-4.3705370659375,0.2134802574658199
B0_D2,tau800,1170,0,1,0,1,0,not_converged,-6.563226699829102,-6.627709356333334,0.06448265650423224
B0_D2,tau800,1171,1,1,1,1,0,not_converged,-5.979029655456543,-5.798954658750001,-0.1800749967065416
B0_D2,tau800,1172,1,1,0,0,0,not_converged,-6.970712661743164,-7.6632517827500015,0.6925391210068375
B0_D2,tau800,1173,1,1,0,0,0,not_converged,-6.115839958190918,-6.347517322532045,0.2316773643411274
B0_D2,tau800,1174,0,1,0,0,0,not_converged,-7.311343193054199,-7.810987893777778,0.4996447007235787
B0_D2,tau800,1175,1,1,0,0,0,not_converged,-7.027919769287109,-7.159469123333333,0.13154935404622403
B0_D2,tau800,1176,1,1,0,0,0,not_converged,-3.855531930923462,,
B0_D2,tau800,1177,1,1,0,0,1,verified,-6.8190083503723145,-7.014487173999997,0.19547882362768298
B0_D2,tau800,1178,1,1,0,1,1,verified,-2.6883912086486816,-2.767568409358974,0.07917720071029244
B0_D2,tau800,1179,1,1,1,1,0,not_converged,-5.221963405609131,-5.197016557121214,-0.024946848487917173
B0_D2,tau800,1180,1,1,0,1,1,verified,-4.805037021636963,-4.8757086875640905,0.07067166592712759
B0_D2,tau800,1181,1,1,0,1,1,verified,-6.368297100067139,-6.440790730833333,0.07249363076619453
B0_D2,tau800,1182,1,1,0,0,0,not_converged,-4.1949262619018555,,
B0_D2,tau800,1183,1,1,0,0,0,not_converged,-8.432190895080566,-8.5724906125,0.14029971741943292
B0_D2,tau800,1184,1,1,0,1,1,verified,-2.9458401203155518,-2.990478318,0.04463819768444832
B0_D2,tau800,1185,0,0,0,0,0,generation_failure,,,
B0_D2,tau800,1186,1,1,0,1,0,not_converged,-7.614423751831055,-7.6180084665624985,0.003584714731443839
B0_D2,tau800,1187,1,1,0,0,0,not_converged,-4.303032875061035,-4.4132147106250015,0.11018183556396632
B0_D2,tau800,1188,1,1,0,0,0,not_converged,-7.418101787567139,-7.557986012214286,0.13988422464714745
B0_D2,tau800,1189,0,1,0,0,0,not_converged,-5.645969867706299,-5.75735764095238,0.11138777324608107
B0_D2,tau800,1190,0,0,0,0,0,generation_failure,,,
B0_D2,tau800,1191,1,1,0,1,0,not_converged,-4.573803901672363,-4.64604289625,0.07223899457763672
B0_D2,tau800,1192,1,1,0,0,1,verified,-5.698397636413574,-5.688423213,-0.00997442341357413
B0_D2,tau800,1193,1,1,0,0,0,not_converged,-7.127551078796387,-7.253974938333334,0.12642385953694735
B0_D2,tau800,1194,0,1,0,0,0,not_converged,-8.212204933166504,-8.367905796333329,0.15570086316682463
B0_D2,tau800,1195,1,1,0,0,1,verified,-4.0030107498168945,-4.196917323125,0.19390657330810512
B0_D2,tau800,1196,1,1,0,1,0,not_converged,-2.3898749351501465,-2.43111766,0.041242724849853474
B0_D2,tau800,1197,1,1,0,0,1,verified,-3.1145431995391846,-3.3116867870833335,0.19714358754414896
B0_D2,tau800,1198,1,1,0,1,0,not_converged,-8.078454971313477,-8.174820348157901,0.09636537684442459
B0_D2,tau800,1199,1,1,0,1,0,not_converged,-5.518060207366943,-5.546787611472224,0.02872740410528074
ExpertEdit_B0_D2,native,0,1,1,0,0,1,verified,-3.9168331623077393,-4.009571855,0.09273869269226065
ExpertEdit_B0_D2,native,1,0,1,0,0,0,invalid_terminal,-0.9929945468902588,-5.484713445875,4.491718898984741
ExpertEdit_B0_D2,native,2,1,0,0,0,0,invalid_raw,,-8.10237906,
ExpertEdit_B0_D2,native,3,1,1,0,0,0,not_converged,-5.314131259918213,-5.502003777666669,0.18787251774845615
ExpertEdit_B0_D2,native,4,1,1,0,0,0,not_converged,-4.983354568481445,-5.1133663415625,0.13001177308105483
ExpertEdit_B0_D2,native,5,1,1,0,0,0,not_converged,-4.816165924072266,-4.94716338,0.13099745592773449
ExpertEdit_B0_D2,native,6,1,1,0,0,1,verified,-6.587655544281006,-6.6907331475,0.10307760321899373
ExpertEdit_B0_D2,native,7,1,0,0,0,0,invalid_raw,,-7.983832712916669,
ExpertEdit_B0_D2,native,8,1,1,0,0,0,not_converged,-7.373051166534424,-7.544244481600023,0.1711933150655991
ExpertEdit_B0_D2,native,9,1,1,0,1,1,verified,-3.623854160308838,-3.674296835,0.050442674691161926
ExpertEdit_B0_D2,native,10,0,0,0,0,0,generation_failure,,,
ExpertEdit_B0_D2,native,11,1,0,0,0,0,invalid_raw,,-6.32724859,
ExpertEdit_B0_D2,native,12,1,0,0,0,0,invalid_raw,,-7.231575101875001,
ExpertEdit_B0_D2,native,13,1,0,0,0,0,invalid_raw,,-5.422083512500001,
ExpertEdit_B0_D2,native,14,1,1,0,0,1,verified,-7.826178550720215,-8.181623782678573,0.35544523195835787
ExpertEdit_B0_D2,native,15,1,1,0,1,1,verified,-4.004581928253174,-4.015411599782609,0.010829671529434926
ExpertEdit_B0_D2,native,16,1,0,0,0,0,invalid_raw,,-6.0005053638999994,
ExpertEdit_B0_D2,native,17,1,1,0,0,0,invalid_terminal,-4.489046096801758,-5.469683520375,0.980637423573242
ExpertEdit_B0_D2,native,18,1,1,0,0,0,invalid_terminal,-7.717010021209717,-8.166425333333333,0.44941531212361596
ExpertEdit_B0_D2,native,19,1,0,0,0,0,invalid_raw,,-4.605035153,
ExpertEdit_B0_D2,native,20,0,1,0,0,0,not_converged,-2.3657374382019043,-3.4543984520833377,1.0886610138814334
ExpertEdit_B0_D2,native,21,0,1,0,0,0,not_converged,-7.3023295402526855,-7.4114072349999995,0.10907769474731399
ExpertEdit_B0_D2,native,22,1,1,0,1,1,verified,-3.270037889480591,-3.3465349425277786,0.07649705304718779
ExpertEdit_B0_D2,native,23,1,1,0,0,0,invalid_terminal,-6.762425422668457,-8.534775392125006,1.772349969456549
ExpertEdit_B0_D2,native,24,1,1,0,0,0,invalid_terminal,-5.595656394958496,-6.401275155714295,0.8056187607557987
ExpertEdit_B0_D2,native,25,1,0,0,0,0,invalid_raw,,-6.030186345714284,
ExpertEdit_B0_D2,native,26,1,1,0,0,0,not_converged,-2.7751657962799072,-4.065101285,1.2899354887200927
ExpertEdit_B0_D2,native,27,1,1,0,0,0,invalid_terminal,-5.8578643798828125,-8.277995374,2.420130994117187
ExpertEdit_B0_D2,native,28,1,1,0,0,0,invalid_terminal,-5.552497863769531,-8.57344580767046,3.0209479439009286
ExpertEdit_B0_D2,native,29,1,1,0,0,1,verified,-6.976226329803467,-7.12852853,0.15230220019653284
ExpertEdit_B0_D2,native,30,1,1,1,1,1,verified,-3.88700532913208,-3.8562598855555557,-0.030745443576524423
ExpertEdit_B0_D2,native,31,1,1,0,0,0,invalid_terminal,-6.137476921081543,-8.350202123333334,2.212725202251791
ExpertEdit_B0_D2,native,32,1,1,0,0,1,verified,-5.800959587097168,-6.198551154940477,0.3975915678433086
ExpertEdit_B0_D2,native,33,0,1,0,0,1,verified,-2.836808443069458,-3.2407750545000003,0.40396661143054224
ExpertEdit_B0_D2,native,34,0,1,0,0,0,not_converged,-4.334997177124023,-4.497636578833335,0.16263940170931157
ExpertEdit_B0_D2,native,35,1,1,0,0,0,invalid_terminal,-5.2238593101501465,-8.14310139134375,2.9192420811936035
ExpertEdit_B0_D2,native,36,1,1,0,0,1,verified,-8.595174789428711,-8.724391128,0.12921633857128967
ExpertEdit_B0_D2,native,37,1,1,0,1,0,not_converged,-1.922691822052002,-1.952378300000003,0.029686477948001055
ExpertEdit_B0_D2,native,38,1,1,0,0,1,verified,-4.493134498596191,-4.709098998333333,0.21596449973714194
ExpertEdit_B0_D2,native,39,1,0,0,0,0,invalid_raw,,-5.915836890166664,
ExpertEdit_B0_D2,native,40,0,1,0,0,1,verified,-3.67305326461792,-3.802641151785714,0.12958788716779424
ExpertEdit_B0_D2,native,41,1,1,0,1,1,verified,-1.8950022459030151,-1.9542531603125,0.05925091440948482
ExpertEdit_B0_D2,native,42,1,1,0,0,0,invalid_terminal,-5.457744598388672,-6.512465919583322,1.0547213211946502
ExpertEdit_B0_D2,native,43,1,1,0,0,0,invalid_terminal,-4.570892333984375,-5.850719717335528,1.2798273833511526
ExpertEdit_B0_D2,native,44,1,1,0,0,0,not_converged,0.8373708724975586,-3.8430903599999997,4.680461232497558
ExpertEdit_B0_D2,native,45,1,0,0,0,0,invalid_raw,,-4.496251316499999,
ExpertEdit_B0_D2,native,46,1,1,0,1,0,not_converged,-5.414112567901611,-5.469567920625,0.05545535272338853
ExpertEdit_B0_D2,native,47,1,1,0,0,1,verified,-6.2522873878479,-6.545346556145834,0.2930591682979333
ExpertEdit_B0_D2,native,48,1,1,0,1,0,not_converged,-4.689937591552734,-4.763740613333333,0.0738030217805985
ExpertEdit_B0_D2,native,49,1,0,0,0,0,invalid_raw,,-7.562665890961545,
ExpertEdit_B0_D2,native,50,1,0,0,0,0,invalid_raw,,,
ExpertEdit_B0_D2,native,51,0,0,0,0,0,invalid_raw,,-5.630959203772728,
ExpertEdit_B0_D2,native,52,1,0,0,0,0,invalid_raw,,-5.38968762125,
ExpertEdit_B0_D2,native,53,1,0,0,0,0,invalid_raw,,-7.945187599499943,
ExpertEdit_B0_D2,native,54,1,1,0,0,0,not_converged,-4.266755104064941,-4.403268771363637,0.1365136672986953
ExpertEdit_B0_D2,native,55,0,1,0,0,1,verified,-4.063093185424805,-4.385677031632107,0.3225838462073023
ExpertEdit_B0_D2,native,56,1,1,0,0,1,verified,-6.436123371124268,-6.638178890405793,0.202055519281525
ExpertEdit_B0_D2,native,57,1,0,0,0,0,invalid_raw,,-3.5378374575,
ExpertEdit_B0_D2,native,58,1,1,0,0,0,invalid_terminal,-4.003567695617676,-4.18185644125,0.1782887456323241
ExpertEdit_B0_D2,native,59,1,1,0,0,1,verified,-6.207808494567871,-6.3229868864285725,0.11517839186070145
ExpertEdit_B0_D2,native,60,1,1,0,0,1,verified,-5.009035587310791,-5.191991573968254,0.18295598665746304
ExpertEdit_B0_D2,native,61,1,1,0,0,0,not_converged,-1.9530963897705078,-4.038829385555556,2.0857329957850483
ExpertEdit_B0_D2,native,62,1,0,0,0,0,invalid_raw,,-6.903119146406251,
ExpertEdit_B0_D2,native,63,1,1,0,1,0,not_converged,-2.5061440467834473,-2.5408712575,0.034727210716552825
ExpertEdit_B0_D2,native,64,1,0,0,0,0,invalid_raw,,-5.7862076692499995,
ExpertEdit_B0_D2,native,65,1,1,0,0,0,not_converged,-8.342677116394043,-8.734052461000001,0.391375344605958
ExpertEdit_B0_D2,native,66,1,1,0,0,0,not_converged,-8.78713607788086,-9.018776336000009,0.23164025811914968
ExpertEdit_B0_D2,native,67,1,1,0,0,0,not_converged,-1.7719120979309082,-6.857098430624999,5.085186332694091
ExpertEdit_B0_D2,native,68,1,1,0,0,0,not_converged,-6.129698276519775,-6.4088391155,0.2791408389802248
ExpertEdit_B0_D2,native,69,1,1,0,0,1,verified,-4.722609519958496,,
ExpertEdit_B0_D2,native,70,1,0,0,0,0,invalid_raw,,-6.724726695277777,
ExpertEdit_B0_D2,native,71,1,0,0,0,0,invalid_raw,,-6.133645338717951,
ExpertEdit_B0_D2,native,72,1,0,0,0,0,invalid_raw,,-2.209365664125,
ExpertEdit_B0_D2,native,73,1,1,0,1,0,not_converged,-6.057840347290039,-6.14896511,0.09112476270996073
ExpertEdit_B0_D2,native,74,1,1,0,0,0,not_converged,2.006810188293457,-5.345098410416666,7.351908598710123
ExpertEdit_B0_D2,native,75,1,1,0,0,0,not_converged,-6.4518046379089355,-6.86948376,0.41767912209106406
ExpertEdit_B0_D2,native,76,1,0,0,0,0,invalid_raw,,-9.3180580075,
ExpertEdit_B0_D2,native,77,1,1,0,0,0,not_converged,-7.251047611236572,-7.40158500625,0.1505373950134281
ExpertEdit_B0_D2,native,78,1,0,0,0,0,invalid_raw,,-5.773086189999989,
ExpertEdit_B0_D2,native,79,1,1,0,0,1,verified,-7.194455146789551,-7.878894665999999,0.6844395192104482
ExpertEdit_B0_D2,native,80,1,1,0,0,0,invalid_terminal,-2.853522300720215,-3.493545871428571,0.6400235707083564
ExpertEdit_B0_D2,native,81,1,0,0,0,0,invalid_raw,,-4.2673970042499985,
ExpertEdit_B0_D2,native,82,1,1,0,0,0,not_converged,-3.9053544998168945,-8.485476243249995,4.5801217434331
ExpertEdit_B0_D2,native,83,1,1,0,0,0,not_converged,5.018543720245361,,
ExpertEdit_B0_D2,native,84,1,1,0,0,1,verified,-5.801596641540527,,
ExpertEdit_B0_D2,native,85,1,1,0,0,1,verified,-3.9104979038238525,-4.051094681666666,0.14059677784281366
ExpertEdit_B0_D2,native,86,1,1,0,0,0,not_converged,-6.31100606918335,-6.780431213666667,0.46942514448331707
ExpertEdit_B0_D2,native,87,1,1,0,1,0,not_converged,-6.375876426696777,-6.421737205,0.04586077830322299
ExpertEdit_B0_D2,native,88,1,0,0,0,0,invalid_raw,,-5.871281581470582,
ExpertEdit_B0_D2,native,89,1,1,0,1,1,verified,-3.5501084327697754,-3.632177217777778,0.08206878500800263
ExpertEdit_B0_D2,native,90,1,0,0,0,0,invalid_raw,,-9.1413639178125,
ExpertEdit_B0_D2,native,91,1,1,0,0,0,invalid_terminal,-4.322327613830566,-4.958693060937501,0.6363654471069342
ExpertEdit_B0_D2,native,92,1,1,0,1,0,not_converged,-7.07630729675293,-7.1039437025,0.027636405747069936
ExpertEdit_B0_D2,native,93,1,1,0,0,0,not_converged,6.763873100280762,-2.8910942266666666,9.654967326947428
ExpertEdit_B0_D2,native,94,1,0,0,0,0,invalid_raw,,-8.04555525951924,
ExpertEdit_B0_D2,native,95,0,1,0,0,0,not_converged,-5.954116344451904,-6.072915362631578,0.11879901817967387
ExpertEdit_B0_D2,native,96,1,1,0,0,0,not_converged,5.090067386627197,-3.789418821519097,8.879486208146295
ExpertEdit_B0_D2,native,97,0,1,0,0,0,invalid_terminal,-6.401528835296631,-7.940270319230763,1.5387414839341318
ExpertEdit_B0_D2,native,98,1,1,0,1,1,verified,-10.547883987426758,-10.636418313333335,0.0885343259065774
ExpertEdit_B0_D2,native,99,1,1,0,0,1,verified,-2.9612772464752197,-3.1105685842578126,0.14929133778259285
ExpertEdit_B0_D2,native,100,1,1,0,0,0,invalid_terminal,-4.398430347442627,-6.005723295,1.6072929475573732
ExpertEdit_B0_D2,native,101,1,1,0,0,1,verified,-2.5615897178649902,-4.3734802209999994,1.8118905031350092
ExpertEdit_B0_D2,native,102,1,1,0,0,1,verified,-3.603248357772827,-3.788776815,0.1855284572271727
ExpertEdit_B0_D2,native,103,1,0,0,0,0,invalid_raw,,-7.65935502575,
ExpertEdit_B0_D2,native,104,1,0,0,0,0,invalid_raw,,-4.535984331029412,
ExpertEdit_B0_D2,native,105,1,0,0,0,0,invalid_raw,,-7.440291984583329,
ExpertEdit_B0_D2,native,106,1,1,0,0,0,not_converged,-7.937012672424316,-8.085020394267245,0.14800772184292832
ExpertEdit_B0_D2,native,107,0,1,0,0,0,invalid_terminal,-3.8922629356384277,-4.486865391999999,0.5946024563615708
ExpertEdit_B0_D2,native,108,1,1,0,0,0,not_converged,-5.039594650268555,-6.328540503,1.2889458527314455
ExpertEdit_B0_D2,native,109,1,1,0,0,0,invalid_terminal,-5.7691569328308105,-7.745318409999998,1.976161477169187
ExpertEdit_B0_D2,native,110,1,1,0,0,0,not_converged,-7.055519104003906,-7.29170594982143,0.23618684581752358
ExpertEdit_B0_D2,native,111,1,1,0,0,1,verified,-2.1396713256835938,-2.861575609903846,0.7219042842202521
ExpertEdit_B0_D2,native,112,1,1,0,0,0,invalid_terminal,-7.738733768463135,-8.380616457222251,0.6418826887591162
ExpertEdit_B0_D2,native,113,1,0,0,0,0,invalid_raw,,-8.764925864999999,
ExpertEdit_B0_D2,native,114,1,1,0,0,0,invalid_terminal,-7.825012683868408,-8.775034656093752,0.9500219722253433
ExpertEdit_B0_D2,native,115,0,1,0,0,0,not_converged,-1.3688106536865234,-8.3743801625,7.005569508813476
ExpertEdit_B0_D2,native,116,0,1,0,0,0,not_converged,-2.0837759971618652,-3.479068619375,1.3952926222131348
ExpertEdit_B0_D2,native,117,1,0,0,0,0,invalid_raw,,-7.740286122500001,
ExpertEdit_B0_D2,native,118,1,1,0,0,0,not_converged,1.8606376647949219,-9.849365099916671,11.710002764711593
ExpertEdit_B0_D2,native,119,1,0,0,0,0,invalid_raw,,-8.289726508000001,
ExpertEdit_B0_D2,native,120,1,1,0,0,1,verified,-3.3669931888580322,-3.5660005975000004,0.1990074086419682
ExpertEdit_B0_D2,native,121,0,0,0,0,0,generation_failure,,,
ExpertEdit_B0_D2,native,122,1,1,0,0,0,invalid_terminal,-5.029916763305664,-5.940439314444447,0.9105225511387829
ExpertEdit_B0_D2,native,123,1,1,0,1,0,not_converged,-6.771910190582275,-6.834619367222224,0.0627091766399488
ExpertEdit_B0_D2,native,124,1,1,0,0,0,not_converged,-7.005115032196045,-7.3775944704375025,0.37247943824145757
ExpertEdit_B0_D2,native,125,1,1,0,0,0,invalid_terminal,-4.731095314025879,-6.398109526666665,1.6670142126407859
ExpertEdit_B0_D2,native,126,1,1,0,1,0,not_converged,-5.831657409667969,-5.879291711666667,0.04763430199869845
ExpertEdit_B0_D2,native,127,1,1,0,0,0,not_converged,-3.9490818977355957,-4.1208782742415355,0.17179637650593982
ExpertEdit_B0_D2,native,128,0,1,0,0,1,verified,-7.663355350494385,-8.499263851666667,0.8359085011722822
ExpertEdit_B0_D2,native,129,1,0,0,0,0,invalid_raw,,-5.6093164792307695,
ExpertEdit_B0_D2,native,130,1,1,0,0,1,verified,-1.5966346263885498,-1.944070708125,0.34743608173645013
ExpertEdit_B0_D2,native,131,1,0,0,0,0,invalid_raw,,-5.27874586025,
ExpertEdit_B0_D2,native,132,1,1,0,0,0,not_converged,-3.8970634937286377,-4.341222944242425,0.44415945051378714
ExpertEdit_B0_D2,native,133,0,0,0,0,0,invalid_raw,,-8.283025118076925,
ExpertEdit_B0_D2,native,134,1,1,0,1,1,verified,-3.6021342277526855,-3.690115826608392,0.08798159885570644
ExpertEdit_B0_D2,native,135,1,1,0,1,0,not_converged,-7.335508823394775,-7.4101133275,0.07460450410522501
ExpertEdit_B0_D2,native,136,1,0,0,0,0,invalid_raw,,-9.086374506015627,
ExpertEdit_B0_D2,native,137,1,1,0,1,0,not_converged,-3.260974168777466,-3.3255577897222226,0.06458362094475678
ExpertEdit_B0_D2,native,138,1,0,0,0,0,invalid_raw,,-5.985514178847229,
ExpertEdit_B0_D2,native,139,1,1,0,1,0,not_converged,-6.848033428192139,-6.926639417500001,0.07860598930786189
ExpertEdit_B0_D2,native,140,0,1,0,1,0,not_converged,-4.924479961395264,-4.989444045,0.06496408360473627
ExpertEdit_B0_D2,native,141,0,1,0,0,0,not_converged,-5.339184284210205,-5.5482818012857145,0.2090975170755094
ExpertEdit_B0_D2,native,142,1,0,0,0,0,invalid_raw,,-8.562077407569447,
ExpertEdit_B0_D2,native,143,1,0,0,0,0,invalid_raw,,-7.708868977374998,
ExpertEdit_B0_D2,native,144,1,1,0,0,0,invalid_terminal,-5.281512260437012,-6.331120033999999,1.049607773562987
ExpertEdit_B0_D2,native,145,1,1,0,0,0,not_converged,-5.707726001739502,-5.909151107187499,0.2014251054479974
ExpertEdit_B0_D2,native,146,1,1,0,0,0,not_converged,3.869138240814209,-5.872545882,9.74168412281421
ExpertEdit_B0_D2,native,147,1,1,0,1,1,verified,-6.29164981842041,-6.385504746666666,0.09385492824625619
ExpertEdit_B0_D2,native,148,0,1,0,0,0,not_converged,-1.5858955383300781,-5.179524520208334,3.593628981878256
ExpertEdit_B0_D2,native,149,1,1,0,0,0,not_converged,-1.414123296737671,-4.195074619591839,2.7809513228541682
ExpertEdit_B0_D2,native,150,1,1,0,1,1,verified,-4.4275617599487305,-4.478896110999999,0.05133435105126871
ExpertEdit_B0_D2,native,151,1,0,0,0,0,invalid_raw,,-7.350469881111111,
ExpertEdit_B0_D2,native,152,1,1,0,0,0,invalid_terminal,-3.522001266479492,-3.8489445024999998,0.32694323602050757
ExpertEdit_B0_D2,native,153,1,1,0,0,0,not_converged,3.178833246231079,-3.610415597000003,6.789248843231082
ExpertEdit_B0_D2,native,154,1,1,0,0,0,invalid_terminal,-5.840744972229004,-6.055091405,0.21434643277099585
ExpertEdit_B0_D2,native,155,0,1,0,0,0,invalid_terminal,2.6548287868499756,-4.074633725833333,6.729462512683309
ExpertEdit_B0_D2,native,156,1,1,0,1,0,not_converged,-8.78750991821289,-8.853172124999999,0.06566220678710799
ExpertEdit_B0_D2,native,157,0,1,0,0,0,invalid_terminal,-5.799436569213867,-7.023488505624993,1.2240519364111258
ExpertEdit_B0_D2,native,158,1,1,1,1,0,not_converged,-7.015295028686523,-6.9884091150000005,-0.026885913686522933
ExpertEdit_B0_D2,native,159,1,0,0,0,0,invalid_raw,,-4.630558908749999,
ExpertEdit_B0_D2,native,160,0,0,0,0,0,invalid_raw,,-5.7183457926315775,
ExpertEdit_B0_D2,native,161,1,1,0,0,1,verified,-6.966560363769531,-7.263837138888889,0.2972767751193581
ExpertEdit_B0_D2,native,162,1,1,0,0,0,not_converged,-3.1261467933654785,-5.172278064375,2.0461312710095214
ExpertEdit_B0_D2,native,163,1,1,0,1,1,verified,-7.130042552947998,-7.1564276412500005,0.02638508830200248
ExpertEdit_B0_D2,native,164,1,1,1,1,1,verified,-5.596316814422607,-5.5955588206666675,-0.0007579937559398786
ExpertEdit_B0_D2,native,165,1,1,1,1,0,not_converged,-5.228226661682129,-5.1957255899999994,-0.032501071682129457
ExpertEdit_B0_D2,native,166,1,1,0,0,1,verified,-5.825592994689941,-6.213327328630953,0.38773433394101176
ExpertEdit_B0_D2,native,167,1,1,0,0,0,not_converged,-7.598006248474121,-7.868006862222222,0.2700006137481008
ExpertEdit_B0_D2,native,168,1,1,0,0,0,not_converged,-5.2106404304504395,-5.516363594285715,0.30572316383527554
ExpertEdit_B0_D2,native,169,1,0,0,0,0,invalid_raw,,-4.4360599,
ExpertEdit_B0_D2,native,170,1,1,0,0,0,not_converged,-7.063548564910889,-7.196764992847221,0.1332164279363326
ExpertEdit_B0_D2,native,171,1,1,0,0,1,verified,-4.601291656494141,-4.9873992312499995,0.3861075747558589
ExpertEdit_B0_D2,native,172,0,0,0,0,0,generation_failure,,,
ExpertEdit_B0_D2,native,173,1,1,0,1,1,verified,-4.013405799865723,-4.0433448525,0.029939052634277097
ExpertEdit_B0_D2,native,174,1,1,0,0,1,verified,-4.76599645614624,-6.184572847416666,1.4185763912704257
ExpertEdit_B0_D2,native,175,1,1,0,0,0,not_converged,-7.619637489318848,-7.725493172589284,0.1058556832704367
ExpertEdit_B0_D2,native,176,1,0,0,0,0,invalid_raw,,-6.979628066000011,
ExpertEdit_B0_D2,native,177,1,1,0,0,0,not_converged,-7.991330623626709,-8.4103017015,0.4189710778732909
ExpertEdit_B0_D2,native,178,1,1,0,0,0,invalid_terminal,-5.658350944519043,-7.506928,1.8485770554809573
ExpertEdit_B0_D2,native,179,1,0,0,0,0,invalid_raw,,-3.632799633666666,
ExpertEdit_B0_D2,native,180,0,0,0,0,0,generation_failure,,,
ExpertEdit_B0_D2,native,181,1,1,0,0,0,invalid_terminal,-7.715295791625977,-9.403702867499998,1.6884070758740215
ExpertEdit_B0_D2,native,182,1,1,0,0,1,verified,-2.05537748336792,-3.509270435,1.45389295163208
ExpertEdit_B0_D2,native,183,1,1,0,0,0,not_converged,-7.8763017654418945,-8.030099325,0.1537975595581056
ExpertEdit_B0_D2,native,184,1,1,1,1,1,verified,-3.991203546524048,-3.9777701946666664,-0.013433351857381481
ExpertEdit_B0_D2,native,185,1,1,0,1,0,not_converged,-8.008612632751465,-8.105286150974027,0.09667351822256265
ExpertEdit_B0_D2,native,186,1,1,0,0,1,verified,-5.149106502532959,-5.309584936750004,0.16047843421704489
ExpertEdit_B0_D2,native,187,1,0,0,0,0,invalid_raw,,-2.935958591666667,
ExpertEdit_B0_D2,native,188,0,1,0,0,0,not_converged,-4.393460750579834,-4.530805311500001,0.1373445609201669
ExpertEdit_B0_D2,native,189,1,0,0,0,0,invalid_raw,,-4.2974479065625,
ExpertEdit_B0_D2,native,190,1,0,0,0,0,invalid_raw,,-2.478843291636363,
ExpertEdit_B0_D2,native,191,1,1,0,0,1,verified,-5.165868759155273,-5.861079962000004,0.6952112028447308
ExpertEdit_B0_D2,native,192,1,1,0,0,0,invalid_terminal,-4.4119110107421875,-6.129474928124999,1.7175639173828117
ExpertEdit_B0_D2,native,193,1,1,0,0,0,not_converged,-3.8936352729797363,,
ExpertEdit_B0_D2,native,194,1,0,0,0,0,invalid_raw,,-4.4339253475000024,
ExpertEdit_B0_D2,native,195,0,0,0,0,0,generation_failure,,,
ExpertEdit_B0_D2,native,196,1,1,0,0,0,invalid_terminal,-3.2758889198303223,-5.183282092550001,1.9073931727196785
ExpertEdit_B0_D2,native,197,1,1,0,0,0,invalid_terminal,-6.293643951416016,-7.544452388071431,1.250808436655415
ExpertEdit_B0_D2,native,198,1,1,0,0,0,invalid_terminal,-4.950116157531738,-6.5425852557291675,1.5924690981974292
ExpertEdit_B0_D2,native,199,1,1,0,0,1,verified,-6.005807876586914,-6.185462128,0.1796542514130861
ExpertEdit_B0_D2,native,200,1,1,0,1,0,not_converged,-6.690814971923828,-6.69122325,0.0004082780761720528
ExpertEdit_B0_D2,native,201,1,1,0,0,0,invalid_terminal,-7.076227188110352,-9.02059057129252,1.9443633831821678
ExpertEdit_B0_D2,native,202,1,1,1,1,0,invalid_terminal,-5.283287525177002,-5.17988181,-0.10340571517700159
ExpertEdit_B0_D2,native,203,1,1,0,0,0,not_converged,-5.522995948791504,,
ExpertEdit_B0_D2,native,204,1,1,0,0,1,verified,-6.754692554473877,-7.992896970749994,1.2382044162761172
ExpertEdit_B0_D2,native,205,1,1,0,0,0,not_converged,1.634681224822998,-6.140276655,7.774957879822998
ExpertEdit_B0_D2,native,206,1,1,0,0,0,not_converged,0.7234177589416504,-4.74468591142857,5.468103670370221
ExpertEdit_B0_D2,native,207,1,0,0,0,0,invalid_raw,,-5.606899892685186,
ExpertEdit_B0_D2,native,208,0,1,0,0,1,verified,-4.0154008865356445,-4.68741232,0.6720114334643554
ExpertEdit_B0_D2,native,209,1,1,0,1,0,not_converged,-5.135135650634766,-5.1834762150000095,0.04834056436524392
ExpertEdit_B0_D2,native,210,1,1,0,0,1,verified,-2.616945266723633,,
ExpertEdit_B0_D2,native,211,1,0,0,0,0,invalid_raw,,-5.776918745625004,
ExpertEdit_B0_D2,native,212,1,0,0,0,0,invalid_raw,,-6.956673522678572,
ExpertEdit_B0_D2,native,213,1,1,0,0,0,not_converged,-7.186222076416016,-7.664742834166666,0.4785207577506503
ExpertEdit_B0_D2,native,214,1,1,0,0,1,verified,-3.208814859390259,-3.3357029050000016,0.12688804560974276
ExpertEdit_B0_D2,native,215,1,0,0,0,0,invalid_raw,,-6.628928884285714,
ExpertEdit_B0_D2,native,216,1,0,0,0,0,invalid_raw,,-4.1200051914285725,
ExpertEdit_B0_D2,native,217,1,1,0,1,1,verified,-4.325652599334717,-4.370858004130435,0.045205404795717996
ExpertEdit_B0_D2,native,218,1,1,0,0,0,not_converged,-6.574784278869629,-7.0036066112499995,0.4288223323803706
ExpertEdit_B0_D2,native,219,1,1,0,0,1,verified,-5.365971565246582,-5.8145049271875,0.44853336194091753
ExpertEdit_B0_D2,native,220,1,1,0,0,0,not_converged,-8.677118301391602,-8.85985034,0.18273203860839793
ExpertEdit_B0_D2,native,221,1,0,0,0,0,invalid_raw,,-3.520395878666667,
ExpertEdit_B0_D2,native,222,1,0,0,0,0,invalid_raw,,-8.158475707500001,
ExpertEdit_B0_D2,native,223,1,1,0,1,0,not_converged,-2.7327966690063477,-2.7799054446875,0.04710877568115235
ExpertEdit_B0_D2,native,224,1,0,0,0,0,invalid_raw,,-6.17849534983333,
ExpertEdit_B0_D2,native,225,1,1,0,0,0,not_converged,-5.983127117156982,-6.361017529109196,0.3778904119522135
ExpertEdit_B0_D2,native,226,1,1,0,0,0,not_converged,-4.710192680358887,-5.569344862882653,0.8591521825237667
ExpertEdit_B0_D2,native,227,1,1,0,1,0,not_converged,-1.7079366445541382,-1.764497722236842,0.05656107768270391
ExpertEdit_B0_D2,native,228,1,1,0,0,1,verified,-2.1607539653778076,,
ExpertEdit_B0_D2,native,229,1,0,0,0,0,invalid_raw,,-4.828162192999991,
ExpertEdit_B0_D2,native,230,1,1,0,0,0,invalid_terminal,-6.000200271606445,-6.745648262999994,0.745447991393549
ExpertEdit_B0_D2,native,231,1,1,0,0,1,verified,-2.874319076538086,-3.037658465,0.16333938846191387
ExpertEdit_B0_D2,native,232,1,1,0,1,1,verified,-7.150440216064453,-7.2413824275000005,0.09094221143554737
ExpertEdit_B0_D2,native,233,1,1,0,0,0,not_converged,-8.537192344665527,-8.78412913614582,0.24693679148029268
ExpertEdit_B0_D2,native,234,1,1,0,0,0,not_converged,-6.773920059204102,-7.944424558055554,1.1705044988514528
ExpertEdit_B0_D2,native,235,1,1,0,0,1,verified,-6.843185901641846,-7.127507601153846,0.2843216995120006
ExpertEdit_B0_D2,native,236,0,1,0,0,0,not_converged,-8.592330932617188,-9.161690116,0.5693591833828133
ExpertEdit_B0_D2,native,237,1,1,0,0,0,not_converged,-7.548490524291992,-7.649855285333333,0.1013647610413404
ExpertEdit_B0_D2,native,238,1,1,0,0,1,verified,-3.6431965827941895,-3.9039555466666664,0.260758963872477
ExpertEdit_B0_D2,native,239,1,0,0,0,0,invalid_raw,,-8.195476525393518,
ExpertEdit_B0_D2,native,240,0,1,0,0,0,not_converged,-0.9344261884689331,-3.1748408445,2.2404146560310667
ExpertEdit_B0_D2,native,241,0,1,0,0,0,not_converged,-1.6178789138793945,-6.001532512576922,4.383653598697528
ExpertEdit_B0_D2,native,242,1,1,0,0,0,invalid_terminal,1.4395089149475098,-2.9622649737499995,4.401773888697509
ExpertEdit_B0_D2,native,243,1,0,0,0,0,invalid_raw,,-6.2871970683333345,
ExpertEdit_B0_D2,native,244,1,1,0,0,0,not_converged,-7.285744667053223,-7.770567307142858,0.48482264008963494
ExpertEdit_B0_D2,native,245,1,1,0,0,0,invalid_terminal,-5.576646327972412,-7.920912217708325,2.3442658897359125
ExpertEdit_B0_D2,native,246,1,0,0,0,0,invalid_raw,,-3.687521190666668,
ExpertEdit_B0_D2,native,247,1,1,0,1,0,not_converged,-4.7087178230285645,-4.750298503055555,0.04158068002699089
ExpertEdit_B0_D2,native,248,1,1,0,0,1,verified,-6.807332515716553,-7.025995946785715,0.21866343106916197
ExpertEdit_B0_D2,native,249,1,0,0,0,0,invalid_raw,,-8.487405831500002,
ExpertEdit_B0_D2,native,250,1,0,0,0,0,invalid_raw,,-5.871369278888894,
ExpertEdit_B0_D2,native,251,1,0,0,0,0,invalid_raw,,-6.295641089112499,
ExpertEdit_B0_D2,native,252,1,1,0,1,1,verified,-3.4752891063690186,-3.566205878125,0.09091677175598134
ExpertEdit_B0_D2,native,253,0,1,0,0,0,not_converged,-5.045025825500488,-5.533590399090911,0.4885645735904225
ExpertEdit_B0_D2,native,254,1,1,1,1,0,not_converged,-9.974924087524414,-9.9450290275,-0.029895060024413667
ExpertEdit_B0_D2,native,255,1,1,0,0,0,not_converged,-6.613860130310059,-6.894403809199998,0.2805436788899396
ExpertEdit_B0_D2,native,256,1,1,0,0,0,not_converged,-7.061419486999512,-7.407460142874999,0.3460406558754876
ExpertEdit_B0_D2,native,257,1,1,0,0,0,invalid_terminal,-5.019312381744385,-7.124483321553028,2.1051709398086436
ExpertEdit_B0_D2,native,258,1,0,0,0,0,invalid_raw,,-7.450987041,
ExpertEdit_B0_D2,native,259,0,0,0,0,0,generation_failure,,,
ExpertEdit_B0_D2,native,260,1,1,1,1,0,not_converged,-5.494852066040039,-5.493872198749999,-0.0009798672900398486
ExpertEdit_B0_D2,native,261,1,1,1,1,1,verified,-4.787776470184326,-4.7631831025624995,-0.024593367621826623
ExpertEdit_B0_D2,native,262,1,0,0,0,0,invalid_raw,,-6.957786933333335,
ExpertEdit_B0_D2,native,263,1,1,0,0,0,not_converged,-5.499199867248535,-6.926639417500001,1.4274395502514654
ExpertEdit_B0_D2,native,264,0,0,0,0,0,invalid_raw,,-5.071622596904762,
ExpertEdit_B0_D2,native,265,1,0,0,0,0,invalid_raw,,-5.76353898,
ExpertEdit_B0_D2,native,266,1,1,1,1,0,not_converged,-6.073572635650635,-6.0073073536538475,-0.06626528199678727
ExpertEdit_B0_D2,native,267,1,1,0,0,0,invalid_terminal,-5.067122459411621,-7.3198004800000085,2.2526780205883874
ExpertEdit_B0_D2,native,268,1,1,0,0,0,not_converged,-5.062175750732422,-5.20062912111111,0.13845337037868788
ExpertEdit_B0_D2,native,269,1,1,0,0,0,not_converged,6.176631927490234,-6.286152254999999,12.462784182490234
ExpertEdit_B0_D2,native,270,1,1,0,0,0,invalid_terminal,4.66030216217041,-4.726353991666666,9.386656153837077
ExpertEdit_B0_D2,native,271,1,1,0,1,0,not_converged,-4.796077728271484,-4.805392888958333,0.009315160686848678
ExpertEdit_B0_D2,native,272,0,1,0,0,0,not_converged,4.736215591430664,-5.746246750681818,10.482462342112482
ExpertEdit_B0_D2,native,273,1,1,0,0,0,invalid_terminal,-3.525237560272217,-4.5878161475,1.062578587227783
ExpertEdit_B0_D2,native,274,1,1,0,1,1,verified,-4.363883018493652,-4.4121433955,0.04826037700634789
ExpertEdit_B0_D2,native,275,1,1,0,0,1,verified,-4.249547958374023,-4.375447646484375,0.12589968811035135
ExpertEdit_B0_D2,native,276,1,1,0,0,0,not_converged,-5.821311950683594,-5.999105397175926,0.1777934464923323
ExpertEdit_B0_D2,native,277,1,1,0,0,0,not_converged,-1.8884600400924683,-2.0504891375,0.1620290974075318
ExpertEdit_B0_D2,native,278,1,1,0,0,0,not_converged,4.19047212600708,-5.1221278275,9.31259995350708
ExpertEdit_B0_D2,native,279,1,1,0,0,0,invalid_terminal,-7.052080154418945,-7.903979024583332,0.851898870164387
ExpertEdit_B0_D2,native,280,1,1,1,1,1,verified,-2.866692304611206,-2.8016605543406596,-0.06503175027054642
ExpertEdit_B0_D2,native,281,1,0,0,0,0,invalid_raw,,-8.791714443541668,
ExpertEdit_B0_D2,native,282,1,1,0,0,0,invalid_terminal,-1.2669677734375,-3.2446934216666667,1.9777256482291667
ExpertEdit_B0_D2,native,283,1,1,0,0,0,not_converged,-1.8880558013916016,-4.251312112750002,2.3632563113584
ExpertEdit_B0_D2,native,284,1,1,0,0,0,not_converged,-3.8157355785369873,,
ExpertEdit_B0_D2,native,285,0,1,0,0,0,not_converged,-1.9597713947296143,-5.842526910990029,3.8827555162604144
ExpertEdit_B0_D2,native,286,1,0,0,0,0,invalid_raw,,-5.759537465596789,
ExpertEdit_B0_D2,native,287,1,1,0,0,0,not_converged,2.2902603149414062,-9.789058354444444,12.07931866938585
ExpertEdit_B0_D2,native,288,1,1,0,0,1,verified,-6.27770471572876,-6.383733436,0.10602872027124022
ExpertEdit_B0_D2,native,289,1,1,0,0,0,not_converged,-5.085986137390137,-6.106789206969696,1.020803069579559
ExpertEdit_B0_D2,native,290,1,1,1,1,0,not_converged,-3.3805108070373535,-3.35642271875,-0.024088088287353315
ExpertEdit_B0_D2,native,291,1,0,0,0,0,invalid_raw,,-5.856307052833337,
ExpertEdit_B0_D2,native,292,1,1,0,0,0,not_converged,-4.571532726287842,-4.858748289999999,0.2872155637121576
ExpertEdit_B0_D2,native,293,0,0,0,0,0,generation_failure,,,
ExpertEdit_B0_D2,native,294,1,1,0,0,0,not_converged,4.801566123962402,-4.101147137166667,8.902713261129069
ExpertEdit_B0_D2,native,295,1,1,0,0,0,not_converged,-6.1792449951171875,-6.29634838,0.11710338488281291
ExpertEdit_B0_D2,native,296,1,1,0,1,0,not_converged,-4.577190399169922,-4.654199455897437,0.07700905672751546
ExpertEdit_B0_D2,native,297,1,0,0,0,0,invalid_raw,,-6.7262452365476175,
ExpertEdit_B0_D2,native,298,1,1,0,0,0,not_converged,-4.67712926864624,-4.85595832,0.17882905135375982
ExpertEdit_B0_D2,native,299,1,1,0,0,0,not_converged,-4.063693046569824,,
ExpertEdit_B0_D2,native,300,1,1,0,0,0,not_converged,-8.5823974609375,-8.795292552083334,0.2128950911458336
ExpertEdit_B0_D2,native,301,1,1,0,0,0,not_converged,-7.020346641540527,-8.614129246071428,1.593782604530901
ExpertEdit_B0_D2,native,302,1,1,0,0,0,invalid_terminal,-6.235925674438477,-6.9583210300000005,0.7223953555615239
ExpertEdit_B0_D2,native,303,1,1,0,0,0,invalid_terminal,-2.280275821685791,-7.344096527727273,5.063820706041482
ExpertEdit_B0_D2,native,304,0,0,0,0,0,invalid_raw,,-3.854455645612245,
ExpertEdit_B0_D2,native,305,1,1,0,1,0,not_converged,-3.355024576187134,-3.392726045,0.03770146881286607
ExpertEdit_B0_D2,native,306,1,1,0,0,0,not_converged,-2.142204523086548,-5.018360740192307,2.876156217105759
ExpertEdit_B0_D2,native,307,0,0,0,0,0,invalid_raw,,-5.748584652763157,
ExpertEdit_B0_D2,native,308,1,1,0,0,0,invalid_terminal,-5.124685287475586,-8.103911396437498,2.979226108961912
ExpertEdit_B0_D2,native,309,1,1,0,1,0,not_converged,-2.1495797634124756,-2.1831125125,0.03353274908752457
ExpertEdit_B0_D2,native,310,1,0,0,0,0,invalid_raw,,-6.759939068671887,
ExpertEdit_B0_D2,native,311,1,1,0,0,0,invalid_terminal,-4.149930477142334,-4.604603925034723,0.4546734478923886
ExpertEdit_B0_D2,native,312,1,0,0,0,0,invalid_raw,,-7.637244786607142,
ExpertEdit_B0_D2,native,313,1,1,0,0,1,verified,-6.137681007385254,,
ExpertEdit_B0_D2,native,314,1,1,0,0,0,not_converged,-5.619471549987793,-6.096360439642856,0.47688888965506315
ExpertEdit_B0_D2,native,315,1,1,0,0,1,verified,-6.308221817016602,-6.515414064404761,0.20719224738815978
ExpertEdit_B0_D2,native,316,1,0,0,0,0,invalid_raw,,-4.86590872037037,
ExpertEdit_B0_D2,native,317,1,1,0,0,0,not_converged,-4.988807678222656,-6.496671924062499,1.5078642458398424
ExpertEdit_B0_D2,native,318,1,1,0,0,0,invalid_terminal,-1.098884105682373,-6.99806351642857,5.899179410746197
ExpertEdit_B0_D2,native,319,1,0,0,0,0,invalid_raw,,-7.278228040499998,
ExpertEdit_B0_D2,native,320,1,1,0,1,1,verified,-4.034517765045166,-4.12900124,0.094483474954834
ExpertEdit_B0_D2,native,321,1,0,0,0,0,invalid_raw,,-5.826691488846152,
ExpertEdit_B0_D2,native,322,1,0,0,0,0,invalid_raw,,-8.524832456062505,
ExpertEdit_B0_D2,native,323,0,0,0,0,0,generation_failure,,,
ExpertEdit_B0_D2,native,324,0,1,0,0,1,verified,-7.362579345703125,-7.633242624,0.2706632782968752
ExpertEdit_B0_D2,native,325,1,1,0,0,0,not_converged,-5.336960315704346,-5.520239303974359,0.183278988270013
ExpertEdit_B0_D2,native,326,1,1,0,1,0,not_converged,-2.7203755378723145,-2.7799054446875,0.05952990681518555
ExpertEdit_B0_D2,native,327,1,1,0,0,0,invalid_terminal,-6.5005059242248535,-8.184920311375004,1.6844143871501505
ExpertEdit_B0_D2,native,328,1,1,0,0,1,verified,-5.9849019050598145,-6.226623234,0.2417213289401854
ExpertEdit_B0_D2,native,329,0,1,0,0,0,not_converged,-1.4327640533447266,-7.144048147000002,5.711284093655276
ExpertEdit_B0_D2,native,330,1,1,0,1,0,not_converged,-6.492739677429199,-6.58863101,0.09589133257080107
ExpertEdit_B0_D2,native,331,1,1,0,0,0,not_converged,-4.8470072746276855,-4.962999632,0.11599235737231428
ExpertEdit_B0_D2,native,332,1,1,1,1,1,verified,-5.934560775756836,-5.807793345,-0.1267674307568356
ExpertEdit_B0_D2,native,333,1,0,0,0,0,invalid_raw,,-7.283933336363634,
ExpertEdit_B0_D2,native,334,1,1,0,0,0,not_converged,5.013357162475586,,
ExpertEdit_B0_D2,native,335,1,1,0,0,0,not_converged,-5.991535186767578,-6.446760544101562,0.45522535733398417
ExpertEdit_B0_D2,native,336,1,1,0,0,1,verified,-3.6563074588775635,-3.7784580488541675,0.122150589976604
ExpertEdit_B0_D2,native,337,1,0,0,0,0,invalid_raw,,-4.6610906490740724,
ExpertEdit_B0_D2,native,338,1,1,0,0,0,not_converged,-5.218679428100586,-5.443290666999999,0.22461123889941348
ExpertEdit_B0_D2,native,339,1,0,0,0,0,invalid_raw,,-6.531749023125,
ExpertEdit_B0_D2,native,340,1,1,0,0,0,invalid_terminal,-3.7867729663848877,-4.4885759125,0.7018029461151123
ExpertEdit_B0_D2,native,341,1,1,0,1,1,verified,-5.380792617797852,-5.476698801374998,0.09590618357714664
ExpertEdit_B0_D2,native,342,1,0,0,0,0,invalid_raw,,-4.894412604660488,
ExpertEdit_B0_D2,native,343,1,1,0,0,0,not_converged,-6.918483257293701,-7.702896643333333,0.7844133860396321
ExpertEdit_B0_D2,native,344,1,1,0,0,0,invalid_terminal,-0.4540705680847168,-5.158396759375,4.704326191290283
ExpertEdit_B0_D2,native,345,1,1,0,0,0,not_converged,-6.219522476196289,-6.32752468,0.10800220380371073
ExpertEdit_B0_D2,native,346,1,1,0,0,0,invalid_terminal,-3.1634485721588135,-5.848872917791664,2.6854243456328506
ExpertEdit_B0_D2,native,347,1,1,0,1,0,not_converged,-2.2065443992614746,-2.3028027475,0.0962583482385253
ExpertEdit_B0_D2,native,348,1,1,0,0,0,invalid_terminal,1.004694938659668,-4.016336547812502,5.02103148647217
ExpertEdit_B0_D2,native,349,1,0,0,0,0,invalid_raw,,-5.416102978958333,
ExpertEdit_B0_D2,native,350,1,1,0,0,0,not_converged,-6.923733234405518,-7.073015417272727,0.14928218286720973
ExpertEdit_B0_D2,native,351,0,0,0,0,0,generation_failure,,,
ExpertEdit_B0_D2,native,352,1,1,0,0,1,verified,-3.504465103149414,-3.745560845,0.2410957418505859
ExpertEdit_B0_D2,native,353,1,0,0,0,0,invalid_raw,,-6.004462560625,
ExpertEdit_B0_D2,native,354,1,1,0,0,0,not_converged,-4.358359336853027,-4.885664255714286,0.5273049188612591
ExpertEdit_B0_D2,native,355,1,0,0,0,0,invalid_raw,,-4.38895631953125,
ExpertEdit_B0_D2,native,356,1,1,0,0,0,not_converged,2.029512643814087,-3.7503563497500014,5.779868993564088
ExpertEdit_B0_D2,native,357,1,1,0,0,0,not_converged,-6.061107635498047,-6.2040151939213,0.14290755842325353
ExpertEdit_B0_D2,native,358,1,1,0,0,0,not_converged,-7.679245471954346,-8.813001928000002,1.1337564560456563
ExpertEdit_B0_D2,native,359,1,1,0,0,1,verified,-1.6749485731124878,,
ExpertEdit_B0_D2,native,360,1,0,0,0,0,invalid_raw,,-8.456414450833334,
ExpertEdit_B0_D2,native,361,1,1,0,0,1,verified,-6.236472129821777,-6.374543491079999,0.13807136125822161
ExpertEdit_B0_D2,native,362,1,0,0,0,0,invalid_raw,,-8.928585654444444,
ExpertEdit_B0_D2,native,363,1,1,0,0,0,invalid_terminal,0.6939778327941895,-7.26076491,7.954742742794189
ExpertEdit_B0_D2,native,364,1,1,0,0,0,invalid_terminal,-4.586630821228027,-7.8259403418749995,3.239309520646972
ExpertEdit_B0_D2,native,365,1,1,0,0,0,not_converged,-6.9104743003845215,-7.603746021875001,0.6932717214904791
ExpertEdit_B0_D2,native,366,1,1,1,1,1,verified,-9.997563362121582,-9.844391244722223,-0.1531721173993592
ExpertEdit_B0_D2,native,367,0,1,0,0,0,invalid_terminal,-0.23947811126708984,-7.147121729517008,6.907643618249918
ExpertEdit_B0_D2,native,368,1,1,0,0,0,not_converged,-7.062215805053711,-7.2905947565,0.22837895144628906
ExpertEdit_B0_D2,native,369,1,1,0,0,0,invalid_terminal,-7.297980308532715,-8.013470406058559,0.7154900975258442
ExpertEdit_B0_D2,native,370,1,1,0,0,0,not_converged,1.9199013710021973,-6.191409585,8.111310956002196
ExpertEdit_B0_D2,native,371,1,1,0,0,0,not_converged,-4.033420562744141,,
ExpertEdit_B0_D2,native,372,1,0,0,0,0,invalid_raw,,-6.5915052257291675,
ExpertEdit_B0_D2,native,373,1,1,0,0,0,not_converged,3.835566520690918,-5.01393641909091,8.849502939781829
ExpertEdit_B0_D2,native,374,1,1,0,0,0,not_converged,-1.9787917137145996,-6.8892647775,4.910473063785401
ExpertEdit_B0_D2,native,375,1,1,0,0,1,verified,-5.876706600189209,-6.244251652378788,0.36754505218957867
ExpertEdit_B0_D2,native,376,1,1,0,0,0,not_converged,-6.2351508140563965,-6.426387084999999,0.19123627094360263
ExpertEdit_B0_D2,native,377,1,1,0,0,1,verified,-3.8695530891418457,-4.2482075667708346,0.37865447762898885
ExpertEdit_B0_D2,native,378,0,1,0,0,0,not_converged,-5.243005275726318,-5.659528698511903,0.41652342278558496
ExpertEdit_B0_D2,native,379,1,1,0,0,0,not_converged,2.958406448364258,-3.1810739,6.139480348364257
ExpertEdit_B0_D2,native,380,1,1,0,0,0,not_converged,-4.672260761260986,,
ExpertEdit_B0_D2,native,381,1,1,0,0,1,verified,-7.144066333770752,-7.463248600833333,0.31918226706258146
ExpertEdit_B0_D2,native,382,1,1,0,0,0,not_converged,-5.852344989776611,-6.24037293625,0.3880279464733887
ExpertEdit_B0_D2,native,383,1,1,0,0,1,verified,-6.718324184417725,-6.86689797625,0.14857379183227515
ExpertEdit_B0_D2,native,384,0,1,0,0,1,verified,-7.175215244293213,-7.472582518249999,0.2973672739567865
ExpertEdit_B0_D2,native,385,1,0,0,0,0,invalid_raw,,,
ExpertEdit_B0_D2,native,386,1,1,0,0,1,verified,-1.746985673904419,-1.9639978787499999,0.21701220484558092
ExpertEdit_B0_D2,native,387,1,0,0,0,0,invalid_raw,,-5.295137119464284,
ExpertEdit_B0_D2,native,388,1,1,0,0,0,invalid_terminal,-4.0022430419921875,-7.63836758875,3.636124546757813
ExpertEdit_B0_D2,native,389,1,1,0,1,0,not_converged,-3.522688150405884,-3.5967200025,0.07403185209411633
ExpertEdit_B0_D2,native,390,1,1,0,0,0,invalid_terminal,-3.430466651916504,-7.79202852269229,4.361561870775786
ExpertEdit_B0_D2,native,391,1,0,0,0,0,invalid_raw,,-8.627817990833332,
ExpertEdit_B0_D2,native,392,1,1,0,0,0,invalid_terminal,-3.690441846847534,,
ExpertEdit_B0_D2,native,393,1,1,0,0,0,invalid_terminal,-5.605757236480713,-6.4539449788541665,0.8481877423734536
ExpertEdit_B0_D2,native,394,0,0,0,0,0,generation_failure,,,
ExpertEdit_B0_D2,native,395,1,1,0,0,0,not_converged,-5.467178821563721,-5.60683765421875,0.1396588326550292
ExpertEdit_B0_D2,native,396,1,0,0,0,0,invalid_raw,,-6.4121261725,
ExpertEdit_B0_D2,native,397,1,1,0,0,0,not_converged,-6.905206680297852,-7.0909342075,0.18572752720214858
ExpertEdit_B0_D2,native,398,1,1,0,0,0,invalid_terminal,-1.8700122833251953,-10.8573587875,8.987346504174806
ExpertEdit_B0_D2,native,399,1,1,0,0,1,verified,-3.7401530742645264,-3.8445175317708324,0.10436445750630607
ExpertEdit_B0_D2,native,400,1,1,0,0,1,verified,-6.157506942749023,-6.381535613333334,0.22402867058431042
ExpertEdit_B0_D2,native,401,1,0,0,0,0,invalid_raw,,-3.65515203546875,
ExpertEdit_B0_D2,native,402,1,1,0,1,0,not_converged,-8.18934154510498,-8.257422462812501,0.06808091770752078
ExpertEdit_B0_D2,native,403,1,1,0,1,1,verified,-10.739163398742676,-10.8234458525,0.08428245375732502
ExpertEdit_B0_D2,native,404,1,0,0,0,0,invalid_raw,,-7.758457392222223,
ExpertEdit_B0_D2,native,405,1,1,0,0,0,not_converged,-8.240862846374512,-8.418681412142858,0.1778185657683462
ExpertEdit_B0_D2,native,406,0,1,0,0,0,invalid_terminal,-5.276665210723877,-6.619508543999997,1.3428433332761198
ExpertEdit_B0_D2,native,407,0,0,0,0,0,invalid_raw,,-5.735540416491224,
ExpertEdit_B0_D2,native,408,1,1,0,0,0,invalid_terminal,-6.997574329376221,-8.769706787968742,1.7721324585925213
ExpertEdit_B0_D2,native,409,1,0,0,0,0,invalid_raw,,-8.041667774000013,
ExpertEdit_B0_D2,native,410,1,0,0,0,0,invalid_raw,,-6.5903824748333335,
ExpertEdit_B0_D2,native,411,1,1,0,0,0,not_converged,-3.6385934352874756,-4.15863041875,0.520036983462524
ExpertEdit_B0_D2,native,412,0,1,0,0,0,not_converged,-5.125861644744873,-6.091361339393945,0.9654996946490719
ExpertEdit_B0_D2,native,413,0,0,0,0,0,invalid_raw,,-7.07118010925,
ExpertEdit_B0_D2,native,414,1,1,0,0,0,invalid_terminal,3.878777503967285,-4.98162886625,8.860406370217285
ExpertEdit_B0_D2,native,415,1,1,0,0,0,not_converged,-0.3439335823059082,-5.20334055,4.859406967694092
ExpertEdit_B0_D2,native,416,1,1,0,0,0,invalid_terminal,-1.1813554763793945,-6.675661131333333,5.494305654953939
ExpertEdit_B0_D2,native,417,1,1,0,0,1,verified,-5.861746788024902,-6.3070154264000005,0.4452686383750981
ExpertEdit_B0_D2,native,418,1,1,0,0,0,invalid_terminal,-3.537215232849121,-3.8678257400000002,0.33061050715087914
ExpertEdit_B0_D2,native,419,0,0,0,0,0,generation_failure,,,
ExpertEdit_B0_D2,native,420,1,1,0,0,1,verified,-5.1971917152404785,-5.48895296601852,0.29176125077804116
ExpertEdit_B0_D2,native,421,1,1,0,1,0,not_converged,-9.367789268493652,-9.432109396666666,0.06432012817301391
ExpertEdit_B0_D2,native,422,1,1,0,0,0,invalid_terminal,-7.2666425704956055,-7.4657569589803945,0.19911438848478902
ExpertEdit_B0_D2,native,423,1,1,0,0,0,invalid_terminal,-5.932377815246582,-6.787190061666667,0.8548122464200851
ExpertEdit_B0_D2,native,424,1,1,0,1,1,verified,-2.445197582244873,-2.5003914575,0.05519387525512709
ExpertEdit_B0_D2,native,425,1,1,1,1,1,verified,-3.310908317565918,-3.2972176,-0.013690717565917776
ExpertEdit_B0_D2,native,426,1,1,0,0,1,verified,-5.83629035949707,-6.000078808650795,0.16378844915372426
ExpertEdit_B0_D2,native,427,1,1,0,0,0,invalid_terminal,-4.476860523223877,-5.530141087857143,1.0532805646332664
ExpertEdit_B0_D2,native,428,1,1,0,0,0,invalid_terminal,-4.530702590942383,-4.996930055381944,0.4662274644395614
ExpertEdit_B0_D2,native,429,1,1,0,0,1,verified,-5.602415561676025,-5.776935175777778,0.17451961410175265
ExpertEdit_B0_D2,native,430,1,1,1,1,1,verified,-5.6230034828186035,-5.572251004351852,-0.05075247846675168
ExpertEdit_B0_D2,native,431,1,1,0,0,1,verified,-5.773523330688477,-6.844030326666665,1.0705069959781888
ExpertEdit_B0_D2,native,432,1,0,0,0,0,invalid_raw,,-4.49155244983333,
ExpertEdit_B0_D2,native,433,1,0,0,0,0,invalid_raw,,-6.293599595302753,
ExpertEdit_B0_D2,native,434,0,1,0,0,0,invalid_terminal,-6.743077754974365,-6.9428080617646994,0.1997303067903342
ExpertEdit_B0_D2,native,435,1,1,0,0,0,invalid_terminal,-5.965022563934326,-7.4021100337500005,1.4370874698156744
ExpertEdit_B0_D2,native,436,1,1,0,0,0,not_converged,-9.495264053344727,-9.791720543333334,0.2964564899886071
ExpertEdit_B0_D2,native,437,1,1,0,0,0,invalid_terminal,0.16621065139770508,-3.091066119722221,3.257276771119926
ExpertEdit_B0_D2,native,438,1,1,0,0,0,invalid_terminal,-6.012434959411621,-6.251656806250001,0.23922184683837955
ExpertEdit_B0_D2,native,439,1,1,0,0,1,verified,-4.127882957458496,-4.230986013888891,0.10310305643039452
ExpertEdit_B0_D2,native,440,1,1,0,0,0,invalid_terminal,-2.524524211883545,-7.440291984583329,4.915767772699784
ExpertEdit_B0_D2,native,441,1,0,0,0,0,invalid_raw,,-7.473559076785713,
ExpertEdit_B0_D2,native,442,1,0,0,0,0,invalid_raw,,-6.71070386234375,
ExpertEdit_B0_D2,native,443,1,1,0,1,0,not_converged,-4.364200115203857,-4.441031711066666,0.0768315958628083
ExpertEdit_B0_D2,native,444,1,1,1,1,1,verified,-4.058597087860107,-4.05571518,-0.0028819078601074466
ExpertEdit_B0_D2,native,445,1,1,0,0,0,not_converged,-5.697477340698242,-5.841298413322369,0.14382107262412713
ExpertEdit_B0_D2,native,446,1,0,0,0,0,invalid_raw,,-3.869441791458333,
ExpertEdit_B0_D2,native,447,0,0,0,0,0,invalid_raw,,-4.984967777268518,
ExpertEdit_B0_D2,native,448,1,1,0,0,0,not_converged,-7.89971923828125,-8.079092086938779,0.179372848657529
ExpertEdit_B0_D2,native,449,1,0,0,0,0,invalid_raw,,-7.2614877075,
ExpertEdit_B0_D2,native,450,1,1,0,1,0,not_converged,-4.762718677520752,-4.7679368225,0.005218144979248329
ExpertEdit_B0_D2,native,451,1,1,0,0,1,verified,-5.217540740966797,-5.32133803265873,0.10379729169193297
ExpertEdit_B0_D2,native,452,1,1,0,1,1,verified,-1.9666856527328491,-2.00559988,0.03891422726715099
ExpertEdit_B0_D2,native,453,0,1,0,0,0,invalid_terminal,-4.9363112449646,-7.16645020875,2.2301389637854
ExpertEdit_B0_D2,native,454,1,0,0,0,0,invalid_raw,,-6.2863988775,
ExpertEdit_B0_D2,native,455,0,1,1,1,1,verified,-6.95590877532959,-6.896046239285714,-0.059862536043875814
ExpertEdit_B0_D2,native,456,1,1,0,0,0,not_converged,-7.968118190765381,-8.356161032314818,0.3880428415494368
ExpertEdit_B0_D2,native,457,1,1,0,0,0,not_converged,-3.822127342224121,-3.934791412840911,0.11266407061678985
ExpertEdit_B0_D2,native,458,1,1,0,0,0,not_converged,-0.7412934303283691,-3.336431573125001,2.595138142796632
ExpertEdit_B0_D2,native,459,1,1,0,1,0,not_converged,-3.344355344772339,-3.3835279566666667,0.03917261189432786
ExpertEdit_B0_D2,native,460,1,1,0,0,0,invalid_terminal,-1.5002455711364746,-8.462408774,6.962163202863525
ExpertEdit_B0_D2,native,461,1,1,0,0,0,invalid_terminal,-4.600683212280273,-5.858947303333334,1.2582640910530607
ExpertEdit_B0_D2,native,462,1,1,0,0,1,verified,-3.678734540939331,-3.795662345,0.11692780406066916
ExpertEdit_B0_D2,native,463,1,1,0,0,0,not_converged,-6.915502548217773,-7.832468905555556,0.9169663573377829
ExpertEdit_B0_D2,native,464,0,0,0,0,0,generation_failure,,,
ExpertEdit_B0_D2,native,465,1,1,0,0,0,not_converged,-4.751888751983643,-4.891678837282052,0.13979008529840975
ExpertEdit_B0_D2,native,466,1,1,0,0,0,not_converged,-6.014928817749023,-6.366389921785728,0.35146110403670416
ExpertEdit_B0_D2,native,467,0,1,0,0,1,verified,-3.3799045085906982,-3.8109432977777784,0.43103878918708016
ExpertEdit_B0_D2,native,468,1,1,0,0,0,not_converged,-6.8528032302856445,-7.725826418541667,0.8730231882560222
ExpertEdit_B0_D2,native,469,1,1,0,1,0,not_converged,-5.1283745765686035,-5.184373668046875,0.05599909147827109
ExpertEdit_B0_D2,native,470,1,0,0,0,0,invalid_raw,,-6.1418910916666665,
ExpertEdit_B0_D2,native,471,1,1,1,1,1,verified,-4.283720016479492,-4.257636727777777,-0.026083288701714835
ExpertEdit_B0_D2,native,472,1,1,0,0,1,verified,-5.692773818969727,-5.7952186475000005,0.10244482853027392
ExpertEdit_B0_D2,native,473,1,1,0,1,1,verified,-3.1441140174865723,-3.1897965708522724,0.04568255336570015
ExpertEdit_B0_D2,native,474,1,1,0,0,0,not_converged,-7.900792121887207,-8.160132131666666,0.2593400097794589
ExpertEdit_B0_D2,native,475,1,1,0,1,0,not_converged,-3.2675397396087646,-3.2908807475,0.0233410078912355
ExpertEdit_B0_D2,native,476,1,1,0,1,0,not_converged,-6.298151969909668,-6.3858088968333355,0.08765692692366756
ExpertEdit_B0_D2,native,477,1,1,0,0,0,invalid_terminal,-4.4581403732299805,-5.633232337605364,1.1750919643753832
ExpertEdit_B0_D2,native,478,1,1,0,0,0,not_converged,-5.619877815246582,-5.966823779777783,0.3469459645312014
ExpertEdit_B0_D2,native,479,1,1,0,0,0,invalid_terminal,-3.842663288116455,-5.453567671249994,1.6109043831335388
ExpertEdit_B0_D2,native,480,1,1,0,0,0,invalid_terminal,-5.934627532958984,-6.40845135,0.4738238170410156
ExpertEdit_B0_D2,native,481,1,1,0,0,1,verified,-7.738292694091797,-7.840069253749998,0.10177655965820076
ExpertEdit_B0_D2,native,482,1,0,0,0,0,invalid_raw,,-8.566373946500002,
ExpertEdit_B0_D2,native,483,1,1,0,0,1,verified,-8.103683471679688,-8.33067552250001,0.22699205082032314
ExpertEdit_B0_D2,native,484,1,1,0,1,1,verified,-3.5854921340942383,-3.640387075125,0.05489494103076176
ExpertEdit_B0_D2,native,485,0,1,0,0,1,verified,-7.293297290802002,-7.438309159500001,0.1450118686979991
ExpertEdit_B0_D2,native,486,0,1,0,1,0,not_converged,-5.957092761993408,-5.987368683333333,0.03027592133992485
ExpertEdit_B0_D2,native,487,1,1,0,0,0,not_converged,-8.133696556091309,-8.441607665500001,0.3079111094086926
ExpertEdit_B0_D2,native,488,1,1,0,0,0,not_converged,-1.6909112930297852,-1.81458719,0.12367589697021475
ExpertEdit_B0_D2,native,489,1,0,0,0,0,invalid_raw,,-5.182306179999999,
ExpertEdit_B0_D2,native,490,1,1,0,0,0,invalid_terminal,1.6917409896850586,-6.140405388333333,7.8321463780183915
ExpertEdit_B0_D2,native,491,0,1,0,0,0,not_converged,-6.459150314331055,-7.95283244158334,1.4936821272522849
ExpertEdit_B0_D2,native,492,1,1,0,0,0,not_converged,-7.139880180358887,-7.366108416666662,0.226228236307775
ExpertEdit_B0_D2,native,493,1,1,0,0,0,invalid_terminal,-5.29554557800293,-6.675795845069443,1.380250267066513
ExpertEdit_B0_D2,native,494,1,1,0,0,0,invalid_terminal,-5.27810001373291,-6.752732359625,1.4746323458920898
ExpertEdit_B0_D2,native,495,1,1,0,1,1,verified,-8.369976997375488,-8.445496715865385,0.0755197184898968
ExpertEdit_B0_D2,native,496,1,1,0,0,0,invalid_terminal,-5.42878532409668,-8.799084292000003,3.3702989679033237
ExpertEdit_B0_D2,native,497,1,0,0,0,0,invalid_raw,,-6.265854163640623,
ExpertEdit_B0_D2,native,498,1,0,0,0,0,invalid_raw,,-9.113073129166667,
ExpertEdit_B0_D2,native,499,1,1,0,1,0,not_converged,-1.3468494415283203,-1.3605156349999998,0.013666193471679522
ExpertEdit_B0_D2,native,500,1,1,0,1,1,verified,-3.1682982444763184,-3.2581879712500004,0.08988972677368201
ExpertEdit_B0_D2,native,501,1,1,1,1,0,invalid_terminal,-15.44466495513916,-7.274399870625004,-8.170265084514156
ExpertEdit_B0_D2,native,502,1,0,0,0,0,invalid_raw,,-3.733119167333333,
ExpertEdit_B0_D2,native,503,1,1,0,0,0,invalid_terminal,-6.717293739318848,-8.380222386835644,1.6629286475167966
ExpertEdit_B0_D2,native,504,1,0,0,0,0,invalid_raw,,-6.321931073571428,
ExpertEdit_B0_D2,native,505,1,1,0,0,0,invalid_terminal,-2.270298957824707,-6.1209733422222214,3.8506743843975144
ExpertEdit_B0_D2,native,506,1,1,1,1,0,not_converged,-6.07121467590332,-6.0073073536538475,-0.06390732224947282
ExpertEdit_B0_D2,native,507,1,1,0,0,1,verified,-4.896145820617676,-5.120989921666667,0.22484410104899144
ExpertEdit_B0_D2,native,508,1,0,0,0,0,invalid_raw,,-5.97049048125,
ExpertEdit_B0_D2,native,509,0,0,0,0,0,invalid_raw,,-5.963047953482141,
ExpertEdit_B0_D2,native,510,0,0,0,0,0,invalid_raw,,-6.112085032805556,
ExpertEdit_B0_D2,native,511,1,0,0,0,0,invalid_raw,,-7.744531859375,
ExpertEdit_B0_D2,native,512,0,1,0,0,0,not_converged,3.913177490234375,-6.069127939166666,9.982305429401041
ExpertEdit_B0_D2,native,513,1,0,0,0,0,invalid_raw,,-5.5535936321875,
ExpertEdit_B0_D2,native,514,1,1,0,0,0,invalid_terminal,-4.06158447265625,-5.7685055025,1.70692102984375
ExpertEdit_B0_D2,native,515,1,1,0,0,0,invalid_terminal,-5.493781089782715,-7.131432083469386,1.6376509936866714
ExpertEdit_B0_D2,native,516,1,1,0,1,0,not_converged,-4.80181884765625,-4.874577810797101,0.07275896314085095
ExpertEdit_B0_D2,native,517,0,1,0,0,0,invalid_terminal,-2.1609396934509277,-8.430237784180548,6.26929809072962
ExpertEdit_B0_D2,native,518,1,0,0,0,0,invalid_raw,,-6.32724859,
ExpertEdit_B0_D2,native,519,1,0,0,0,0,invalid_raw,,-7.463248600833333,
ExpertEdit_B0_D2,native,520,1,0,0,0,0,invalid_raw,,-6.849193782499998,
ExpertEdit_B0_D2,native,521,1,1,0,0,0,not_converged,-6.332713603973389,-6.441000308333333,0.10828670435994425
ExpertEdit_B0_D2,native,522,1,1,0,0,0,not_converged,-3.7372803688049316,-3.8414387829761907,0.10415841417125904
ExpertEdit_B0_D2,native,523,1,0,0,0,0,invalid_raw,,-8.718612457833338,
ExpertEdit_B0_D2,native,524,1,1,0,0,0,not_converged,-5.277516841888428,-5.511338759642857,0.23382191775442962
ExpertEdit_B0_D2,native,525,1,1,0,0,0,not_converged,-5.880354881286621,-6.595725783690476,0.7153709024038548
ExpertEdit_B0_D2,native,526,1,0,0,0,0,invalid_raw,,-5.182306179999999,
ExpertEdit_B0_D2,native,527,1,1,1,1,0,not_converged,-4.6688456535339355,-4.641573311111113,-0.027272342422822504
ExpertEdit_B0_D2,native,528,1,1,0,0,0,invalid_terminal,-3.6469433307647705,-6.308745976428566,2.661802645663795
ExpertEdit_B0_D2,native,529,1,1,0,0,0,not_converged,3.814455509185791,-2.8910942266666666,6.705549735852458
ExpertEdit_B0_D2,native,530,1,1,0,0,0,invalid_terminal,-4.845134735107422,-6.1209733422222214,1.2758386071147996
ExpertEdit_B0_D2,native,531,1,1,0,1,1,verified,-3.9723880290985107,-4.060792923,0.08840489390148942
ExpertEdit_B0_D2,native,532,0,0,0,0,0,invalid_raw,,-8.299187171470596,
ExpertEdit_B0_D2,native,533,1,0,0,0,0,invalid_raw,,-7.610649461428571,
ExpertEdit_B0_D2,native,534,1,1,0,1,1,verified,-2.744312047958374,-2.7844803107499985,0.04016826279162444
ExpertEdit_B0_D2,native,535,1,0,0,0,0,invalid_raw,,-4.35474680975,
ExpertEdit_B0_D2,native,536,1,1,0,1,0,not_converged,-7.391243934631348,-7.486074154999999,0.0948302203686513
ExpertEdit_B0_D2,native,537,1,1,0,0,0,invalid_terminal,-3.9208896160125732,-6.956924663500001,3.0360350474874274
ExpertEdit_B0_D2,native,538,0,0,0,0,0,invalid_raw,,-3.8169818549999963,
ExpertEdit_B0_D2,native,539,0,1,0,0,0,invalid_terminal,-5.724155426025391,-5.990063168333334,0.26590774230794345
ExpertEdit_B0_D2,native,540,1,1,0,0,0,not_converged,-4.484567165374756,-4.822480633362069,0.33791346798731325
ExpertEdit_B0_D2,native,541,1,0,0,0,0,invalid_raw,,-3.344931825833333,
ExpertEdit_B0_D2,native,542,1,0,0,0,0,invalid_raw,,-3.21176262125,
ExpertEdit_B0_D2,native,543,1,1,0,0,0,not_converged,-5.542686462402344,-5.867925685555556,0.3252392231532122
ExpertEdit_B0_D2,native,544,0,1,0,0,0,not_converged,-2.911755323410034,-3.134796051494253,0.22304072808421882
ExpertEdit_B0_D2,native,545,1,1,0,0,0,not_converged,-4.895766735076904,-5.232126961999998,0.33636022692309364
ExpertEdit_B0_D2,native,546,1,1,0,0,0,invalid_terminal,-5.600979328155518,-7.440291984583329,1.8393126564278113
ExpertEdit_B0_D2,native,547,1,1,0,0,0,invalid_terminal,-1.4559688568115234,-5.417338445,3.961369588188477
ExpertEdit_B0_D2,native,548,1,1,0,0,0,invalid_terminal,-3.164330005645752,-5.026056615,1.861726609354248
ExpertEdit_B0_D2,native,549,1,1,0,0,0,invalid_terminal,-4.247769355773926,-4.7867108075,0.5389414517260747
ExpertEdit_B0_D2,native,550,1,1,0,0,0,not_converged,-4.277357578277588,-4.434936616666667,0.15757903838907872
ExpertEdit_B0_D2,native,551,0,1,0,1,0,not_converged,-8.328278541564941,-8.409315963974366,0.08103742240942502
ExpertEdit_B0_D2,native,552,1,1,0,0,0,not_converged,-6.010476589202881,-6.395818074999999,0.38534148579711847
ExpertEdit_B0_D2,native,553,1,1,0,1,0,not_converged,-7.995544910430908,-7.99947954884058,0.003934638409671898
ExpertEdit_B0_D2,native,554,1,1,0,0,0,not_converged,-2.9532718658447266,-3.3051274425,0.35185557665527334
ExpertEdit_B0_D2,native,555,1,1,0,0,1,verified,-5.6449055671691895,-5.76129931796875,0.11639375079956071
ExpertEdit_B0_D2,native,556,1,0,0,0,0,invalid_raw,,-4.078556233362069,
ExpertEdit_B0_D2,native,557,1,1,0,0,1,verified,-4.611395359039307,-4.856504486666666,0.2451091276273596
ExpertEdit_B0_D2,native,558,1,1,0,0,0,invalid_terminal,-5.510240077972412,-6.062922377843134,0.5526822998707219
ExpertEdit_B0_D2,native,559,1,0,0,0,0,invalid_raw,,-8.271957885541669,
ExpertEdit_B0_D2,native,560,1,0,0,0,0,invalid_raw,,-5.219441670624999,
ExpertEdit_B0_D2,native,561,1,0,0,0,0,invalid_raw,,-7.360338014583332,
ExpertEdit_B0_D2,native,562,1,0,0,0,0,invalid_raw,,-6.998467425958331,
ExpertEdit_B0_D2,native,563,0,1,1,1,0,not_converged,-5.757759094238281,-5.746246750681818,-0.011512343556463023
ExpertEdit_B0_D2,native,564,1,0,0,0,0,invalid_raw,,-8.380616457222251,
ExpertEdit_B0_D2,native,565,1,0,0,0,0,invalid_raw,,-6.9844244628125,
ExpertEdit_B0_D2,native,566,1,1,0,0,1,verified,-4.704525947570801,-4.84617572277778,0.14164977520697963
ExpertEdit_B0_D2,native,567,1,0,0,0,0,invalid_raw,,-6.977218462222222,
ExpertEdit_B0_D2,native,568,1,0,0,0,0,invalid_raw,,-5.667199826875002,
ExpertEdit_B0_D2,native,569,1,1,0,0,0,not_converged,-5.922796249389648,-6.21799675625,0.2952005068603514
ExpertEdit_B0_D2,native,570,1,1,0,1,0,not_converged,-6.440589427947998,-6.536831063,0.09624163505200212
ExpertEdit_B0_D2,native,571,1,1,0,0,0,invalid_terminal,-5.893515586853027,-6.055091405,0.16157581814697242
ExpertEdit_B0_D2,native,572,1,1,0,0,0,not_converged,-4.753778457641602,-5.894236688333334,1.1404582306917321
ExpertEdit_B0_D2,native,573,1,0,0,0,0,invalid_raw,,-8.860979771071428,
ExpertEdit_B0_D2,native,574,1,1,0,0,0,not_converged,-7.127945899963379,-9.130724048000001,2.0027781480366222
ExpertEdit_B0_D2,native,575,1,0,0,0,0,invalid_raw,,-9.64368324390625,
ExpertEdit_B0_D2,native,576,1,1,0,0,0,not_converged,-5.706997871398926,-7.9463406372500005,2.2393427658510747
ExpertEdit_B0_D2,native,577,1,1,0,0,1,verified,-7.673234462738037,-7.898664346666666,0.22542988392862906
ExpertEdit_B0_D2,native,578,0,1,0,0,0,not_converged,-7.644090175628662,-7.904137801011904,0.2600476253832422
ExpertEdit_B0_D2,native,579,1,1,0,1,0,not_converged,-4.552308559417725,-4.5974441825,0.0451356230822757
ExpertEdit_B0_D2,native,580,1,1,0,0,0,not_converged,-4.129948139190674,-4.272866928125,0.14291878893432575
ExpertEdit_B0_D2,native,581,1,1,0,0,0,not_converged,-4.896729469299316,-5.185017391111113,0.2882879218117962
ExpertEdit_B0_D2,native,582,1,1,0,0,0,invalid_terminal,-4.541993141174316,-8.296152071761648,3.754158930587332
ExpertEdit_B0_D2,native,583,1,0,0,0,0,invalid_raw,,-7.458291330000001,
ExpertEdit_B0_D2,native,584,0,0,0,0,0,invalid_raw,,-7.174230668947368,
ExpertEdit_B0_D2,native,585,1,0,0,0,0,invalid_raw,,-8.19349129625,
ExpertEdit_B0_D2,native,586,1,0,0,0,0,invalid_raw,,-7.941595019763888,
ExpertEdit_B0_D2,native,587,1,1,0,0,0,invalid_terminal,-3.377634048461914,-9.076747898350009,5.699113849888095
ExpertEdit_B0_D2,native,588,1,1,0,1,1,verified,-3.863452672958374,-3.940254005833328,0.07680133287495394
ExpertEdit_B0_D2,native,589,1,1,0,0,0,not_converged,-7.758853912353516,-7.931246645416669,0.1723927330631536
ExpertEdit_B0_D2,native,590,1,1,0,0,0,not_converged,-5.446366786956787,-6.075083163750001,0.6287163767932142
ExpertEdit_B0_D2,native,591,0,1,0,0,0,invalid_terminal,-5.415750026702881,-6.8908339850875,1.4750839583846194
ExpertEdit_B0_D2,native,592,0,1,0,0,0,not_converged,-6.2416229248046875,-6.488100046428571,0.2464771216238839
ExpertEdit_B0_D2,native,593,1,1,0,0,0,invalid_terminal,-6.141758441925049,-7.644372546564039,1.5026141046389903
ExpertEdit_B0_D2,native,594,1,0,0,0,0,invalid_raw,,-5.137322595390621,
ExpertEdit_B0_D2,native,595,1,0,0,0,0,invalid_raw,,-3.8109214989166658,
ExpertEdit_B0_D2,native,596,1,1,0,0,0,invalid_terminal,-5.538834571838379,-6.385504746666666,0.8466701748282874
ExpertEdit_B0_D2,native,597,1,1,0,0,0,not_converged,-4.306788921356201,-5.647885306666667,1.3410963853104656
ExpertEdit_B0_D2,native,598,1,1,0,1,1,verified,-4.086179256439209,-4.171417369375,0.08523811293579087
ExpertEdit_B0_D2,native,599,1,1,0,0,1,verified,-6.738399982452393,-7.0417229487916675,0.3033229663392749
ExpertEdit_B0_D2,native,600,1,1,0,0,0,not_converged,-8.459598541259766,-8.616930196354147,0.15733165509438152
ExpertEdit_B0_D2,native,601,1,1,0,0,0,not_converged,-5.825500011444092,-6.7198361735714345,0.8943361621273427
ExpertEdit_B0_D2,native,602,1,1,0,0,0,not_converged,-5.383961200714111,-5.603360449083334,0.2193992483692231
ExpertEdit_B0_D2,native,603,1,1,0,0,0,not_converged,-7.121915817260742,-7.231503501249999,0.10958768398925667
ExpertEdit_B0_D2,native,604,1,0,0,0,0,invalid_raw,,-8.567752844413793,
ExpertEdit_B0_D2,native,605,1,1,0,0,1,verified,-6.079464912414551,-6.532762696923074,0.4532977845085231
ExpertEdit_B0_D2,native,606,1,1,0,0,0,not_converged,0.626704216003418,-8.254909004166667,8.881613220170085
ExpertEdit_B0_D2,native,607,1,0,0,0,0,invalid_raw,,,
ExpertEdit_B0_D2,native,608,1,0,0,0,0,invalid_raw,,-8.381697039583335,
ExpertEdit_B0_D2,native,609,1,1,0,0,0,not_converged,-6.407717704772949,-6.8928177428125,0.48510003803955115
ExpertEdit_B0_D2,native,610,1,1,0,0,0,not_converged,-7.951564788818359,-8.31294434,0.3613795511816402
ExpertEdit_B0_D2,native,611,1,0,0,0,0,invalid_raw,,-3.878981410000002,
ExpertEdit_B0_D2,native,612,1,1,0,0,0,invalid_terminal,-4.066904067993164,-5.094008341999999,1.0271042740068346
ExpertEdit_B0_D2,native,613,1,1,0,0,0,not_converged,-6.787786960601807,-6.9800357155,0.19224875489819304
ExpertEdit_B0_D2,native,614,1,1,0,0,1,verified,-2.6729512214660645,,
ExpertEdit_B0_D2,native,615,1,1,1,1,0,not_converged,-5.30715274810791,-5.28278373,-0.024369018107909923
ExpertEdit_B0_D2,native,616,1,1,0,0,0,invalid_terminal,-2.5951457023620605,-3.9262666141666664,1.331120911804606
ExpertEdit_B0_D2,native,617,1,0,0,0,0,invalid_raw,,-6.814666827499999,
ExpertEdit_B0_D2,native,618,1,1,0,1,1,verified,-6.7881927490234375,-6.854147907142856,0.06595515811941866
ExpertEdit_B0_D2,native,619,1,0,0,0,0,invalid_raw,,-4.790574097530303,
ExpertEdit_B0_D2,native,620,1,1,0,0,0,not_converged,0.6698782444000244,-2.8438955515948283,3.5137737959948527
ExpertEdit_B0_D2,native,621,1,1,0,0,0,not_converged,4.755044937133789,-3.039236250269841,7.79428118740363
ExpertEdit_B0_D2,native,622,1,0,0,0,0,invalid_raw,,-6.555785223571426,
ExpertEdit_B0_D2,native,623,0,0,0,0,0,invalid_raw,,-4.2769381272222216,
ExpertEdit_B0_D2,native,624,1,1,0,0,0,not_converged,-6.812798500061035,-6.934263380833335,0.1214648807723
ExpertEdit_B0_D2,native,625,1,1,0,0,0,not_converged,-3.5958991050720215,-9.166623443333334,5.5707243382613125
ExpertEdit_B0_D2,native,626,0,0,0,0,0,invalid_raw,,-3.340783218645833,
ExpertEdit_B0_D2,native,627,1,1,0,0,1,verified,-4.467780113220215,-5.0370138577777785,0.5692337445575637
ExpertEdit_B0_D2,native,628,1,1,0,0,0,not_converged,-3.9130959510803223,,
ExpertEdit_B0_D2,native,629,1,0,0,0,0,invalid_raw,,-7.59869000259375,
ExpertEdit_B0_D2,native,630,1,1,0,0,0,invalid_terminal,-5.090836048126221,,
ExpertEdit_B0_D2,native,631,0,1,1,1,1,verified,-3.865752696990967,-3.8578771125,-0.007875584490966592
ExpertEdit_B0_D2,native,632,1,0,0,0,0,invalid_raw,,-7.290978368999999,
ExpertEdit_B0_D2,native,633,0,0,0,0,0,invalid_raw,,-8.217829233173074,
ExpertEdit_B0_D2,native,634,1,0,0,0,0,invalid_raw,,-8.099678662354178,
ExpertEdit_B0_D2,native,635,1,1,0,0,1,verified,-3.3135502338409424,-3.4289641216666666,0.11541388782572426
ExpertEdit_B0_D2,native,636,1,1,0,0,0,invalid_terminal,-6.357336521148682,-7.110636203593749,0.7532996824450677
ExpertEdit_B0_D2,native,637,0,0,0,0,0,generation_failure,,,
ExpertEdit_B0_D2,native,638,1,1,0,0,0,invalid_terminal,-3.426736354827881,-5.018267591000001,1.59153123617212
ExpertEdit_B0_D2,native,639,1,0,0,0,0,invalid_raw,,-3.2128957719999995,
ExpertEdit_B0_D2,native,640,1,1,0,1,0,not_converged,-8.5880708694458,-8.625241947500001,0.03717107805420028
ExpertEdit_B0_D2,native,641,1,1,0,0,0,not_converged,5.985340118408203,-4.518596746785716,10.50393686519392
ExpertEdit_B0_D2,native,642,0,1,0,0,1,verified,-5.450021266937256,-5.785255833964286,0.3352345670270305
ExpertEdit_B0_D2,native,643,1,1,0,0,0,not_converged,-1.7089953422546387,-1.9412918889473683,0.2322965466927296
ExpertEdit_B0_D2,native,644,1,1,0,0,0,not_converged,-7.6526288986206055,-8.7441595753125,1.0915306766918942
ExpertEdit_B0_D2,native,645,0,1,0,0,1,verified,-3.8114776611328125,-4.117912353333335,0.3064346922005221
ExpertEdit_B0_D2,native,646,1,1,0,1,0,not_converged,-4.129136085510254,-4.1451110525,0.015974966989745987
ExpertEdit_B0_D2,native,647,1,1,0,0,0,not_converged,-3.7308521270751953,-3.943475848089081,0.2126237210138857
ExpertEdit_B0_D2,native,648,1,1,0,0,0,invalid_terminal,-5.409643173217773,-6.777828643611112,1.368185470393339
ExpertEdit_B0_D2,native,649,1,1,0,0,0,not_converged,-6.663638114929199,-6.8069309675,0.14329285257080038
ExpertEdit_B0_D2,native,650,0,0,0,0,0,invalid_raw,,-4.8071164225,
ExpertEdit_B0_D2,native,651,1,1,0,0,0,invalid_terminal,-5.8633198738098145,-7.2420316029999965,1.378711729190182
ExpertEdit_B0_D2,native,652,1,0,0,0,0,invalid_raw,,-4.489138247901787,
ExpertEdit_B0_D2,native,653,1,1,0,0,0,invalid_terminal,1.7358813285827637,-5.942038990000001,7.677920318582765
ExpertEdit_B0_D2,native,654,1,1,0,0,0,invalid_terminal,-1.4044857025146484,-7.80430871946875,6.399823016954102
ExpertEdit_B0_D2,native,655,1,1,0,0,0,not_converged,-4.866546630859375,-7.71596877875,2.8494221478906248
ExpertEdit_B0_D2,native,656,1,1,0,1,0,not_converged,-7.546228408813477,-7.576344552857143,0.03011614404366636
ExpertEdit_B0_D2,native,657,1,0,0,0,0,invalid_raw,,-6.7247548070892895,
ExpertEdit_B0_D2,native,658,1,0,0,0,0,invalid_raw,,-7.847256631959379,
ExpertEdit_B0_D2,native,659,1,1,0,1,1,verified,-2.47544002532959,-2.5140636025000003,0.03862357717041043
ExpertEdit_B0_D2,native,660,1,1,0,0,1,verified,-7.813116073608398,-8.076085841892853,0.26296976828445473
ExpertEdit_B0_D2,native,661,1,1,0,0,0,not_converged,-6.989414691925049,-7.168872619000002,0.179457927074953
ExpertEdit_B0_D2,native,662,1,1,0,0,0,not_converged,-6.76059103012085,-7.5118813395,0.7512903093791508
ExpertEdit_B0_D2,native,663,1,1,0,0,0,not_converged,-8.060834884643555,-8.2644569396875,0.2036220550439456
ExpertEdit_B0_D2,native,664,1,1,0,0,0,invalid_terminal,-2.64465594291687,,
ExpertEdit_B0_D2,native,665,0,1,0,0,0,not_converged,-6.129549503326416,-6.265704854,0.13615535067358397
ExpertEdit_B0_D2,native,666,1,1,0,0,0,not_converged,-0.7165031433105469,-8.702747815555556,7.986244672245009
ExpertEdit_B0_D2,native,667,1,1,0,0,1,verified,-3.6919503211975098,-4.125440847395833,0.43349052619832307
ExpertEdit_B0_D2,native,668,1,1,0,0,1,verified,-4.015476703643799,-4.470746124444444,0.45526942080064536
ExpertEdit_B0_D2,native,669,1,1,0,0,0,not_converged,-5.186767101287842,-6.6621268041666655,1.4753597028788237
ExpertEdit_B0_D2,native,670,1,1,0,1,0,not_converged,-6.666585922241211,-6.765227836375001,0.09864191413378975
ExpertEdit_B0_D2,native,671,1,0,0,0,0,invalid_raw,,-7.443452225374998,
ExpertEdit_B0_D2,native,672,0,1,0,0,1,verified,-4.582782745361328,-5.521868224097222,0.939085478735894
ExpertEdit_B0_D2,native,673,1,1,0,0,0,invalid_terminal,-5.17601203918457,-5.39619175625,0.22017971706543005
ExpertEdit_B0_D2,native,674,1,0,0,0,0,invalid_raw,,-7.240865731547606,
ExpertEdit_B0_D2,native,675,1,1,0,0,0,not_converged,-4.432588577270508,-4.807592882869896,0.37500430559938813
ExpertEdit_B0_D2,native,676,1,1,0,0,0,not_converged,-0.5131402015686035,-7.950022721388889,7.436882519820285
ExpertEdit_B0_D2,native,677,1,1,0,0,1,verified,-5.428124904632568,-5.574598848888892,0.1464739442563232
ExpertEdit_B0_D2,native,678,1,1,0,0,0,invalid_terminal,-5.366430282592773,-6.0105781128316345,0.644147830238861
ExpertEdit_B0_D2,native,679,1,1,0,0,1,verified,-4.353209495544434,-4.645062652783783,0.29185315723934924
ExpertEdit_B0_D2,native,680,1,1,0,0,0,not_converged,-7.389764308929443,-7.73580783,0.34604352107055636
ExpertEdit_B0_D2,native,681,1,1,0,0,0,not_converged,-6.253504276275635,-6.442499237692307,0.1889949614166726
ExpertEdit_B0_D2,native,682,1,1,0,0,0,invalid_terminal,-6.009155750274658,-7.677512827749999,1.6683570774753411
ExpertEdit_B0_D2,native,683,1,1,0,0,0,not_converged,-5.35156774520874,-5.7153636783333335,0.36379593312459324
ExpertEdit_B0_D2,native,684,1,0,0,0,0,invalid_raw,,-6.620050240833334,
ExpertEdit_B0_D2,native,685,1,0,0,0,0,invalid_raw,,-5.0402639921875,
ExpertEdit_B0_D2,native,686,1,0,0,0,0,invalid_raw,,-6.632185537392859,
ExpertEdit_B0_D2,native,687,1,0,0,0,0,invalid_raw,,-8.233708902777778,
ExpertEdit_B0_D2,native,688,1,1,0,0,1,verified,-2.371713161468506,-2.4936662025000005,0.12195304103149462
ExpertEdit_B0_D2,native,689,0,0,0,0,0,invalid_raw,,-6.3002516555102,
ExpertEdit_B0_D2,native,690,1,1,0,0,1,verified,-4.5598320960998535,,
ExpertEdit_B0_D2,native,691,1,1,0,0,1,verified,-4.679869174957275,-4.787270853333333,0.10740167837605785
ExpertEdit_B0_D2,native,692,1,1,0,0,0,invalid_terminal,-0.5788521766662598,-6.17405111666667,5.59519894000041
ExpertEdit_B0_D2,native,693,1,0,0,0,0,invalid_raw,,-6.4184782624074,
ExpertEdit_B0_D2,native,694,1,1,0,0,0,invalid_terminal,-3.9910383224487305,-4.934960862916669,0.9439225404679386
ExpertEdit_B0_D2,native,695,1,1,0,0,0,not_converged,4.975651264190674,-4.812299475,9.787950739190673
ExpertEdit_B0_D2,native,696,1,0,0,0,0,invalid_raw,,-3.1968489839999985,
ExpertEdit_B0_D2,native,697,1,1,0,0,0,not_converged,-6.040345191955566,-6.26341539,0.22307019804443318
ExpertEdit_B0_D2,native,698,1,0,0,0,0,invalid_raw,,-8.10818995285713,
ExpertEdit_B0_D2,native,699,1,1,0,0,0,invalid_terminal,-5.414518356323242,-6.95063766,1.5361193036767578
ExpertEdit_B0_D2,native,700,1,1,0,0,0,not_converged,-6.1767578125,-6.512159472222223,0.3354016597222227
ExpertEdit_B0_D2,native,701,1,1,0,0,0,invalid_terminal,0.8649468421936035,-1.3200470271684348,2.1849938693620383
ExpertEdit_B0_D2,native,702,1,1,0,0,1,verified,-5.290835857391357,-6.28886659,0.9980307326086422
ExpertEdit_B0_D2,native,703,0,0,0,0,0,invalid_raw,,-6.891417424285714,
ExpertEdit_B0_D2,native,704,1,0,0,0,0,invalid_raw,,-8.51688622213451,
ExpertEdit_B0_D2,native,705,1,1,1,1,0,not_converged,-5.299908638000488,-5.233241557916665,-0.06666708008382294
ExpertEdit_B0_D2,native,706,1,1,0,0,0,not_converged,-7.158974647521973,-7.342743946375009,0.1837692988530364
ExpertEdit_B0_D2,native,707,1,1,0,0,0,invalid_terminal,-4.126802444458008,-4.7680858299999995,0.6412833855419917
ExpertEdit_B0_D2,native,708,1,0,0,0,0,invalid_raw,,-6.971894294761912,
ExpertEdit_B0_D2,native,709,0,1,0,0,0,not_converged,-6.484131813049316,-7.098623117619049,0.6144913045697322
ExpertEdit_B0_D2,native,710,1,1,0,0,1,verified,-6.946703910827637,-7.342082446388888,0.39537853556125135
ExpertEdit_B0_D2,native,711,1,0,0,0,0,invalid_raw,,-7.74208865875,
ExpertEdit_B0_D2,native,712,1,1,0,0,1,verified,-4.966656684875488,-5.551665437777777,0.5850087529022892
ExpertEdit_B0_D2,native,713,1,1,0,0,1,verified,-6.882259368896484,-7.49526839575,0.6130090268535158
ExpertEdit_B0_D2,native,714,1,1,0,0,0,not_converged,-3.776153802871704,-3.9130018430000004,0.13684804012829632
ExpertEdit_B0_D2,native,715,0,1,0,0,0,invalid_terminal,-2.633293390274048,-5.719087657083333,3.085794266809285
ExpertEdit_B0_D2,native,716,1,1,0,0,0,invalid_terminal,-5.815241813659668,-7.737812645333337,1.922570831673669
ExpertEdit_B0_D2,native,717,1,1,0,1,0,not_converged,-6.429801940917969,-6.5044673237857165,0.07466538286774771
ExpertEdit_B0_D2,native,718,1,1,0,0,0,not_converged,-9.701904296875,-9.996184573500003,0.29428027662500256
ExpertEdit_B0_D2,native,719,1,0,0,0,0,invalid_raw,,-5.44340574375,
ExpertEdit_B0_D2,native,720,0,1,0,0,0,invalid_terminal,2.109464645385742,-9.24237755570988,11.351842201095621
ExpertEdit_B0_D2,native,721,1,0,0,0,0,invalid_raw,,-5.415105802638893,
ExpertEdit_B0_D2,native,722,1,1,0,1,1,verified,-4.669360637664795,-4.768434421111113,0.09907378344631823
ExpertEdit_B0_D2,native,723,1,1,0,0,1,verified,-3.77195405960083,-3.954560286,0.1826062263991699
ExpertEdit_B0_D2,native,724,1,1,0,0,1,verified,-4.356714248657227,-4.541502935178574,0.1847886865213475
ExpertEdit_B0_D2,native,725,1,1,0,0,0,not_converged,-6.314467430114746,-6.748878903333334,0.43441147321858775
ExpertEdit_B0_D2,native,726,1,0,0,0,0,invalid_raw,,-7.628483750411527,
ExpertEdit_B0_D2,native,727,1,1,0,0,0,invalid_terminal,-2.82169771194458,-3.520395878666667,0.6986981667220871
ExpertEdit_B0_D2,native,728,1,1,0,0,1,verified,-3.5394675731658936,-3.76551414375,0.22604657058410638
ExpertEdit_B0_D2,native,729,1,0,0,0,0,invalid_raw,,-5.862104980555555,
ExpertEdit_B0_D2,native,730,0,1,0,0,0,invalid_terminal,0.9171427488327026,-1.98562423,2.9027669788327026
ExpertEdit_B0_D2,native,731,1,0,0,0,0,invalid_raw,,-6.581252318333334,
ExpertEdit_B0_D2,native,732,0,0,0,0,0,generation_failure,,,
ExpertEdit_B0_D2,native,733,1,1,0,1,0,not_converged,-7.245739936828613,-7.336335197499998,0.09059526067138446
ExpertEdit_B0_D2,native,734,1,0,0,0,0,invalid_raw,,-6.658401237142859,
ExpertEdit_B0_D2,native,735,1,0,0,0,0,invalid_raw,,-8.270374294444444,
ExpertEdit_B0_D2,native,736,1,1,0,1,0,not_converged,-3.6089277267456055,-3.610058185,0.0011304582543947284
ExpertEdit_B0_D2,native,737,1,1,0,0,0,not_converged,0.046535491943359375,-3.5546431343039373,3.6011786262472967
ExpertEdit_B0_D2,native,738,1,1,0,1,1,verified,-0.27286526560783386,-0.303680365,0.030815099392166145
ExpertEdit_B0_D2,native,739,1,0,0,0,0,invalid_raw,,-8.060540081875,
ExpertEdit_B0_D2,native,740,1,1,0,0,1,verified,-8.145153999328613,-8.8303579059375,0.6852039066088871
ExpertEdit_B0_D2,native,741,1,1,0,0,0,invalid_terminal,-1.279275894165039,-4.542635367083333,3.263359472918294
ExpertEdit_B0_D2,native,742,1,1,0,0,0,invalid_terminal,-4.474018573760986,-5.7849796383333345,1.3109610645723482
ExpertEdit_B0_D2,native,743,1,1,0,0,0,not_converged,0.13992071151733398,-7.822364705357142,7.962285416874476
ExpertEdit_B0_D2,native,744,1,1,0,1,0,not_converged,-3.162006139755249,-3.2121013475,0.05009520774475096
ExpertEdit_B0_D2,native,745,1,1,0,1,0,not_converged,-2.2585690021514893,-2.2923379383333327,0.0337689361818434
ExpertEdit_B0_D2,native,746,1,0,0,0,0,invalid_raw,,-5.304544437332861,
ExpertEdit_B0_D2,native,747,1,1,0,0,0,not_converged,-1.249136209487915,-5.0581171225,3.8089809130120846
ExpertEdit_B0_D2,native,748,1,0,0,0,0,invalid_raw,,-8.277995374,
ExpertEdit_B0_D2,native,749,1,0,0,0,0,invalid_raw,,-4.604603925034723,
ExpertEdit_B0_D2,native,750,0,1,0,0,0,not_converged,-2.6015520095825195,-9.31128927875,6.70973726916748
ExpertEdit_B0_D2,native,751,1,0,0,0,0,invalid_raw,,-1.7605242516666666,
ExpertEdit_B0_D2,native,752,1,0,0,0,0,invalid_raw,,-6.722576283923612,
ExpertEdit_B0_D2,native,753,1,1,0,0,0,not_converged,-8.207157135009766,-8.392790857954543,0.1856337229447771
ExpertEdit_B0_D2,native,754,1,1,0,0,0,invalid_terminal,-6.189184665679932,-7.1307171941666665,0.9415325284867349
ExpertEdit_B0_D2,native,755,1,0,0,0,0,invalid_raw,,-8.100070554490738,
ExpertEdit_B0_D2,native,756,1,0,0,0,0,invalid_raw,,-6.170512414999999,
ExpertEdit_B0_D2,native,757,1,1,0,1,0,not_converged,-2.4664998054504395,-2.4789405550000003,0.01244074954956087
ExpertEdit_B0_D2,native,758,1,0,0,0,0,invalid_raw,,-2.961283005499999,
ExpertEdit_B0_D2,native,759,1,1,0,0,0,invalid_terminal,-5.710567474365234,-7.1151969909999995,1.404629516634765
ExpertEdit_B0_D2,native,760,1,1,0,0,0,not_converged,-8.650864601135254,-8.806885058333334,0.1560204571980801
ExpertEdit_B0_D2,native,761,1,1,0,0,0,not_converged,-5.575002193450928,-6.0097346,0.4347324065490721
ExpertEdit_B0_D2,native,762,1,0,0,0,0,invalid_raw,,-7.990677937000004,
ExpertEdit_B0_D2,native,763,1,1,0,0,0,invalid_terminal,-6.823491096496582,-7.950050906588233,1.126559810091651
ExpertEdit_B0_D2,native,764,1,0,0,0,0,invalid_raw,,-6.141018505666668,
ExpertEdit_B0_D2,native,765,1,0,0,0,0,invalid_raw,,-9.408722988500001,
ExpertEdit_B0_D2,native,766,1,1,0,0,0,invalid_terminal,-5.976276874542236,-7.516797979874999,1.540521105332763
ExpertEdit_B0_D2,native,767,1,1,0,0,0,not_converged,-0.5666370391845703,-3.9270266900000004,3.36038965081543
ExpertEdit_B0_D2,native,768,0,0,0,0,0,invalid_raw,,-2.9515350016666666,
ExpertEdit_B0_D2,native,769,0,0,0,0,0,invalid_raw,,-2.7539722699999998,
ExpertEdit_B0_D2,native,770,1,1,1,1,0,not_converged,-10.061094284057617,-10.048376367284483,-0.012717916773134164
ExpertEdit_B0_D2,native,771,1,1,0,0,0,not_converged,-6.705462455749512,-6.876949725,0.17148726925048852
ExpertEdit_B0_D2,native,772,1,0,0,0,0,invalid_raw,,-6.3711112776341,
ExpertEdit_B0_D2,native,773,1,1,1,1,1,verified,-7.124720573425293,-7.122875232,-0.0018453414252928013
ExpertEdit_B0_D2,native,774,0,1,0,0,0,invalid_terminal,-1.9219970703125,-5.519281235555556,3.597284165243056
ExpertEdit_B0_D2,native,775,1,1,0,0,0,not_converged,-8.053032875061035,-8.426084988249997,0.3730521131889617
ExpertEdit_B0_D2,native,776,1,0,0,0,0,invalid_raw,,-7.4584241271249985,
ExpertEdit_B0_D2,native,777,1,0,0,0,0,invalid_raw,,-7.233627473281253,
ExpertEdit_B0_D2,native,778,0,1,0,0,0,not_converged,-3.916016101837158,-4.371537115833334,0.45552101399617584
ExpertEdit_B0_D2,native,779,1,1,0,0,1,verified,-1.1148064136505127,-1.2390868766666667,0.12428046301615403
ExpertEdit_B0_D2,native,780,1,1,0,0,0,not_converged,-7.040687561035156,-7.740167285859375,0.6994797248242186
ExpertEdit_B0_D2,native,781,1,0,0,0,0,invalid_raw,,-7.84885051774306,
ExpertEdit_B0_D2,native,782,1,1,0,0,0,invalid_terminal,-5.081849098205566,-6.171937493333335,1.0900883951277685
ExpertEdit_B0_D2,native,783,1,1,0,1,1,verified,-4.806462287902832,-4.879491741927084,0.07302945402425198
ExpertEdit_B0_D2,native,784,1,0,0,0,0,invalid_raw,,-3.3851983528030303,
ExpertEdit_B0_D2,native,785,0,0,0,0,0,generation_failure,,,
ExpertEdit_B0_D2,native,786,1,1,1,1,0,not_converged,-7.905264854431152,-7.8457092920000004,-0.0595555624311519
ExpertEdit_B0_D2,native,787,1,0,0,0,0,invalid_raw,,-7.576344552857143,
ExpertEdit_B0_D2,native,788,1,1,1,1,0,not_converged,-4.223421573638916,-4.211207498333334,-0.012214075305582384
ExpertEdit_B0_D2,native,789,0,1,0,1,0,not_converged,-4.75629186630249,-4.84518570875,0.08889384244750964
ExpertEdit_B0_D2,native,790,1,0,0,0,0,invalid_raw,,-7.40743246492347,
ExpertEdit_B0_D2,native,791,1,0,0,0,0,invalid_raw,,,
ExpertEdit_B0_D2,native,792,1,1,0,1,1,verified,-3.289512872695923,-3.3161780075,0.026665134804077173
ExpertEdit_B0_D2,native,793,1,0,0,0,0,invalid_raw,,-6.4379727303333345,
ExpertEdit_B0_D2,native,794,1,0,0,0,0,invalid_raw,,-6.924964055128209,
ExpertEdit_B0_D2,native,795,1,0,0,0,0,invalid_raw,,-6.949095105,
ExpertEdit_B0_D2,native,796,1,1,0,0,0,invalid_terminal,-5.9314985275268555,-6.117192943333333,0.18569441580647794
ExpertEdit_B0_D2,native,797,1,0,0,0,0,invalid_raw,,-7.072619608125,
ExpertEdit_B0_D2,native,798,1,1,0,1,1,verified,-3.186837911605835,-3.2533790555937463,0.06654114398791133
ExpertEdit_B0_D2,native,799,1,0,0,0,0,invalid_raw,,-4.856704078999998,
ExpertEdit_B0_D2,native,800,1,1,0,0,0,not_converged,-4.766555309295654,-5.672655027619047,0.906099718323393
ExpertEdit_B0_D2,native,801,1,1,0,0,0,invalid_terminal,-6.193663597106934,-8.228284093928572,2.0346204968216384
ExpertEdit_B0_D2,native,802,1,1,0,0,0,not_converged,-5.446177005767822,-6.549004996,1.1028279902321776
ExpertEdit_B0_D2,native,803,1,1,0,0,0,not_converged,-5.190758228302002,-6.119753534,0.928995305697998
ExpertEdit_B0_D2,native,804,1,1,0,1,0,not_converged,-3.518544912338257,-3.573580710833334,0.05503579849507734
ExpertEdit_B0_D2,native,805,0,1,0,0,0,not_converged,-6.195688724517822,-7.13805323076984,0.9423645062520176
ExpertEdit_B0_D2,native,806,1,1,0,0,0,not_converged,-6.548818111419678,-6.870190059567901,0.3213719481482231
ExpertEdit_B0_D2,native,807,1,1,0,0,0,not_converged,-2.9977245330810547,-7.276155354522222,4.278430821441168
ExpertEdit_B0_D2,native,808,1,1,0,0,0,invalid_terminal,-4.603855609893799,-5.949908545126046,1.3460529352322474
ExpertEdit_B0_D2,native,809,1,1,0,1,0,not_converged,-3.100430488586426,-3.1015372975,0.0011068089135743975
ExpertEdit_B0_D2,native,810,0,1,1,1,1,verified,-6.018343448638916,-5.33646032625,-0.6818831223889159
ExpertEdit_B0_D2,native,811,1,0,0,0,0,invalid_raw,,-8.641752183636333,
ExpertEdit_B0_D2,native,812,1,1,0,0,0,invalid_terminal,-2.320526599884033,-7.837688328888893,5.51716172900486
ExpertEdit_B0_D2,native,813,1,1,0,0,0,invalid_terminal,1.0012483596801758,-6.529200695348258,7.530449055028434
ExpertEdit_B0_D2,native,814,1,1,0,0,0,not_converged,-9.286672592163086,-9.562298996666666,0.2756264045035799
ExpertEdit_B0_D2,native,815,1,0,0,0,0,invalid_raw,,-6.71261526285714,
ExpertEdit_B0_D2,native,816,1,1,0,0,0,invalid_terminal,-6.078322410583496,-7.27805242,1.1997300094165038
ExpertEdit_B0_D2,native,817,1,0,0,0,0,invalid_raw,,-8.275771377777778,
ExpertEdit_B0_D2,native,818,1,1,0,1,0,not_converged,-8.33936882019043,-8.427569198,0.0882003778095708
ExpertEdit_B0_D2,native,819,1,0,0,0,0,invalid_raw,,-4.442937286666667,
ExpertEdit_B0_D2,native,820,0,1,0,0,0,invalid_terminal,-6.111981391906738,-7.800188693214285,1.6882073013075471
ExpertEdit_B0_D2,native,821,1,1,0,0,0,invalid_terminal,-1.2502622604370117,-5.99867981,4.748417549562988
ExpertEdit_B0_D2,native,822,1,1,0,0,0,not_converged,-7.372681140899658,-7.533483447794115,0.16080230689445685
ExpertEdit_B0_D2,native,823,1,0,0,0,0,invalid_raw,,-7.36402403991228,
ExpertEdit_B0_D2,native,824,1,1,0,0,1,verified,-2.568427801132202,,
ExpertEdit_B0_D2,native,825,0,1,0,0,1,verified,-3.5705370903015137,-3.8928727846913582,0.32233569438984455
ExpertEdit_B0_D2,native,826,0,0,0,0,0,generation_failure,,,
ExpertEdit_B0_D2,native,827,1,0,0,0,0,invalid_raw,,-8.710140971874996,
ExpertEdit_B0_D2,native,828,1,1,0,0,0,not_converged,-6.385985851287842,-6.825145993000001,0.43916014171215956
ExpertEdit_B0_D2,native,829,1,1,0,0,0,not_converged,-6.63255500793457,-7.649855285333333,1.0173002773987623
ExpertEdit_B0_D2,native,830,1,0,0,0,0,invalid_raw,,-7.036984786500007,
ExpertEdit_B0_D2,native,831,0,0,0,0,0,invalid_raw,,-3.8265329825000003,
ExpertEdit_B0_D2,native,832,1,0,0,0,0,invalid_raw,,-6.117308735855266,
ExpertEdit_B0_D2,native,833,1,1,0,0,1,verified,-5.324946403503418,-5.865303785,0.5403573814965821
ExpertEdit_B0_D2,native,834,1,1,0,0,0,invalid_terminal,-5.72908878326416,-9.486995716666668,3.7579069334025075
ExpertEdit_B0_D2,native,835,1,1,0,1,0,not_converged,-3.118563175201416,-3.136149184333333,0.017586009131917102
ExpertEdit_B0_D2,native,836,0,0,0,0,0,invalid_raw,,-4.8613730521428575,
ExpertEdit_B0_D2,native,837,1,1,0,0,0,not_converged,-0.5216212272644043,-5.614497634609375,5.092876407344971
ExpertEdit_B0_D2,native,838,0,1,0,1,1,verified,-3.979543447494507,-4.0694253824999995,0.08988193500549269
ExpertEdit_B0_D2,native,839,1,1,0,0,0,not_converged,-5.667685031890869,-5.8394742100000006,0.1717891781091314
ExpertEdit_B0_D2,native,840,1,1,0,1,1,verified,-6.898691177368164,-6.91080607,0.012114892631835517
ExpertEdit_B0_D2,native,841,0,0,0,0,0,invalid_raw,,-5.556708085096156,
ExpertEdit_B0_D2,native,842,1,1,0,0,0,invalid_terminal,-6.119297981262207,-8.422012696979166,2.3027147157169594
ExpertEdit_B0_D2,native,843,1,1,0,1,1,verified,-2.0034430027008057,-2.027634694074074,0.024191691373268487
ExpertEdit_B0_D2,native,844,1,1,0,0,0,invalid_terminal,-5.115911960601807,-6.931591296458333,1.815679335856526
ExpertEdit_B0_D2,native,845,1,1,0,0,0,not_converged,-4.659797191619873,-6.838058308666669,2.1782611170467963
ExpertEdit_B0_D2,native,846,0,1,0,1,0,not_converged,-7.276316165924072,-7.3757731645,0.09945699857592771
ExpertEdit_B0_D2,native,847,1,1,0,0,1,verified,-7.943109512329102,-8.847554120749999,0.9044446084208975
ExpertEdit_B0_D2,native,848,1,1,0,0,0,invalid_terminal,-6.743257522583008,-7.460861769488637,0.717604246905629
ExpertEdit_B0_D2,native,849,1,1,0,0,0,not_converged,4.533965587615967,-3.332236382916667,7.866201970532634
ExpertEdit_B0_D2,native,850,0,1,0,0,0,invalid_terminal,-4.349520683288574,-6.764080356176475,2.4145596728879006
ExpertEdit_B0_D2,native,851,1,1,0,0,1,verified,-9.029451370239258,-9.274697866666667,0.24524649642740926
ExpertEdit_B0_D2,native,852,1,1,0,0,0,invalid_terminal,-6.240585803985596,-7.925577474541658,1.6849916705560624
ExpertEdit_B0_D2,native,853,1,0,0,0,0,invalid_raw,,-6.0341786325,
ExpertEdit_B0_D2,native,854,1,1,0,0,0,not_converged,-8.900428771972656,-9.162336631333327,0.2619078593606705
ExpertEdit_B0_D2,native,855,0,1,0,0,0,invalid_terminal,-3.7821712493896484,-4.459803252,0.677632002610352
ExpertEdit_B0_D2,native,856,1,1,0,0,0,not_converged,-7.653034687042236,-7.874149350833337,0.22111466379110034
ExpertEdit_B0_D2,native,857,1,0,0,0,0,invalid_raw,,-5.333822710000001,
ExpertEdit_B0_D2,native,858,1,0,0,0,0,invalid_raw,,-4.48796225684524,
ExpertEdit_B0_D2,native,859,1,1,0,0,0,invalid_terminal,1.1801910400390625,-5.368700827121209,6.548891867160272
ExpertEdit_B0_D2,native,860,1,1,0,0,0,not_converged,-5.531933307647705,-6.222918800681807,0.690985493034102
ExpertEdit_B0_D2,native,861,1,1,0,0,0,not_converged,-5.104506015777588,-5.273301633333333,0.16879561755574546
ExpertEdit_B0_D2,native,862,1,1,1,1,0,not_converged,-7.0925397872924805,-7.0814302341666675,-0.011109553125812965
ExpertEdit_B0_D2,native,863,0,1,0,0,1,verified,-4.111285209655762,-4.3693331225,0.2580479128442379
ExpertEdit_B0_D2,native,864,1,1,0,1,0,not_converged,-6.189168453216553,-6.2328494295,0.04368097628344714
ExpertEdit_B0_D2,native,865,0,1,0,1,0,not_converged,-5.647225379943848,-5.7010628075,0.05383742755615195
ExpertEdit_B0_D2,native,866,0,0,0,0,0,invalid_raw,,-6.99149448592803,
ExpertEdit_B0_D2,native,867,1,1,0,0,0,invalid_terminal,-5.446311950683594,-7.813534150749998,2.3672222000664043
ExpertEdit_B0_D2,native,868,0,1,0,0,0,not_converged,-3.7318053245544434,-4.359820095,0.6280147704455565
ExpertEdit_B0_D2,native,869,1,1,0,0,0,not_converged,-4.738480091094971,,
ExpertEdit_B0_D2,native,870,1,1,0,0,0,not_converged,-9.703779220581055,-10.161461063333332,0.45768184275227775
ExpertEdit_B0_D2,native,871,1,1,0,0,0,invalid_terminal,-4.040503025054932,-5.74306424,1.7025612149450682
ExpertEdit_B0_D2,native,872,1,1,0,0,0,invalid_terminal,-6.421665191650391,-6.707488204410716,0.28582301276032496
ExpertEdit_B0_D2,native,873,0,1,0,0,0,invalid_terminal,0.37610316276550293,-3.5652668837500014,3.9413700465155044
ExpertEdit_B0_D2,native,874,0,0,0,0,0,invalid_raw,,-6.842737093058825,
ExpertEdit_B0_D2,native,875,1,0,0,0,0,invalid_raw,,-5.8992386660000005,
ExpertEdit_B0_D2,native,876,1,1,0,0,0,not_converged,-6.4954142570495605,-7.3759375485,0.8805232914504391
ExpertEdit_B0_D2,native,877,1,1,0,0,1,verified,-3.440612316131592,-3.5468643036363634,0.1062519875047716
ExpertEdit_B0_D2,native,878,1,1,0,0,0,not_converged,-5.5353546142578125,-5.960389945791667,0.42503533153385487
ExpertEdit_B0_D2,native,879,0,1,0,0,1,verified,-3.3748326301574707,-3.4841492198214294,0.10931658966395874
ExpertEdit_B0_D2,native,880,0,1,0,0,0,not_converged,-4.079221725463867,-4.429701757,0.35048003153613294
ExpertEdit_B0_D2,native,881,1,1,0,0,0,not_converged,-1.6320536136627197,-4.613803788333334,2.981750174670614
ExpertEdit_B0_D2,native,882,1,1,0,0,0,not_converged,1.1289987564086914,-8.150295750000002,9.279294506408693
ExpertEdit_B0_D2,native,883,1,1,0,0,0,invalid_terminal,-7.212015151977539,-9.0141752835,1.8021601315224611
ExpertEdit_B0_D2,native,884,1,1,0,0,1,verified,-3.3396763801574707,-3.5155698233333332,0.17589344317586253
ExpertEdit_B0_D2,native,885,0,0,0,0,0,invalid_raw,,-6.981420652045454,
ExpertEdit_B0_D2,native,886,0,0,0,0,0,invalid_raw,,,
ExpertEdit_B0_D2,native,887,1,1,0,0,0,invalid_terminal,0.9846324920654297,-6.3670003799999995,7.351632872065429
ExpertEdit_B0_D2,native,888,0,0,0,0,0,invalid_raw,,-5.314269965249999,
ExpertEdit_B0_D2,native,889,1,0,0,0,0,invalid_raw,,-5.6162415803125,
ExpertEdit_B0_D2,native,890,1,0,0,0,0,invalid_raw,,-6.919078220416664,
ExpertEdit_B0_D2,native,891,1,1,0,0,1,verified,-2.6545839309692383,-2.8410345825,0.18645065153076157
ExpertEdit_B0_D2,native,892,1,0,0,0,0,invalid_raw,,-5.920631454027778,
ExpertEdit_B0_D2,native,893,1,1,0,0,1,verified,-6.136699676513672,-6.450757354166666,0.3140576776529942
ExpertEdit_B0_D2,native,894,1,1,1,1,0,not_converged,-3.531919479370117,-3.52689995375,-0.0050195256201170935
ExpertEdit_B0_D2,native,895,0,1,0,1,1,verified,-2.704724073410034,-2.7363293518055563,0.031605278395522074
ExpertEdit_B0_D2,native,896,1,1,0,0,0,invalid_terminal,-3.4021079540252686,-3.7158491445833333,0.3137411905580647
ExpertEdit_B0_D2,native,897,1,1,0,0,0,invalid_terminal,-4.987198352813721,-8.160248024000001,3.1730496711862806
ExpertEdit_B0_D2,native,898,1,0,0,0,0,invalid_raw,,-6.831042365396824,
ExpertEdit_B0_D2,native,899,1,1,0,0,1,verified,-6.6272783279418945,-6.812814635,0.1855363070581051
ExpertEdit_B0_D2,native,900,1,0,0,0,0,invalid_raw,,-9.32968279,
ExpertEdit_B0_D2,native,901,0,0,0,0,0,invalid_raw,,-1.8879827516927081,
ExpertEdit_B0_D2,native,902,1,1,0,0,0,not_converged,-8.0466890335083,-8.380616457222251,0.33392742371395023
ExpertEdit_B0_D2,native,903,0,1,0,0,0,invalid_terminal,-6.349756240844727,-9.276498181714283,2.9267419408695563
ExpertEdit_B0_D2,native,904,1,1,0,0,1,verified,-4.1303019523620605,-4.476813682857139,0.3465117304950782
ExpertEdit_B0_D2,native,905,1,0,0,0,0,invalid_raw,,-5.6470053723214235,
ExpertEdit_B0_D2,native,906,1,0,0,0,0,invalid_raw,,-6.726081305,
ExpertEdit_B0_D2,native,907,1,0,0,0,0,invalid_raw,,-8.401153636785713,
ExpertEdit_B0_D2,native,908,1,1,0,1,0,not_converged,-4.480382919311523,-4.532290752777778,0.05190783346625416
ExpertEdit_B0_D2,native,909,1,1,0,0,0,invalid_terminal,-6.07926082611084,-7.1612256529166665,1.0819648268058266
ExpertEdit_B0_D2,native,910,1,1,0,0,0,not_converged,-8.001676559448242,-8.195154697916665,0.1934781384684232
ExpertEdit_B0_D2,native,911,1,1,0,1,1,verified,-3.1197409629821777,-3.1365199707718125,0.016779007789634814
ExpertEdit_B0_D2,native,912,1,1,0,0,0,invalid_terminal,-7.2495574951171875,-9.133737216491225,1.8841797213740374
ExpertEdit_B0_D2,native,913,1,0,0,0,0,invalid_raw,,-6.424977623680556,
ExpertEdit_B0_D2,native,914,1,1,0,0,0,not_converged,-6.733502388000488,-7.548153147356322,0.8146507593558336
ExpertEdit_B0_D2,native,915,1,1,0,1,0,not_converged,-4.3617939949035645,-4.4212917337499995,0.059497738846435055
ExpertEdit_B0_D2,native,916,1,1,0,1,0,not_converged,-4.85396671295166,-4.938927495,0.08496078204833957
ExpertEdit_B0_D2,native,917,1,1,0,0,0,not_converged,-2.2997727394104004,,
ExpertEdit_B0_D2,native,918,0,0,0,0,0,generation_failure,,,
ExpertEdit_B0_D2,native,919,1,1,0,0,1,verified,-5.0610151290893555,-5.935153199999993,0.8741380709106377
ExpertEdit_B0_D2,native,920,0,0,0,0,0,invalid_raw,,-7.309173151538461,
ExpertEdit_B0_D2,native,921,1,1,0,0,0,not_converged,2.4982948303222656,-2.0869139169444444,4.5852087472667105
ExpertEdit_B0_D2,native,922,0,0,0,0,0,invalid_raw,,-8.754443228499998,
ExpertEdit_B0_D2,native,923,1,1,0,0,0,invalid_terminal,-3.8327207565307617,-5.717606413377198,1.8848856568464365
ExpertEdit_B0_D2,native,924,1,1,0,1,1,verified,-1.823681116104126,-1.9235609841666665,0.09987986806254057
ExpertEdit_B0_D2,native,925,1,0,0,0,0,invalid_raw,,-6.645119851666667,
ExpertEdit_B0_D2,native,926,1,1,0,0,0,invalid_terminal,-6.138261795043945,-8.251581623124999,2.1133198280810532
ExpertEdit_B0_D2,native,927,0,1,0,0,0,not_converged,-5.455381393432617,-5.789904790128208,0.33452339669559095
ExpertEdit_B0_D2,native,928,1,0,0,0,0,invalid_raw,,-4.955291062244899,
ExpertEdit_B0_D2,native,929,1,1,0,0,1,verified,-4.567082405090332,-4.71438744047619,0.14730503538585804
ExpertEdit_B0_D2,native,930,1,1,0,0,0,invalid_terminal,-5.4436869621276855,-6.562777495416665,1.1190905332889791
ExpertEdit_B0_D2,native,931,1,1,0,0,1,verified,-4.7631001472473145,,
ExpertEdit_B0_D2,native,932,1,1,0,0,0,not_converged,-7.944504737854004,-8.626852597625001,0.6823478597709975
ExpertEdit_B0_D2,native,933,1,1,0,0,0,invalid_terminal,-6.12141752243042,-6.508131777500003,0.3867142550695828
ExpertEdit_B0_D2,native,934,1,0,0,0,0,invalid_raw,,-6.221268407500002,
ExpertEdit_B0_D2,native,935,1,1,0,0,0,not_converged,-1.3942500352859497,-1.9235609841666665,0.5293109488807168
ExpertEdit_B0_D2,native,936,1,1,0,0,0,not_converged,-6.4256744384765625,-6.605582771093751,0.1799083326171882
ExpertEdit_B0_D2,native,937,1,1,0,0,1,verified,-3.462372303009033,-3.6301534775,0.16778117449096674
ExpertEdit_B0_D2,native,938,1,1,0,0,0,invalid_terminal,-5.317409515380859,-7.4852171425,2.1678076271191404
ExpertEdit_B0_D2,native,939,1,0,0,0,0,invalid_raw,,-6.588806637777775,
ExpertEdit_B0_D2,native,940,0,1,0,0,0,not_converged,-6.848350524902344,-7.093001261234568,0.24465073633222456
ExpertEdit_B0_D2,native,941,1,1,0,1,0,invalid_terminal,-6.246649742126465,-6.304610611666667,0.057960869540202076
ExpertEdit_B0_D2,native,942,1,1,0,0,0,invalid_terminal,-5.645294666290283,-6.408065929088541,0.7627712627982577
ExpertEdit_B0_D2,native,943,0,1,0,0,0,not_converged,-5.181831359863281,-5.931034952857143,0.7492035929938616
ExpertEdit_B0_D2,native,944,1,1,0,0,0,not_converged,-0.9028582572937012,-5.000973668125,4.098115410831299
ExpertEdit_B0_D2,native,945,0,1,0,1,0,not_converged,-4.933732032775879,-5.029781740000009,0.09604970722412975
ExpertEdit_B0_D2,native,946,1,1,0,0,0,not_converged,-7.356173515319824,-7.561609808437513,0.20543629311768896
ExpertEdit_B0_D2,native,947,1,1,0,0,0,not_converged,-0.5370833873748779,-2.6288808611111123,2.0917974737362344
ExpertEdit_B0_D2,native,948,1,0,0,0,0,invalid_raw,,-9.005267389444437,
ExpertEdit_B0_D2,native,949,1,1,0,0,0,invalid_terminal,-8.067705154418945,-9.173728859875,1.1060237054560549
ExpertEdit_B0_D2,native,950,1,1,0,0,0,not_converged,-0.5183916091918945,-4.828780048266665,4.310388439074771
ExpertEdit_B0_D2,native,951,1,1,0,0,0,invalid_terminal,-2.3135287761688232,-2.6353589008333334,0.3218301246645101
ExpertEdit_B0_D2,native,952,1,1,0,0,0,not_converged,-6.503340244293213,-6.8353379575,0.3319977132067873
ExpertEdit_B0_D2,native,953,0,1,0,0,1,verified,-5.873599052429199,-6.107807231399999,0.2342081789707997
ExpertEdit_B0_D2,native,954,1,1,0,0,0,not_converged,-1.3631378412246704,-1.5762890504432145,0.21315120921854414
ExpertEdit_B0_D2,native,955,1,1,0,0,1,verified,-5.384030818939209,-6.096721035989582,0.7126902170503726
ExpertEdit_B0_D2,native,956,1,1,0,1,0,not_converged,-5.162116050720215,-5.240470606250001,0.07835455552978576
ExpertEdit_B0_D2,native,957,1,1,0,0,1,verified,-6.5436110496521,-6.756182643611104,0.21257159395900427
ExpertEdit_B0_D2,native,958,1,0,0,0,0,invalid_raw,,-7.947011501666666,
ExpertEdit_B0_D2,native,959,1,0,0,0,0,invalid_raw,,-4.204492773249999,
ExpertEdit_B0_D2,native,960,1,0,0,0,0,invalid_raw,,-5.907630262857143,
ExpertEdit_B0_D2,native,961,1,0,0,0,0,invalid_raw,,-5.348174636875,
ExpertEdit_B0_D2,native,962,1,1,0,0,0,not_converged,-1.194089651107788,-3.349867614000012,2.155777962892224
ExpertEdit_B0_D2,native,963,1,1,0,0,0,not_converged,-5.706356525421143,-5.850962824615385,0.14460629919424228
ExpertEdit_B0_D2,native,964,1,1,0,1,1,verified,-2.6228504180908203,-2.628029283333333,0.0051788652425126536
ExpertEdit_B0_D2,native,965,1,1,0,0,0,invalid_terminal,-6.459287166595459,-7.423750508611113,0.9644633420156543
ExpertEdit_B0_D2,native,966,1,0,0,0,0,invalid_raw,,-6.48022517,
ExpertEdit_B0_D2,native,967,0,1,0,1,0,not_converged,-8.469842910766602,-8.566027582250001,0.0961846714833996
ExpertEdit_B0_D2,native,968,0,1,0,0,0,not_converged,-3.1232385635375977,-4.3953371727777775,1.2720986092401798
ExpertEdit_B0_D2,native,969,1,1,0,0,0,invalid_terminal,-4.334296226501465,-4.579301731999999,0.2450055054985345
ExpertEdit_B0_D2,native,970,0,1,0,0,0,invalid_terminal,-5.805997371673584,-6.008737998571429,0.2027406268978451
ExpertEdit_B0_D2,native,971,1,1,0,0,0,not_converged,-7.489311218261719,-8.300620009,0.8113087907382805
ExpertEdit_B0_D2,native,972,1,1,0,0,0,not_converged,-4.268166542053223,-4.591546156,0.32337961394677706
ExpertEdit_B0_D2,native,973,1,1,0,0,0,invalid_terminal,0.14970016479492188,-4.275384111145833,4.425084275940755
ExpertEdit_B0_D2,native,974,1,1,0,1,0,not_converged,-3.325469732284546,-3.4017095735774285,0.07623984129288264
ExpertEdit_B0_D2,native,975,1,1,0,0,0,not_converged,-1.708848237991333,-1.9412918889473683,0.23244365095603525
ExpertEdit_B0_D2,native,976,1,1,0,0,0,invalid_terminal,-7.149345874786377,-9.2610256993,2.1116798245136223
ExpertEdit_B0_D2,native,977,1,0,0,0,0,invalid_raw,,-3.2826886128333337,
ExpertEdit_B0_D2,native,978,1,1,1,1,1,verified,-3.975409984588623,-3.96256841,-0.012841574588623228
ExpertEdit_B0_D2,native,979,1,1,0,0,0,not_converged,0.8681306838989258,-5.37387322125,6.242003905148926
ExpertEdit_B0_D2,native,980,0,1,0,1,1,verified,-3.3077950477600098,-3.3988047760227267,0.09100972826271692
ExpertEdit_B0_D2,native,981,1,1,0,0,0,not_converged,-2.2635741233825684,-6.7509717607692314,4.487397637386663
ExpertEdit_B0_D2,native,982,1,1,0,0,0,not_converged,-5.110661506652832,-5.362090432083335,0.25142892543050266
ExpertEdit_B0_D2,native,983,1,1,0,0,1,verified,-4.2601237297058105,-4.445204028333333,0.18508029862752284
ExpertEdit_B0_D2,native,984,1,1,0,0,0,invalid_terminal,-1.350170612335205,-3.334469338125,1.9842987257897948
ExpertEdit_B0_D2,native,985,1,1,0,0,0,not_converged,-7.539397239685059,-7.7329063546296295,0.1935091149445709
ExpertEdit_B0_D2,native,986,1,1,0,0,0,not_converged,-5.17507266998291,-7.051076044499988,1.8760033745170777
ExpertEdit_B0_D2,native,987,1,0,0,0,0,invalid_raw,,-7.585669332435898,
ExpertEdit_B0_D2,native,988,1,0,0,0,0,invalid_raw,,-6.918072291,
ExpertEdit_B0_D2,native,989,1,0,0,0,0,invalid_raw,,-6.293208005937493,
ExpertEdit_B0_D2,native,990,1,0,0,0,0,invalid_raw,,-6.117308735855266,
ExpertEdit_B0_D2,native,991,1,1,0,0,0,invalid_terminal,-5.334266662597656,-7.852421027500004,2.5181543649023475
ExpertEdit_B0_D2,native,992,1,1,0,0,1,verified,-3.4724459648132324,-3.6203491816666666,0.14790321685343422
ExpertEdit_B0_D2,native,993,1,1,0,1,0,not_converged,-3.614042043685913,-3.684443689388886,0.0704016457029728
ExpertEdit_B0_D2,native,994,1,1,0,1,1,verified,-4.381881237030029,-4.472193790714286,0.09031255368425661
ExpertEdit_B0_D2,native,995,1,1,0,0,0,invalid_terminal,-4.568173408508301,-8.089172016666668,3.520998608158367
ExpertEdit_B0_D2,native,996,1,1,0,0,0,invalid_terminal,-10.48585319519043,-12.001129901960784,1.5152767067703543
ExpertEdit_B0_D2,native,997,1,0,0,0,0,invalid_raw,,-6.366955594868422,
ExpertEdit_B0_D2,native,998,1,0,0,0,0,invalid_raw,,-8.66466423875,
ExpertEdit_B0_D2,native,999,1,0,0,0,0,invalid_raw,,-6.955135084090912,
ExpertEdit_B0_D2,native,1000,1,0,0,0,0,invalid_raw,,-6.376005910500002,
ExpertEdit_B0_D2,native,1001,0,1,0,0,0,invalid_terminal,-5.669836521148682,-7.172089614785716,1.5022530936370346
ExpertEdit_B0_D2,native,1002,1,0,0,0,0,invalid_raw,,-7.452604668935188,
ExpertEdit_B0_D2,native,1003,1,1,0,0,0,not_converged,-4.135646820068359,-4.539833736785715,0.4041869167173555
ExpertEdit_B0_D2,native,1004,1,1,0,0,1,verified,-5.087394714355469,-5.235251914,0.14785719964453126
ExpertEdit_B0_D2,native,1005,1,0,0,0,0,invalid_raw,,-7.464738426875,
ExpertEdit_B0_D2,native,1006,1,1,0,0,0,not_converged,-8.446699142456055,-8.99303566375,0.546336521293945
ExpertEdit_B0_D2,native,1007,1,1,0,0,1,verified,-8.570292472839355,-8.848548997249987,0.2782565244106312
ExpertEdit_B0_D2,native,1008,0,1,0,0,1,verified,-6.8725481033325195,-7.204191587857143,0.33164348452462367
ExpertEdit_B0_D2,native,1009,1,1,0,0,1,verified,-3.2688350677490234,-3.37754515125,0.10871008350097666
ExpertEdit_B0_D2,native,1010,0,0,0,0,0,invalid_raw,,-6.122153780833333,
ExpertEdit_B0_D2,native,1011,1,1,0,0,0,invalid_terminal,-2.035426616668701,-8.964119810833333,6.928693194164632
ExpertEdit_B0_D2,native,1012,1,0,0,0,0,invalid_raw,,-6.814666827499999,
ExpertEdit_B0_D2,native,1013,1,1,0,0,0,not_converged,-5.173360347747803,-6.279278795468749,1.1059184477209465
ExpertEdit_B0_D2,native,1014,1,1,0,0,1,verified,-5.2204813957214355,-5.422837616018516,0.2023562202970801
ExpertEdit_B0_D2,native,1015,1,1,0,0,0,invalid_terminal,-5.062824726104736,-6.385202765446426,1.3223780393416895
ExpertEdit_B0_D2,native,1016,1,1,0,0,0,invalid_terminal,1.2818193435668945,-5.329946567465279,6.611765911032173
ExpertEdit_B0_D2,native,1017,1,1,0,0,0,not_converged,-8.189957618713379,-8.516481491666667,0.3265238729532882
ExpertEdit_B0_D2,native,1018,1,1,0,0,0,not_converged,-8.247265815734863,-8.849727559444439,0.6024617437095756
ExpertEdit_B0_D2,native,1019,1,1,0,0,0,invalid_terminal,6.556823253631592,-4.496368724000001,11.053191977631592
ExpertEdit_B0_D2,native,1020,1,1,0,0,0,not_converged,3.3779783248901367,-4.495711541666666,7.873689866556803
ExpertEdit_B0_D2,native,1021,1,1,0,0,0,invalid_terminal,-4.174680709838867,-5.355754088333334,1.1810733784944665
ExpertEdit_B0_D2,native,1022,1,0,0,0,0,invalid_raw,,-2.7256249412037032,
ExpertEdit_B0_D2,native,1023,1,1,0,0,0,invalid_terminal,-7.23948860168457,,
ExpertEdit_B0_D2,native,1024,0,1,1,1,1,verified,-6.060911655426025,-6.060203857678572,-0.0007077977474532204
ExpertEdit_B0_D2,native,1025,1,1,0,0,0,invalid_terminal,-7.736283302307129,-9.873978126999999,2.13769482469287
ExpertEdit_B0_D2,native,1026,1,0,0,0,0,invalid_raw,,-5.705400640037594,
ExpertEdit_B0_D2,native,1027,1,0,0,0,0,invalid_raw,,-3.392580020266668,
ExpertEdit_B0_D2,native,1028,1,0,0,0,0,invalid_raw,,-9.182272448000004,
ExpertEdit_B0_D2,native,1029,1,1,0,0,1,verified,-3.317903995513916,-3.5032229162500004,0.18531892073608436
ExpertEdit_B0_D2,native,1030,1,1,0,0,1,verified,-6.725374698638916,-6.860705495,0.13533079636108436
ExpertEdit_B0_D2,native,1031,1,0,0,0,0,invalid_raw,,-7.1713837804687515,
ExpertEdit_B0_D2,native,1032,1,1,0,0,0,not_converged,-7.212055206298828,-7.72797144125,0.5159162349511721
ExpertEdit_B0_D2,native,1033,1,0,0,0,0,invalid_raw,,-5.964459653333333,
ExpertEdit_B0_D2,native,1034,1,0,0,0,0,invalid_raw,,-9.316285475605262,
ExpertEdit_B0_D2,native,1035,1,1,0,0,0,invalid_terminal,-3.7606289386749268,-6.551274847857143,2.7906459091822162
ExpertEdit_B0_D2,native,1036,1,0,0,0,0,invalid_raw,,-7.035061600961514,
ExpertEdit_B0_D2,native,1037,0,1,0,0,0,invalid_terminal,-2.4317831993103027,-4.2106523650000005,1.7788691656896978
ExpertEdit_B0_D2,native,1038,1,0,0,0,0,invalid_raw,,-5.665450406666666,
ExpertEdit_B0_D2,native,1039,1,0,0,0,0,invalid_raw,,-8.12706736383333,
ExpertEdit_B0_D2,native,1040,1,1,0,0,0,not_converged,-7.669309616088867,-7.904883351,0.23557373491113243
ExpertEdit_B0_D2,native,1041,1,1,0,0,0,not_converged,-4.219594478607178,-4.334081165555555,0.1144866869483776
ExpertEdit_B0_D2,native,1042,1,0,0,0,0,invalid_raw,,-4.421276909333335,
ExpertEdit_B0_D2,native,1043,1,1,0,0,0,invalid_terminal,-4.898426055908203,-7.266324898825752,2.3678988429175485
ExpertEdit_B0_D2,native,1044,1,1,0,0,0,invalid_terminal,-7.382855415344238,-9.18370438726561,1.800848971921372
ExpertEdit_B0_D2,native,1045,1,1,0,0,0,not_converged,-6.306177139282227,-6.676856412526043,0.370679273243816
ExpertEdit_B0_D2,native,1046,1,0,0,0,0,invalid_raw,,-7.528986436999999,
ExpertEdit_B0_D2,native,1047,1,1,0,1,0,not_converged,-3.4678759574890137,-3.475579975,0.007704017510986372
ExpertEdit_B0_D2,native,1048,1,0,0,0,0,invalid_raw,,-5.372073875000001,
ExpertEdit_B0_D2,native,1049,1,1,0,0,0,not_converged,-7.215165138244629,-7.328540419312498,0.11337528106786898
ExpertEdit_B0_D2,native,1050,1,1,0,0,1,verified,-6.399482727050781,-6.648754046999999,0.24927131994921758
ExpertEdit_B0_D2,native,1051,1,1,0,0,0,not_converged,-7.760063648223877,-8.06387644,0.30381279177612264
ExpertEdit_B0_D2,native,1052,0,0,0,0,0,invalid_raw,,-4.021669363125,
ExpertEdit_B0_D2,native,1053,1,1,0,0,0,not_converged,0.06808853149414062,-4.706349505000003,4.774438036494144
ExpertEdit_B0_D2,native,1054,1,1,0,1,1,verified,-5.647526741027832,-5.734849555312499,0.0873228142846667
ExpertEdit_B0_D2,native,1055,1,1,0,0,1,verified,-3.774022340774536,-4.2872910885,0.5132687477254638
ExpertEdit_B0_D2,native,1056,1,1,0,1,0,not_converged,-5.5466156005859375,-5.617456659916664,0.07084105933072671
ExpertEdit_B0_D2,native,1057,1,1,0,0,0,not_converged,-2.603257179260254,-8.706719196,6.103462016739746
ExpertEdit_B0_D2,native,1058,1,1,0,0,0,not_converged,-1.2952322959899902,-1.4715861533333332,0.17635385734334297
ExpertEdit_B0_D2,native,1059,1,1,0,0,0,invalid_terminal,-3.5562572479248047,-6.275858142499998,2.7196008945751933
ExpertEdit_B0_D2,native,1060,1,1,0,0,0,not_converged,-1.8394742012023926,-2.0482766244594592,0.20880242325706666
ExpertEdit_B0_D2,native,1061,1,1,0,0,0,not_converged,-6.898119926452637,-7.322040057666666,0.4239201312140297
ExpertEdit_B0_D2,native,1062,1,1,0,0,0,invalid_terminal,-5.064406871795654,-5.304372049333331,0.23996517753767677
ExpertEdit_B0_D2,native,1063,1,1,0,0,0,not_converged,-5.583563327789307,-5.864107121250001,0.28054379346069425
ExpertEdit_B0_D2,native,1064,1,1,0,1,0,not_converged,-6.934615612030029,-6.944661120000001,0.010045507969971723
ExpertEdit_B0_D2,native,1065,0,1,0,0,0,invalid_terminal,3.1362524032592773,-4.893101825833332,8.02935422909261
ExpertEdit_B0_D2,native,1066,1,0,0,0,0,invalid_raw,,-5.325387706,
ExpertEdit_B0_D2,native,1067,1,1,0,0,0,not_converged,-6.909499645233154,-7.069447928888888,0.15994828365573355
ExpertEdit_B0_D2,native,1068,1,1,0,0,0,not_converged,-5.569810390472412,-5.729387647142857,0.15957725667044453
ExpertEdit_B0_D2,native,1069,1,1,1,1,0,not_converged,-3.15458083152771,-3.13835850840625,-0.01622232312145977
ExpertEdit_B0_D2,native,1070,1,1,0,0,0,invalid_terminal,-6.273653984069824,-7.507342496666669,1.2336885125968449
ExpertEdit_B0_D2,native,1071,0,1,0,0,0,invalid_terminal,-5.163269996643066,-6.530258132264369,1.3669881356213027
ExpertEdit_B0_D2,native,1072,1,0,0,0,0,invalid_raw,,-6.610905146,
ExpertEdit_B0_D2,native,1073,1,1,0,0,1,verified,7.293434143066406,-3.5510887916666665,10.844522934733073
ExpertEdit_B0_D2,native,1074,1,0,0,0,0,invalid_raw,,-3.8427055044791665,
ExpertEdit_B0_D2,native,1075,1,1,0,0,0,not_converged,-0.7053444385528564,-4.49543435725,3.7900899186971433
ExpertEdit_B0_D2,native,1076,1,1,0,0,0,not_converged,4.441866874694824,-4.471562288500001,8.913429163194825
ExpertEdit_B0_D2,native,1077,1,1,0,0,0,not_converged,-1.1116256713867188,-7.877660373,6.766034701613282
ExpertEdit_B0_D2,native,1078,1,1,0,0,0,not_converged,-6.0288286209106445,-6.19337081525,0.16454219433935524
ExpertEdit_B0_D2,native,1079,1,0,0,0,0,invalid_raw,,-6.220123783437499,
ExpertEdit_B0_D2,native,1080,0,0,0,0,0,invalid_raw,,-5.731909365575396,
ExpertEdit_B0_D2,native,1081,1,0,0,0,0,invalid_raw,,-8.160132131666666,
ExpertEdit_B0_D2,native,1082,1,1,0,0,0,not_converged,-7.514906406402588,-7.767071391428572,0.25216498502598395
ExpertEdit_B0_D2,native,1083,1,0,0,0,0,invalid_raw,,-3.979792708333333,
ExpertEdit_B0_D2,native,1084,1,1,0,0,0,invalid_terminal,-2.699422836303711,-6.345887718,3.6464648816962892
ExpertEdit_B0_D2,native,1085,1,1,0,0,0,not_converged,-7.804936408996582,-8.311426695833333,0.5064902868367511
ExpertEdit_B0_D2,native,1086,1,1,0,0,0,not_converged,-8.565765380859375,-8.795507097239563,0.2297417163801878
ExpertEdit_B0_D2,native,1087,1,1,0,0,0,invalid_terminal,-4.039635181427002,-4.716940807865228,0.6773056264382262
ExpertEdit_B0_D2,native,1088,1,1,0,0,0,not_converged,-1.3734309673309326,-5.5126637060000006,4.139232738669068
ExpertEdit_B0_D2,native,1089,1,1,0,0,1,verified,-4.165835380554199,-4.431323465,0.26548808444580096
ExpertEdit_B0_D2,native,1090,0,1,0,0,0,invalid_terminal,-5.703882217407227,-7.071142149857135,1.3672599324499082
ExpertEdit_B0_D2,native,1091,1,1,0,1,1,verified,-3.4542787075042725,-3.5262108225,0.07193211499572749
ExpertEdit_B0_D2,native,1092,1,0,0,0,0,invalid_raw,,-7.6657712326071366,
ExpertEdit_B0_D2,native,1093,1,1,0,0,0,not_converged,5.887130260467529,-3.0256864379375,8.91281669840503
ExpertEdit_B0_D2,native,1094,1,0,0,0,0,invalid_raw,,-7.523973682857157,
ExpertEdit_B0_D2,native,1095,1,0,0,0,0,invalid_raw,,-3.8632837685714287,
ExpertEdit_B0_D2,native,1096,1,0,0,0,0,invalid_raw,,-8.105400348611118,
ExpertEdit_B0_D2,native,1097,1,1,0,0,0,not_converged,-4.834108352661133,-6.402096247000001,1.5679878943388683
ExpertEdit_B0_D2,native,1098,1,1,0,0,0,invalid_terminal,-6.621364593505859,-6.851100028125,0.22973543461914048
ExpertEdit_B0_D2,native,1099,1,1,0,0,0,not_converged,1.1230058670043945,-6.211547880000001,7.334553747004396
ExpertEdit_B0_D2,native,1100,1,0,0,0,0,invalid_raw,,-8.263819596190482,
ExpertEdit_B0_D2,native,1101,1,1,0,1,1,verified,-4.897071838378906,-4.925609181523438,0.02853734314453149
ExpertEdit_B0_D2,native,1102,1,0,0,0,0,invalid_raw,,-6.104678437142866,
ExpertEdit_B0_D2,native,1103,1,0,0,0,0,invalid_raw,,-4.660141724285718,
ExpertEdit_B0_D2,native,1104,1,0,0,0,0,invalid_raw,,-5.602128389135802,
ExpertEdit_B0_D2,native,1105,1,1,0,1,0,not_converged,-5.7094011306762695,-5.804653234,0.09525210332373035
ExpertEdit_B0_D2,native,1106,1,1,0,0,1,verified,-7.743344306945801,-8.513917481250001,0.7705731743042001
ExpertEdit_B0_D2,native,1107,1,0,0,0,0,invalid_raw,,-7.125862983999999,
ExpertEdit_B0_D2,native,1108,0,1,0,0,0,not_converged,-8.220215797424316,-8.37788647211111,0.15767067468679308
ExpertEdit_B0_D2,native,1109,1,1,0,0,0,not_converged,-5.116241455078125,-5.2885161825,0.17227472742187544
ExpertEdit_B0_D2,native,1110,1,0,0,0,0,invalid_raw,,-6.641094936730768,
ExpertEdit_B0_D2,native,1111,1,1,0,0,1,verified,-3.061002492904663,-3.278537474166667,0.21753498126200377
ExpertEdit_B0_D2,native,1112,1,1,0,0,0,not_converged,-4.695147514343262,-4.809366564285714,0.11421904994245224
ExpertEdit_B0_D2,native,1113,1,1,0,0,1,verified,-4.113805294036865,-4.594201310378788,0.4803960163419232
ExpertEdit_B0_D2,native,1114,1,1,0,1,0,not_converged,-5.895758628845215,-5.9005273467000015,0.004768717854786608
ExpertEdit_B0_D2,native,1115,1,1,0,0,0,invalid_terminal,-3.5855557918548584,-4.3548616225,0.7693058306451412
ExpertEdit_B0_D2,native,1116,1,0,0,0,0,invalid_raw,,-4.743154838124999,
ExpertEdit_B0_D2,native,1117,1,1,0,0,0,not_converged,-6.105613708496094,-6.578242425,0.47262871650390625
ExpertEdit_B0_D2,native,1118,1,1,0,0,0,not_converged,-8.052801132202148,-8.2388825805,0.1860814482978519
ExpertEdit_B0_D2,native,1119,1,1,0,0,0,not_converged,-6.117038726806641,-6.686052480689658,0.5690137538830173
ExpertEdit_B0_D2,native,1120,1,1,0,1,0,not_converged,-4.480762481689453,-4.53840997,0.05764748831054689
ExpertEdit_B0_D2,native,1121,1,1,0,0,0,not_converged,-8.000199317932129,-8.570681207777774,0.5704818898456452
ExpertEdit_B0_D2,native,1122,1,1,0,1,1,verified,-3.7982404232025146,-3.8867623265,0.08852190329748533
ExpertEdit_B0_D2,native,1123,1,1,0,0,0,not_converged,-0.5827977657318115,-4.789967024444445,4.207169258712634
ExpertEdit_B0_D2,native,1124,1,1,0,0,0,invalid_terminal,-7.031186580657959,-8.269795762222222,1.2386091815642626
ExpertEdit_B0_D2,native,1125,1,1,0,0,0,not_converged,-0.04764556884765625,-5.4618606977777775,5.414215128930121
ExpertEdit_B0_D2,native,1126,1,1,0,0,0,not_converged,4.207392692565918,-3.533220957,7.740613649565918
ExpertEdit_B0_D2,native,1127,1,1,0,0,0,invalid_terminal,-5.496110916137695,-6.017627596999999,0.5215166808623035
ExpertEdit_B0_D2,native,1128,1,1,0,0,0,not_converged,-4.007470607757568,-4.188327623333334,0.18085701557576606
ExpertEdit_B0_D2,native,1129,1,1,0,0,0,not_converged,-4.4485955238342285,-4.56992271,0.12132718616577165
ExpertEdit_B0_D2,native,1130,1,0,0,0,0,invalid_raw,,-5.5842205655555555,
ExpertEdit_B0_D2,native,1131,1,0,0,0,0,invalid_raw,,-5.099868397500002,
ExpertEdit_B0_D2,native,1132,1,1,0,0,0,not_converged,-8.790733337402344,-9.038832954,0.24809961659765634
ExpertEdit_B0_D2,native,1133,1,1,0,0,0,invalid_terminal,-6.645715236663818,-7.032730970526315,0.3870157338624969
ExpertEdit_B0_D2,native,1134,1,1,0,0,0,invalid_terminal,-5.574324607849121,-7.205808006249994,1.6314833984008725
ExpertEdit_B0_D2,native,1135,1,1,0,0,0,invalid_terminal,-5.907059192657471,-6.2677870565,0.36072786384252886
ExpertEdit_B0_D2,native,1136,1,1,0,0,1,verified,5.081962585449219,-5.0088445724999975,10.090807157949216
ExpertEdit_B0_D2,native,1137,1,0,0,0,0,invalid_raw,,-7.440291984583329,
ExpertEdit_B0_D2,native,1138,1,1,0,0,0,not_converged,-6.313778877258301,-6.757431147999992,0.44365227074169145
ExpertEdit_B0_D2,native,1139,1,1,0,0,0,invalid_terminal,-5.9234089851379395,-7.640289121666665,1.7168801365287258
ExpertEdit_B0_D2,native,1140,1,1,1,1,1,verified,-3.827726125717163,-3.824484182499999,-0.0032419432171639784
ExpertEdit_B0_D2,native,1141,1,1,0,1,1,verified,-2.7123637199401855,-2.771590186666667,0.05922646672648124
ExpertEdit_B0_D2,native,1142,1,0,0,0,0,invalid_raw,,-6.948817144869791,
ExpertEdit_B0_D2,native,1143,1,1,0,0,0,invalid_terminal,-7.02613639831543,-7.195145645277776,0.16900924696234654
ExpertEdit_B0_D2,native,1144,1,1,0,0,1,verified,-6.082175254821777,-6.691883268095243,0.6097080132734654
ExpertEdit_B0_D2,native,1145,0,1,0,0,0,invalid_terminal,-4.266751766204834,-5.287064008571429,1.020312242366595
ExpertEdit_B0_D2,native,1146,1,1,0,0,0,invalid_terminal,-6.16014289855957,-8.1998463685,2.039703469940429
ExpertEdit_B0_D2,native,1147,1,1,0,1,0,invalid_terminal,-1.9834418296813965,-2.0761423783333335,0.092700548651937
ExpertEdit_B0_D2,native,1148,0,1,0,0,1,verified,-2.412689685821533,-2.538820911666667,0.1261312258451337
ExpertEdit_B0_D2,native,1149,1,1,0,0,1,verified,-3.343813896179199,-3.809834463999999,0.4660205678207996
ExpertEdit_B0_D2,native,1150,1,1,1,1,0,not_converged,-8.00963306427002,-7.857408234000008,-0.15222483027001132
ExpertEdit_B0_D2,native,1151,1,1,0,0,1,verified,-6.978895664215088,-7.109493575833331,0.13059791161824297
ExpertEdit_B0_D2,native,1152,1,1,0,0,1,verified,-9.132694244384766,-9.574989949805556,0.4422957054207899
ExpertEdit_B0_D2,native,1153,0,0,0,0,0,invalid_raw,,-9.384648227960518,
ExpertEdit_B0_D2,native,1154,1,1,0,0,0,invalid_terminal,-0.39950037002563477,-6.76411168473611,6.3646113147104755
ExpertEdit_B0_D2,native,1155,1,1,0,0,0,invalid_terminal,-3.46035099029541,-8.117298315999996,4.656947325704586
ExpertEdit_B0_D2,native,1156,1,1,0,0,0,invalid_terminal,-3.9863533973693848,-4.725831525000007,0.7394781276306226
ExpertEdit_B0_D2,native,1157,0,1,0,0,0,invalid_terminal,-5.131806373596191,-5.379459846666666,0.24765347307047492
ExpertEdit_B0_D2,native,1158,1,1,0,1,0,not_converged,-7.244344711303711,-7.321609651666666,0.07726494036295506
ExpertEdit_B0_D2,native,1159,0,1,0,0,1,verified,-6.336543083190918,-6.457483203333333,0.12094012014241518
ExpertEdit_B0_D2,native,1160,1,1,0,0,0,not_converged,3.3578128814697266,-5.258215639583335,8.61602852105306
ExpertEdit_B0_D2,native,1161,0,1,0,0,0,not_converged,-4.848098278045654,-5.408773900833333,0.560675622787679
ExpertEdit_B0_D2,native,1162,0,1,0,0,1,verified,-3.866265058517456,-4.0382198012962975,0.17195474277884149
ExpertEdit_B0_D2,native,1163,1,1,0,0,0,not_converged,-9.480854034423828,-11.301092835,1.8202388005761723
ExpertEdit_B0_D2,native,1164,1,1,0,0,0,not_converged,-7.437139987945557,-7.592791765,0.15565177705444366
ExpertEdit_B0_D2,native,1165,1,1,0,0,0,invalid_terminal,-7.614474296569824,-7.965704847276791,0.3512305507069664
ExpertEdit_B0_D2,native,1166,1,1,0,0,0,not_converged,-5.011162281036377,-5.2637038527083355,0.25254157167195856
ExpertEdit_B0_D2,native,1167,0,0,0,0,0,generation_failure,,,
ExpertEdit_B0_D2,native,1168,1,1,0,0,0,invalid_terminal,-6.742043495178223,-6.975403875555555,0.23336038037733253
ExpertEdit_B0_D2,native,1169,1,1,0,0,0,invalid_terminal,-4.095203399658203,-4.3705370659375,0.27533366627929645
ExpertEdit_B0_D2,native,1170,0,1,0,0,0,not_converged,-6.296619415283203,-6.627709356333334,0.3310899410501307
ExpertEdit_B0_D2,native,1171,1,1,0,0,0,not_converged,-5.65701150894165,-5.798954658750001,0.141943149808351
ExpertEdit_B0_D2,native,1172,1,0,0,0,0,invalid_raw,,-7.6632517827500015,
ExpertEdit_B0_D2,native,1173,1,1,0,0,0,not_converged,-6.050806522369385,-6.347517322532045,0.2967108001626606
ExpertEdit_B0_D2,native,1174,0,0,0,0,0,invalid_raw,,-7.810987893777778,
ExpertEdit_B0_D2,native,1175,1,1,0,0,0,not_converged,-7.000455856323242,-7.159469123333333,0.15901326701009122
ExpertEdit_B0_D2,native,1176,1,0,0,0,0,invalid_raw,,,
ExpertEdit_B0_D2,native,1177,1,1,0,0,0,not_converged,-6.600308895111084,-7.014487173999997,0.41417827888891345
ExpertEdit_B0_D2,native,1178,1,1,0,0,0,not_converged,-1.3596711158752441,-2.767568409358974,1.40789729348373
ExpertEdit_B0_D2,native,1179,1,1,0,1,0,not_converged,-5.121795177459717,-5.197016557121214,0.07522137966149689
ExpertEdit_B0_D2,native,1180,1,1,0,0,0,invalid_terminal,-4.477336883544922,-4.8757086875640905,0.3983718040191686
ExpertEdit_B0_D2,native,1181,1,0,0,0,0,invalid_raw,,-6.440790730833333,
ExpertEdit_B0_D2,native,1182,1,0,0,0,0,invalid_raw,,,
ExpertEdit_B0_D2,native,1183,1,0,0,0,0,invalid_raw,,-8.5724906125,
ExpertEdit_B0_D2,native,1184,1,0,0,0,0,invalid_raw,,-2.990478318,
ExpertEdit_B0_D2,native,1185,0,0,0,0,0,generation_failure,,,
ExpertEdit_B0_D2,native,1186,1,1,0,1,0,not_converged,-7.526752471923828,-7.6180084665624985,0.0912559946386704
ExpertEdit_B0_D2,native,1187,1,1,0,0,0,invalid_terminal,-3.6124212741851807,-4.4132147106250015,0.8007934364398208
ExpertEdit_B0_D2,native,1188,1,0,0,0,0,invalid_raw,,-7.557986012214286,
ExpertEdit_B0_D2,native,1189,0,1,0,1,0,not_converged,-5.701405048370361,-5.75735764095238,0.05595259258201857
ExpertEdit_B0_D2,native,1190,0,0,0,0,0,generation_failure,,,
ExpertEdit_B0_D2,native,1191,1,1,0,1,1,verified,-4.603811740875244,-4.64604289625,0.04223115537475586
ExpertEdit_B0_D2,native,1192,1,1,0,0,1,verified,-5.574462890625,-5.688423213,0.11396032237500009
ExpertEdit_B0_D2,native,1193,1,1,0,0,0,not_converged,1.7485361099243164,-7.253974938333334,9.00251104825765
ExpertEdit_B0_D2,native,1194,0,0,0,0,0,invalid_raw,,-8.367905796333329,
ExpertEdit_B0_D2,native,1195,1,1,0,1,1,verified,-4.109332084655762,-4.196917323125,0.08758523846923794
ExpertEdit_B0_D2,native,1196,1,0,0,0,0,invalid_raw,,-2.43111766,
ExpertEdit_B0_D2,native,1197,1,0,0,0,0,invalid_raw,,-3.3116867870833335,
ExpertEdit_B0_D2,native,1198,1,0,0,0,0,invalid_raw,,-8.174820348157901,
ExpertEdit_B0_D2,native,1199,1,1,0,0,1,verified,-5.023529529571533,-5.546787611472224,0.5232580819006909
ExpertEdit_B0_D2,tau800,0,1,1,0,1,1,verified,-3.9532582759857178,-4.009571855,0.056313579014282134
ExpertEdit_B0_D2,tau800,1,0,1,0,1,1,verified,-5.428555488586426,-5.484713445875,0.05615795728857442
ExpertEdit_B0_D2,tau800,2,1,1,0,1,0,not_converged,-8.01677131652832,-8.10237906,0.08560774347168021
ExpertEdit_B0_D2,tau800,3,1,1,0,0,0,not_converged,-5.354318618774414,-5.502003777666669,0.14768515889225498
ExpertEdit_B0_D2,tau800,4,1,1,0,0,0,not_converged,-4.977942943572998,-5.1133663415625,0.1354233979895021
ExpertEdit_B0_D2,tau800,5,1,1,0,0,0,not_converged,-4.987277984619141,-4.94716338,-0.040114604619140515
ExpertEdit_B0_D2,tau800,6,1,1,0,1,0,not_converged,-6.603814601898193,-6.6907331475,0.08691854560180623
ExpertEdit_B0_D2,tau800,7,1,1,1,1,0,not_converged,-7.9950690269470215,-7.983832712916669,-0.01123631403035219
ExpertEdit_B0_D2,tau800,8,1,1,0,0,0,not_converged,-7.430625915527344,-7.544244481600023,0.11361856607267917
ExpertEdit_B0_D2,tau800,9,1,1,0,1,1,verified,-3.670545816421509,-3.674296835,0.0037510185784910277
ExpertEdit_B0_D2,tau800,10,0,0,0,0,0,generation_failure,,,
ExpertEdit_B0_D2,tau800,11,1,1,0,0,1,verified,-6.207158088684082,-6.32724859,0.12009050131591792
ExpertEdit_B0_D2,tau800,12,1,1,0,0,0,not_converged,-7.090428352355957,-7.231575101875001,0.14114674951904416
ExpertEdit_B0_D2,tau800,13,1,0,0,0,0,invalid_raw,,-5.422083512500001,
ExpertEdit_B0_D2,tau800,14,1,1,0,0,1,verified,-8.008739471435547,-8.181623782678573,0.17288431124302583
ExpertEdit_B0_D2,tau800,15,1,1,0,0,1,verified,-4.005792140960693,-4.015411599782609,0.009619458821915394
ExpertEdit_B0_D2,tau800,16,1,1,0,1,1,verified,-5.921422958374023,-6.0005053638999994,0.07908240552597601
ExpertEdit_B0_D2,tau800,17,1,1,0,0,0,not_converged,-4.929026126861572,-5.469683520375,0.5406573935134276
ExpertEdit_B0_D2,tau800,18,1,1,0,1,0,not_converged,-8.083230972290039,-8.166425333333333,0.0831943610432937
ExpertEdit_B0_D2,tau800,19,1,1,0,0,0,not_converged,-4.644782543182373,-4.605035153,-0.03974739018237283
ExpertEdit_B0_D2,tau800,20,0,1,0,1,0,not_converged,-3.3562581539154053,-3.4543984520833377,0.09814029816793246
ExpertEdit_B0_D2,tau800,21,0,1,0,0,0,not_converged,-7.294129848480225,-7.4114072349999995,0.11727738651977493
ExpertEdit_B0_D2,tau800,22,1,1,0,0,0,not_converged,-3.176912307739258,-3.3465349425277786,0.1696226347885208
ExpertEdit_B0_D2,tau800,23,1,1,1,1,0,not_converged,-8.571220397949219,-8.534775392125006,-0.03644500582421273
ExpertEdit_B0_D2,tau800,24,1,1,0,0,1,verified,-6.273738861083984,-6.401275155714295,0.12753629463031046
ExpertEdit_B0_D2,tau800,25,1,1,0,1,0,not_converged,-5.97679328918457,-6.030186345714284,0.053393056529714045
ExpertEdit_B0_D2,tau800,26,1,1,1,1,0,not_converged,-4.065668106079102,-4.065101285,-0.0005668210791016648
ExpertEdit_B0_D2,tau800,27,1,1,0,0,0,not_converged,-8.260770797729492,-8.277995374,0.01722457627050744
ExpertEdit_B0_D2,tau800,28,1,1,0,0,0,not_converged,-8.457189559936523,-8.57344580767046,0.11625624773393639
ExpertEdit_B0_D2,tau800,29,1,1,0,1,0,not_converged,-7.125439167022705,-7.12852853,0.003089362977294563
ExpertEdit_B0_D2,tau800,30,1,1,1,1,1,verified,-4.070211887359619,-3.8562598855555557,-0.21395200180406349
ExpertEdit_B0_D2,tau800,31,1,1,0,0,1,verified,-8.082834243774414,-8.350202123333334,0.26736787955892005
ExpertEdit_B0_D2,tau800,32,1,1,0,0,0,not_converged,-5.797849178314209,-6.198551154940477,0.4007019766262676
ExpertEdit_B0_D2,tau800,33,0,1,0,0,1,verified,-3.1152985095977783,-3.2407750545000003,0.12547654490222193
ExpertEdit_B0_D2,tau800,34,0,1,0,0,0,not_converged,-4.374583721160889,-4.497636578833335,0.12305285767244634
ExpertEdit_B0_D2,tau800,35,1,1,0,0,1,verified,-7.827971935272217,-8.14310139134375,0.3151294560715332
ExpertEdit_B0_D2,tau800,36,1,1,0,1,1,verified,-8.697578430175781,-8.724391128,0.026812697824219356
ExpertEdit_B0_D2,tau800,37,1,1,0,1,0,not_converged,-1.9414973258972168,-1.952378300000003,0.010880974102786212
ExpertEdit_B0_D2,tau800,38,1,1,1,1,1,verified,-4.714600563049316,-4.709098998333333,-0.005501564715983065
ExpertEdit_B0_D2,tau800,39,1,1,0,0,0,not_converged,-5.793278217315674,-5.915836890166664,0.12255867285098976
ExpertEdit_B0_D2,tau800,40,0,1,0,0,1,verified,-3.6348509788513184,-3.802641151785714,0.1677901729343958
ExpertEdit_B0_D2,tau800,41,1,1,0,1,1,verified,-1.9197875261306763,-1.9542531603125,0.03446563418182369
ExpertEdit_B0_D2,tau800,42,1,1,0,0,0,not_converged,-6.322751522064209,-6.512465919583322,0.18971439751911312
ExpertEdit_B0_D2,tau800,43,1,1,0,0,0,not_converged,-5.70016622543335,-5.850719717335528,0.15055349190217804
ExpertEdit_B0_D2,tau800,44,1,1,0,0,1,verified,-2.771467685699463,-3.8430903599999997,1.0716226743005368
ExpertEdit_B0_D2,tau800,45,1,1,0,0,1,verified,-4.480020523071289,-4.496251316499999,0.01623079342870959
ExpertEdit_B0_D2,tau800,46,1,1,0,1,0,not_converged,-5.4236931800842285,-5.469567920625,0.04587474054077134
ExpertEdit_B0_D2,tau800,47,1,1,0,0,1,verified,-6.432608127593994,-6.545346556145834,0.11273842855183958
ExpertEdit_B0_D2,tau800,48,1,1,0,0,1,verified,-4.6401214599609375,-4.763740613333333,0.12361915337239537
ExpertEdit_B0_D2,tau800,49,1,1,0,0,0,not_converged,-7.391333103179932,-7.562665890961545,0.17133278778161376
ExpertEdit_B0_D2,tau800,50,1,1,0,0,1,verified,-2.508148193359375,,
ExpertEdit_B0_D2,tau800,51,0,1,1,1,1,verified,-5.739912033081055,-5.630959203772728,-0.1089528293083264
ExpertEdit_B0_D2,tau800,52,1,1,0,1,1,verified,-5.2914652824401855,-5.38968762125,0.09822233880981468
ExpertEdit_B0_D2,tau800,53,1,1,0,0,0,not_converged,-7.812995433807373,-7.945187599499943,0.13219216569256975
ExpertEdit_B0_D2,tau800,54,1,1,0,0,0,not_converged,-4.301522254943848,-4.403268771363637,0.10174651641978905
ExpertEdit_B0_D2,tau800,55,0,1,0,0,0,not_converged,-4.1994733810424805,-4.385677031632107,0.1862036505896265
ExpertEdit_B0_D2,tau800,56,1,1,0,0,0,not_converged,-6.525050640106201,-6.638178890405793,0.11312825029959139
ExpertEdit_B0_D2,tau800,57,1,1,0,0,1,verified,-3.0092270374298096,-3.5378374575,0.5286104200701902
ExpertEdit_B0_D2,tau800,58,1,1,0,0,1,verified,-3.845736265182495,-4.18185644125,0.3361201760675048
ExpertEdit_B0_D2,tau800,59,1,1,0,1,0,not_converged,-6.259031295776367,-6.3229868864285725,0.06395559065220535
ExpertEdit_B0_D2,tau800,60,1,1,0,1,1,verified,-5.146347522735596,-5.191991573968254,0.045644051232658356
ExpertEdit_B0_D2,tau800,61,1,1,0,1,1,verified,-3.9594080448150635,-4.038829385555556,0.07942134074049267
ExpertEdit_B0_D2,tau800,62,1,1,0,1,0,not_converged,-6.818217754364014,-6.903119146406251,0.08490139204223723
ExpertEdit_B0_D2,tau800,63,1,1,0,1,0,not_converged,-2.5116209983825684,-2.5408712575,0.02925025911743173
ExpertEdit_B0_D2,tau800,64,1,1,0,0,0,not_converged,-5.675877094268799,-5.7862076692499995,0.11033057498120069
ExpertEdit_B0_D2,tau800,65,1,1,0,0,0,not_converged,-8.521590232849121,-8.734052461000001,0.2124622281508799
ExpertEdit_B0_D2,tau800,66,1,1,0,0,1,verified,-8.937830924987793,-9.018776336000009,0.08094541101221608
ExpertEdit_B0_D2,tau800,67,1,1,0,0,0,not_converged,-6.681459903717041,-6.857098430624999,0.17563852690795834
ExpertEdit_B0_D2,tau800,68,1,1,0,0,1,verified,-6.106145858764648,-6.4088391155,0.30269325673535175
ExpertEdit_B0_D2,tau800,69,1,1,0,0,0,not_converged,-4.811717987060547,,
ExpertEdit_B0_D2,tau800,70,1,1,0,0,0,not_converged,-6.30465030670166,-6.724726695277777,0.42007638857611695
ExpertEdit_B0_D2,tau800,71,1,1,1,1,1,verified,-6.171578407287598,-6.133645338717951,-0.03793306856964662
ExpertEdit_B0_D2,tau800,72,1,1,0,1,1,verified,-2.181870222091675,-2.209365664125,0.0274954420333251
ExpertEdit_B0_D2,tau800,73,1,1,0,0,0,not_converged,-6.056628704071045,-6.14896511,0.09233640592895487
ExpertEdit_B0_D2,tau800,74,1,1,0,1,0,not_converged,-5.257387161254883,-5.345098410416666,0.0877112491617833
ExpertEdit_B0_D2,tau800,75,1,1,0,0,0,not_converged,-6.829715728759766,-6.86948376,0.03976803124023398
ExpertEdit_B0_D2,tau800,76,1,1,0,0,0,not_converged,-9.215728759765625,-9.3180580075,0.10232924773437446
ExpertEdit_B0_D2,tau800,77,1,1,0,1,0,not_converged,-7.319453239440918,-7.40158500625,0.08213176680908241
ExpertEdit_B0_D2,tau800,78,1,1,0,1,0,not_converged,-5.76452112197876,-5.773086189999989,0.008565068021229472
ExpertEdit_B0_D2,tau800,79,1,1,0,0,0,not_converged,-7.8705363273620605,-7.878894665999999,0.008358338637938445
ExpertEdit_B0_D2,tau800,80,1,1,0,1,1,verified,-3.436150550842285,-3.493545871428571,0.05739532058628605
ExpertEdit_B0_D2,tau800,81,1,1,0,0,0,not_converged,-3.7129340171813965,-4.2673970042499985,0.554462987068602
ExpertEdit_B0_D2,tau800,82,1,1,0,0,0,not_converged,-8.169377326965332,-8.485476243249995,0.3160989162846626
ExpertEdit_B0_D2,tau800,83,1,1,0,0,1,verified,-3.78059720993042,,
ExpertEdit_B0_D2,tau800,84,1,1,0,0,0,not_converged,-5.905937194824219,,
ExpertEdit_B0_D2,tau800,85,1,1,0,1,1,verified,-3.9530539512634277,-4.051094681666666,0.09804073040323846
ExpertEdit_B0_D2,tau800,86,1,1,1,1,0,not_converged,-6.7868547439575195,-6.780431213666667,-0.006423530290852852
ExpertEdit_B0_D2,tau800,87,1,1,0,1,0,not_converged,-6.376218318939209,-6.421737205,0.04551888606079135
ExpertEdit_B0_D2,tau800,88,1,1,0,1,0,not_converged,-5.808549404144287,-5.871281581470582,0.06273217732629455
ExpertEdit_B0_D2,tau800,89,1,1,0,1,0,not_converged,-3.552351474761963,-3.632177217777778,0.07982574301581513
ExpertEdit_B0_D2,tau800,90,1,1,0,1,0,not_converged,-9.054725646972656,-9.1413639178125,0.08663827083984366
ExpertEdit_B0_D2,tau800,91,1,1,0,1,1,verified,-4.918707847595215,-4.958693060937501,0.039985213342285775
ExpertEdit_B0_D2,tau800,92,1,1,0,0,0,not_converged,-7.088761806488037,-7.1039437025,0.015181896011962515
ExpertEdit_B0_D2,tau800,93,1,1,1,1,0,not_converged,-2.8986825942993164,-2.8910942266666666,-0.007588367632649806
ExpertEdit_B0_D2,tau800,94,1,1,0,0,0,not_converged,-7.89384126663208,-8.04555525951924,0.15171399288716003
ExpertEdit_B0_D2,tau800,95,0,1,0,0,0,not_converged,-5.952242851257324,-6.072915362631578,0.12067251137425394
ExpertEdit_B0_D2,tau800,96,1,1,0,0,1,verified,-3.6752164363861084,-3.789418821519097,0.11420238513298875
ExpertEdit_B0_D2,tau800,97,0,1,0,0,0,not_converged,-7.807558059692383,-7.940270319230763,0.13271225953837984
ExpertEdit_B0_D2,tau800,98,1,1,0,0,0,not_converged,-10.351728439331055,-10.636418313333335,0.2846898740022805
ExpertEdit_B0_D2,tau800,99,1,1,0,0,0,not_converged,-2.846860885620117,-3.1105685842578126,0.2637076986376954
ExpertEdit_B0_D2,tau800,100,1,1,0,0,0,not_converged,-5.809536933898926,-6.005723295,0.19618636110107435
ExpertEdit_B0_D2,tau800,101,1,1,1,1,1,verified,-4.375406742095947,-4.3734802209999994,-0.0019265210959478196
ExpertEdit_B0_D2,tau800,102,1,1,1,1,1,verified,-3.789609670639038,-3.788776815,-0.0008328556390382325
ExpertEdit_B0_D2,tau800,103,1,1,0,1,0,not_converged,-7.568135738372803,-7.65935502575,0.09121928737719731
ExpertEdit_B0_D2,tau800,104,1,1,0,1,0,not_converged,-4.5133256912231445,-4.535984331029412,0.022658639806267367
ExpertEdit_B0_D2,tau800,105,1,1,0,1,0,not_converged,-7.380290508270264,-7.440291984583329,0.06000147631306518
ExpertEdit_B0_D2,tau800,106,1,1,0,1,0,not_converged,-8.077420234680176,-8.085020394267245,0.007600159587068944
ExpertEdit_B0_D2,tau800,107,0,1,0,0,1,verified,-4.375121593475342,-4.486865391999999,0.11174379852465677
ExpertEdit_B0_D2,tau800,108,1,1,0,0,0,not_converged,-6.146425724029541,-6.328540503,0.18211477897045913
ExpertEdit_B0_D2,tau800,109,1,1,0,0,0,not_converged,-7.645139694213867,-7.745318409999998,0.10017871578613047
ExpertEdit_B0_D2,tau800,110,1,1,0,0,0,not_converged,-7.127291202545166,-7.29170594982143,0.16441474727626382
ExpertEdit_B0_D2,tau800,111,1,1,1,1,1,verified,-2.891904354095459,-2.861575609903846,-0.030328744191613133
ExpertEdit_B0_D2,tau800,112,1,1,0,0,0,not_converged,-8.028365135192871,-8.380616457222251,0.3522513220293799
ExpertEdit_B0_D2,tau800,113,1,1,1,1,1,verified,-8.854484558105469,-8.764925864999999,-0.08955869310547016
ExpertEdit_B0_D2,tau800,114,1,1,0,0,0,not_converged,-8.670246124267578,-8.775034656093752,0.10478853182617343
ExpertEdit_B0_D2,tau800,115,0,1,0,1,0,not_converged,-8.310469627380371,-8.3743801625,0.06391053511962852
ExpertEdit_B0_D2,tau800,116,0,1,0,0,0,not_converged,-3.275075674057007,-3.479068619375,0.20399294531799317
ExpertEdit_B0_D2,tau800,117,1,1,0,0,1,verified,-7.233913898468018,-7.740286122500001,0.506372224031983
ExpertEdit_B0_D2,tau800,118,1,1,0,0,0,not_converged,-9.258350372314453,-9.849365099916671,0.591014727602218
ExpertEdit_B0_D2,tau800,119,1,1,0,0,0,not_converged,-8.058578491210938,-8.289726508000001,0.2311480167890636
ExpertEdit_B0_D2,tau800,120,1,1,0,1,1,verified,-3.546455144882202,-3.5660005975000004,0.019545452617798276
ExpertEdit_B0_D2,tau800,121,0,0,0,0,0,generation_failure,,,
ExpertEdit_B0_D2,tau800,122,1,1,0,1,0,not_converged,-5.843725204467773,-5.940439314444447,0.09671410997667351
ExpertEdit_B0_D2,tau800,123,1,1,1,1,1,verified,-6.892215728759766,-6.834619367222224,-0.05759636153754144
ExpertEdit_B0_D2,tau800,124,1,1,0,1,0,not_converged,-7.305991172790527,-7.3775944704375025,0.07160329764697515
ExpertEdit_B0_D2,tau800,125,1,1,0,0,0,not_converged,-6.239588737487793,-6.398109526666665,0.1585207891788718
ExpertEdit_B0_D2,tau800,126,1,1,0,0,1,verified,-5.861732482910156,-5.879291711666667,0.017559228756510947
ExpertEdit_B0_D2,tau800,127,1,1,0,0,1,verified,-3.9806325435638428,-4.1208782742415355,0.14024573067769275
ExpertEdit_B0_D2,tau800,128,0,1,0,1,1,verified,-8.463794708251953,-8.499263851666667,0.035469143414713855
ExpertEdit_B0_D2,tau800,129,1,1,0,0,0,not_converged,-5.487185955047607,-5.6093164792307695,0.12213052418316206
ExpertEdit_B0_D2,tau800,130,1,1,0,0,1,verified,-1.9214648008346558,-1.944070708125,0.022605907290344174
ExpertEdit_B0_D2,tau800,131,1,1,0,1,1,verified,-5.215200424194336,-5.27874586025,0.06354543605566398
ExpertEdit_B0_D2,tau800,132,1,1,1,1,0,not_converged,-4.344728946685791,-4.341222944242425,-0.003506002443366185
ExpertEdit_B0_D2,tau800,133,0,1,0,0,0,not_converged,-8.070575714111328,-8.283025118076925,0.21244940396559642
ExpertEdit_B0_D2,tau800,134,1,1,0,1,0,not_converged,-3.593879461288452,-3.690115826608392,0.09623636531993984
ExpertEdit_B0_D2,tau800,135,1,1,0,0,1,verified,-7.3377532958984375,-7.4101133275,0.0723600316015629
ExpertEdit_B0_D2,tau800,136,1,1,0,0,0,not_converged,-8.876025199890137,-9.086374506015627,0.2103493061254902
ExpertEdit_B0_D2,tau800,137,1,1,1,1,1,verified,-3.329721212387085,-3.3255577897222226,-0.00416342266486236
ExpertEdit_B0_D2,tau800,138,1,1,0,0,0,not_converged,-5.831088066101074,-5.985514178847229,0.1544261127461546
ExpertEdit_B0_D2,tau800,139,1,1,0,0,0,not_converged,-6.762059211730957,-6.926639417500001,0.16458020576904353
ExpertEdit_B0_D2,tau800,140,0,1,0,1,0,not_converged,-4.951658248901367,-4.989444045,0.03778579609863275
ExpertEdit_B0_D2,tau800,141,0,1,0,0,0,not_converged,-5.324219226837158,-5.5482818012857145,0.22406257444855626
ExpertEdit_B0_D2,tau800,142,1,1,0,0,0,not_converged,-8.216806411743164,-8.562077407569447,0.34527099582628296
ExpertEdit_B0_D2,tau800,143,1,1,0,0,0,not_converged,-7.496164321899414,-7.708868977374998,0.2127046554755836
ExpertEdit_B0_D2,tau800,144,1,1,0,1,1,verified,-6.257311820983887,-6.331120033999999,0.07380821301611196
ExpertEdit_B0_D2,tau800,145,1,1,0,0,0,not_converged,-5.739284992218018,-5.909151107187499,0.16986611496948179
ExpertEdit_B0_D2,tau800,146,1,1,0,1,1,verified,-5.8557915687561035,-5.872545882,0.016754313243896313
ExpertEdit_B0_D2,tau800,147,1,1,0,0,1,verified,-6.307522773742676,-6.385504746666666,0.07798197292399056
ExpertEdit_B0_D2,tau800,148,0,1,0,1,1,verified,-5.156128406524658,-5.179524520208334,0.02339611368367578
ExpertEdit_B0_D2,tau800,149,1,1,0,1,1,verified,-4.132352828979492,-4.195074619591839,0.06272179061234695
ExpertEdit_B0_D2,tau800,150,1,1,0,1,1,verified,-4.418262004852295,-4.478896110999999,0.06063410614770426
ExpertEdit_B0_D2,tau800,151,1,1,0,0,0,not_converged,-7.208897113800049,-7.350469881111111,0.14157276731106183
ExpertEdit_B0_D2,tau800,152,1,1,0,0,1,verified,-3.727261781692505,-3.8489445024999998,0.12168272080749487
ExpertEdit_B0_D2,tau800,153,1,1,1,1,1,verified,-3.644900321960449,-3.610415597000003,-0.0344847249604463
ExpertEdit_B0_D2,tau800,154,1,1,0,0,0,not_converged,-5.874139308929443,-6.055091405,0.1809520960705564
ExpertEdit_B0_D2,tau800,155,0,1,0,1,1,verified,-4.02862024307251,-4.074633725833333,0.04601348276082362
ExpertEdit_B0_D2,tau800,156,1,1,0,0,1,verified,-8.72173023223877,-8.853172124999999,0.13144189276122908
ExpertEdit_B0_D2,tau800,157,0,1,0,0,1,verified,-6.917354106903076,-7.023488505624993,0.10613439872191677
ExpertEdit_B0_D2,tau800,158,1,1,0,0,0,not_converged,-7.008825778961182,-6.9884091150000005,-0.020416663961181136
ExpertEdit_B0_D2,tau800,159,1,1,0,1,1,verified,-4.565467834472656,-4.630558908749999,0.06509107427734317
ExpertEdit_B0_D2,tau800,160,0,1,0,0,0,not_converged,-5.43046236038208,-5.7183457926315775,0.2878834322494974
ExpertEdit_B0_D2,tau800,161,1,1,0,0,1,verified,-7.009897232055664,-7.263837138888889,0.2539399068332253
ExpertEdit_B0_D2,tau800,162,1,1,0,1,1,verified,-5.151679992675781,-5.172278064375,0.02059807169921868
ExpertEdit_B0_D2,tau800,163,1,1,0,0,1,verified,-7.040356636047363,-7.1564276412500005,0.11607100520263725
ExpertEdit_B0_D2,tau800,164,1,1,0,1,1,verified,-5.550352096557617,-5.5955588206666675,0.045206724109050356
ExpertEdit_B0_D2,tau800,165,1,1,0,0,0,not_converged,-5.230644702911377,-5.1957255899999994,-0.0349191129113775
ExpertEdit_B0_D2,tau800,166,1,1,0,0,0,not_converged,-5.982969284057617,-6.213327328630953,0.23035804457333597
ExpertEdit_B0_D2,tau800,167,1,1,0,1,0,not_converged,-7.797926902770996,-7.868006862222222,0.0700799594512258
ExpertEdit_B0_D2,tau800,168,1,1,0,0,1,verified,-5.24089241027832,-5.516363594285715,0.2754711840073947
ExpertEdit_B0_D2,tau800,169,1,1,0,1,1,verified,-4.350677967071533,-4.4360599,0.08538193292846685
ExpertEdit_B0_D2,tau800,170,1,1,0,0,1,verified,-7.089495658874512,-7.196764992847221,0.10726933397270955
ExpertEdit_B0_D2,tau800,171,1,1,0,1,1,verified,-4.976319789886475,-4.9873992312499995,0.0110794413635249
ExpertEdit_B0_D2,tau800,172,0,0,0,0,0,generation_failure,,,
ExpertEdit_B0_D2,tau800,173,1,1,0,1,0,not_converged,-4.023965358734131,-4.0433448525,0.019379493765868894
ExpertEdit_B0_D2,tau800,174,1,1,0,1,1,verified,-6.170413017272949,-6.184572847416666,0.01415983014371669
ExpertEdit_B0_D2,tau800,175,1,1,0,0,1,verified,-7.562495231628418,-7.725493172589284,0.1629979409608664
ExpertEdit_B0_D2,tau800,176,1,1,0,0,0,not_converged,-6.757063865661621,-6.979628066000011,0.22256420033838964
ExpertEdit_B0_D2,tau800,177,1,1,0,0,0,not_converged,-8.284418106079102,-8.4103017015,0.12588359542089833
ExpertEdit_B0_D2,tau800,178,1,1,0,0,0,not_converged,-7.497612953186035,-7.506928,0.009315046813965111
ExpertEdit_B0_D2,tau800,179,1,1,1,1,0,not_converged,-3.738814115524292,-3.632799633666666,-0.10601448185762585
ExpertEdit_B0_D2,tau800,180,0,0,0,0,0,generation_failure,,,
ExpertEdit_B0_D2,tau800,181,1,1,0,0,0,not_converged,-8.918414115905762,-9.403702867499998,0.48528875159423634
ExpertEdit_B0_D2,tau800,182,1,1,0,1,1,verified,-3.477789878845215,-3.509270435,0.031480556154785067
ExpertEdit_B0_D2,tau800,183,1,1,0,0,0,not_converged,-7.8360772132873535,-8.030099325,0.1940221117126466
ExpertEdit_B0_D2,tau800,184,1,1,1,1,1,verified,-4.048074245452881,-3.9777701946666664,-0.07030405078621449
ExpertEdit_B0_D2,tau800,185,1,1,0,1,0,not_converged,-8.01444149017334,-8.105286150974027,0.09084466080068765
ExpertEdit_B0_D2,tau800,186,1,1,0,1,0,not_converged,-5.278713703155518,-5.309584936750004,0.03087123359448629
ExpertEdit_B0_D2,tau800,187,1,1,0,1,0,not_converged,-2.856480121612549,-2.935958591666667,0.07947847005411823
ExpertEdit_B0_D2,tau800,188,0,1,0,0,0,not_converged,-4.3183441162109375,-4.530805311500001,0.21246119528906338
ExpertEdit_B0_D2,tau800,189,1,1,0,1,1,verified,-4.277163505554199,-4.2974479065625,0.020284401008300534
ExpertEdit_B0_D2,tau800,190,1,1,0,1,0,not_converged,-2.453443765640259,-2.478843291636363,0.025399525996104177
ExpertEdit_B0_D2,tau800,191,1,1,0,0,0,not_converged,-4.868768692016602,-5.861079962000004,0.9923112699834027
ExpertEdit_B0_D2,tau800,192,1,1,0,0,1,verified,-6.019179821014404,-6.129474928124999,0.11029510711059487
ExpertEdit_B0_D2,tau800,193,1,1,0,0,0,not_converged,-3.9614098072052,,
ExpertEdit_B0_D2,tau800,194,1,1,0,1,0,not_converged,-4.35703706741333,-4.4339253475000024,0.07688828008667237
ExpertEdit_B0_D2,tau800,195,0,0,0,0,0,generation_failure,,,
ExpertEdit_B0_D2,tau800,196,1,1,0,1,1,verified,-5.177415370941162,-5.183282092550001,0.00586672160883861
ExpertEdit_B0_D2,tau800,197,1,1,0,0,0,not_converged,-7.44320011138916,-7.544452388071431,0.10125227668227055
ExpertEdit_B0_D2,tau800,198,1,1,0,0,0,not_converged,-6.090090274810791,-6.5425852557291675,0.4524949809183765
ExpertEdit_B0_D2,tau800,199,1,1,0,1,0,not_converged,-6.162837028503418,-6.185462128,0.0226250994965822
ExpertEdit_B0_D2,tau800,200,1,1,1,1,1,verified,-6.69207763671875,-6.69122325,-0.0008543867187498222
ExpertEdit_B0_D2,tau800,201,1,1,0,0,1,verified,-8.7268705368042,-9.02059057129252,0.2937200344883202
ExpertEdit_B0_D2,tau800,202,1,1,1,1,0,not_converged,-5.2021870613098145,-5.17988181,-0.02230525130981409
ExpertEdit_B0_D2,tau800,203,1,1,0,0,0,not_converged,-5.6298017501831055,,
ExpertEdit_B0_D2,tau800,204,1,1,0,0,0,not_converged,-6.568902492523193,-7.992896970749994,1.4239944782268008
ExpertEdit_B0_D2,tau800,205,1,1,0,0,1,verified,-5.808273792266846,-6.140276655,0.3320028627331544
ExpertEdit_B0_D2,tau800,206,1,1,0,0,1,verified,-4.630871295928955,-4.74468591142857,0.11381461549961536
ExpertEdit_B0_D2,tau800,207,1,1,0,1,0,not_converged,-5.51516580581665,-5.606899892685186,0.09173408686853524
ExpertEdit_B0_D2,tau800,208,0,1,0,0,1,verified,-4.640901565551758,-4.68741232,0.04651075444824215
ExpertEdit_B0_D2,tau800,209,1,1,0,0,0,not_converged,-4.996528148651123,-5.1834762150000095,0.1869480663488865
ExpertEdit_B0_D2,tau800,210,1,1,0,0,1,verified,-2.9605798721313477,,
ExpertEdit_B0_D2,tau800,211,1,1,0,1,1,verified,-5.738762855529785,-5.776918745625004,0.03815589009521858
ExpertEdit_B0_D2,tau800,212,1,1,0,0,0,not_converged,-6.734051704406738,-6.956673522678572,0.22262181827183358
ExpertEdit_B0_D2,tau800,213,1,1,0,0,0,not_converged,-7.2195234298706055,-7.664742834166666,0.44521940429606044
ExpertEdit_B0_D2,tau800,214,1,1,0,0,1,verified,-3.2235093116760254,-3.3357029050000016,0.11219359332397616
ExpertEdit_B0_D2,tau800,215,1,1,0,0,0,not_converged,-6.579097270965576,-6.628928884285714,0.04983161332013797
ExpertEdit_B0_D2,tau800,216,1,1,0,1,0,not_converged,-4.114200592041016,-4.1200051914285725,0.005804599387556841
ExpertEdit_B0_D2,tau800,217,1,1,0,0,0,not_converged,-4.361973285675049,-4.370858004130435,0.008884718455385965
ExpertEdit_B0_D2,tau800,218,1,1,0,0,0,not_converged,-6.856366157531738,-7.0036066112499995,0.14724045371826122
ExpertEdit_B0_D2,tau800,219,1,1,0,0,0,not_converged,-5.312006950378418,-5.8145049271875,0.5024979768090816
ExpertEdit_B0_D2,tau800,220,1,1,0,0,0,not_converged,-8.728541374206543,-8.85985034,0.13130896579345652
ExpertEdit_B0_D2,tau800,221,1,1,0,1,0,not_converged,-3.502692222595215,-3.520395878666667,0.0177036560714523
ExpertEdit_B0_D2,tau800,222,1,1,0,1,0,not_converged,-8.076059341430664,-8.158475707500001,0.08241636606933689
ExpertEdit_B0_D2,tau800,223,1,1,0,0,1,verified,-2.7297794818878174,-2.7799054446875,0.05012596279968262
ExpertEdit_B0_D2,tau800,224,1,1,0,1,1,verified,-6.130977153778076,-6.17849534983333,0.04751819605525398
ExpertEdit_B0_D2,tau800,225,1,1,0,0,0,not_converged,-6.04921817779541,-6.361017529109196,0.3117993513137858
ExpertEdit_B0_D2,tau800,226,1,1,0,0,1,verified,-2.856400728225708,-5.569344862882653,2.7129441346569454
ExpertEdit_B0_D2,tau800,227,1,1,0,1,0,not_converged,-1.7392034530639648,-1.764497722236842,0.02529426917287725
ExpertEdit_B0_D2,tau800,228,1,1,0,0,0,not_converged,-2.445786476135254,,
ExpertEdit_B0_D2,tau800,229,1,1,0,0,0,not_converged,-4.861223220825195,-4.828162192999991,-0.03306102782520437
ExpertEdit_B0_D2,tau800,230,1,1,0,1,0,not_converged,-6.702727317810059,-6.745648262999994,0.04292094518993572
ExpertEdit_B0_D2,tau800,231,1,1,0,1,0,not_converged,-3.030486583709717,-3.037658465,0.007171881290283011
ExpertEdit_B0_D2,tau800,232,1,1,0,1,1,verified,-7.146333694458008,-7.2413824275000005,0.09504873304199268
ExpertEdit_B0_D2,tau800,233,1,1,0,0,0,not_converged,-8.526457786560059,-8.78412913614582,0.25767134958576143
ExpertEdit_B0_D2,tau800,234,1,1,0,1,0,not_converged,-7.87074089050293,-7.944424558055554,0.07368366755262468
ExpertEdit_B0_D2,tau800,235,1,1,0,0,1,verified,-6.931316375732422,-7.127507601153846,0.19619122542142442
ExpertEdit_B0_D2,tau800,236,0,1,0,0,0,not_converged,-7.787999629974365,-9.161690116,1.3736904860256356
ExpertEdit_B0_D2,tau800,237,1,1,0,0,0,not_converged,-7.692768573760986,-7.649855285333333,-0.04291328842765374
ExpertEdit_B0_D2,tau800,238,1,1,0,0,1,verified,-3.746380567550659,-3.9039555466666664,0.15757497911600726
ExpertEdit_B0_D2,tau800,239,1,1,1,1,0,not_converged,-8.246070861816406,-8.195476525393518,-0.05059433642288802
ExpertEdit_B0_D2,tau800,240,0,1,0,0,1,verified,-3.011136531829834,-3.1748408445,0.16370431267016583
ExpertEdit_B0_D2,tau800,241,0,1,0,0,0,not_converged,-5.7475175857543945,-6.001532512576922,0.2540149268225278
ExpertEdit_B0_D2,tau800,242,1,1,1,1,0,not_converged,-2.9794352054595947,-2.9622649737499995,-0.017170231709595196
ExpertEdit_B0_D2,tau800,243,1,1,0,0,1,verified,-6.13421630859375,-6.2871970683333345,0.15298075973958447
ExpertEdit_B0_D2,tau800,244,1,1,0,0,1,verified,-7.326972007751465,-7.770567307142858,0.44359529939139275
ExpertEdit_B0_D2,tau800,245,1,1,0,1,1,verified,-7.8804240226745605,-7.920912217708325,0.04048819503376411
ExpertEdit_B0_D2,tau800,246,1,1,0,0,0,not_converged,-3.1880884170532227,-3.687521190666668,0.4994327736134454
ExpertEdit_B0_D2,tau800,247,1,1,0,1,1,verified,-4.722949981689453,-4.750298503055555,0.02734852136610222
ExpertEdit_B0_D2,tau800,248,1,1,0,0,0,not_converged,-6.885118007659912,-7.025995946785715,0.1408779391258026
ExpertEdit_B0_D2,tau800,249,1,1,0,0,0,not_converged,-8.186262130737305,-8.487405831500002,0.30114370076269736
ExpertEdit_B0_D2,tau800,250,1,1,0,0,1,verified,-5.584078311920166,-5.871369278888894,0.2872909669687278
ExpertEdit_B0_D2,tau800,251,1,1,0,0,0,not_converged,-5.726570129394531,-6.295641089112499,0.5690709597179682
ExpertEdit_B0_D2,tau800,252,1,1,0,1,0,not_converged,-3.471165180206299,-3.566205878125,0.09504069791870107
ExpertEdit_B0_D2,tau800,253,0,1,0,0,0,not_converged,-5.2135443687438965,-5.533590399090911,0.3200460303470143
ExpertEdit_B0_D2,tau800,254,1,1,1,1,0,not_converged,-9.97676944732666,-9.9450290275,-0.03174041982665976
ExpertEdit_B0_D2,tau800,255,1,1,0,1,0,not_converged,-6.829614162445068,-6.894403809199998,0.06478964675492982
ExpertEdit_B0_D2,tau800,256,1,1,0,0,0,not_converged,-7.2250261306762695,-7.407460142874999,0.1824340121987298
ExpertEdit_B0_D2,tau800,257,1,1,0,0,1,verified,-6.901859760284424,-7.124483321553028,0.2226235612686045
ExpertEdit_B0_D2,tau800,258,1,1,0,1,0,not_converged,-7.363554954528809,-7.450987041,0.08743208647119172
ExpertEdit_B0_D2,tau800,259,0,0,0,0,0,generation_failure,,,
ExpertEdit_B0_D2,tau800,260,1,1,1,1,1,verified,-5.500308513641357,-5.493872198749999,-0.006436314891358208
ExpertEdit_B0_D2,tau800,261,1,1,1,1,1,verified,-4.8013834953308105,-4.7631831025624995,-0.038200392768311
ExpertEdit_B0_D2,tau800,262,1,1,0,0,1,verified,-6.690223693847656,-6.957786933333335,0.2675632394856784
ExpertEdit_B0_D2,tau800,263,1,1,0,0,0,not_converged,-6.818061351776123,-6.926639417500001,0.10857806572387751
ExpertEdit_B0_D2,tau800,264,0,1,0,0,1,verified,-4.899675369262695,-5.071622596904762,0.17194722764206638
ExpertEdit_B0_D2,tau800,265,1,1,0,1,0,not_converged,-5.703352928161621,-5.76353898,0.060186051838378773
ExpertEdit_B0_D2,tau800,266,1,1,1,1,0,not_converged,-6.079491138458252,-6.0073073536538475,-0.07218378480440446
ExpertEdit_B0_D2,tau800,267,1,1,0,0,0,not_converged,-7.1709794998168945,-7.3198004800000085,0.14882098018311396
ExpertEdit_B0_D2,tau800,268,1,1,1,1,0,not_converged,-5.227036476135254,-5.20062912111111,-0.026407355024144152
ExpertEdit_B0_D2,tau800,269,1,1,1,1,1,verified,-6.293545722961426,-6.286152254999999,-0.007393467961426481
ExpertEdit_B0_D2,tau800,270,1,1,0,0,1,verified,-4.333907604217529,-4.726353991666666,0.3924463874491364
ExpertEdit_B0_D2,tau800,271,1,1,1,1,1,verified,-4.819537162780762,-4.805392888958333,-0.014144273822428666
ExpertEdit_B0_D2,tau800,272,0,1,0,1,0,not_converged,-5.685750484466553,-5.746246750681818,0.06049626621526549
ExpertEdit_B0_D2,tau800,273,1,1,0,0,1,verified,-4.401656150817871,-4.5878161475,0.1861599966821288
ExpertEdit_B0_D2,tau800,274,1,1,0,1,1,verified,-4.393365383148193,-4.4121433955,0.018778012351806872
ExpertEdit_B0_D2,tau800,275,1,1,0,1,1,verified,-4.313543796539307,-4.375447646484375,0.061903849945068146
ExpertEdit_B0_D2,tau800,276,1,1,0,0,0,not_converged,-5.811435699462891,-5.999105397175926,0.18766969771303543
ExpertEdit_B0_D2,tau800,277,1,1,0,1,0,not_converged,-2.019728899002075,-2.0504891375,0.030760238497924863
ExpertEdit_B0_D2,tau800,278,1,1,0,0,0,not_converged,-5.097524642944336,-5.1221278275,0.024603184555664015
ExpertEdit_B0_D2,tau800,279,1,1,0,0,0,not_converged,-7.758779525756836,-7.903979024583332,0.1451994988264964
ExpertEdit_B0_D2,tau800,280,1,1,1,1,1,verified,-2.823173999786377,-2.8016605543406596,-0.021513445445717316
ExpertEdit_B0_D2,tau800,281,1,1,0,0,0,not_converged,-8.632152557373047,-8.791714443541668,0.15956188616862121
ExpertEdit_B0_D2,tau800,282,1,1,1,1,0,not_converged,-3.334357738494873,-3.2446934216666667,-0.0896643168282063
ExpertEdit_B0_D2,tau800,283,1,1,1,1,1,verified,-4.252180099487305,-4.251312112750002,-0.0008679867373029282
ExpertEdit_B0_D2,tau800,284,1,1,0,0,0,not_converged,-3.821593761444092,,
ExpertEdit_B0_D2,tau800,285,0,1,0,1,1,verified,-5.755753517150879,-5.842526910990029,0.08677339383914973
ExpertEdit_B0_D2,tau800,286,1,1,0,1,0,not_converged,-5.66037130355835,-5.759537465596789,0.09916616203843898
ExpertEdit_B0_D2,tau800,287,1,1,1,1,0,not_converged,-9.834010124206543,-9.789058354444444,-0.04495176976209869
ExpertEdit_B0_D2,tau800,288,1,1,0,0,0,not_converged,-6.351005554199219,-6.383733436,0.03272788180078123
ExpertEdit_B0_D2,tau800,289,1,1,0,0,0,not_converged,-5.61599063873291,-6.106789206969696,0.49079856823678547
ExpertEdit_B0_D2,tau800,290,1,1,0,1,1,verified,-3.322226047515869,-3.35642271875,0.03419667123413106
ExpertEdit_B0_D2,tau800,291,1,1,0,0,0,not_converged,-5.729621410369873,-5.856307052833337,0.12668564246346392
ExpertEdit_B0_D2,tau800,292,1,1,0,0,0,not_converged,-4.72803258895874,-4.858748289999999,0.13071570104125918
ExpertEdit_B0_D2,tau800,293,0,0,0,0,0,generation_failure,,,
ExpertEdit_B0_D2,tau800,294,1,1,0,0,1,verified,-3.922393798828125,-4.101147137166667,0.17875333833854157
ExpertEdit_B0_D2,tau800,295,1,1,0,0,1,verified,-6.266382217407227,-6.29634838,0.02996616259277385
ExpertEdit_B0_D2,tau800,296,1,1,0,0,0,not_converged,-4.552714824676514,-4.654199455897437,0.10148463122092366
ExpertEdit_B0_D2,tau800,297,1,1,0,1,1,verified,-6.691104412078857,-6.7262452365476175,0.0351408244687601
ExpertEdit_B0_D2,tau800,298,1,1,0,0,1,verified,-4.695972442626953,-4.85595832,0.15998587737304693
ExpertEdit_B0_D2,tau800,299,1,1,0,0,1,verified,-4.237076282501221,,
ExpertEdit_B0_D2,tau800,300,1,1,0,1,0,not_converged,-8.725939750671387,-8.795292552083334,0.06935280141194688
ExpertEdit_B0_D2,tau800,301,1,1,0,0,0,not_converged,-8.416647911071777,-8.614129246071428,0.19748133499965093
ExpertEdit_B0_D2,tau800,302,1,1,0,0,0,not_converged,-6.8122358322143555,-6.9583210300000005,0.146085197785645
ExpertEdit_B0_D2,tau800,303,1,1,0,0,1,verified,-7.151618957519531,-7.344096527727273,0.1924775702077417
ExpertEdit_B0_D2,tau800,304,0,1,1,1,1,verified,-3.959024429321289,-3.854455645612245,-0.10456878370904388
ExpertEdit_B0_D2,tau800,305,1,1,0,0,1,verified,-3.368722677230835,-3.392726045,0.024003367769164896
ExpertEdit_B0_D2,tau800,306,1,1,0,0,1,verified,-4.900824546813965,-5.018360740192307,0.11753619337834209
ExpertEdit_B0_D2,tau800,307,0,1,0,0,1,verified,-5.634664058685303,-5.748584652763157,0.11392059407785471
ExpertEdit_B0_D2,tau800,308,1,1,0,0,0,not_converged,-7.99222993850708,-8.103911396437498,0.11168145793041795
ExpertEdit_B0_D2,tau800,309,1,1,0,1,0,not_converged,-2.169471263885498,-2.1831125125,0.01364124861450211
ExpertEdit_B0_D2,tau800,310,1,1,0,0,0,not_converged,-6.631636619567871,-6.759939068671887,0.1283024491040159
ExpertEdit_B0_D2,tau800,311,1,1,0,0,0,not_converged,-4.574731826782227,-4.604603925034723,0.029872098252496038
ExpertEdit_B0_D2,tau800,312,0,0,0,0,0,generation_failure,,,
ExpertEdit_B0_D2,tau800,313,1,1,0,0,0,not_converged,-6.321808815002441,,
ExpertEdit_B0_D2,tau800,314,1,1,0,0,0,not_converged,-5.871323585510254,-6.096360439642856,0.22503685413260222
ExpertEdit_B0_D2,tau800,315,1,1,0,0,1,verified,-5.990385055541992,-6.515414064404761,0.5250290088627692
ExpertEdit_B0_D2,tau800,316,1,1,0,0,0,not_converged,-4.690206527709961,-4.86590872037037,0.17570219266040876
ExpertEdit_B0_D2,tau800,317,1,0,0,0,0,invalid_raw,,-6.496671924062499,
ExpertEdit_B0_D2,tau800,318,1,1,0,0,0,not_converged,-6.880920886993408,-6.99806351642857,0.11714262943516207
ExpertEdit_B0_D2,tau800,319,1,1,0,0,0,not_converged,-7.152467727661133,-7.278228040499998,0.12576031283886557
ExpertEdit_B0_D2,tau800,320,1,1,0,0,1,verified,-3.9871633052825928,-4.12900124,0.14183793471740724
ExpertEdit_B0_D2,tau800,321,1,1,0,0,0,not_converged,-5.590899467468262,-5.826691488846152,0.23579202137789057
ExpertEdit_B0_D2,tau800,322,1,1,0,1,0,not_converged,-8.503252983093262,-8.524832456062505,0.02157947296924334
ExpertEdit_B0_D2,tau800,323,0,0,0,0,0,generation_failure,,,
ExpertEdit_B0_D2,tau800,324,0,1,0,1,0,not_converged,-7.573249340057373,-7.633242624,0.05999328394262715
ExpertEdit_B0_D2,tau800,325,1,1,0,0,0,not_converged,-5.385597229003906,-5.520239303974359,0.13464207497045244
ExpertEdit_B0_D2,tau800,326,1,1,0,0,0,not_converged,-2.726325035095215,-2.7799054446875,0.05358040959228516
ExpertEdit_B0_D2,tau800,327,1,1,0,1,0,not_converged,-8.111599922180176,-8.184920311375004,0.0733203891948282
ExpertEdit_B0_D2,tau800,328,1,1,0,0,0,not_converged,-6.198207855224609,-6.226623234,0.028415378775390465
ExpertEdit_B0_D2,tau800,329,0,1,0,0,0,not_converged,-7.007657527923584,-7.144048147000002,0.13639061907641814
ExpertEdit_B0_D2,tau800,330,1,1,0,1,0,not_converged,-6.575134754180908,-6.58863101,0.013496255819092084
ExpertEdit_B0_D2,tau800,331,1,1,0,0,1,verified,-4.921152114868164,-4.962999632,0.041847517131835765
ExpertEdit_B0_D2,tau800,332,1,1,0,0,0,not_converged,-5.561100959777832,-5.807793345,0.2466923852221683
ExpertEdit_B0_D2,tau800,333,1,1,0,0,0,not_converged,-7.162604331970215,-7.283933336363634,0.1213290043934192
ExpertEdit_B0_D2,tau800,334,1,1,0,0,0,not_converged,-3.4224510192871094,,
ExpertEdit_B0_D2,tau800,335,1,1,0,1,0,not_converged,-6.3979668617248535,-6.446760544101562,0.04879368237670878
ExpertEdit_B0_D2,tau800,336,1,1,0,0,1,verified,-3.6603991985321045,-3.7784580488541675,0.11805885032206298
ExpertEdit_B0_D2,tau800,337,1,1,0,1,0,not_converged,-4.630859851837158,-4.6610906490740724,0.030230797236914242
ExpertEdit_B0_D2,tau800,338,1,1,0,0,0,not_converged,-5.3189826011657715,-5.443290666999999,0.12430806583422793
ExpertEdit_B0_D2,tau800,339,1,1,0,0,0,not_converged,-6.358390808105469,-6.531749023125,0.17335821501953141
ExpertEdit_B0_D2,tau800,340,1,1,0,0,0,not_converged,-4.303544998168945,-4.4885759125,0.18503091433105467
ExpertEdit_B0_D2,tau800,341,1,1,0,1,1,verified,-5.382639408111572,-5.476698801374998,0.09405939326342594
ExpertEdit_B0_D2,tau800,342,1,1,0,0,0,not_converged,-4.579561233520508,-4.894412604660488,0.3148513711399801
ExpertEdit_B0_D2,tau800,343,1,1,0,1,0,not_converged,-7.640572547912598,-7.702896643333333,0.06232409542073558
ExpertEdit_B0_D2,tau800,344,1,1,0,0,0,not_converged,-5.042506217956543,-5.158396759375,0.115890541418457
ExpertEdit_B0_D2,tau800,345,1,1,0,0,0,not_converged,-6.313629150390625,-6.32752468,0.01389552960937479
ExpertEdit_B0_D2,tau800,346,1,1,0,0,0,not_converged,-5.588745594024658,-5.848872917791664,0.26012732376700587
ExpertEdit_B0_D2,tau800,347,1,1,0,0,1,verified,-2.2772984504699707,-2.3028027475,0.02550429703002921
ExpertEdit_B0_D2,tau800,348,1,1,1,1,1,verified,-4.019829750061035,-4.016336547812502,-0.0034932022485332226
ExpertEdit_B0_D2,tau800,349,1,1,0,0,0,not_converged,-5.316006183624268,-5.416102978958333,0.10009679533406501
ExpertEdit_B0_D2,tau800,350,1,1,0,1,0,not_converged,-6.9863104820251465,-7.073015417272727,0.08670493524758083
ExpertEdit_B0_D2,tau800,351,0,0,0,0,0,generation_failure,,,
ExpertEdit_B0_D2,tau800,352,1,1,0,1,1,verified,-3.6913487911224365,-3.745560845,0.05421205387756345
ExpertEdit_B0_D2,tau800,353,1,1,0,0,0,not_converged,-5.728751182556152,-6.004462560625,0.2757113780688476
ExpertEdit_B0_D2,tau800,354,1,1,0,0,1,verified,-4.53021764755249,-4.885664255714286,0.3554466081617962
ExpertEdit_B0_D2,tau800,355,1,1,0,1,1,verified,-4.353311538696289,-4.38895631953125,0.0356447808349607
ExpertEdit_B0_D2,tau800,356,1,1,0,1,1,verified,-3.724247932434082,-3.7503563497500014,0.026108417315919397
ExpertEdit_B0_D2,tau800,357,1,1,0,1,0,not_converged,-6.157543182373047,-6.2040151939213,0.04647201154825353
ExpertEdit_B0_D2,tau800,358,1,1,0,0,0,not_converged,-8.712465286254883,-8.813001928000002,0.10053664174511923
ExpertEdit_B0_D2,tau800,359,1,1,0,0,1,verified,-2.1073856353759766,,
ExpertEdit_B0_D2,tau800,360,1,1,0,0,0,not_converged,-8.303872108459473,-8.456414450833334,0.15254234237386122
ExpertEdit_B0_D2,tau800,361,1,1,0,0,0,not_converged,-6.221056938171387,-6.374543491079999,0.15348655290861224
ExpertEdit_B0_D2,tau800,362,1,1,0,1,0,not_converged,-8.891965866088867,-8.928585654444444,0.03661978835557633
ExpertEdit_B0_D2,tau800,363,1,1,0,0,0,not_converged,-7.270754814147949,-7.26076491,-0.009989904147949424
ExpertEdit_B0_D2,tau800,364,1,1,0,1,0,not_converged,-7.73875617980957,-7.8259403418749995,0.08718416206542923
ExpertEdit_B0_D2,tau800,365,1,1,0,0,0,not_converged,-7.435441970825195,-7.603746021875001,0.16830405104980528
ExpertEdit_B0_D2,tau800,366,1,1,1,1,0,not_converged,-9.987786293029785,-9.844391244722223,-0.14339504830756233
ExpertEdit_B0_D2,tau800,367,0,1,0,0,1,verified,-6.942338943481445,-7.147121729517008,0.20478278603556266
ExpertEdit_B0_D2,tau800,368,1,1,0,1,0,not_converged,-7.267289161682129,-7.2905947565,0.02330559481787109
ExpertEdit_B0_D2,tau800,369,1,1,1,1,0,not_converged,-8.061976432800293,-8.013470406058559,-0.048506026741733876
ExpertEdit_B0_D2,tau800,370,1,1,0,1,0,not_converged,-6.142273902893066,-6.191409585,0.04913568210693331
ExpertEdit_B0_D2,tau800,371,1,1,0,0,1,verified,-4.032536506652832,,
ExpertEdit_B0_D2,tau800,372,1,1,0,0,0,not_converged,-6.261181831359863,-6.5915052257291675,0.33032339436930425
ExpertEdit_B0_D2,tau800,373,1,1,0,1,0,not_converged,-4.921108245849609,-5.01393641909091,0.09282817324130033
ExpertEdit_B0_D2,tau800,374,1,1,0,1,0,not_converged,-6.887856483459473,-6.8892647775,0.001408294040527558
ExpertEdit_B0_D2,tau800,375,1,1,0,0,0,not_converged,-5.98414421081543,-6.244251652378788,0.26010744156335797
ExpertEdit_B0_D2,tau800,376,1,1,0,0,0,not_converged,-6.185296058654785,-6.426387084999999,0.24109102634521395
ExpertEdit_B0_D2,tau800,377,1,1,0,0,1,verified,-3.8803110122680664,-4.2482075667708346,0.36789655450276815
ExpertEdit_B0_D2,tau800,378,0,1,0,0,0,not_converged,-5.544330596923828,-5.659528698511903,0.1151981015880752
ExpertEdit_B0_D2,tau800,379,1,1,0,0,1,verified,-3.0663559436798096,-3.1810739,0.11471795632019033
ExpertEdit_B0_D2,tau800,380,1,1,0,0,0,not_converged,-4.83438777923584,,
ExpertEdit_B0_D2,tau800,381,1,1,0,0,0,not_converged,-7.291328430175781,-7.463248600833333,0.17192017065755216
ExpertEdit_B0_D2,tau800,382,1,1,0,0,0,not_converged,-5.9651408195495605,-6.24037293625,0.27523211670043946
ExpertEdit_B0_D2,tau800,383,1,1,1,1,1,verified,-6.872963905334473,-6.86689797625,-0.006065929084472899
ExpertEdit_B0_D2,tau800,384,0,1,0,0,0,not_converged,-7.319796562194824,-7.472582518249999,0.1527859560551752
ExpertEdit_B0_D2,tau800,385,1,1,0,0,0,not_converged,-6.856785297393799,,
ExpertEdit_B0_D2,tau800,386,1,1,0,1,1,verified,-1.8825242519378662,-1.9639978787499999,0.08147362681213366
ExpertEdit_B0_D2,tau800,387,1,1,0,1,1,verified,-5.254469871520996,-5.295137119464284,0.04066724794328813
ExpertEdit_B0_D2,tau800,388,1,1,0,1,0,not_converged,-7.550700664520264,-7.63836758875,0.08766692422973676
ExpertEdit_B0_D2,tau800,389,1,1,0,1,0,not_converged,-3.568066120147705,-3.5967200025,0.028653882352295046
ExpertEdit_B0_D2,tau800,390,1,1,0,0,1,verified,-7.613002300262451,-7.79202852269229,0.17902622242983846
ExpertEdit_B0_D2,tau800,391,1,1,0,1,0,not_converged,-8.590627670288086,-8.627817990833332,0.03719032054524618
ExpertEdit_B0_D2,tau800,392,1,1,0,0,1,verified,-5.026962757110596,,
ExpertEdit_B0_D2,tau800,393,1,1,0,1,0,not_converged,-6.416368007659912,-6.4539449788541665,0.037576971194254405
ExpertEdit_B0_D2,tau800,394,0,0,0,0,0,generation_failure,,,
ExpertEdit_B0_D2,tau800,395,1,1,0,0,1,verified,-5.441644668579102,-5.60683765421875,0.16519298563964835
ExpertEdit_B0_D2,tau800,396,1,1,0,0,0,not_converged,-6.380194187164307,-6.4121261725,0.03193198533569319
ExpertEdit_B0_D2,tau800,397,1,1,0,1,0,not_converged,-7.06290864944458,-7.0909342075,0.028025558055420063
ExpertEdit_B0_D2,tau800,398,1,1,0,0,0,not_converged,-10.593326568603516,-10.8573587875,0.2640322188964852
ExpertEdit_B0_D2,tau800,399,1,1,0,0,1,verified,-3.481311559677124,-3.8445175317708324,0.3632059720937084
ExpertEdit_B0_D2,tau800,400,1,1,0,0,0,not_converged,-6.075772762298584,-6.381535613333334,0.30576285103474987
ExpertEdit_B0_D2,tau800,401,1,1,0,0,1,verified,-3.401735544204712,-3.65515203546875,0.253416491264038
ExpertEdit_B0_D2,tau800,402,1,1,0,1,0,not_converged,-8.16618537902832,-8.257422462812501,0.09123708378418094
ExpertEdit_B0_D2,tau800,403,1,1,0,1,1,verified,-10.819823265075684,-10.8234458525,0.003622587424317203
ExpertEdit_B0_D2,tau800,404,1,1,0,0,1,verified,-7.7231831550598145,-7.758457392222223,0.035274237162408184
ExpertEdit_B0_D2,tau800,405,1,1,0,0,0,not_converged,-8.311912536621094,-8.418681412142858,0.10676887552176417
ExpertEdit_B0_D2,tau800,406,0,1,0,0,1,verified,-6.474640369415283,-6.619508543999997,0.14486817458471357
ExpertEdit_B0_D2,tau800,407,0,1,0,1,0,not_converged,-5.66760778427124,-5.735540416491224,0.0679326322199838
ExpertEdit_B0_D2,tau800,408,1,1,0,0,0,not_converged,-8.562553405761719,-8.769706787968742,0.20715338220702328
ExpertEdit_B0_D2,tau800,409,1,1,0,1,0,not_converged,-7.953908920288086,-8.041667774000013,0.08775885371192693
ExpertEdit_B0_D2,tau800,410,1,1,0,0,0,not_converged,-6.4715447425842285,-6.5903824748333335,0.11883773224910499
ExpertEdit_B0_D2,tau800,411,1,1,0,1,1,verified,-4.074592590332031,-4.15863041875,0.08403782841796836
ExpertEdit_B0_D2,tau800,412,0,1,0,0,0,not_converged,-4.77225399017334,-6.091361339393945,1.3191073492206051
ExpertEdit_B0_D2,tau800,413,0,1,0,1,0,not_converged,-7.047717571258545,-7.07118010925,0.023462537991455257
ExpertEdit_B0_D2,tau800,414,1,1,0,1,1,verified,-4.932638645172119,-4.98162886625,0.0489902210778812
ExpertEdit_B0_D2,tau800,415,1,1,0,1,1,verified,-5.167844772338867,-5.20334055,0.03549577766113288
ExpertEdit_B0_D2,tau800,416,1,1,0,1,0,not_converged,-6.613037109375,-6.675661131333333,0.06262402195833339
ExpertEdit_B0_D2,tau800,417,1,1,0,1,0,not_converged,-6.298402786254883,-6.3070154264000005,0.008612640145117645
ExpertEdit_B0_D2,tau800,418,1,1,0,1,0,not_converged,-3.8482046127319336,-3.8678257400000002,0.01962112726806664
ExpertEdit_B0_D2,tau800,419,0,0,0,0,0,generation_failure,,,
ExpertEdit_B0_D2,tau800,420,1,1,0,0,1,verified,-5.383922100067139,-5.48895296601852,0.105030865951381
ExpertEdit_B0_D2,tau800,421,1,1,0,0,0,not_converged,-9.284677505493164,-9.432109396666666,0.1474318911735022
ExpertEdit_B0_D2,tau800,422,1,1,0,1,0,not_converged,-7.407358169555664,-7.4657569589803945,0.058398789424730424
ExpertEdit_B0_D2,tau800,423,1,1,0,0,0,not_converged,-6.504302978515625,-6.787190061666667,0.28288708315104216
ExpertEdit_B0_D2,tau800,424,1,1,0,1,1,verified,-2.450230360031128,-2.5003914575,0.05016109746887221
ExpertEdit_B0_D2,tau800,425,1,1,0,0,0,not_converged,-3.313244342803955,-3.2972176,-0.016026742803954885
ExpertEdit_B0_D2,tau800,426,1,1,0,0,0,not_converged,-5.897980690002441,-6.000078808650795,0.10209811864835316
ExpertEdit_B0_D2,tau800,427,1,1,1,1,1,verified,-5.541757106781006,-5.530141087857143,-0.011616018923862548
ExpertEdit_B0_D2,tau800,428,1,1,0,1,1,verified,-4.992151260375977,-4.996930055381944,0.004778795005967673
ExpertEdit_B0_D2,tau800,429,1,1,0,1,1,verified,-5.686041831970215,-5.776935175777778,0.0908933438075632
ExpertEdit_B0_D2,tau800,430,1,1,0,1,0,not_converged,-5.5552449226379395,-5.572251004351852,0.01700608171391238
ExpertEdit_B0_D2,tau800,431,1,1,0,0,0,not_converged,-5.624274253845215,-6.844030326666665,1.2197560728214505
ExpertEdit_B0_D2,tau800,432,1,1,0,0,1,verified,-4.531018257141113,-4.49155244983333,-0.03946580730778315
ExpertEdit_B0_D2,tau800,433,1,1,0,0,1,verified,-6.164538383483887,-6.293599595302753,0.12906121181886654
ExpertEdit_B0_D2,tau800,434,0,1,0,0,0,not_converged,-6.765810966491699,-6.9428080617646994,0.17699709527300023
ExpertEdit_B0_D2,tau800,435,1,1,0,0,0,not_converged,-7.21945333480835,-7.4021100337500005,0.18265669894165093
ExpertEdit_B0_D2,tau800,436,1,1,0,0,0,not_converged,-9.818818092346191,-9.791720543333334,-0.02709754901285777
ExpertEdit_B0_D2,tau800,437,1,1,1,1,1,verified,-3.0919272899627686,-3.091066119722221,-0.0008611702405474375
ExpertEdit_B0_D2,tau800,438,1,1,0,0,0,not_converged,-6.081017017364502,-6.251656806250001,0.1706397888854987
ExpertEdit_B0_D2,tau800,439,1,1,1,1,1,verified,-4.2762651443481445,-4.230986013888891,-0.04527913045925391
ExpertEdit_B0_D2,tau800,440,1,1,0,0,0,not_converged,-7.3383355140686035,-7.440291984583329,0.10195647051472534
ExpertEdit_B0_D2,tau800,441,1,1,0,0,0,not_converged,-7.229133605957031,-7.473559076785713,0.2444254708286815
ExpertEdit_B0_D2,tau800,442,1,1,0,0,0,not_converged,-6.6050944328308105,-6.71070386234375,0.10560942951293928
ExpertEdit_B0_D2,tau800,443,1,1,0,0,0,not_converged,-4.303130149841309,-4.441031711066666,0.13790156122535713
ExpertEdit_B0_D2,tau800,444,1,1,0,0,0,not_converged,-4.059563159942627,-4.05571518,-0.003847979942626978
ExpertEdit_B0_D2,tau800,445,1,1,0,1,0,not_converged,-5.745724201202393,-5.841298413322369,0.09557421211997674
ExpertEdit_B0_D2,tau800,446,1,1,1,1,0,not_converged,-3.887023687362671,-3.869441791458333,-0.01758189590433812
ExpertEdit_B0_D2,tau800,447,0,1,1,1,1,verified,-5.092652797698975,-4.984967777268518,-0.10768502043045647
ExpertEdit_B0_D2,tau800,448,1,1,0,0,0,not_converged,-7.972321033477783,-8.079092086938779,0.1067710534609958
ExpertEdit_B0_D2,tau800,449,1,1,0,1,0,not_converged,-7.209065914154053,-7.2614877075,0.05242179334594699
ExpertEdit_B0_D2,tau800,450,1,1,0,0,1,verified,-4.761089324951172,-4.7679368225,0.006847497548828407
ExpertEdit_B0_D2,tau800,451,1,1,0,1,1,verified,-5.268948078155518,-5.32133803265873,0.052389954503212266
ExpertEdit_B0_D2,tau800,452,1,1,0,0,1,verified,-1.9689656496047974,-2.00559988,0.03663423039520275
ExpertEdit_B0_D2,tau800,453,0,1,0,0,0,not_converged,-6.981913089752197,-7.16645020875,0.18453711899780245
ExpertEdit_B0_D2,tau800,454,1,1,0,0,0,not_converged,-6.142605304718018,-6.2863988775,0.14379357278198235
ExpertEdit_B0_D2,tau800,455,0,1,0,0,0,not_converged,-6.534287452697754,-6.896046239285714,0.3617587865879601
ExpertEdit_B0_D2,tau800,456,1,1,0,0,0,not_converged,-8.148207664489746,-8.356161032314818,0.20795336782507157
ExpertEdit_B0_D2,tau800,457,1,1,0,1,0,not_converged,-3.902238368988037,-3.934791412840911,0.03255304385287383
ExpertEdit_B0_D2,tau800,458,1,1,0,1,1,verified,-3.3048620223999023,-3.336431573125001,0.031569550725098594
ExpertEdit_B0_D2,tau800,459,1,1,0,0,0,not_converged,-3.244675874710083,-3.3835279566666667,0.13885208195658372
ExpertEdit_B0_D2,tau800,460,1,1,0,1,1,verified,-8.366800308227539,-8.462408774,0.09560846577246096
ExpertEdit_B0_D2,tau800,461,1,1,0,0,0,not_converged,-5.7451863288879395,-5.858947303333334,0.11376097444539468
ExpertEdit_B0_D2,tau800,462,1,1,0,0,0,not_converged,-3.618473529815674,-3.795662345,0.1771888151843264
ExpertEdit_B0_D2,tau800,463,1,1,0,0,0,not_converged,-7.511463165283203,-7.832468905555556,0.3210057402723532
ExpertEdit_B0_D2,tau800,464,0,0,0,0,0,generation_failure,,,
ExpertEdit_B0_D2,tau800,465,1,1,0,1,1,verified,-4.841153144836426,-4.891678837282052,0.05052569244562655
ExpertEdit_B0_D2,tau800,466,1,1,0,0,0,not_converged,-6.1925578117370605,-6.366389921785728,0.17383211004866705
ExpertEdit_B0_D2,tau800,467,0,1,0,0,0,not_converged,-3.5365943908691406,-3.8109432977777784,0.2743489069086378
ExpertEdit_B0_D2,tau800,468,1,1,0,1,0,not_converged,-7.669977188110352,-7.725826418541667,0.05584923043131518
ExpertEdit_B0_D2,tau800,469,1,1,0,1,0,not_converged,-5.150232791900635,-5.184373668046875,0.03414087614623984
ExpertEdit_B0_D2,tau800,470,0,0,0,0,0,generation_failure,,,
ExpertEdit_B0_D2,tau800,471,1,1,0,1,1,verified,-4.254296779632568,-4.257636727777777,0.003339948145208993
ExpertEdit_B0_D2,tau800,472,1,1,0,0,0,not_converged,-5.7706298828125,-5.7952186475000005,0.024588764687500486
ExpertEdit_B0_D2,tau800,473,1,1,0,1,1,verified,-3.1394217014312744,-3.1897965708522724,0.050374869420998
ExpertEdit_B0_D2,tau800,474,1,1,0,0,0,not_converged,-7.959335803985596,-8.160132131666666,0.20079632768107025
ExpertEdit_B0_D2,tau800,475,1,1,0,1,0,not_converged,-3.268357276916504,-3.2908807475,0.02252347058349624
ExpertEdit_B0_D2,tau800,476,1,1,0,1,0,not_converged,-6.361354351043701,-6.3858088968333355,0.024454545789634352
ExpertEdit_B0_D2,tau800,477,1,1,0,0,0,not_converged,-5.44581413269043,-5.633232337605364,0.187418204914934
ExpertEdit_B0_D2,tau800,478,1,1,0,0,0,not_converged,-5.753818035125732,-5.966823779777783,0.21300574465205102
ExpertEdit_B0_D2,tau800,479,1,1,1,1,0,not_converged,-5.511529922485352,-5.453567671249994,-0.0579622512353577
ExpertEdit_B0_D2,tau800,480,1,1,0,1,0,not_converged,-6.360416889190674,-6.40845135,0.04803446080932616
ExpertEdit_B0_D2,tau800,481,1,1,1,1,0,not_converged,-7.873867988586426,-7.840069253749998,-0.033798734836428146
ExpertEdit_B0_D2,tau800,482,1,1,0,0,0,not_converged,-8.413431167602539,-8.566373946500002,0.15294277889746333
ExpertEdit_B0_D2,tau800,483,1,1,0,0,0,not_converged,-8.185700416564941,-8.33067552250001,0.14497510593506924
ExpertEdit_B0_D2,tau800,484,1,1,0,0,0,not_converged,-3.5819942951202393,-3.640387075125,0.05839278000476078
ExpertEdit_B0_D2,tau800,485,0,1,0,0,0,not_converged,-7.318434715270996,-7.438309159500001,0.11987444422900495
ExpertEdit_B0_D2,tau800,486,0,1,0,0,0,not_converged,-5.990755558013916,-5.987368683333333,-0.003386874680582963
ExpertEdit_B0_D2,tau800,487,1,1,0,0,0,not_converged,-8.332072257995605,-8.441607665500001,0.10953540750439572
ExpertEdit_B0_D2,tau800,488,1,1,0,1,0,not_converged,-1.7944415807724,-1.81458719,0.020145609227600003
ExpertEdit_B0_D2,tau800,489,1,1,1,1,0,not_converged,-5.203305721282959,-5.182306179999999,-0.020999541282959555
ExpertEdit_B0_D2,tau800,490,1,1,0,0,0,not_converged,-6.006301403045654,-6.140405388333333,0.13410398528767864
ExpertEdit_B0_D2,tau800,491,0,1,0,0,0,not_converged,-7.838379859924316,-7.95283244158334,0.11445258165902317
ExpertEdit_B0_D2,tau800,492,1,1,0,0,0,not_converged,-7.115802764892578,-7.366108416666662,0.2503056517740836
ExpertEdit_B0_D2,tau800,493,1,1,0,0,1,verified,-6.562674522399902,-6.675795845069443,0.11312132266954045
ExpertEdit_B0_D2,tau800,494,1,1,0,0,0,not_converged,-6.630116939544678,-6.752732359625,0.12261542008032222
ExpertEdit_B0_D2,tau800,495,1,1,0,1,0,not_converged,-8.368468284606934,-8.445496715865385,0.07702843125845149
ExpertEdit_B0_D2,tau800,496,1,1,0,0,0,not_converged,-8.452338218688965,-8.799084292000003,0.34674607331103857
ExpertEdit_B0_D2,tau800,497,1,1,0,1,0,not_converged,-6.229702472686768,-6.265854163640623,0.03615169095385529
ExpertEdit_B0_D2,tau800,498,1,1,0,0,0,not_converged,-8.861481666564941,-9.113073129166667,0.25159146260172527
ExpertEdit_B0_D2,tau800,499,1,1,0,1,0,not_converged,-1.3240883350372314,-1.3605156349999998,0.03642729996276839
ExpertEdit_B0_D2,tau800,500,1,1,0,0,0,not_converged,-3.2202515602111816,-3.2581879712500004,0.03793641103881873
ExpertEdit_B0_D2,tau800,501,1,1,0,0,0,not_converged,-7.141289234161377,-7.274399870625004,0.13311063646362697
ExpertEdit_B0_D2,tau800,502,1,1,1,1,1,verified,-3.7482686042785645,-3.733119167333333,-0.015149436945231631
ExpertEdit_B0_D2,tau800,503,1,1,0,0,0,not_converged,-8.165162086486816,-8.380222386835644,0.21506030034882784
ExpertEdit_B0_D2,tau800,504,1,1,0,0,0,not_converged,-6.0533061027526855,-6.321931073571428,0.2686249708187427
ExpertEdit_B0_D2,tau800,505,1,1,0,0,0,not_converged,-6.02025032043457,-6.1209733422222214,0.10072302178765113
ExpertEdit_B0_D2,tau800,506,1,1,0,1,0,not_converged,-5.957302093505859,-6.0073073536538475,0.05000526014798812
ExpertEdit_B0_D2,tau800,507,1,1,0,0,0,not_converged,-5.104250907897949,-5.120989921666667,0.016739013768718003
ExpertEdit_B0_D2,tau800,508,1,1,0,0,0,not_converged,-5.903940200805664,-5.97049048125,0.06655028044433564
ExpertEdit_B0_D2,tau800,509,0,1,0,1,1,verified,-5.907698631286621,-5.963047953482141,0.05534932219551969
ExpertEdit_B0_D2,tau800,510,0,1,0,1,0,not_converged,-6.020608901977539,-6.112085032805556,0.09147613082801698
ExpertEdit_B0_D2,tau800,511,1,1,0,1,1,verified,-7.678188323974609,-7.744531859375,0.06634353540039051
ExpertEdit_B0_D2,tau800,512,0,1,0,1,1,verified,-6.06850004196167,-6.069127939166666,0.0006278972049962306
ExpertEdit_B0_D2,tau800,513,1,1,0,0,1,verified,-5.406493186950684,-5.5535936321875,0.1471004452368163
ExpertEdit_B0_D2,tau800,514,1,1,0,0,0,not_converged,-5.521533966064453,-5.7685055025,0.24697153643554692
ExpertEdit_B0_D2,tau800,515,1,1,0,0,0,not_converged,-6.904557228088379,-7.131432083469386,0.22687485538100738
ExpertEdit_B0_D2,tau800,516,1,1,0,1,1,verified,-4.811742782592773,-4.874577810797101,0.06283502820432751
ExpertEdit_B0_D2,tau800,517,0,1,0,1,0,not_converged,-8.355544090270996,-8.430237784180548,0.07469369390955194
ExpertEdit_B0_D2,tau800,518,1,1,0,0,0,not_converged,-6.1714630126953125,-6.32724859,0.15578557730468745
ExpertEdit_B0_D2,tau800,519,1,1,0,0,1,verified,-7.077485084533691,-7.463248600833333,0.385763516299642
ExpertEdit_B0_D2,tau800,520,1,1,0,0,1,verified,-6.704058647155762,-6.849193782499998,0.14513513534423605
ExpertEdit_B0_D2,tau800,521,1,1,0,0,0,not_converged,-6.427305221557617,-6.441000308333333,0.013695086775715737
ExpertEdit_B0_D2,tau800,522,1,1,0,0,1,verified,-3.7282252311706543,-3.8414387829761907,0.11321355180553638
ExpertEdit_B0_D2,tau800,523,1,1,0,1,0,not_converged,-8.634835243225098,-8.718612457833338,0.08377721460824006
ExpertEdit_B0_D2,tau800,524,1,1,1,1,0,not_converged,-5.522614002227783,-5.511338759642857,-0.011275242584925849
ExpertEdit_B0_D2,tau800,525,1,1,0,0,1,verified,-3.3149220943450928,-6.595725783690476,3.280803689345383
ExpertEdit_B0_D2,tau800,526,1,1,1,1,1,verified,-5.2044172286987305,-5.182306179999999,-0.02211104869873104
ExpertEdit_B0_D2,tau800,527,1,1,1,1,0,not_converged,-4.7082037925720215,-4.641573311111113,-0.06663048146090844
ExpertEdit_B0_D2,tau800,528,1,1,0,0,0,not_converged,-6.300224781036377,-6.308745976428566,0.008521195392188652
ExpertEdit_B0_D2,tau800,529,1,1,1,1,0,not_converged,-2.917172431945801,-2.8910942266666666,-0.02607820527913418
ExpertEdit_B0_D2,tau800,530,1,1,0,0,0,not_converged,-3.615544080734253,-6.1209733422222214,2.5054292614879685
ExpertEdit_B0_D2,tau800,531,1,1,0,1,1,verified,-3.9841537475585938,-4.060792923,0.07663917544140642
ExpertEdit_B0_D2,tau800,532,0,1,0,0,0,not_converged,-8.135650634765625,-8.299187171470596,0.16353653670497081
ExpertEdit_B0_D2,tau800,533,1,1,0,0,0,not_converged,-7.502044677734375,-7.610649461428571,0.10860478369419635
ExpertEdit_B0_D2,tau800,534,1,1,0,1,1,verified,-2.7721011638641357,-2.7844803107499985,0.012379146885862724
ExpertEdit_B0_D2,tau800,535,1,1,0,1,0,not_converged,-4.299555778503418,-4.35474680975,0.05519103124658198
ExpertEdit_B0_D2,tau800,536,1,1,0,1,1,verified,-7.3862996101379395,-7.486074154999999,0.0997745448620595
ExpertEdit_B0_D2,tau800,537,1,1,0,1,0,not_converged,-6.874795436859131,-6.956924663500001,0.08212922664086975
ExpertEdit_B0_D2,tau800,538,0,1,1,1,1,verified,-3.9675283432006836,-3.8169818549999963,-0.15054648820068728
ExpertEdit_B0_D2,tau800,539,0,1,0,1,1,verified,-5.958147048950195,-5.990063168333334,0.031916119383138764
ExpertEdit_B0_D2,tau800,540,1,1,0,0,0,not_converged,-4.339099884033203,-4.822480633362069,0.483380749328866
ExpertEdit_B0_D2,tau800,541,1,1,0,1,0,not_converged,-3.306259870529175,-3.344931825833333,0.038671955304158345
ExpertEdit_B0_D2,tau800,542,1,1,0,1,1,verified,-3.146967649459839,-3.21176262125,0.06479497179016125
ExpertEdit_B0_D2,tau800,543,1,1,0,0,0,not_converged,-5.584715843200684,-5.867925685555556,0.28320984235487234
ExpertEdit_B0_D2,tau800,544,0,1,0,0,1,verified,-3.033907890319824,-3.134796051494253,0.10088816117442878
ExpertEdit_B0_D2,tau800,545,1,1,0,1,0,not_converged,-5.200779914855957,-5.232126961999998,0.03134704714404091
ExpertEdit_B0_D2,tau800,546,1,1,0,0,0,not_converged,-7.310427188873291,-7.440291984583329,0.12986479571003784
ExpertEdit_B0_D2,tau800,547,1,1,0,1,0,not_converged,-5.333348274230957,-5.417338445,0.08399017076904336
ExpertEdit_B0_D2,tau800,548,1,1,0,1,1,verified,-4.9569220542907715,-5.026056615,0.06913456070922841
ExpertEdit_B0_D2,tau800,549,1,1,0,0,1,verified,-4.6402974128723145,-4.7867108075,0.146413394627686
ExpertEdit_B0_D2,tau800,550,1,1,0,0,0,not_converged,-4.431802272796631,-4.434936616666667,0.0031343438700357495
ExpertEdit_B0_D2,tau800,551,0,1,0,1,0,not_converged,-8.309514999389648,-8.409315963974366,0.09980096458471799
ExpertEdit_B0_D2,tau800,552,1,1,0,1,1,verified,-6.352246284484863,-6.395818074999999,0.043571790515136044
ExpertEdit_B0_D2,tau800,553,1,1,0,1,1,verified,-7.919770240783691,-7.99947954884058,0.0797093080568887
ExpertEdit_B0_D2,tau800,554,1,1,0,1,0,not_converged,-3.215301275253296,-3.3051274425,0.089826167246704
ExpertEdit_B0_D2,tau800,555,1,1,0,1,1,verified,-5.676713943481445,-5.76129931796875,0.08458537448730485
ExpertEdit_B0_D2,tau800,556,1,1,0,1,0,not_converged,-4.06358528137207,-4.078556233362069,0.01497095198999876
ExpertEdit_B0_D2,tau800,557,1,1,0,0,0,not_converged,-4.482583522796631,-4.856504486666666,0.37392096387003537
ExpertEdit_B0_D2,tau800,558,1,1,0,0,1,verified,-5.920290946960449,-6.062922377843134,0.14263143088268482
ExpertEdit_B0_D2,tau800,559,1,1,0,0,0,not_converged,-8.169543266296387,-8.271957885541669,0.10241461924528217
ExpertEdit_B0_D2,tau800,560,1,1,0,1,0,not_converged,-5.164299011230469,-5.219441670624999,0.055142659394530114
ExpertEdit_B0_D2,tau800,561,1,1,0,0,0,not_converged,-7.112092971801758,-7.360338014583332,0.24824504278157455
ExpertEdit_B0_D2,tau800,562,1,1,0,1,0,not_converged,-6.967554092407227,-6.998467425958331,0.03091333355110404
ExpertEdit_B0_D2,tau800,563,0,1,0,0,0,not_converged,-5.487213134765625,-5.746246750681818,0.2590336159161932
ExpertEdit_B0_D2,tau800,564,1,1,0,1,0,not_converged,-8.329682350158691,-8.380616457222251,0.05093410706355961
ExpertEdit_B0_D2,tau800,565,1,1,0,1,1,verified,-6.930496692657471,-6.9844244628125,0.053927770155029364
ExpertEdit_B0_D2,tau800,566,1,1,0,1,0,not_converged,-4.837551593780518,-4.84617572277778,0.008624128997262837
ExpertEdit_B0_D2,tau800,567,1,1,0,0,1,verified,-6.844797134399414,-6.977218462222222,0.1324213278228079
ExpertEdit_B0_D2,tau800,568,0,0,0,0,0,generation_failure,,,
ExpertEdit_B0_D2,tau800,569,1,1,0,0,1,verified,-5.9311347007751465,-6.21799675625,0.28686205547485333
ExpertEdit_B0_D2,tau800,570,1,1,0,1,0,not_converged,-6.47993803024292,-6.536831063,0.05689303275708024
ExpertEdit_B0_D2,tau800,571,1,1,0,1,0,not_converged,-5.989658832550049,-6.055091405,0.06543257244995093
ExpertEdit_B0_D2,tau800,572,1,1,0,1,0,not_converged,-5.85732364654541,-5.894236688333334,0.03691304178792354
ExpertEdit_B0_D2,tau800,573,1,1,0,0,1,verified,-8.743260383605957,-8.860979771071428,0.1177193874654705
ExpertEdit_B0_D2,tau800,574,1,1,0,0,0,not_converged,-9.120518684387207,-9.130724048000001,0.010205363612794116
ExpertEdit_B0_D2,tau800,575,1,1,0,1,0,not_converged,-9.62608528137207,-9.64368324390625,0.01759796253417889
ExpertEdit_B0_D2,tau800,576,1,1,0,1,0,not_converged,-7.893371105194092,-7.9463406372500005,0.05296953205590871
ExpertEdit_B0_D2,tau800,577,1,1,0,0,1,verified,-7.729013919830322,-7.898664346666666,0.1696504268363439
ExpertEdit_B0_D2,tau800,578,0,1,0,0,1,verified,-7.523022174835205,-7.904137801011904,0.38111562617669925
ExpertEdit_B0_D2,tau800,579,1,1,0,0,0,not_converged,-4.3968000411987305,-4.5974441825,0.20064414130126984
ExpertEdit_B0_D2,tau800,580,1,1,0,1,1,verified,-4.197046279907227,-4.272866928125,0.07582064821777301
ExpertEdit_B0_D2,tau800,581,1,1,0,0,0,not_converged,-5.06136417388916,-5.185017391111113,0.12365321722195244
ExpertEdit_B0_D2,tau800,582,1,1,0,0,0,not_converged,-8.101633071899414,-8.296152071761648,0.1945189998622343
ExpertEdit_B0_D2,tau800,583,1,1,0,0,0,not_converged,-7.300099849700928,-7.458291330000001,0.15819148029907293
ExpertEdit_B0_D2,tau800,584,0,1,0,0,0,not_converged,-6.954451560974121,-7.174230668947368,0.21977910797324718
ExpertEdit_B0_D2,tau800,585,1,1,0,0,1,verified,-8.09229850769043,-8.19349129625,0.1011927885595707
ExpertEdit_B0_D2,tau800,586,1,1,0,0,1,verified,-7.832373142242432,-7.941595019763888,0.10922187752145618
ExpertEdit_B0_D2,tau800,587,1,1,0,0,1,verified,-8.906769752502441,-9.076747898350009,0.16997814584756732
ExpertEdit_B0_D2,tau800,588,1,1,0,1,0,not_converged,-3.8966622352600098,-3.940254005833328,0.0435917705733182
ExpertEdit_B0_D2,tau800,589,1,1,0,0,0,not_converged,-7.788656711578369,-7.931246645416669,0.1425899338383001
ExpertEdit_B0_D2,tau800,590,1,1,0,0,1,verified,-5.904617786407471,-6.075083163750001,0.17046537734253064
ExpertEdit_B0_D2,tau800,591,0,1,0,0,0,not_converged,-6.709219932556152,-6.8908339850875,0.18161405253134788
ExpertEdit_B0_D2,tau800,592,0,1,0,0,0,not_converged,-6.361831188201904,-6.488100046428571,0.1262688582266671
ExpertEdit_B0_D2,tau800,593,1,1,0,0,0,not_converged,-7.404725551605225,-7.644372546564039,0.23964699495881447
ExpertEdit_B0_D2,tau800,594,1,1,0,1,1,verified,-5.062035083770752,-5.137322595390621,0.07528751161986946
ExpertEdit_B0_D2,tau800,595,1,1,0,1,1,verified,-3.7306253910064697,-3.8109214989166658,0.08029610791019604
ExpertEdit_B0_D2,tau800,596,1,1,0,1,0,not_converged,-6.3267741203308105,-6.385504746666666,0.058730626335855796
ExpertEdit_B0_D2,tau800,597,1,1,0,0,0,not_converged,-5.435060501098633,-5.647885306666667,0.21282480556803396
ExpertEdit_B0_D2,tau800,598,1,1,0,1,1,verified,-4.1227216720581055,-4.171417369375,0.04869569731689438
ExpertEdit_B0_D2,tau800,599,1,1,0,0,1,verified,-6.922050952911377,-7.0417229487916675,0.11967199588029054
ExpertEdit_B0_D2,tau800,600,1,1,0,0,0,not_converged,-8.38482666015625,-8.616930196354147,0.23210353619789714
ExpertEdit_B0_D2,tau800,601,1,1,0,0,0,not_converged,-6.229404449462891,-6.7198361735714345,0.49043172410854385
ExpertEdit_B0_D2,tau800,602,1,1,0,0,0,not_converged,-5.382747650146484,-5.603360449083334,0.22061279893685004
ExpertEdit_B0_D2,tau800,603,1,1,0,0,0,not_converged,-7.053083896636963,-7.231503501249999,0.17841960461303596
ExpertEdit_B0_D2,tau800,604,1,1,0,0,0,not_converged,-8.331632614135742,-8.567752844413793,0.2361202302780505
ExpertEdit_B0_D2,tau800,605,1,1,0,0,0,not_converged,-6.293733596801758,-6.532762696923074,0.23902910012131606
ExpertEdit_B0_D2,tau800,606,1,1,0,0,0,not_converged,-7.584657192230225,-8.254909004166667,0.670251811936442
ExpertEdit_B0_D2,tau800,607,1,1,0,0,0,not_converged,-4.154458522796631,,
ExpertEdit_B0_D2,tau800,608,1,1,0,0,0,not_converged,-8.273345947265625,-8.381697039583335,0.10835109231770979
ExpertEdit_B0_D2,tau800,609,1,1,0,0,0,not_converged,-6.474853992462158,-6.8928177428125,0.41796375035034217
ExpertEdit_B0_D2,tau800,610,1,1,0,0,0,not_converged,-8.29356575012207,-8.31294434,0.019378589877929286
ExpertEdit_B0_D2,tau800,611,1,1,0,1,1,verified,-3.850409507751465,-3.878981410000002,0.028571902248537118
ExpertEdit_B0_D2,tau800,612,1,1,0,0,0,not_converged,-4.945887088775635,-5.094008341999999,0.14812125322436387
ExpertEdit_B0_D2,tau800,613,1,1,0,0,0,not_converged,-6.665822982788086,-6.9800357155,0.31421273271191374
ExpertEdit_B0_D2,tau800,614,1,1,0,0,0,not_converged,-2.750868797302246,,
ExpertEdit_B0_D2,tau800,615,1,1,1,1,1,verified,-5.308170318603516,-5.28278373,-0.025386588603515392
ExpertEdit_B0_D2,tau800,616,1,1,0,1,1,verified,-3.889449119567871,-3.9262666141666664,0.03681749459879535
ExpertEdit_B0_D2,tau800,617,1,1,1,1,1,verified,-6.9333720207214355,-6.814666827499999,-0.11870519322143647
ExpertEdit_B0_D2,tau800,618,1,1,0,1,1,verified,-6.815351963043213,-6.854147907142856,0.038795944099643265
ExpertEdit_B0_D2,tau800,619,1,1,0,1,0,not_converged,-4.695173740386963,-4.790574097530303,0.09540035714334039
ExpertEdit_B0_D2,tau800,620,1,1,0,1,0,not_converged,-2.8091306686401367,-2.8438955515948283,0.0347648829546916
ExpertEdit_B0_D2,tau800,621,1,1,1,1,1,verified,-3.042065143585205,-3.039236250269841,-0.002828893315363956
ExpertEdit_B0_D2,tau800,622,1,1,0,0,1,verified,-6.439452648162842,-6.555785223571426,0.11633257540858377
ExpertEdit_B0_D2,tau800,623,0,1,0,1,1,verified,-4.236144065856934,-4.2769381272222216,0.04079406136528796
ExpertEdit_B0_D2,tau800,624,1,1,0,1,0,not_converged,-6.837457180023193,-6.934263380833335,0.0968062008101418
ExpertEdit_B0_D2,tau800,625,1,1,0,1,0,not_converged,-9.081133842468262,-9.166623443333334,0.08548960086507229
ExpertEdit_B0_D2,tau800,626,0,1,0,1,1,verified,-3.309298515319824,-3.340783218645833,0.031484703326008834
ExpertEdit_B0_D2,tau800,627,1,1,0,0,0,not_converged,-4.781522274017334,-5.0370138577777785,0.25549158376044456
ExpertEdit_B0_D2,tau800,628,1,1,0,0,0,not_converged,-3.9786317348480225,,
ExpertEdit_B0_D2,tau800,629,1,1,0,1,1,verified,-7.504594802856445,-7.59869000259375,0.09409519973730429
ExpertEdit_B0_D2,tau800,630,1,1,0,0,0,not_converged,-8.134895324707031,,
ExpertEdit_B0_D2,tau800,631,0,1,0,0,1,verified,-3.8675620555877686,-3.8578771125,-0.00968494308776835
ExpertEdit_B0_D2,tau800,632,1,1,0,0,0,not_converged,-7.264615058898926,-7.290978368999999,0.026363310101073623
ExpertEdit_B0_D2,tau800,633,0,1,0,0,0,not_converged,-8.030981063842773,-8.217829233173074,0.18684816933030035
ExpertEdit_B0_D2,tau800,634,1,1,0,1,1,verified,-8.066976547241211,-8.099678662354178,0.03270211511296672
ExpertEdit_B0_D2,tau800,635,1,1,0,0,1,verified,-3.0935065746307373,-3.4289641216666666,0.33545754703592934
ExpertEdit_B0_D2,tau800,636,1,1,0,1,0,not_converged,-7.052795886993408,-7.110636203593749,0.05784031660034117
ExpertEdit_B0_D2,tau800,637,0,0,0,0,0,generation_failure,,,
ExpertEdit_B0_D2,tau800,638,1,1,0,1,1,verified,-4.954222679138184,-5.018267591000001,0.06404491186181716
ExpertEdit_B0_D2,tau800,639,1,1,0,0,1,verified,-3.2014729976654053,-3.2128957719999995,0.011422774334594266
ExpertEdit_B0_D2,tau800,640,1,1,0,1,0,not_converged,-8.58293342590332,-8.625241947500001,0.04230852159668075
ExpertEdit_B0_D2,tau800,641,1,1,0,0,0,not_converged,-4.391171455383301,-4.518596746785716,0.12742529140241565
ExpertEdit_B0_D2,tau800,642,0,1,0,0,0,not_converged,-5.6288018226623535,-5.785255833964286,0.15645401130193282
ExpertEdit_B0_D2,tau800,643,1,1,0,0,0,not_converged,-1.908268690109253,-1.9412918889473683,0.03302319883811533
ExpertEdit_B0_D2,tau800,644,1,1,0,0,0,not_converged,-8.375595092773438,-8.7441595753125,0.36856448253906215
ExpertEdit_B0_D2,tau800,645,0,1,0,0,1,verified,-3.7947843074798584,-4.117912353333335,0.3231280458534762
ExpertEdit_B0_D2,tau800,646,1,1,0,1,1,verified,-4.073792457580566,-4.1451110525,0.07131859491943349
ExpertEdit_B0_D2,tau800,647,1,1,0,0,0,not_converged,-3.798711061477661,-3.943475848089081,0.1447647866114199
ExpertEdit_B0_D2,tau800,648,1,1,0,1,0,not_converged,-6.695945739746094,-6.777828643611112,0.08188290386501862
ExpertEdit_B0_D2,tau800,649,1,1,0,0,1,verified,-6.613708972930908,-6.8069309675,0.1932219945690914
ExpertEdit_B0_D2,tau800,650,0,1,0,0,1,verified,-4.47576379776001,-4.8071164225,0.3313526247399903
ExpertEdit_B0_D2,tau800,651,1,1,0,0,0,not_converged,-7.093951225280762,-7.2420316029999965,0.14808037771923477
ExpertEdit_B0_D2,tau800,652,1,1,0,1,0,not_converged,-4.470012664794922,-4.489138247901787,0.019125583106864852
ExpertEdit_B0_D2,tau800,653,1,1,0,0,1,verified,-5.824826717376709,-5.942038990000001,0.11721227262329226
ExpertEdit_B0_D2,tau800,654,1,1,0,0,0,not_converged,-7.694804668426514,-7.80430871946875,0.10950405104223648
ExpertEdit_B0_D2,tau800,655,1,1,0,0,0,not_converged,-7.665842056274414,-7.71596877875,0.050126722475585694
ExpertEdit_B0_D2,tau800,656,1,1,0,0,1,verified,-7.1628804206848145,-7.576344552857143,0.41346413217232847
ExpertEdit_B0_D2,tau800,657,1,1,0,0,0,not_converged,-6.61277961730957,-6.7247548070892895,0.11197518977971921
ExpertEdit_B0_D2,tau800,658,1,1,0,0,1,verified,-7.646440505981445,-7.847256631959379,0.20081612597793352
ExpertEdit_B0_D2,tau800,659,1,1,0,1,1,verified,-2.4213876724243164,-2.5140636025000003,0.09267593007568387
ExpertEdit_B0_D2,tau800,660,1,1,0,0,0,not_converged,-4.056259632110596,-8.076085841892853,4.0198262097822575
ExpertEdit_B0_D2,tau800,661,1,1,0,0,0,not_converged,-7.0045976638793945,-7.168872619000002,0.1642749551206073
ExpertEdit_B0_D2,tau800,662,1,1,0,0,1,verified,-7.146661281585693,-7.5118813395,0.365220057914307
ExpertEdit_B0_D2,tau800,663,1,1,0,0,0,not_converged,-8.077863693237305,-8.2644569396875,0.1865932464501956
ExpertEdit_B0_D2,tau800,664,1,1,0,0,0,not_converged,-3.0415749549865723,,
ExpertEdit_B0_D2,tau800,665,0,1,0,0,0,not_converged,-6.236169815063477,-6.265704854,0.029535038936523428
ExpertEdit_B0_D2,tau800,666,1,1,0,1,0,not_converged,-8.694168090820312,-8.702747815555556,0.008579724735243488
ExpertEdit_B0_D2,tau800,667,1,1,0,0,1,verified,-3.946948528289795,-4.125440847395833,0.1784923191060379
ExpertEdit_B0_D2,tau800,668,1,1,0,0,0,not_converged,-4.161757469177246,-4.470746124444444,0.3089886552671981
ExpertEdit_B0_D2,tau800,669,1,1,0,0,1,verified,-4.071901321411133,-6.6621268041666655,2.5902254827555327
ExpertEdit_B0_D2,tau800,670,1,1,0,1,0,not_converged,-6.713695526123047,-6.765227836375001,0.05153231025195382
ExpertEdit_B0_D2,tau800,671,1,1,0,0,0,not_converged,-7.271571159362793,-7.443452225374998,0.17188106601220543
ExpertEdit_B0_D2,tau800,672,0,1,0,0,0,not_converged,-5.341949939727783,-5.521868224097222,0.1799182843694389
ExpertEdit_B0_D2,tau800,673,1,1,0,0,0,not_converged,-5.2654829025268555,-5.39619175625,0.1307088537231449
ExpertEdit_B0_D2,tau800,674,1,1,0,0,0,not_converged,-7.101539611816406,-7.240865731547606,0.13932611973119968
ExpertEdit_B0_D2,tau800,675,1,1,0,0,0,not_converged,-4.658055305480957,-4.807592882869896,0.1495375773889389
ExpertEdit_B0_D2,tau800,676,1,1,0,0,0,not_converged,-7.833672046661377,-7.950022721388889,0.11635067472751182
ExpertEdit_B0_D2,tau800,677,1,1,0,1,0,not_converged,-5.502493858337402,-5.574598848888892,0.07210499055148922
ExpertEdit_B0_D2,tau800,678,1,1,0,0,1,verified,-5.832319259643555,-6.0105781128316345,0.17825885318807977
ExpertEdit_B0_D2,tau800,679,1,1,0,1,0,not_converged,-4.626810550689697,-4.645062652783783,0.018252102094085565
ExpertEdit_B0_D2,tau800,680,1,1,0,0,0,not_converged,-7.347490310668945,-7.73580783,0.3883175193310544
ExpertEdit_B0_D2,tau800,681,1,1,0,0,0,not_converged,-6.296142578125,-6.442499237692307,0.14635665956730737
ExpertEdit_B0_D2,tau800,682,1,1,0,0,0,not_converged,-7.521247386932373,-7.677512827749999,0.15626544081762628
ExpertEdit_B0_D2,tau800,683,1,1,0,1,0,not_converged,-5.640431880950928,-5.7153636783333335,0.07493179738240574
ExpertEdit_B0_D2,tau800,684,1,1,1,1,1,verified,-6.717662334442139,-6.620050240833334,-0.09761209360880496
ExpertEdit_B0_D2,tau800,685,1,1,0,1,1,verified,-4.963714599609375,-5.0402639921875,0.07654939257812465
ExpertEdit_B0_D2,tau800,686,1,1,0,0,0,not_converged,-6.516547679901123,-6.632185537392859,0.11563785749173583
ExpertEdit_B0_D2,tau800,687,1,1,0,1,0,not_converged,-8.15427017211914,-8.233708902777778,0.07943873065863727
ExpertEdit_B0_D2,tau800,688,1,1,0,1,1,verified,-2.4132590293884277,-2.4936662025000005,0.08040717311157275
ExpertEdit_B0_D2,tau800,689,0,1,0,1,0,not_converged,-6.295519828796387,-6.3002516555102,0.004731826713813447
ExpertEdit_B0_D2,tau800,690,1,1,0,0,0,not_converged,-4.496145725250244,,
ExpertEdit_B0_D2,tau800,691,1,1,0,0,0,not_converged,-4.820529460906982,-4.787270853333333,-0.03325860757364918
ExpertEdit_B0_D2,tau800,692,1,1,1,1,1,verified,-6.2025532722473145,-6.17405111666667,-0.02850215558064484
ExpertEdit_B0_D2,tau800,693,1,1,0,0,0,not_converged,-6.144118309020996,-6.4184782624074,0.27435995338640407
ExpertEdit_B0_D2,tau800,694,1,1,0,1,1,verified,-4.903341770172119,-4.934960862916669,0.03161909274454988
ExpertEdit_B0_D2,tau800,695,1,1,0,0,0,not_converged,-4.672725677490234,-4.812299475,0.13957379750976528
ExpertEdit_B0_D2,tau800,696,1,1,0,0,1,verified,-3.2100915908813477,-3.1968489839999985,-0.01324260688134915
ExpertEdit_B0_D2,tau800,697,1,1,0,1,0,not_converged,-6.239769458770752,-6.26341539,0.02364593122924763
ExpertEdit_B0_D2,tau800,698,1,1,0,1,1,verified,-8.088312149047852,-8.10818995285713,0.01987780380927795
ExpertEdit_B0_D2,tau800,699,1,1,0,1,1,verified,-6.8610382080078125,-6.95063766,0.08959945199218744
ExpertEdit_B0_D2,tau800,700,1,1,0,0,0,not_converged,-6.304749965667725,-6.512159472222223,0.20740950655449808
ExpertEdit_B0_D2,tau800,701,1,1,0,1,1,verified,-1.2578946352005005,-1.3200470271684348,0.06215239196793432
ExpertEdit_B0_D2,tau800,702,1,1,1,1,1,verified,-6.3322553634643555,-6.28886659,-0.04338877346435588
ExpertEdit_B0_D2,tau800,703,0,1,1,1,1,verified,-6.904306888580322,-6.891417424285714,-0.012889464294608466
ExpertEdit_B0_D2,tau800,704,1,1,0,1,0,not_converged,-8.421834945678711,-8.51688622213451,0.09505127645579847
ExpertEdit_B0_D2,tau800,705,1,1,0,0,1,verified,-5.087012767791748,-5.233241557916665,0.1462287901249173
ExpertEdit_B0_D2,tau800,706,1,1,0,0,0,not_converged,-7.202352523803711,-7.342743946375009,0.1403914225712981
ExpertEdit_B0_D2,tau800,707,1,1,1,1,1,verified,-4.798593521118164,-4.7680858299999995,-0.030507691118164537
ExpertEdit_B0_D2,tau800,708,1,1,0,1,0,not_converged,-6.94325065612793,-6.971894294761912,0.028643638633981894
ExpertEdit_B0_D2,tau800,709,0,1,0,0,0,not_converged,-6.991133213043213,-7.098623117619049,0.10748990457583574
ExpertEdit_B0_D2,tau800,710,1,1,0,0,0,not_converged,-7.000147819519043,-7.342082446388888,0.3419346268698451
ExpertEdit_B0_D2,tau800,711,1,1,0,0,0,not_converged,-7.624105930328369,-7.74208865875,0.11798272842163104
ExpertEdit_B0_D2,tau800,712,1,1,0,0,1,verified,-5.445769309997559,-5.551665437777777,0.10589612778021884
ExpertEdit_B0_D2,tau800,713,1,1,0,0,0,not_converged,-7.35833740234375,-7.49526839575,0.13693099340625015
ExpertEdit_B0_D2,tau800,714,1,1,0,1,0,not_converged,-3.879258871078491,-3.9130018430000004,0.03374297192150921
ExpertEdit_B0_D2,tau800,715,0,1,0,0,0,not_converged,-5.596159934997559,-5.719087657083333,0.12292772208577407
ExpertEdit_B0_D2,tau800,716,1,1,0,0,0,not_converged,-7.668019771575928,-7.737812645333337,0.06979287375740917
ExpertEdit_B0_D2,tau800,717,1,1,0,1,1,verified,-6.487870693206787,-6.5044673237857165,0.01659663057892935
ExpertEdit_B0_D2,tau800,718,1,1,0,0,0,not_converged,-9.550780296325684,-9.996184573500003,0.44540427717431896
ExpertEdit_B0_D2,tau800,719,0,0,0,0,0,generation_failure,,,
ExpertEdit_B0_D2,tau800,720,0,1,0,1,0,not_converged,-9.213333129882812,-9.24237755570988,0.02904442582706679
ExpertEdit_B0_D2,tau800,721,1,1,0,0,0,not_converged,-5.0082926750183105,-5.415105802638893,0.4068131276205822
ExpertEdit_B0_D2,tau800,722,1,1,0,1,1,verified,-4.751468181610107,-4.768434421111113,0.01696623950100573
ExpertEdit_B0_D2,tau800,723,1,1,0,1,0,not_converged,-3.9041502475738525,-3.954560286,0.05041003842614744
ExpertEdit_B0_D2,tau800,724,1,1,0,1,1,verified,-4.534578323364258,-4.541502935178574,0.0069246118143162505
ExpertEdit_B0_D2,tau800,725,1,1,0,0,0,not_converged,-6.399590015411377,-6.748878903333334,0.3492888879219569
ExpertEdit_B0_D2,tau800,726,1,1,0,0,0,not_converged,-7.518952369689941,-7.628483750411527,0.10953138072158541
ExpertEdit_B0_D2,tau800,727,1,1,0,0,0,not_converged,-3.502565860748291,-3.520395878666667,0.01783001791837613
ExpertEdit_B0_D2,tau800,728,1,1,0,0,1,verified,-3.644786834716797,-3.76551414375,0.12072730903320306
ExpertEdit_B0_D2,tau800,729,1,1,0,1,1,verified,-5.791880130767822,-5.862104980555555,0.07022484978773313
ExpertEdit_B0_D2,tau800,730,0,1,0,1,1,verified,-1.9163169860839844,-1.98562423,0.06930724391601562
ExpertEdit_B0_D2,tau800,731,0,0,0,0,0,generation_failure,,,
ExpertEdit_B0_D2,tau800,732,0,0,0,0,0,generation_failure,,,
ExpertEdit_B0_D2,tau800,733,1,1,0,0,1,verified,-7.208472728729248,-7.336335197499998,0.1278624687707497
ExpertEdit_B0_D2,tau800,734,1,1,0,1,1,verified,-6.579060077667236,-6.658401237142859,0.07934115947562237
ExpertEdit_B0_D2,tau800,735,1,1,0,0,1,verified,-5.494264602661133,-8.270374294444444,2.7761096917833115
ExpertEdit_B0_D2,tau800,736,1,1,0,0,1,verified,-3.6160457134246826,-3.610058185,-0.00598752842468242
ExpertEdit_B0_D2,tau800,737,1,1,0,1,1,verified,-3.502995491027832,-3.5546431343039373,0.05164764327610527
ExpertEdit_B0_D2,tau800,738,1,1,0,0,1,verified,-0.2691948115825653,-0.303680365,0.0344855534174347
ExpertEdit_B0_D2,tau800,739,1,1,0,0,0,not_converged,-7.945441722869873,-8.060540081875,0.11509835900512755
ExpertEdit_B0_D2,tau800,740,1,1,0,0,0,not_converged,-8.640913963317871,-8.8303579059375,0.18944394261962927
ExpertEdit_B0_D2,tau800,741,1,1,0,1,1,verified,-4.477151393890381,-4.542635367083333,0.0654839731929524
ExpertEdit_B0_D2,tau800,742,1,1,0,1,0,not_converged,-5.776984691619873,-5.7849796383333345,0.00799494671346146
ExpertEdit_B0_D2,tau800,743,1,1,0,1,1,verified,-7.810263156890869,-7.822364705357142,0.01210154846627276
ExpertEdit_B0_D2,tau800,744,1,1,0,0,1,verified,-3.1987085342407227,-3.2121013475,0.013392813259277325
ExpertEdit_B0_D2,tau800,745,1,1,0,1,0,not_converged,-2.2764854431152344,-2.2923379383333327,0.015852495218098284
ExpertEdit_B0_D2,tau800,746,1,1,0,0,0,not_converged,-5.07097864151001,-5.304544437332861,0.23356579582285164
ExpertEdit_B0_D2,tau800,747,1,1,0,0,0,not_converged,-4.725080490112305,-5.0581171225,0.333036632387695
ExpertEdit_B0_D2,tau800,748,1,1,0,0,0,not_converged,-8.260550498962402,-8.277995374,0.017444875037597285
ExpertEdit_B0_D2,tau800,749,1,1,0,1,0,not_converged,-4.570185661315918,-4.604603925034723,0.03441826371880463
ExpertEdit_B0_D2,tau800,750,0,1,0,0,0,not_converged,-9.206330299377441,-9.31128927875,0.10495897937255805
ExpertEdit_B0_D2,tau800,751,1,1,0,1,0,not_converged,-1.7364550828933716,-1.7605242516666666,0.024069168773295013
ExpertEdit_B0_D2,tau800,752,1,1,0,0,1,verified,-6.474959373474121,-6.722576283923612,0.24761691044949075
ExpertEdit_B0_D2,tau800,753,1,1,0,0,1,verified,-8.192536354064941,-8.392790857954543,0.2002545038896013
ExpertEdit_B0_D2,tau800,754,1,1,0,1,0,not_converged,-7.0618486404418945,-7.1307171941666665,0.06886855372477196
ExpertEdit_B0_D2,tau800,755,1,1,0,0,0,not_converged,-7.726480007171631,-8.100070554490738,0.37359054731910746
ExpertEdit_B0_D2,tau800,756,1,1,0,0,1,verified,-5.996100902557373,-6.170512414999999,0.1744115124426262
ExpertEdit_B0_D2,tau800,757,1,1,0,1,0,not_converged,-2.4525229930877686,-2.4789405550000003,0.02641756191223177
ExpertEdit_B0_D2,tau800,758,1,1,0,0,0,not_converged,-2.766838788986206,-2.961283005499999,0.19444421651379296
ExpertEdit_B0_D2,tau800,759,1,1,0,0,0,not_converged,-6.856991291046143,-7.1151969909999995,0.2582056999538569
ExpertEdit_B0_D2,tau800,760,1,1,0,0,0,not_converged,-8.645999908447266,-8.806885058333334,0.1608851498860684
ExpertEdit_B0_D2,tau800,761,1,1,0,0,0,not_converged,-5.942479133605957,-6.0097346,0.06725546639404278
ExpertEdit_B0_D2,tau800,762,1,1,0,1,0,not_converged,-7.910060405731201,-7.990677937000004,0.08061753126880244
ExpertEdit_B0_D2,tau800,763,1,1,0,1,0,not_converged,-7.866509914398193,-7.950050906588233,0.08354099219003963
ExpertEdit_B0_D2,tau800,764,1,1,0,0,0,not_converged,-6.0094733238220215,-6.141018505666668,0.13154518184464692
ExpertEdit_B0_D2,tau800,765,1,1,1,1,0,not_converged,-9.43336009979248,-9.408722988500001,-0.024637111292479474
ExpertEdit_B0_D2,tau800,766,1,1,0,0,1,verified,-7.361264228820801,-7.516797979874999,0.15553375105419853
ExpertEdit_B0_D2,tau800,767,1,1,1,1,1,verified,-3.9397671222686768,-3.9270266900000004,-0.012740432268676383
ExpertEdit_B0_D2,tau800,768,0,1,0,1,1,verified,-2.8898227214813232,-2.9515350016666666,0.06171228018534336
ExpertEdit_B0_D2,tau800,769,0,0,0,0,0,generation_failure,,,
ExpertEdit_B0_D2,tau800,770,1,1,0,1,1,verified,-9.990384101867676,-10.048376367284483,0.05799226541680724
ExpertEdit_B0_D2,tau800,771,1,1,0,1,0,not_converged,-6.824605464935303,-6.876949725,0.0523442600646975
ExpertEdit_B0_D2,tau800,772,1,1,0,0,1,verified,-6.2696614265441895,-6.3711112776341,0.10144985108991023
ExpertEdit_B0_D2,tau800,773,1,1,1,1,0,not_converged,-7.124927997589111,-7.122875232,-0.0020527655891111607
ExpertEdit_B0_D2,tau800,774,0,1,0,0,0,not_converged,-5.312040328979492,-5.519281235555556,0.20724090657606364
ExpertEdit_B0_D2,tau800,775,1,1,0,0,0,not_converged,-8.163985252380371,-8.426084988249997,0.26209973586962576
ExpertEdit_B0_D2,tau800,776,1,1,0,0,1,verified,-7.291782379150391,-7.4584241271249985,0.16664174797460785
ExpertEdit_B0_D2,tau800,777,1,1,0,0,1,verified,-7.096146583557129,-7.233627473281253,0.13748088972412376
ExpertEdit_B0_D2,tau800,778,0,1,0,0,0,not_converged,-4.363955974578857,-4.371537115833334,0.00758114125447662
ExpertEdit_B0_D2,tau800,779,1,1,0,1,1,verified,-1.186671257019043,-1.2390868766666667,0.05241561964762376
ExpertEdit_B0_D2,tau800,780,1,1,0,0,1,verified,-6.866233825683594,-7.740167285859375,0.8739334601757811
ExpertEdit_B0_D2,tau800,781,1,1,0,0,1,verified,-3.4059457778930664,-7.84885051774306,4.442904739849993
ExpertEdit_B0_D2,tau800,782,1,1,0,0,0,not_converged,-6.097800254821777,-6.171937493333335,0.07413723851155751
ExpertEdit_B0_D2,tau800,783,1,1,0,1,1,verified,-4.837978839874268,-4.879491741927084,0.041512902052816436
ExpertEdit_B0_D2,tau800,784,1,1,1,1,0,not_converged,-3.402616500854492,-3.3851983528030303,-0.017418148051461912
ExpertEdit_B0_D2,tau800,785,0,0,0,0,0,generation_failure,,,
ExpertEdit_B0_D2,tau800,786,1,1,1,1,0,not_converged,-7.9134063720703125,-7.8457092920000004,-0.06769708007031205
ExpertEdit_B0_D2,tau800,787,1,1,0,1,0,not_converged,-7.513263702392578,-7.576344552857143,0.0630808504645648
ExpertEdit_B0_D2,tau800,788,1,1,1,1,0,not_converged,-4.231367111206055,-4.211207498333334,-0.020159612872721056
ExpertEdit_B0_D2,tau800,789,0,1,0,0,0,not_converged,-4.742372035980225,-4.84518570875,0.10281367276977527
ExpertEdit_B0_D2,tau800,790,1,1,0,0,0,not_converged,-7.2912092208862305,-7.40743246492347,0.11622324403723994
ExpertEdit_B0_D2,tau800,791,0,0,0,0,0,generation_failure,,,
ExpertEdit_B0_D2,tau800,792,1,1,0,1,1,verified,-3.2890148162841797,-3.3161780075,0.027163191215820337
ExpertEdit_B0_D2,tau800,793,1,1,0,0,0,not_converged,-6.252626895904541,-6.4379727303333345,0.1853458344287935
ExpertEdit_B0_D2,tau800,794,1,1,0,1,0,not_converged,-6.82512092590332,-6.924964055128209,0.09984312922488847
ExpertEdit_B0_D2,tau800,795,0,0,0,0,0,generation_failure,,,
ExpertEdit_B0_D2,tau800,796,1,1,0,0,0,not_converged,-5.97987699508667,-6.117192943333333,0.1373159482466635
ExpertEdit_B0_D2,tau800,797,1,1,0,1,1,verified,-7.056467533111572,-7.072619608125,0.016152075013427414
ExpertEdit_B0_D2,tau800,798,1,1,0,1,0,not_converged,-3.253343343734741,-3.2533790555937463,3.571185900508311e-05
ExpertEdit_B0_D2,tau800,799,0,0,0,0,0,generation_failure,,,
ExpertEdit_B0_D2,tau800,800,1,1,0,1,0,not_converged,-5.659313201904297,-5.672655027619047,0.0133418257147504
ExpertEdit_B0_D2,tau800,801,1,1,0,1,1,verified,-8.169476509094238,-8.228284093928572,0.05880758483433368
ExpertEdit_B0_D2,tau800,802,1,1,0,0,0,not_converged,-6.427302360534668,-6.549004996,0.12170263546533189
ExpertEdit_B0_D2,tau800,803,1,1,0,0,0,not_converged,-6.011087417602539,-6.119753534,0.10866611639746093
ExpertEdit_B0_D2,tau800,804,1,1,0,1,1,verified,-3.499722719192505,-3.573580710833334,0.07385799164082929
ExpertEdit_B0_D2,tau800,805,0,1,0,0,1,verified,-6.997292995452881,-7.13805323076984,0.14076023531695903
ExpertEdit_B0_D2,tau800,806,1,1,0,1,0,not_converged,-6.780613899230957,-6.870190059567901,0.08957616033694382
ExpertEdit_B0_D2,tau800,807,1,1,0,1,0,not_converged,-7.197732925415039,-7.276155354522222,0.07842242910718333
ExpertEdit_B0_D2,tau800,808,1,1,0,0,0,not_converged,-5.8418803215026855,-5.949908545126046,0.10802822362336073
ExpertEdit_B0_D2,tau800,809,1,1,1,1,1,verified,-3.1031689643859863,-3.1015372975,-0.0016316668859861494
ExpertEdit_B0_D2,tau800,810,0,1,1,1,0,not_converged,-5.96584415435791,-5.33646032625,-0.62938382810791
ExpertEdit_B0_D2,tau800,811,1,1,0,0,0,not_converged,-8.30519962310791,-8.641752183636333,0.336552560528423
ExpertEdit_B0_D2,tau800,812,1,1,0,0,0,not_converged,-7.6620988845825195,-7.837688328888893,0.17558944430637347
ExpertEdit_B0_D2,tau800,813,1,1,0,1,1,verified,-6.5267157554626465,-6.529200695348258,0.0024849398856119365
ExpertEdit_B0_D2,tau800,814,1,1,0,0,0,not_converged,-9.3086576461792,-9.562298996666666,0.2536413504874666
ExpertEdit_B0_D2,tau800,815,1,1,0,0,1,verified,-6.528070449829102,-6.71261526285714,0.1845448130280385
ExpertEdit_B0_D2,tau800,816,1,1,0,0,0,not_converged,-7.268746852874756,-7.27805242,0.009305567125243996
ExpertEdit_B0_D2,tau800,817,1,1,0,1,0,not_converged,-8.192145347595215,-8.275771377777778,0.08362603018256287
ExpertEdit_B0_D2,tau800,818,1,1,0,0,0,not_converged,-8.2473783493042,-8.427569198,0.18019084869580126
ExpertEdit_B0_D2,tau800,819,1,1,0,0,0,not_converged,-4.232391357421875,-4.442937286666667,0.21054592924479199
ExpertEdit_B0_D2,tau800,820,0,1,0,1,1,verified,-7.714670181274414,-7.800188693214285,0.08551851193987137
ExpertEdit_B0_D2,tau800,821,1,1,0,1,1,verified,-5.984498977661133,-5.99867981,0.0141808323388668
ExpertEdit_B0_D2,tau800,822,1,1,0,0,0,not_converged,-7.029966831207275,-7.533483447794115,0.5035166165868397
ExpertEdit_B0_D2,tau800,823,1,1,0,0,0,not_converged,-7.2080864906311035,-7.36402403991228,0.15593754928117676
ExpertEdit_B0_D2,tau800,824,1,1,0,0,0,not_converged,-2.626588821411133,,
ExpertEdit_B0_D2,tau800,825,0,1,0,0,1,verified,-3.728466033935547,-3.8928727846913582,0.16440675075581135
ExpertEdit_B0_D2,tau800,826,0,0,0,0,0,generation_failure,,,
ExpertEdit_B0_D2,tau800,827,1,1,0,0,0,not_converged,-8.56660270690918,-8.710140971874996,0.1435382649658159
ExpertEdit_B0_D2,tau800,828,1,1,0,1,0,not_converged,-6.76681661605835,-6.825145993000001,0.058329376941651745
ExpertEdit_B0_D2,tau800,829,1,1,1,1,1,verified,-7.674596309661865,-7.649855285333333,-0.024741024328532646
ExpertEdit_B0_D2,tau800,830,1,1,0,0,0,not_converged,-6.880133152008057,-7.036984786500007,0.15685163449195016
ExpertEdit_B0_D2,tau800,831,0,1,1,1,1,verified,-3.8642425537109375,-3.8265329825000003,-0.03770957121093721
ExpertEdit_B0_D2,tau800,832,1,1,0,1,0,not_converged,-6.063484191894531,-6.117308735855266,0.05382454396073477
ExpertEdit_B0_D2,tau800,833,1,1,0,1,0,not_converged,-5.78151273727417,-5.865303785,0.08379104772583013
ExpertEdit_B0_D2,tau800,834,1,0,0,0,0,invalid_raw,,-9.486995716666668,
ExpertEdit_B0_D2,tau800,835,1,1,0,1,0,not_converged,-3.122323751449585,-3.136149184333333,0.013825432883748157
ExpertEdit_B0_D2,tau800,836,0,1,0,0,1,verified,-4.712460517883301,-4.8613730521428575,0.14891253425955675
ExpertEdit_B0_D2,tau800,837,1,1,0,1,1,verified,-5.553133010864258,-5.614497634609375,0.061364623745117086
ExpertEdit_B0_D2,tau800,838,0,1,0,1,0,not_converged,-4.04885196685791,-4.0694253824999995,0.020573415642089365
ExpertEdit_B0_D2,tau800,839,1,1,1,1,0,not_converged,-5.847841262817383,-5.8394742100000006,-0.008367052817382259
ExpertEdit_B0_D2,tau800,840,1,1,0,0,1,verified,-6.964995384216309,-6.91080607,-0.054189314216309015
ExpertEdit_B0_D2,tau800,841,0,1,0,0,0,not_converged,-5.300786018371582,-5.556708085096156,0.2559220667245743
ExpertEdit_B0_D2,tau800,842,1,1,0,1,0,not_converged,-8.363069534301758,-8.422012696979166,0.05894316267740862
ExpertEdit_B0_D2,tau800,843,1,1,0,1,1,verified,-1.992981195449829,-2.027634694074074,0.03465349862424505
ExpertEdit_B0_D2,tau800,844,1,1,0,0,1,verified,-6.708512783050537,-6.931591296458333,0.2230785134077955
ExpertEdit_B0_D2,tau800,845,1,1,0,0,0,not_converged,-6.727044105529785,-6.838058308666669,0.11101420313688415
ExpertEdit_B0_D2,tau800,846,0,1,1,1,0,not_converged,-7.419288158416748,-7.3757731645,-0.04351499391674807
ExpertEdit_B0_D2,tau800,847,1,1,0,0,0,not_converged,-8.653923034667969,-8.847554120749999,0.19363108608203028
ExpertEdit_B0_D2,tau800,848,1,1,0,0,0,not_converged,-7.354078769683838,-7.460861769488637,0.10678299980479888
ExpertEdit_B0_D2,tau800,849,1,1,0,1,0,not_converged,-3.293701171875,-3.332236382916667,0.038535211041666795
ExpertEdit_B0_D2,tau800,850,0,1,0,0,1,verified,-6.564033031463623,-6.764080356176475,0.2000473247128518
ExpertEdit_B0_D2,tau800,851,1,1,0,1,0,not_converged,-9.237476348876953,-9.274697866666667,0.03722151778971394
ExpertEdit_B0_D2,tau800,852,1,1,0,0,0,not_converged,-7.677537441253662,-7.925577474541658,0.24804003328799595
ExpertEdit_B0_D2,tau800,853,1,1,0,1,0,not_converged,-5.955060958862305,-6.0341786325,0.07911767363769506
ExpertEdit_B0_D2,tau800,854,1,1,0,0,0,not_converged,-8.983373641967773,-9.162336631333327,0.17896298936555333
ExpertEdit_B0_D2,tau800,855,0,1,0,0,0,not_converged,-4.242472171783447,-4.459803252,0.21733108021655312
ExpertEdit_B0_D2,tau800,856,1,1,0,1,0,not_converged,-7.780154228210449,-7.874149350833337,0.09399512262288745
ExpertEdit_B0_D2,tau800,857,1,1,0,0,0,not_converged,-5.105722904205322,-5.333822710000001,0.22809980579467837
ExpertEdit_B0_D2,tau800,858,1,1,0,0,1,verified,-4.384841442108154,-4.48796225684524,0.10312081473708545
ExpertEdit_B0_D2,tau800,859,1,1,1,1,0,not_converged,-5.391079902648926,-5.368700827121209,-0.022379075527716452
ExpertEdit_B0_D2,tau800,860,1,1,0,0,1,verified,-5.191065311431885,-6.222918800681807,1.0318534892499223
ExpertEdit_B0_D2,tau800,861,1,1,0,0,0,not_converged,-4.91485071182251,-5.273301633333333,0.3584509215108236
ExpertEdit_B0_D2,tau800,862,1,1,0,0,1,verified,-6.782802581787109,-7.0814302341666675,0.29862765237955813
ExpertEdit_B0_D2,tau800,863,0,1,0,0,1,verified,-4.371592998504639,-4.3693331225,-0.002259876004639061
ExpertEdit_B0_D2,tau800,864,1,1,0,1,0,not_converged,-6.180139064788818,-6.2328494295,0.05271036471118151
ExpertEdit_B0_D2,tau800,865,0,1,0,1,0,not_converged,-5.661426067352295,-5.7010628075,0.039636740147704685
ExpertEdit_B0_D2,tau800,866,0,1,0,1,1,verified,-6.944526672363281,-6.99149448592803,0.04696781356474844
ExpertEdit_B0_D2,tau800,867,1,1,0,0,0,not_converged,-7.62703275680542,-7.813534150749998,0.1865013939445781
ExpertEdit_B0_D2,tau800,868,0,1,0,0,0,not_converged,-3.982011079788208,-4.359820095,0.3778090152117919
ExpertEdit_B0_D2,tau800,869,1,1,0,0,1,verified,-7.157564640045166,,
ExpertEdit_B0_D2,tau800,870,1,1,0,0,0,not_converged,-10.146800994873047,-10.161461063333332,0.014660068460285558
ExpertEdit_B0_D2,tau800,871,1,1,0,0,0,not_converged,-5.5418877601623535,-5.74306424,0.2011764798376463
ExpertEdit_B0_D2,tau800,872,1,1,0,0,0,not_converged,-6.581363201141357,-6.707488204410716,0.12612500326935816
ExpertEdit_B0_D2,tau800,873,0,1,1,1,1,verified,-3.5707340240478516,-3.5652668837500014,-0.005467140297850115
ExpertEdit_B0_D2,tau800,874,0,1,0,0,0,not_converged,-6.623997688293457,-6.842737093058825,0.21873940476536813
ExpertEdit_B0_D2,tau800,875,1,1,0,1,0,not_converged,-5.824753761291504,-5.8992386660000005,0.07448490470849656
ExpertEdit_B0_D2,tau800,876,1,1,0,1,1,verified,-7.368927478790283,-7.3759375485,0.007010069709716404
ExpertEdit_B0_D2,tau800,877,1,1,0,0,0,not_converged,-3.393702745437622,-3.5468643036363634,0.15316155819874133
ExpertEdit_B0_D2,tau800,878,1,1,0,1,0,not_converged,-5.880205154418945,-5.960389945791667,0.08018479137272205
ExpertEdit_B0_D2,tau800,879,0,1,0,0,1,verified,-3.3616702556610107,-3.4841492198214294,0.1224789641604187
ExpertEdit_B0_D2,tau800,880,0,1,0,0,0,not_converged,-4.175093650817871,-4.429701757,0.25460810618212903
ExpertEdit_B0_D2,tau800,881,1,1,0,1,0,not_converged,-4.522959232330322,-4.613803788333334,0.09084455600301133
ExpertEdit_B0_D2,tau800,882,1,1,0,1,0,not_converged,-8.062557220458984,-8.150295750000002,0.08773852954101713
ExpertEdit_B0_D2,tau800,883,1,1,0,0,1,verified,-8.7980318069458,-9.0141752835,0.2161434765541994
ExpertEdit_B0_D2,tau800,884,1,1,0,1,1,verified,-3.471734046936035,-3.5155698233333332,0.043835776397298076
ExpertEdit_B0_D2,tau800,885,0,1,0,0,0,not_converged,-6.8426995277404785,-6.981420652045454,0.13872112430497552
ExpertEdit_B0_D2,tau800,886,0,1,0,0,0,not_converged,-7.076268672943115,,
ExpertEdit_B0_D2,tau800,887,1,1,0,0,0,not_converged,-6.106194496154785,-6.3670003799999995,0.2608058838452143
ExpertEdit_B0_D2,tau800,888,0,1,0,0,0,not_converged,-5.179930210113525,-5.314269965249999,0.134339755136474
ExpertEdit_B0_D2,tau800,889,1,1,0,0,0,not_converged,-4.599648475646973,-5.6162415803125,1.0165931046655272
ExpertEdit_B0_D2,tau800,890,1,1,0,1,1,verified,-6.867016792297363,-6.919078220416664,0.052061428119301034
ExpertEdit_B0_D2,tau800,891,1,1,0,1,0,not_converged,-2.7838621139526367,-2.8410345825,0.05717246854736313
ExpertEdit_B0_D2,tau800,892,1,1,0,1,1,verified,-5.855600357055664,-5.920631454027778,0.06503109697211418
ExpertEdit_B0_D2,tau800,893,1,1,0,0,0,not_converged,-6.307443141937256,-6.450757354166666,0.1433142122294102
ExpertEdit_B0_D2,tau800,894,1,1,0,0,1,verified,-3.51692533493042,-3.52689995375,0.009974618819580172
ExpertEdit_B0_D2,tau800,895,0,1,1,1,1,verified,-2.7384142875671387,-2.7363293518055563,-0.0020849357615824182
ExpertEdit_B0_D2,tau800,896,1,1,0,0,0,not_converged,-3.529620885848999,-3.7158491445833333,0.18622825873433424
ExpertEdit_B0_D2,tau800,897,1,1,0,1,0,not_converged,-8.077600479125977,-8.160248024000001,0.0826475448740247
ExpertEdit_B0_D2,tau800,898,1,1,0,1,0,not_converged,-6.738839149475098,-6.831042365396824,0.09220321592172631
ExpertEdit_B0_D2,tau800,899,1,1,0,0,0,not_converged,-6.584340572357178,-6.812814635,0.22847406264282188
ExpertEdit_B0_D2,tau800,900,1,1,0,0,1,verified,-8.872001647949219,-9.32968279,0.4576811420507809
ExpertEdit_B0_D2,tau800,901,0,1,0,1,0,not_converged,-1.790099024772644,-1.8879827516927081,0.09788372692006408
ExpertEdit_B0_D2,tau800,902,1,1,0,0,1,verified,-8.145329475402832,-8.380616457222251,0.23528698181941898
ExpertEdit_B0_D2,tau800,903,0,1,0,0,0,not_converged,-9.042119979858398,-9.276498181714283,0.23437820185588443
ExpertEdit_B0_D2,tau800,904,1,1,0,0,0,not_converged,-4.33841609954834,-4.476813682857139,0.13839758330879892
ExpertEdit_B0_D2,tau800,905,1,1,0,1,0,not_converged,-5.616735935211182,-5.6470053723214235,0.03026943711024188
ExpertEdit_B0_D2,tau800,906,1,1,0,1,0,not_converged,-6.657590389251709,-6.726081305,0.06849091574829114
ExpertEdit_B0_D2,tau800,907,1,1,0,0,0,not_converged,-8.2962007522583,-8.401153636785713,0.10495288452741214
ExpertEdit_B0_D2,tau800,908,1,1,0,1,1,verified,-4.524910926818848,-4.532290752777778,0.007379825958929942
ExpertEdit_B0_D2,tau800,909,1,1,0,1,0,not_converged,-7.12209939956665,-7.1612256529166665,0.03912625335001607
ExpertEdit_B0_D2,tau800,910,1,1,0,1,0,not_converged,-8.166852951049805,-8.195154697916665,0.02830174686686071
ExpertEdit_B0_D2,tau800,911,1,1,0,1,0,not_converged,-3.1268107891082764,-3.1365199707718125,0.009709181663536182
ExpertEdit_B0_D2,tau800,912,1,1,0,0,1,verified,-8.765029907226562,-9.133737216491225,0.36870730926466244
ExpertEdit_B0_D2,tau800,913,1,1,0,0,0,not_converged,-6.221399307250977,-6.424977623680556,0.2035783164295797
ExpertEdit_B0_D2,tau800,914,1,1,0,0,0,not_converged,-7.494742393493652,-7.548153147356322,0.05341075386266958
ExpertEdit_B0_D2,tau800,915,1,1,0,1,1,verified,-4.342874526977539,-4.4212917337499995,0.07841720677246045
ExpertEdit_B0_D2,tau800,916,1,1,0,1,0,not_converged,-4.853719234466553,-4.938927495,0.08520826053344699
ExpertEdit_B0_D2,tau800,917,1,1,0,0,0,not_converged,-2.3045105934143066,,
ExpertEdit_B0_D2,tau800,918,0,0,0,0,0,generation_failure,,,
ExpertEdit_B0_D2,tau800,919,1,1,0,0,0,not_converged,-5.557950973510742,-5.935153199999993,0.37720222648925095
ExpertEdit_B0_D2,tau800,920,0,1,0,1,0,not_converged,-7.216187953948975,-7.309173151538461,0.09298519758948665
ExpertEdit_B0_D2,tau800,921,1,1,0,0,0,not_converged,-1.628018856048584,-2.0869139169444444,0.4588950608958604
ExpertEdit_B0_D2,tau800,922,0,1,0,0,0,not_converged,-8.650626182556152,-8.754443228499998,0.10381704594384544
ExpertEdit_B0_D2,tau800,923,1,1,0,0,0,not_converged,-5.414865493774414,-5.717606413377198,0.30274091960278415
ExpertEdit_B0_D2,tau800,924,1,1,0,0,1,verified,-1.8882205486297607,-1.9235609841666665,0.0353404355369058
ExpertEdit_B0_D2,tau800,925,1,1,0,0,1,verified,-6.515181541442871,-6.645119851666667,0.1299383102237961
ExpertEdit_B0_D2,tau800,926,1,1,0,0,0,not_converged,-8.097991943359375,-8.251581623124999,0.15358967976562354
ExpertEdit_B0_D2,tau800,927,0,1,0,0,0,not_converged,-5.536107063293457,-5.789904790128208,0.2537977268347511
ExpertEdit_B0_D2,tau800,928,0,0,0,0,0,generation_failure,,,
ExpertEdit_B0_D2,tau800,929,1,1,0,1,1,verified,-4.6369500160217285,-4.71438744047619,0.07743742445446156
ExpertEdit_B0_D2,tau800,930,1,1,0,0,0,not_converged,-6.0124735832214355,-6.562777495416665,0.5503039121952291
ExpertEdit_B0_D2,tau800,931,1,1,0,0,1,verified,-5.18437385559082,,
ExpertEdit_B0_D2,tau800,932,1,1,0,1,0,not_converged,-8.541214942932129,-8.626852597625001,0.08563765469287254
ExpertEdit_B0_D2,tau800,933,1,1,0,0,0,not_converged,-6.338808536529541,-6.508131777500003,0.1693232409704617
ExpertEdit_B0_D2,tau800,934,1,1,0,1,0,not_converged,-6.152755260467529,-6.221268407500002,0.06851314703247269
ExpertEdit_B0_D2,tau800,935,1,1,0,1,1,verified,-1.8816277980804443,-1.9235609841666665,0.04193318608622221
ExpertEdit_B0_D2,tau800,936,1,1,0,0,1,verified,-5.865675449371338,-6.605582771093751,0.7399073217224128
ExpertEdit_B0_D2,tau800,937,1,1,1,1,1,verified,-3.6303908824920654,-3.6301534775,-0.00023740499206548193
ExpertEdit_B0_D2,tau800,938,1,1,0,0,0,not_converged,-7.366278171539307,-7.4852171425,0.11893897096069317
ExpertEdit_B0_D2,tau800,939,1,1,0,0,0,not_converged,-6.428695201873779,-6.588806637777775,0.16011143590399612
ExpertEdit_B0_D2,tau800,940,0,1,0,0,0,not_converged,-6.9153947830200195,-7.093001261234568,0.17760647821454878
ExpertEdit_B0_D2,tau800,941,1,1,0,1,1,verified,-6.227985382080078,-6.304610611666667,0.0766252295865888
ExpertEdit_B0_D2,tau800,942,1,1,0,0,1,verified,-6.028922080993652,-6.408065929088541,0.37914384809488855
ExpertEdit_B0_D2,tau800,943,0,1,0,0,0,not_converged,-5.579777240753174,-5.931034952857143,0.35125771210396906
ExpertEdit_B0_D2,tau800,944,1,1,0,0,0,not_converged,-4.974732875823975,-5.000973668125,0.026240792301025273
ExpertEdit_B0_D2,tau800,945,0,1,0,0,0,not_converged,-4.8879475593566895,-5.029781740000009,0.1418341806433192
ExpertEdit_B0_D2,tau800,946,1,1,0,0,1,verified,-7.448437690734863,-7.561609808437513,0.1131721177026499
ExpertEdit_B0_D2,tau800,947,1,1,1,1,1,verified,-2.6409411430358887,-2.6288808611111123,-0.012060281924776373
ExpertEdit_B0_D2,tau800,948,1,1,0,1,0,not_converged,-8.90621280670166,-9.005267389444437,0.09905458274277734
ExpertEdit_B0_D2,tau800,949,1,1,0,0,0,not_converged,-9.04281234741211,-9.173728859875,0.13091651246289082
ExpertEdit_B0_D2,tau800,950,1,1,0,0,1,verified,-4.700323104858398,-4.828780048266665,0.12845694340826697
ExpertEdit_B0_D2,tau800,951,1,1,0,1,0,not_converged,-2.60841965675354,-2.6353589008333334,0.026939244079793312
ExpertEdit_B0_D2,tau800,952,1,1,0,1,0,not_converged,-6.808492660522461,-6.8353379575,0.026845296977539235
ExpertEdit_B0_D2,tau800,953,0,1,0,1,0,not_converged,-6.066755771636963,-6.107807231399999,0.041051459763036036
ExpertEdit_B0_D2,tau800,954,1,1,0,1,0,not_converged,-1.5117942094802856,-1.5762890504432145,0.0644948409629289
ExpertEdit_B0_D2,tau800,955,1,1,0,0,0,not_converged,-5.806595802307129,-6.096721035989582,0.2901252336824527
ExpertEdit_B0_D2,tau800,956,1,1,0,0,1,verified,-5.066054821014404,-5.240470606250001,0.1744157852355963
ExpertEdit_B0_D2,tau800,957,1,1,0,0,1,verified,-6.626989364624023,-6.756182643611104,0.12919327898708044
ExpertEdit_B0_D2,tau800,958,1,1,0,0,0,not_converged,-7.791400909423828,-7.947011501666666,0.15561059224283813
ExpertEdit_B0_D2,tau800,959,1,1,0,1,1,verified,-4.20167875289917,-4.204492773249999,0.002814020350829338
ExpertEdit_B0_D2,tau800,960,1,1,0,1,0,not_converged,-5.851363182067871,-5.907630262857143,0.05626708078927223
ExpertEdit_B0_D2,tau800,961,1,1,0,1,1,verified,-5.25455904006958,-5.348174636875,0.09361559680541998
ExpertEdit_B0_D2,tau800,962,1,1,0,0,1,verified,-3.294752359390259,-3.349867614000012,0.055115254609753084
ExpertEdit_B0_D2,tau800,963,1,1,0,1,0,not_converged,-5.804394245147705,-5.850962824615385,0.04656857946767978
ExpertEdit_B0_D2,tau800,964,1,1,0,1,0,not_converged,-2.6222989559173584,-2.628029283333333,0.005730327415974568
ExpertEdit_B0_D2,tau800,965,1,1,0,0,0,not_converged,-7.2647318840026855,-7.423750508611113,0.15901862460842775
ExpertEdit_B0_D2,tau800,966,1,1,0,0,0,not_converged,-6.152115345001221,-6.48022517,0.32810982499877905
ExpertEdit_B0_D2,tau800,967,0,1,0,0,0,not_converged,-8.385846138000488,-8.566027582250001,0.18018144424951288
ExpertEdit_B0_D2,tau800,968,0,1,0,0,0,not_converged,-4.243335723876953,-4.3953371727777775,0.15200144890082434
ExpertEdit_B0_D2,tau800,969,1,1,0,0,0,not_converged,-4.5628342628479,-4.579301731999999,0.016467469152098957
ExpertEdit_B0_D2,tau800,970,0,1,0,0,0,not_converged,-5.794414043426514,-6.008737998571429,0.21432395514491542
ExpertEdit_B0_D2,tau800,971,1,1,0,0,0,not_converged,-8.193330764770508,-8.300620009,0.10728924422949149
ExpertEdit_B0_D2,tau800,972,1,1,0,0,0,not_converged,-4.338967800140381,-4.591546156,0.25257835585961885
ExpertEdit_B0_D2,tau800,973,1,1,0,0,0,not_converged,-3.907714605331421,-4.275384111145833,0.36766950581441193
ExpertEdit_B0_D2,tau800,974,1,1,0,0,0,not_converged,-3.264880657196045,-3.4017095735774285,0.13682891638138361
ExpertEdit_B0_D2,tau800,975,1,1,0,0,1,verified,-1.9143365621566772,-1.9412918889473683,0.026955326790691014
ExpertEdit_B0_D2,tau800,976,1,1,0,0,0,not_converged,-9.07449722290039,-9.2610256993,0.18652847639960868
ExpertEdit_B0_D2,tau800,977,1,1,0,0,0,not_converged,-3.120558023452759,-3.2826886128333337,0.1621305893805749
ExpertEdit_B0_D2,tau800,978,1,1,0,0,1,verified,-3.9792799949645996,-3.96256841,-0.01671158496459979
ExpertEdit_B0_D2,tau800,979,1,1,0,1,0,not_converged,-5.359568119049072,-5.37387322125,0.014305102200927955
ExpertEdit_B0_D2,tau800,980,0,1,0,0,1,verified,-3.289616346359253,-3.3988047760227267,0.10918842966347375
ExpertEdit_B0_D2,tau800,981,1,1,0,1,0,not_converged,-6.654986381530762,-6.7509717607692314,0.09598537923846973
ExpertEdit_B0_D2,tau800,982,1,1,0,0,1,verified,-5.017748832702637,-5.362090432083335,0.34434159938069797
ExpertEdit_B0_D2,tau800,983,1,1,0,1,0,not_converged,-4.429481506347656,-4.445204028333333,0.01572252198567714
ExpertEdit_B0_D2,tau800,984,1,1,0,1,1,verified,-3.2410056591033936,-3.334469338125,0.09346367902160635
ExpertEdit_B0_D2,tau800,985,1,1,0,1,0,not_converged,-7.691047668457031,-7.7329063546296295,0.04185868617259825
ExpertEdit_B0_D2,tau800,986,1,1,0,0,0,not_converged,-6.741621017456055,-7.051076044499988,0.30945502704393313
ExpertEdit_B0_D2,tau800,987,1,1,0,1,0,not_converged,-7.537208080291748,-7.585669332435898,0.04846125214414965
ExpertEdit_B0_D2,tau800,988,1,1,1,1,1,verified,-6.9542155265808105,-6.918072291,-0.036143235580810895
ExpertEdit_B0_D2,tau800,989,1,1,0,0,0,not_converged,-6.118359088897705,-6.293208005937493,0.174848917039788
ExpertEdit_B0_D2,tau800,990,1,1,0,1,0,not_converged,-6.068393230438232,-6.117308735855266,0.0489155054170336
ExpertEdit_B0_D2,tau800,991,1,1,0,1,0,not_converged,-7.821475982666016,-7.852421027500004,0.030945044833988078
ExpertEdit_B0_D2,tau800,992,1,1,0,0,1,verified,-3.473207712173462,-3.6203491816666666,0.14714146949320472
ExpertEdit_B0_D2,tau800,993,1,1,0,1,1,verified,-3.5869200229644775,-3.684443689388886,0.09752366642440835
ExpertEdit_B0_D2,tau800,994,1,1,0,1,1,verified,-4.41153621673584,-4.472193790714286,0.06065757397844607
ExpertEdit_B0_D2,tau800,995,1,1,0,0,0,not_converged,-7.95119047164917,-8.089172016666668,0.1379815450174977
ExpertEdit_B0_D2,tau800,996,1,1,0,1,0,not_converged,-11.901314735412598,-12.001129901960784,0.09981516654818634
ExpertEdit_B0_D2,tau800,997,1,1,0,1,0,not_converged,-6.304929733276367,-6.366955594868422,0.06202586159205481
ExpertEdit_B0_D2,tau800,998,1,1,0,1,0,not_converged,-8.604294776916504,-8.66466423875,0.060369461833495563
ExpertEdit_B0_D2,tau800,999,1,1,0,0,1,verified,-6.756605625152588,-6.955135084090912,0.1985294589383244
ExpertEdit_B0_D2,tau800,1000,1,1,0,1,0,not_converged,-6.281555652618408,-6.376005910500002,0.09445025788159356
ExpertEdit_B0_D2,tau800,1001,0,1,0,0,0,not_converged,-7.040404796600342,-7.172089614785716,0.13168481818537447
ExpertEdit_B0_D2,tau800,1002,1,1,0,0,1,verified,-7.23856782913208,-7.452604668935188,0.21403683980310806
ExpertEdit_B0_D2,tau800,1003,1,1,0,1,1,verified,-4.526965618133545,-4.539833736785715,0.012868118652169969
ExpertEdit_B0_D2,tau800,1004,1,1,0,0,0,not_converged,-5.041736125946045,-5.235251914,0.19351578805395508
ExpertEdit_B0_D2,tau800,1005,1,1,0,0,0,not_converged,-7.085948944091797,-7.464738426875,0.378789482783203
ExpertEdit_B0_D2,tau800,1006,1,1,0,0,0,not_converged,-8.44153881072998,-8.99303566375,0.5514968530200193
ExpertEdit_B0_D2,tau800,1007,1,1,0,1,0,not_converged,-8.774579048156738,-8.848548997249987,0.07396994909324839
ExpertEdit_B0_D2,tau800,1008,0,1,0,0,0,not_converged,-7.160825252532959,-7.204191587857143,0.04336633532418421
ExpertEdit_B0_D2,tau800,1009,1,1,0,0,1,verified,-2.7185661792755127,-3.37754515125,0.6589789719744874
ExpertEdit_B0_D2,tau800,1010,0,1,0,0,1,verified,-5.983741760253906,-6.122153780833333,0.1384120205794268
ExpertEdit_B0_D2,tau800,1011,1,1,0,0,0,not_converged,-8.837015151977539,-8.964119810833333,0.12710465885579403
ExpertEdit_B0_D2,tau800,1012,1,1,1,1,1,verified,-6.886287689208984,-6.814666827499999,-0.0716208617089853
ExpertEdit_B0_D2,tau800,1013,1,1,0,1,0,not_converged,-6.180661678314209,-6.279278795468749,0.09861711715454025
ExpertEdit_B0_D2,tau800,1014,1,1,0,1,1,verified,-5.40442419052124,-5.422837616018516,0.018413425497275426
ExpertEdit_B0_D2,tau800,1015,1,1,0,0,0,not_converged,-6.268651008605957,-6.385202765446426,0.11655175684046881
ExpertEdit_B0_D2,tau800,1016,1,1,0,1,0,not_converged,-5.312289714813232,-5.329946567465279,0.017656852652046418
ExpertEdit_B0_D2,tau800,1017,1,1,0,0,0,not_converged,-8.04783821105957,-8.516481491666667,0.4686432806070968
ExpertEdit_B0_D2,tau800,1018,1,1,0,0,0,not_converged,-8.620715141296387,-8.849727559444439,0.22901241814805218
ExpertEdit_B0_D2,tau800,1019,1,1,0,0,1,verified,-4.392823696136475,-4.496368724000001,0.10354502786352615
ExpertEdit_B0_D2,tau800,1020,1,1,0,0,1,verified,-4.467163562774658,-4.495711541666666,0.028547978892007997
ExpertEdit_B0_D2,tau800,1021,1,1,0,0,0,not_converged,-5.219144821166992,-5.355754088333334,0.13660926716634147
ExpertEdit_B0_D2,tau800,1022,1,1,0,1,1,verified,-2.6866445541381836,-2.7256249412037032,0.03898038706551965
ExpertEdit_B0_D2,tau800,1023,1,1,0,0,0,not_converged,-7.499139785766602,,
ExpertEdit_B0_D2,tau800,1024,0,1,1,1,1,verified,-6.180187702178955,-6.060203857678572,-0.11998384450038291
ExpertEdit_B0_D2,tau800,1025,1,1,0,0,0,not_converged,-9.710558891296387,-9.873978126999999,0.1634192357036124
ExpertEdit_B0_D2,tau800,1026,1,1,0,0,0,not_converged,-5.514286994934082,-5.705400640037594,0.1911136451035116
ExpertEdit_B0_D2,tau800,1027,0,0,0,0,0,generation_failure,,,
ExpertEdit_B0_D2,tau800,1028,1,1,0,0,0,not_converged,-9.159945487976074,-9.182272448000004,0.022326960023930198
ExpertEdit_B0_D2,tau800,1029,1,1,0,1,1,verified,-3.429567337036133,-3.5032229162500004,0.07365557921386756
ExpertEdit_B0_D2,tau800,1030,1,1,0,1,0,not_converged,-6.833378314971924,-6.860705495,0.027327180028076548
ExpertEdit_B0_D2,tau800,1031,1,1,0,0,1,verified,-6.912884712219238,-7.1713837804687515,0.2584990682495132
ExpertEdit_B0_D2,tau800,1032,1,1,0,0,0,not_converged,-7.613583564758301,-7.72797144125,0.11438787649169946
ExpertEdit_B0_D2,tau800,1033,1,1,0,0,0,not_converged,-5.733789920806885,-5.964459653333333,0.23066973252644818
ExpertEdit_B0_D2,tau800,1034,1,1,0,0,1,verified,-8.934608459472656,-9.316285475605262,0.3816770161326062
ExpertEdit_B0_D2,tau800,1035,1,1,0,0,1,verified,-2.520784378051758,-6.551274847857143,4.030490469805385
ExpertEdit_B0_D2,tau800,1036,1,1,0,1,0,not_converged,-6.962924003601074,-7.035061600961514,0.0721375973604399
ExpertEdit_B0_D2,tau800,1037,0,1,0,0,0,not_converged,-3.884063959121704,-4.2106523650000005,0.3265884058782964
ExpertEdit_B0_D2,tau800,1038,1,1,0,1,0,not_converged,-5.609610557556152,-5.665450406666666,0.055839849110514095
ExpertEdit_B0_D2,tau800,1039,1,1,0,0,0,not_converged,-8.02054500579834,-8.12706736383333,0.1065223580349901
ExpertEdit_B0_D2,tau800,1040,1,1,0,0,1,verified,-7.802942752838135,-7.904883351,0.10194059816186485
ExpertEdit_B0_D2,tau800,1041,1,1,0,1,0,not_converged,-4.2641472816467285,-4.334081165555555,0.06993388390882682
ExpertEdit_B0_D2,tau800,1042,1,1,0,0,1,verified,-4.192511081695557,-4.421276909333335,0.22876582763777797
ExpertEdit_B0_D2,tau800,1043,1,1,0,0,0,not_converged,-7.056511878967285,-7.266324898825752,0.20981301985846645
ExpertEdit_B0_D2,tau800,1044,1,1,0,0,0,not_converged,-8.887765884399414,-9.18370438726561,0.2959385028661963
ExpertEdit_B0_D2,tau800,1045,1,1,0,0,1,verified,-6.313206672668457,-6.676856412526043,0.36364973985758553
ExpertEdit_B0_D2,tau800,1046,1,1,0,0,0,not_converged,-7.416851997375488,-7.528986436999999,0.11213443962451031
ExpertEdit_B0_D2,tau800,1047,1,1,0,0,0,not_converged,-3.522738218307495,-3.475579975,-0.047158243307495074
ExpertEdit_B0_D2,tau800,1048,1,1,0,0,0,not_converged,-4.979335784912109,-5.372073875000001,0.3927380900878914
ExpertEdit_B0_D2,tau800,1049,1,1,0,1,1,verified,-7.251800537109375,-7.328540419312498,0.07673988220312289
ExpertEdit_B0_D2,tau800,1050,1,1,0,0,1,verified,-6.49941873550415,-6.648754046999999,0.14933531149584844
ExpertEdit_B0_D2,tau800,1051,1,1,0,0,1,verified,-7.833749294281006,-8.06387644,0.23012714571899373
ExpertEdit_B0_D2,tau800,1052,0,1,1,1,0,not_converged,-4.1626176834106445,-4.021669363125,-0.14094832028564497
ExpertEdit_B0_D2,tau800,1053,1,1,0,0,0,not_converged,-4.598324775695801,-4.706349505000003,0.10802472930420226
ExpertEdit_B0_D2,tau800,1054,1,1,0,1,0,not_converged,-5.649200439453125,-5.734849555312499,0.08564911585937374
ExpertEdit_B0_D2,tau800,1055,1,1,0,0,0,not_converged,-4.163619518280029,-4.2872910885,0.12367157021997066
ExpertEdit_B0_D2,tau800,1056,1,1,0,1,0,not_converged,-5.582950592041016,-5.617456659916664,0.03450606787564858
ExpertEdit_B0_D2,tau800,1057,1,1,0,1,0,not_converged,-8.645039558410645,-8.706719196,0.06167963758935535
ExpertEdit_B0_D2,tau800,1058,1,1,0,0,1,verified,-1.442177414894104,-1.4715861533333332,0.0294087384392292
ExpertEdit_B0_D2,tau800,1059,1,0,0,0,0,invalid_raw,,-6.275858142499998,
ExpertEdit_B0_D2,tau800,1060,1,1,0,1,0,not_converged,-1.9965318441390991,-2.0482766244594592,0.05174478032036012
ExpertEdit_B0_D2,tau800,1061,1,1,0,1,0,not_converged,-7.269845962524414,-7.322040057666666,0.05219409514225237
ExpertEdit_B0_D2,tau800,1062,1,1,0,0,0,not_converged,-5.16331148147583,-5.304372049333331,0.14106056785750098
ExpertEdit_B0_D2,tau800,1063,1,1,0,1,0,not_converged,-5.811209201812744,-5.864107121250001,0.052897919437256746
ExpertEdit_B0_D2,tau800,1064,1,1,0,1,0,not_converged,-6.940769672393799,-6.944661120000001,0.003891447606202192
ExpertEdit_B0_D2,tau800,1065,0,1,1,1,1,verified,-5.018640995025635,-4.893101825833332,-0.12553916919230268
ExpertEdit_B0_D2,tau800,1066,1,1,0,1,0,not_converged,-5.256845474243164,-5.325387706,0.06854223175683583
ExpertEdit_B0_D2,tau800,1067,1,1,0,0,0,not_converged,-6.898444652557373,-7.069447928888888,0.1710032763315148
ExpertEdit_B0_D2,tau800,1068,1,1,1,1,0,not_converged,-5.730503082275391,-5.729387647142857,-0.0011154351325339817
ExpertEdit_B0_D2,tau800,1069,1,1,0,1,0,not_converged,-3.0387399196624756,-3.13835850840625,0.0996185887437746
ExpertEdit_B0_D2,tau800,1070,1,1,0,0,0,not_converged,-7.401322364807129,-7.507342496666669,0.10602013185954018
ExpertEdit_B0_D2,tau800,1071,0,1,0,0,0,not_converged,-6.425062656402588,-6.530258132264369,0.10519547586178124
ExpertEdit_B0_D2,tau800,1072,1,1,0,0,0,not_converged,-6.476569652557373,-6.610905146,0.1343354934426273
ExpertEdit_B0_D2,tau800,1073,1,1,0,0,0,not_converged,-3.3849503993988037,-3.5510887916666665,0.16613839226786276
ExpertEdit_B0_D2,tau800,1074,1,1,0,1,1,verified,-3.762547731399536,-3.8427055044791665,0.08015777307963035
ExpertEdit_B0_D2,tau800,1075,1,1,0,0,0,not_converged,-4.491574764251709,-4.49543435725,0.0038595929982907506
ExpertEdit_B0_D2,tau800,1076,1,1,0,1,0,not_converged,-4.461054801940918,-4.471562288500001,0.01050748655908329
ExpertEdit_B0_D2,tau800,1077,1,1,0,0,0,not_converged,-7.498058319091797,-7.877660373,0.37960205390820345
ExpertEdit_B0_D2,tau800,1078,1,1,0,1,0,not_converged,-6.113668441772461,-6.19337081525,0.07970237347753883
ExpertEdit_B0_D2,tau800,1079,1,1,0,1,0,not_converged,-6.123404502868652,-6.220123783437499,0.0967192805688466
ExpertEdit_B0_D2,tau800,1080,0,1,0,0,1,verified,-5.476205348968506,-5.731909365575396,0.2557040166068898
ExpertEdit_B0_D2,tau800,1081,1,1,0,1,0,not_converged,-8.065030097961426,-8.160132131666666,0.09510203370524017
ExpertEdit_B0_D2,tau800,1082,1,1,0,0,0,not_converged,-7.633636474609375,-7.767071391428572,0.13343491681919684
ExpertEdit_B0_D2,tau800,1083,1,1,0,0,1,verified,-3.7971134185791016,-3.979792708333333,0.18267928975423153
ExpertEdit_B0_D2,tau800,1084,1,1,0,0,0,not_converged,-6.319120407104492,-6.345887718,0.02676731089550799
ExpertEdit_B0_D2,tau800,1085,1,1,0,0,0,not_converged,-7.5887956619262695,-8.311426695833333,0.7226310339070636
ExpertEdit_B0_D2,tau800,1086,1,1,0,0,0,not_converged,-8.5802640914917,-8.795507097239563,0.2152430057478636
ExpertEdit_B0_D2,tau800,1087,1,1,0,0,0,not_converged,-4.5884246826171875,-4.716940807865228,0.12851612524804068
ExpertEdit_B0_D2,tau800,1088,1,1,0,0,0,not_converged,-5.480321407318115,-5.5126637060000006,0.03234229868188532
ExpertEdit_B0_D2,tau800,1089,1,1,0,1,1,verified,-4.372589111328125,-4.431323465,0.058734353671875184
ExpertEdit_B0_D2,tau800,1090,0,1,0,0,0,not_converged,-6.886645317077637,-7.071142149857135,0.18449683277949802
ExpertEdit_B0_D2,tau800,1091,1,1,0,1,0,not_converged,-3.5035006999969482,-3.5262108225,0.02271012250305171
ExpertEdit_B0_D2,tau800,1092,1,1,0,1,0,not_converged,-7.602275371551514,-7.6657712326071366,0.06349586105562288
ExpertEdit_B0_D2,tau800,1093,1,1,0,0,1,verified,-2.9135212898254395,-3.0256864379375,0.11216514811206046
ExpertEdit_B0_D2,tau800,1094,1,1,0,0,1,verified,-7.390382766723633,-7.523973682857157,0.13359091613352447
ExpertEdit_B0_D2,tau800,1095,1,1,0,0,1,verified,-3.697502851486206,-3.8632837685714287,0.1657809170852227
ExpertEdit_B0_D2,tau800,1096,1,1,0,0,0,not_converged,-7.865293502807617,-8.105400348611118,0.24010684580350095
ExpertEdit_B0_D2,tau800,1097,1,1,0,1,0,not_converged,-6.330066680908203,-6.402096247000001,0.072029566091798
ExpertEdit_B0_D2,tau800,1098,1,1,0,0,0,not_converged,-6.720188617706299,-6.851100028125,0.13091141041870102
ExpertEdit_B0_D2,tau800,1099,1,1,0,0,0,not_converged,-5.780437469482422,-6.211547880000001,0.43111041051757937
ExpertEdit_B0_D2,tau800,1100,1,1,0,1,0,not_converged,-8.248641014099121,-8.263819596190482,0.015178582091360582
ExpertEdit_B0_D2,tau800,1101,1,1,0,0,1,verified,-4.745464324951172,-4.925609181523438,0.18014485657226587
ExpertEdit_B0_D2,tau800,1102,1,1,0,1,1,verified,-6.090397357940674,-6.104678437142866,0.014281079202191904
ExpertEdit_B0_D2,tau800,1103,1,1,0,0,0,not_converged,-4.499790191650391,-4.660141724285718,0.1603515326353273
ExpertEdit_B0_D2,tau800,1104,1,1,0,1,1,verified,-5.535737037658691,-5.602128389135802,0.06639135147711084
ExpertEdit_B0_D2,tau800,1105,1,1,0,0,0,not_converged,-5.788306713104248,-5.804653234,0.016346520895751837
ExpertEdit_B0_D2,tau800,1106,1,1,0,1,1,verified,-8.494681358337402,-8.513917481250001,0.019236122912598574
ExpertEdit_B0_D2,tau800,1107,1,1,0,0,0,not_converged,-6.988515853881836,-7.125862983999999,0.13734713011816346
ExpertEdit_B0_D2,tau800,1108,0,1,0,0,0,not_converged,-8.15536880493164,-8.37788647211111,0.22251766717946886
ExpertEdit_B0_D2,tau800,1109,1,1,0,0,0,not_converged,-5.181751728057861,-5.2885161825,0.10676445444213911
ExpertEdit_B0_D2,tau800,1110,1,1,0,0,1,verified,-6.517372131347656,-6.641094936730768,0.12372280538311209
ExpertEdit_B0_D2,tau800,1111,1,1,0,0,1,verified,-3.1300864219665527,-3.278537474166667,0.14845105220011412
ExpertEdit_B0_D2,tau800,1112,1,1,0,1,0,not_converged,-4.7706499099731445,-4.809366564285714,0.03871665431256943
ExpertEdit_B0_D2,tau800,1113,1,1,0,0,0,not_converged,-4.488491535186768,-4.594201310378788,0.10570977519202085
ExpertEdit_B0_D2,tau800,1114,1,1,0,1,0,not_converged,-5.841766834259033,-5.9005273467000015,0.05876051244096825
ExpertEdit_B0_D2,tau800,1115,1,1,0,0,0,not_converged,-4.235299587249756,-4.3548616225,0.11956203525024378
ExpertEdit_B0_D2,tau800,1116,1,1,1,1,1,verified,-4.777343273162842,-4.743154838124999,-0.034188435037842524
ExpertEdit_B0_D2,tau800,1117,1,1,0,0,1,verified,-6.339194297790527,-6.578242425,0.23904812720947266
ExpertEdit_B0_D2,tau800,1118,1,1,0,1,0,not_converged,-8.201374053955078,-8.2388825805,0.037508526544922205
ExpertEdit_B0_D2,tau800,1119,1,1,0,0,0,not_converged,-6.407420635223389,-6.686052480689658,0.2786318454662693
ExpertEdit_B0_D2,tau800,1120,1,1,0,1,0,not_converged,-4.53070068359375,-4.53840997,0.0077092864062500155
ExpertEdit_B0_D2,tau800,1121,1,1,0,0,0,not_converged,-8.215705871582031,-8.570681207777774,0.35497533619574284
ExpertEdit_B0_D2,tau800,1122,1,1,0,1,1,verified,-3.8838539123535156,-3.8867623265,0.0029084141464843505
ExpertEdit_B0_D2,tau800,1123,1,1,0,1,0,not_converged,-4.7052507400512695,-4.789967024444445,0.08471628439317591
ExpertEdit_B0_D2,tau800,1124,1,1,0,0,0,not_converged,-7.509592533111572,-8.269795762222222,0.7602032291106493
ExpertEdit_B0_D2,tau800,1125,1,1,0,0,0,not_converged,-5.458436012268066,-5.4618606977777775,0.0034246855097110895
ExpertEdit_B0_D2,tau800,1126,1,1,0,0,1,verified,-3.468538761138916,-3.533220957,0.06468219586108415
ExpertEdit_B0_D2,tau800,1127,1,1,0,1,0,not_converged,-5.94984245300293,-6.017627596999999,0.06778514399706914
ExpertEdit_B0_D2,tau800,1128,1,1,0,0,1,verified,-4.079957008361816,-4.188327623333334,0.10837061497151801
ExpertEdit_B0_D2,tau800,1129,1,1,0,1,1,verified,-4.53782320022583,-4.56992271,0.03209950977417009
ExpertEdit_B0_D2,tau800,1130,1,1,0,0,0,not_converged,-5.388743877410889,-5.5842205655555555,0.1954766881446668
ExpertEdit_B0_D2,tau800,1131,1,1,0,0,0,not_converged,-4.72254753112793,-5.099868397500002,0.37732086637207196
ExpertEdit_B0_D2,tau800,1132,1,1,0,1,0,not_converged,-9.021639823913574,-9.038832954,0.017193130086425867
ExpertEdit_B0_D2,tau800,1133,1,1,0,0,0,not_converged,-7.008780002593994,-7.032730970526315,0.0239509679323211
ExpertEdit_B0_D2,tau800,1134,1,1,0,0,1,verified,-6.89927864074707,-7.205808006249994,0.3065293655029233
ExpertEdit_B0_D2,tau800,1135,1,1,0,0,0,not_converged,-6.094011306762695,-6.2677870565,0.17377574973730425
ExpertEdit_B0_D2,tau800,1136,1,1,0,0,1,verified,-4.989356517791748,-5.0088445724999975,0.019488054708249436
ExpertEdit_B0_D2,tau800,1137,1,1,0,1,0,not_converged,-7.377738952636719,-7.440291984583329,0.0625530319466101
ExpertEdit_B0_D2,tau800,1138,1,1,0,0,0,not_converged,-6.447082996368408,-6.757431147999992,0.310348151631584
ExpertEdit_B0_D2,tau800,1139,1,1,0,0,1,verified,-7.029494285583496,-7.640289121666665,0.6107948360831692
ExpertEdit_B0_D2,tau800,1140,1,1,1,1,0,not_converged,-3.829566478729248,-3.824484182499999,-0.005082296229248939
ExpertEdit_B0_D2,tau800,1141,1,1,0,1,0,not_converged,-2.7459163665771484,-2.771590186666667,0.02567382008951835
ExpertEdit_B0_D2,tau800,1142,1,1,0,0,0,not_converged,-6.815433025360107,-6.948817144869791,0.13338411950968343
ExpertEdit_B0_D2,tau800,1143,1,1,1,1,0,not_converged,-7.207972526550293,-7.195145645277776,-0.012826881272516744
ExpertEdit_B0_D2,tau800,1144,1,1,0,1,0,not_converged,-6.643960952758789,-6.691883268095243,0.047922315336453636
ExpertEdit_B0_D2,tau800,1145,0,1,0,0,0,not_converged,-5.085623741149902,-5.287064008571429,0.20144026742152654
ExpertEdit_B0_D2,tau800,1146,1,1,0,0,0,not_converged,-8.08140754699707,-8.1998463685,0.11843882150292906
ExpertEdit_B0_D2,tau800,1147,1,1,0,1,1,verified,-1.9935507774353027,-2.0761423783333335,0.08259160089803075
ExpertEdit_B0_D2,tau800,1148,0,1,0,1,1,verified,-2.4744338989257812,-2.538820911666667,0.06438701274088565
ExpertEdit_B0_D2,tau800,1149,1,1,0,0,1,verified,-3.6831092834472656,-3.809834463999999,0.12672518055273319
ExpertEdit_B0_D2,tau800,1150,1,1,1,1,0,not_converged,-8.073724746704102,-7.857408234000008,-0.21631651270409336
ExpertEdit_B0_D2,tau800,1151,1,1,0,0,0,not_converged,-6.982607841491699,-7.109493575833331,0.12688573434163164
ExpertEdit_B0_D2,tau800,1152,1,1,0,0,0,not_converged,-9.059318542480469,-9.574989949805556,0.5156714073250868
ExpertEdit_B0_D2,tau800,1153,0,1,0,0,0,not_converged,-9.259531021118164,-9.384648227960518,0.12511720684235428
ExpertEdit_B0_D2,tau800,1154,1,1,0,0,1,verified,-6.189431190490723,-6.76411168473611,0.5746804942453876
ExpertEdit_B0_D2,tau800,1155,1,1,0,0,0,not_converged,-8.089548110961914,-8.117298315999996,0.027750205038081788
ExpertEdit_B0_D2,tau800,1156,1,1,0,0,1,verified,-4.7173662185668945,-4.725831525000007,0.00846530643311283
ExpertEdit_B0_D2,tau800,1157,0,1,0,1,0,not_converged,-5.347367286682129,-5.379459846666666,0.03209255998453742
ExpertEdit_B0_D2,tau800,1158,1,1,0,1,1,verified,-7.242910385131836,-7.321609651666666,0.07869926653483006
ExpertEdit_B0_D2,tau800,1159,0,1,0,0,0,not_converged,-6.439902305603027,-6.457483203333333,0.0175808977303058
ExpertEdit_B0_D2,tau800,1160,1,1,1,1,1,verified,-5.385364532470703,-5.258215639583335,-0.12714889288736853
ExpertEdit_B0_D2,tau800,1161,0,1,0,0,1,verified,-4.807523727416992,-5.408773900833333,0.6012501734163411
ExpertEdit_B0_D2,tau800,1162,0,1,0,0,1,verified,-3.9339942932128906,-4.0382198012962975,0.10422550808340691
ExpertEdit_B0_D2,tau800,1163,1,1,0,1,0,not_converged,-11.21749496459961,-11.301092835,0.08359787040039102
ExpertEdit_B0_D2,tau800,1164,1,1,0,1,0,not_converged,-7.542922019958496,-7.592791765,0.04986974504150421
ExpertEdit_B0_D2,tau800,1165,1,1,0,0,0,not_converged,-7.856584548950195,-7.965704847276791,0.10912029832659531
ExpertEdit_B0_D2,tau800,1166,1,1,0,0,0,not_converged,-5.160834312438965,-5.2637038527083355,0.10286954026937067
ExpertEdit_B0_D2,tau800,1167,0,0,0,0,0,generation_failure,,,
ExpertEdit_B0_D2,tau800,1168,1,1,1,1,1,verified,-7.0233588218688965,-6.975403875555555,-0.047954946313341296
ExpertEdit_B0_D2,tau800,1169,1,1,0,0,0,not_converged,-4.158232688903809,-4.3705370659375,0.21230437703369098
ExpertEdit_B0_D2,tau800,1170,0,1,0,1,0,not_converged,-6.54400110244751,-6.627709356333334,0.08370825388582404
ExpertEdit_B0_D2,tau800,1171,1,1,1,1,0,not_converged,-5.807329177856445,-5.798954658750001,-0.008374519106443934
ExpertEdit_B0_D2,tau800,1172,1,1,0,0,1,verified,-6.939742088317871,-7.6632517827500015,0.7235096944321304
ExpertEdit_B0_D2,tau800,1173,1,1,0,0,0,not_converged,-6.039789199829102,-6.347517322532045,0.3077281227029438
ExpertEdit_B0_D2,tau800,1174,0,1,0,0,0,not_converged,-7.029967308044434,-7.810987893777778,0.7810205857333443
ExpertEdit_B0_D2,tau800,1175,1,1,0,1,0,not_converged,-7.077300548553467,-7.159469123333333,0.08216857477986661
ExpertEdit_B0_D2,tau800,1176,1,1,0,0,0,not_converged,-3.809601068496704,,
ExpertEdit_B0_D2,tau800,1177,1,1,0,0,0,not_converged,-6.7472710609436035,-7.014487173999997,0.2672161130563939
ExpertEdit_B0_D2,tau800,1178,1,1,0,1,1,verified,-2.6786417961120605,-2.767568409358974,0.08892661324691353
ExpertEdit_B0_D2,tau800,1179,1,1,1,1,0,not_converged,-5.221967697143555,-5.197016557121214,-0.024951140022341
ExpertEdit_B0_D2,tau800,1180,1,1,0,1,1,verified,-4.807199954986572,-4.8757086875640905,0.06850873257751822
ExpertEdit_B0_D2,tau800,1181,1,1,0,1,0,not_converged,-6.390398979187012,-6.440790730833333,0.05039175164632148
ExpertEdit_B0_D2,tau800,1182,1,1,0,0,1,verified,-4.074976921081543,,
ExpertEdit_B0_D2,tau800,1183,1,1,0,0,1,verified,-8.388681411743164,-8.5724906125,0.18380920075683527
ExpertEdit_B0_D2,tau800,1184,1,1,0,1,1,verified,-2.9524686336517334,-2.990478318,0.03800968434826668
ExpertEdit_B0_D2,tau800,1185,0,0,0,0,0,generation_failure,,,
ExpertEdit_B0_D2,tau800,1186,1,1,0,1,0,not_converged,-7.539595127105713,-7.6180084665624985,0.07841333945678564
ExpertEdit_B0_D2,tau800,1187,1,1,0,0,1,verified,-4.196658134460449,-4.4132147106250015,0.21655657616455226
ExpertEdit_B0_D2,tau800,1188,1,1,0,0,0,not_converged,-7.360225200653076,-7.557986012214286,0.19776081156120995
ExpertEdit_B0_D2,tau800,1189,0,1,0,0,1,verified,-5.647410869598389,-5.75735764095238,0.10994677135399122
ExpertEdit_B0_D2,tau800,1190,0,0,0,0,0,generation_failure,,,
ExpertEdit_B0_D2,tau800,1191,1,1,0,1,1,verified,-4.575578689575195,-4.64604289625,0.07046420667480469
ExpertEdit_B0_D2,tau800,1192,1,1,0,0,1,verified,-5.698348522186279,-5.688423213,-0.009925309186279208
ExpertEdit_B0_D2,tau800,1193,1,1,0,0,0,not_converged,-7.0254435539245605,-7.253974938333334,0.22853138440877352
ExpertEdit_B0_D2,tau800,1194,0,1,0,0,0,not_converged,-8.198018074035645,-8.367905796333329,0.169887722297684
ExpertEdit_B0_D2,tau800,1195,1,1,0,0,1,verified,-4.0141448974609375,-4.196917323125,0.18277242566406215
ExpertEdit_B0_D2,tau800,1196,1,1,0,1,0,not_converged,-2.38919997215271,-2.43111766,0.04191768784729
ExpertEdit_B0_D2,tau800,1197,1,1,0,0,1,verified,-3.1166648864746094,-3.3116867870833335,0.19502190060872415
ExpertEdit_B0_D2,tau800,1198,1,1,0,1,0,not_converged,-8.107161521911621,-8.174820348157901,0.06765882624628006
ExpertEdit_B0_D2,tau800,1199,1,1,0,1,0,not_converged,-5.478878974914551,-5.546787611472224,0.06790863655767332
