sample_idx,formula,reference_native:terminal_status,reference_native:terminal_verified,reference_native:official_hull_status,reference_native:e_above_hull_eV_atom,reference_native:strict_stable,reference_native:meta_stable,reference_native:strict_sun,reference_native:meta_sun,reference_native:verified_strict_sun,reference_native:verified_meta_sun,reference_tau:terminal_status,reference_tau:terminal_verified,reference_tau:official_hull_status,reference_tau:e_above_hull_eV_atom,reference_tau:strict_stable,reference_tau:meta_stable,reference_tau:strict_sun,reference_tau:meta_sun,reference_tau:verified_strict_sun,reference_tau:verified_meta_sun,k4_native:terminal_status,k4_native:terminal_verified,k4_native:official_hull_status,k4_native:e_above_hull_eV_atom,k4_native:strict_stable,k4_native:meta_stable,k4_native:strict_sun,k4_native:meta_sun,k4_native:verified_strict_sun,k4_native:verified_meta_sun,k4_tau:terminal_status,k4_tau:terminal_verified,k4_tau:official_hull_status,k4_tau:e_above_hull_eV_atom,k4_tau:strict_stable,k4_tau:meta_stable,k4_tau:strict_sun,k4_tau:meta_sun,k4_tau:verified_strict_sun,k4_tau:verified_meta_sun,k8_native:terminal_status,k8_native:terminal_verified,k8_native:official_hull_status,k8_native:e_above_hull_eV_atom,k8_native:strict_stable,k8_native:meta_stable,k8_native:strict_sun,k8_native:meta_sun,k8_native:verified_strict_sun,k8_native:verified_meta_sun,k8_tau:terminal_status,k8_tau:terminal_verified,k8_tau:official_hull_status,k8_tau:e_above_hull_eV_atom,k8_tau:strict_stable,k8_tau:meta_stable,k8_tau:strict_sun,k8_tau:meta_sun,k8_tau:verified_strict_sun,k8_tau:verified_meta_sun
0,O8K8Zn4,invalid_terminal,False,known,2.8048793282181395,False,False,False,False,False,False,not_converged,False,known,-0.00443706849511738,True,True,True,True,False,False,invalid_terminal,False,known,1.5804888214737547,False,False,False,False,False,False,not_converged,False,known,0.07988586088720684,False,True,False,True,False,False,generation_failure,False,input_not_reconstructed,,False,False,False,False,False,False,generation_failure,False,input_not_reconstructed,,False,False,False,False,False,False
1,PrPu,verified,True,known,0.29840272792480427,False,False,False,False,False,False,verified,True,known,0.2686700237622066,False,False,False,False,False,False,verified,True,known,0.29840272792480427,False,False,False,False,False,False,verified,True,known,0.2686700237622066,False,False,False,False,False,False,verified,True,known,0.29840272792480427,False,False,False,False,False,False,verified,True,known,0.2686700237622066,False,False,False,False,False,False
2,O4MgZnSr,not_converged,False,known,0.45269377534964494,False,False,False,False,False,False,not_converged,False,known,0.401222541981725,False,False,False,False,False,False,not_converged,False,known,0.3827274591265004,False,False,False,False,False,False,not_converged,False,known,0.23102791612723284,False,False,False,False,False,False,not_converged,False,known,0.3827279359636586,False,False,False,False,False,False,not_converged,False,known,0.22950156038382463,False,False,False,False,False,False
3,O7Cu2Sr2Ba2,not_converged,False,known,0.21973406526340078,False,False,False,False,False,False,not_converged,False,known,0.11345373842013906,False,False,False,False,False,False,invalid_terminal,False,known,4.934425704209934,False,False,False,False,False,False,verified,True,known,0.09591662141574453,False,True,False,True,False,True,invalid_terminal,False,known,3.0547677204300268,False,False,False,False,False,False,not_converged,False,known,0.06943451616061758,False,True,False,True,False,False
4,P4Se8Ag4,not_converged,False,known,4.670370440660401,False,False,False,False,False,False,verified,True,known,0.05263410109130895,False,True,False,True,False,True,not_converged,False,known,4.918289046464844,False,False,False,False,False,False,verified,True,known,0.0923150588854984,False,True,False,True,False,True,not_converged,False,known,2.6287888099536136,False,False,False,False,False,False,verified,True,known,0.06704268950073278,False,True,False,True,False,True
5,O8Cr4Ag4,not_converged,False,known,0.32056847132689104,False,False,False,False,False,False,verified,True,known,0.20602312602049455,False,False,False,False,False,False,invalid_terminal,False,known,1.5265130094433461,False,False,False,False,False,False,not_converged,False,known,0.4230889371777211,False,False,False,False,False,False,not_converged,False,known,0.36237946070677385,False,False,False,False,False,False,not_converged,False,known,0.259439378156725,False,False,False,False,False,False
6,Cu3In3Pr3,not_converged,False,known,0.0835668052969023,False,True,False,True,False,False,not_converged,False,known,0.08468641894436324,False,True,False,True,False,False,not_converged,False,known,0.11474718707180465,False,False,False,False,False,False,not_converged,False,known,-0.0180419479074434,True,True,False,False,False,False,verified,True,known,0.2114654983816191,False,False,False,False,False,False,not_converged,False,known,-0.01807532650851762,True,True,False,False,False,False
7,S8Cu4Ho4,invalid_terminal,False,known,0.9659117974523816,False,False,False,False,False,False,not_converged,False,known,0.03253500835936407,False,True,False,True,False,False,invalid_terminal,False,known,1.0655826844457899,False,False,False,False,False,False,verified,True,known,0.04100029842894415,False,True,False,True,False,True,not_converged,False,known,4.544598988461903,False,False,False,False,False,False,not_converged,False,known,0.022374562192371883,False,True,False,True,False,False
8,Ni4Sn8,invalid_terminal,False,known,5.052023825373942,False,False,False,False,False,False,not_converged,False,known,0.04581159087687148,False,True,False,True,False,False,invalid_terminal,False,known,6.1459187838700355,False,False,False,False,False,False,not_converged,False,known,0.06991713973551406,False,True,False,True,False,False,verified,True,known,0.021305498805338274,False,True,False,True,False,True,not_converged,False,known,0.008060869899088274,False,True,False,True,False,False
9,O8KBa3Bi3,invalid_terminal,False,known,5.4885648477001485,False,False,False,False,False,False,verified,True,known,0.0851343858166036,False,True,False,True,False,True,not_converged,False,known,0.09816396116450399,False,True,False,True,False,False,verified,True,known,0.08325326322749227,False,True,False,True,False,True,invalid_terminal,False,known,4.805286763898879,False,False,False,False,False,False,not_converged,False,known,0.09880292295649618,False,True,False,True,False,False
10,Cu2In2Ce2,verified,True,known,0.5865544437859427,False,False,False,False,False,False,not_converged,False,known,0.08936110729912627,False,True,False,True,False,False,verified,True,known,0.05624428982476104,False,True,False,True,False,True,verified,True,known,0.09264794583062042,False,True,False,True,False,True,not_converged,False,known,0.05777016873101104,False,True,False,True,False,False,not_converged,False,known,0.09301511044243682,False,True,False,True,False,False
11,O2P2As2,verified,True,known,0.33921734262133807,False,False,False,False,False,False,not_converged,False,known,0.18097750116015643,False,False,False,False,False,False,not_converged,False,known,8.435043014770997,False,False,False,False,False,False,not_converged,False,known,0.5014487879338381,False,False,False,False,False,False,verified,True,known,0.5119377749028322,False,False,False,False,False,False,not_converged,False,known,0.32479587960864276,False,False,False,False,False,False
12,CuPd,not_converged,False,known,0.3034191456079105,False,False,False,False,False,False,verified,True,known,-0.008189168906249655,True,True,False,False,False,False,not_converged,False,known,0.3032203045129398,False,False,False,False,False,False,verified,True,known,-0.008190122580566062,True,True,False,False,False,False,not_converged,False,known,-0.007016149497069968,True,True,True,True,False,False,verified,True,known,-0.008190122580566062,True,True,False,False,False,False
13,NaCl,not_converged,False,known,0.029909412986450334,False,True,False,True,False,False,not_converged,False,known,0.028461020118408342,False,True,False,True,False,False,not_converged,False,known,0.02914718878906264,False,True,False,True,False,False,not_converged,False,known,0.028459589606933733,False,True,False,True,False,False,not_converged,False,known,0.02914718878906264,False,True,False,True,False,False,not_converged,False,known,0.028459828025512834,False,True,False,True,False,False
14,O8P2Co2,not_converged,False,known,0.2745642329939786,False,False,False,False,False,False,verified,True,known,0.06342646138753327,False,True,False,True,False,True,invalid_terminal,False,known,1.3103298808821622,False,False,False,False,False,False,not_converged,False,known,0.09152075307454499,False,True,False,True,False,False,not_converged,False,known,0.5118713046797696,False,False,False,False,False,False,verified,True,known,0.07502552526082429,False,True,False,True,False,True
15,Si6Cr2Y,verified,True,known,0.2228267645716695,False,False,False,False,False,False,verified,True,known,0.23452310322523395,False,False,False,False,False,False,invalid_terminal,False,known,2.176985547530654,False,False,False,False,False,False,not_converged,False,known,0.18482236622572223,False,False,False,False,False,False,invalid_terminal,False,known,5.8236897444605855,False,False,False,False,False,False,not_converged,False,known,0.2420685744166402,False,False,False,False,False,False
16,Sb6Yb8,not_converged,False,official_cache_unresolved,,False,False,False,False,False,False,verified,True,official_cache_unresolved,,False,False,False,False,False,False,not_converged,False,official_cache_unresolved,,False,False,False,False,False,False,verified,True,official_cache_unresolved,,False,False,False,False,False,False,verified,True,official_cache_unresolved,,False,False,False,False,False,False,verified,True,official_cache_unresolved,,False,False,False,False,False,False
17,P4Cu4Sr4,invalid_terminal,False,known,2.8539679460359677,False,False,False,False,False,False,verified,True,known,0.27874545381795013,False,False,False,False,False,False,invalid_terminal,False,known,3.661050122244464,False,False,False,False,False,False,not_converged,False,known,0.1024563722444638,False,False,False,False,False,False,invalid_terminal,False,known,2.6839256696535214,False,False,False,False,False,False,not_converged,False,known,0.02754334734212005,False,True,False,False,False,False
18,Li4NTe,not_converged,False,known,0.2896780161254888,False,False,False,False,False,False,not_converged,False,known,0.17006651443176324,False,False,False,False,False,False,not_converged,False,known,0.13419930022888238,False,False,False,False,False,False,not_converged,False,known,0.15744844955139214,False,False,False,False,False,False,verified,True,known,0.4041296629302984,False,False,False,False,False,False,not_converged,False,known,0.11863748115234429,False,False,False,False,False,False
19,O3F9Mn6,invalid_terminal,False,known,1.819688920565171,False,False,False,False,False,False,verified,True,known,0.07266390759520025,False,True,False,True,False,True,not_converged,False,known,0.15374625165037603,False,False,False,False,False,False,not_converged,False,known,0.06591952282957525,False,True,False,True,False,False,invalid_terminal,False,known,1.382994298525376,False,False,False,False,False,False,not_converged,False,known,0.10776913601927252,False,False,False,False,False,False
20,O6NaZnBaOs,not_converged,False,known,0.2487134186420885,False,False,False,False,False,False,not_converged,False,known,0.056028768220945935,False,True,False,True,False,False,not_converged,False,known,0.19106952826122914,False,False,False,False,False,False,not_converged,False,known,0.05571262518505726,False,True,False,True,False,False,verified,True,known,0.21895973364452992,False,False,False,False,False,False,not_converged,False,known,0.055715963045164685,False,True,False,True,False,False
21,YPd3,verified,True,known,0.03349178052612345,False,True,False,True,False,True,verified,True,known,0.0354072353906254,False,True,False,False,False,False,not_converged,False,known,0.03451221204467814,False,True,False,True,False,False,verified,True,known,0.035407712227783605,False,True,False,False,False,False,not_converged,False,known,0.03451221204467814,False,True,False,True,False,False,verified,True,known,0.0354072353906254,False,True,False,False,False,False
22,LiF2Te,not_converged,False,known,0.16816057165527276,False,False,False,False,False,False,not_converged,False,known,0.4710403819885247,False,False,False,False,False,False,not_converged,False,known,0.16816152532958917,False,False,False,False,False,False,not_converged,False,known,0.47087921102905206,False,False,False,False,False,False,not_converged,False,known,0.21742643316650323,False,False,False,False,False,False,not_converged,False,known,0.47104419668579034,False,False,False,False,False,False
23,H8Li8C4,not_converged,False,known,0.3640320299976807,False,False,False,False,False,False,not_converged,False,known,0.29926633824047855,False,False,False,False,False,False,invalid_terminal,False,known,0.3096523283833008,False,False,False,False,False,False,invalid_raw,False,known,,False,False,False,False,False,False,not_converged,False,known,0.4124145506733399,False,False,False,False,False,False,not_converged,False,known,0.2812862395161133,False,False,False,False,False,False
24,O8Ti2Gd4,invalid_terminal,False,known,1.9471980343753472,False,False,False,False,False,False,not_converged,False,known,0.20242130860630425,False,False,False,False,False,False,invalid_terminal,False,known,4.614868284314312,False,False,False,False,False,False,not_converged,False,known,0.17782509431187066,False,False,False,False,False,False,verified,True,known,0.3352557431155816,False,False,False,False,False,False,not_converged,False,known,0.1758500348025933,False,False,False,False,False,False
25,F6S3Y4,invalid_terminal,False,known,7.455197295790358,False,False,False,False,False,False,not_converged,False,known,0.0637611957842541,False,True,False,True,False,False,invalid_terminal,False,known,2.3846611591631603,False,False,False,False,False,False,not_converged,False,known,0.06928249323908808,False,True,False,True,False,False,not_converged,False,known,0.1416258426958752,False,False,False,False,False,False,verified,True,known,0.08451648676936152,False,True,False,True,False,True
26,O6Ba2PrTa,invalid_terminal,False,known,0.3144297415605468,False,False,False,False,False,False,not_converged,False,known,0.01862667149218744,False,True,False,False,False,False,not_converged,False,known,0.112248879133789,False,False,False,False,False,False,verified,True,known,0.01841877049121088,False,True,False,False,False,False,not_converged,False,known,0.1972861105791015,False,False,False,False,False,False,not_converged,False,known,0.018673401533691347,False,True,False,False,False,False
27,Li4Si8Cs4,not_converged,False,known,1.128413808774472,False,False,False,False,False,False,verified,True,known,0.07289994997930593,False,True,False,True,False,True,invalid_terminal,False,known,1.8193677787299163,False,False,False,False,False,False,verified,True,known,0.01467336459112234,False,True,False,True,False,True,invalid_terminal,False,known,4.200594556760311,False,False,False,False,False,False,verified,True,known,0.03217519564580984,False,True,False,True,False,True
28,Li2O12Gd4Ta2,invalid_terminal,False,known,4.9024021884424585,False,False,False,False,False,False,not_converged,False,known,0.021055962703933062,False,True,False,True,False,False,invalid_terminal,False,known,0.24289109911750728,False,False,False,False,False,False,not_converged,False,known,0.021565224788894,False,True,False,True,False,False,not_converged,False,known,0.14733865465949947,False,False,False,False,False,False,not_converged,False,known,0.021490838192214312,False,True,False,True,False,False
29,O8Rb4Mo2,verified,True,known,0.972323851473563,False,False,False,False,False,False,not_converged,False,known,0.07119651306413921,False,True,False,True,False,False,invalid_terminal,False,known,1.715020613558524,False,False,False,False,False,False,verified,True,known,0.3115629719569615,False,False,False,False,False,False,invalid_terminal,False,known,1.5321831272914341,False,False,False,False,False,False,not_converged,False,known,0.03938384521745952,False,True,False,True,False,False
30,Si6Co8Ba4,invalid_terminal,False,known,0.3741596401323788,False,False,False,False,False,False,not_converged,False,known,0.17467004662651942,False,False,False,False,False,False,not_converged,False,known,0.17949611550469324,False,False,False,False,False,False,verified,True,known,0.18250591164727137,False,False,False,False,False,False,invalid_terminal,False,known,0.49059039956231043,False,False,False,False,False,False,not_converged,False,known,0.156356161891412,False,False,False,False,False,False
31,CuPdBi,not_converged,False,known,0.1529327054182943,False,False,False,False,False,False,not_converged,False,known,0.34887844516438804,False,False,False,False,False,False,not_converged,False,known,0.15311008884114585,False,False,False,False,False,False,not_converged,False,known,0.34887892200154624,False,False,False,False,False,False,not_converged,False,known,0.1529198308150228,False,False,False,False,False,False,not_converged,False,known,0.3488417287032064,False,False,False,False,False,False
32,O8NaV2Fe,invalid_terminal,False,known,3.5549320490043126,False,False,False,False,False,False,verified,True,known,0.26270287343668564,False,False,False,False,False,False,not_converged,False,known,8.182036808220621,False,False,False,False,False,False,verified,True,known,0.1986579210441075,False,False,False,False,False,False,invalid_terminal,False,known,3.1204442293326817,False,False,False,False,False,False,not_converged,False,known,0.12537901708292587,False,False,False,False,False,False
33,NaAu2Tl,verified,True,known,0.1274608949479168,False,False,False,False,False,False,verified,True,known,0.09695452249613457,False,True,False,True,False,True,verified,True,known,0.127461371785075,False,False,False,False,False,False,verified,True,known,0.0969442704972332,False,True,False,True,False,True,not_converged,False,known,0.08882802522745781,False,True,False,True,False,False,verified,True,known,0.0969445089158123,False,True,False,True,False,True
34,MgGa3,not_converged,False,known,0.05888999134887696,False,True,False,True,False,False,verified,True,known,0.05014408261169434,False,True,False,False,False,False,not_converged,False,known,0.061633235520019536,False,True,False,True,False,False,verified,True,known,0.050158626145019536,False,True,False,False,False,False,verified,True,known,0.057005054062500005,False,True,False,True,False,True,not_converged,False,known,0.08374894291748047,False,True,False,True,False,False
35,NiGa3Tb,not_converged,False,known,0.01716272727098822,False,True,False,True,False,False,verified,True,known,-0.003286911095710998,True,True,True,True,True,True,not_converged,False,known,0.031540321265128846,False,True,False,True,False,False,verified,True,known,-0.0030971299067461544,True,True,True,True,True,True,verified,True,known,0.025081561957267517,False,True,False,True,False,True,verified,True,known,-0.0030966530695879513,True,True,True,True,True,True
36,O8AlKMo2,invalid_terminal,False,known,1.7271873656583523,False,False,False,False,False,False,verified,True,known,0.009312838680813229,False,True,False,False,False,False,invalid_terminal,False,known,4.18934080041177,False,False,False,False,False,False,verified,True,known,0.009358615048000729,False,True,False,False,False,False,invalid_terminal,False,known,3.6615869704557156,False,False,False,False,False,False,not_converged,False,known,0.010966509945461667,False,True,False,False,False,False
37,C4Mn2Ta2,invalid_terminal,False,known,0.7834762722624404,False,False,False,False,False,False,not_converged,False,known,0.3174194485319717,False,False,False,False,False,False,invalid_terminal,False,known,2.873058715499745,False,False,False,False,False,False,not_converged,False,known,0.2698463589323623,False,False,False,False,False,False,invalid_terminal,False,known,2.864717879928456,False,False,False,False,False,False,not_converged,False,known,0.2611602932585342,False,False,False,False,False,False
38,Co9Y3,invalid_terminal,False,known,0.8877618284931827,False,False,False,False,False,False,not_converged,False,known,-0.007325413633282096,True,True,True,True,False,False,invalid_terminal,False,known,2.94556545932204,False,False,False,False,False,False,not_converged,False,known,-0.0073874024638485025,True,True,True,True,False,False,invalid_terminal,False,known,3.0547440024128605,False,False,False,False,False,False,not_converged,False,known,-0.007333043027813346,True,True,True,True,False,False
39,Si2AsBaTl,verified,True,known,0.2378935004234215,False,False,False,False,False,False,verified,True,known,0.24474994192122423,False,False,False,False,False,False,verified,True,known,0.2195362235069176,False,False,False,False,False,False,verified,True,known,0.13795701513289416,False,False,False,False,False,False,not_converged,False,known,9.944223322963705,False,False,False,False,False,False,verified,True,known,0.1379646445274254,False,False,False,False,False,False
40,O6Sr2InTa,not_converged,False,known,0.12701371577661114,False,False,False,False,False,False,not_converged,False,known,0.05123046306054668,False,True,False,False,False,False,invalid_terminal,False,known,2.3483825054494627,False,False,False,False,False,False,verified,True,known,0.05113509562890606,False,True,False,False,False,False,not_converged,False,known,0.2274728145925291,False,False,False,False,False,False,not_converged,False,known,0.05121949580590801,False,True,False,False,False,False
41,In3Pr3Tl3,invalid_terminal,False,known,8.84382437273397,False,False,False,False,False,False,verified,True,known,0.1065492491377773,False,False,False,False,False,False,invalid_terminal,False,known,0.6227717260970058,False,False,False,False,False,False,verified,True,known,0.02439259096516988,False,True,False,True,False,True,invalid_terminal,False,known,1.3045310835493984,False,False,False,False,False,False,verified,True,known,0.10198424860371968,False,False,False,False,False,False
42,H3N2Br,not_converged,False,known,0.9437741749022077,False,False,False,False,False,False,not_converged,False,known,0.3109120838377546,False,False,False,False,False,False,not_converged,False,known,1.0330957882139753,False,False,False,False,False,False,not_converged,False,known,0.29778475687242256,False,False,False,False,False,False,not_converged,False,known,1.0221561901304792,False,False,False,False,False,False,not_converged,False,known,0.31003518030381905,False,False,False,False,False,False
43,O8Eu4,not_converged,False,known,0.08814791892334028,False,True,False,True,False,False,not_converged,False,known,0.09111193869873091,False,True,False,True,False,False,invalid_terminal,False,known,0.5851247713403325,False,False,False,False,False,False,not_converged,False,known,0.0491483614282231,False,True,False,False,False,False,invalid_terminal,False,known,0.21837500785156294,False,False,False,False,False,False,not_converged,False,known,0.09190921042724653,False,True,False,True,False,False
44,Li2P4FeTe,not_converged,False,known,0.318440696029052,False,False,False,False,False,False,not_converged,False,known,0.27412058952270435,False,False,False,False,False,False,not_converged,False,known,0.24315907600341724,False,False,False,False,False,False,verified,True,known,0.2763068878930657,False,False,False,False,False,False,not_converged,False,known,0.3507268631738274,False,False,False,False,False,False,not_converged,False,known,0.2505371773522942,False,False,False,False,False,False
45,S4Nb2Ag2,not_converged,False,known,0.17609508514444983,False,False,False,False,False,False,verified,True,known,0.2665720748905436,False,False,False,False,False,False,verified,True,known,0.4603791999820963,False,False,False,False,False,False,not_converged,False,known,0.14684446334879553,False,False,False,False,False,False,invalid_terminal,False,known,0.3764510917667643,False,False,False,False,False,False,not_converged,False,known,0.14684923172037756,False,False,False,False,False,False
46,Bi6Th2,not_converged,False,known,7.698618599190674,False,False,False,False,False,False,not_converged,False,known,-0.00453024266723645,True,True,True,True,False,False,invalid_terminal,False,known,0.18986529947753894,False,False,False,False,False,False,verified,True,known,-0.015453151450195435,True,True,True,True,True,True,not_converged,False,known,5.64042396189209,False,False,False,False,False,False,not_converged,False,known,-0.0044620549536134035,True,True,True,True,False,False
47,F6K2YIn,verified,True,known,0.0988370208420788,False,True,False,True,False,True,not_converged,False,known,0.17516625210428582,False,False,False,False,False,False,verified,True,known,0.09244644924784051,False,True,False,True,False,True,not_converged,False,known,0.17500126644754754,False,False,False,False,False,False,not_converged,False,known,0.09970438763285028,False,True,False,True,False,False,not_converged,False,known,0.17513430401468622,False,False,False,False,False,False
48,Li2O8Fe2Rh2,invalid_terminal,False,known,4.768871142340261,False,False,False,False,False,False,not_converged,False,known,0.10266430563982176,False,False,False,False,False,False,invalid_terminal,False,known,0.8229230184083764,False,False,False,False,False,False,not_converged,False,known,0.06611139960344481,False,True,False,True,False,False,invalid_terminal,False,known,2.0142234105592554,False,False,False,False,False,False,not_converged,False,known,0.10264523215349364,False,False,False,False,False,False
49,C2K2Lu2,verified,True,known,0.8121642800253248,False,False,False,False,False,False,verified,True,known,0.5764951439779615,False,False,False,False,False,False,not_converged,False,known,1.0674462052267408,False,False,False,False,False,False,verified,True,known,0.7357053490560865,False,False,False,False,False,False,verified,True,known,0.9497127266805983,False,False,False,False,False,False,verified,True,known,0.5764932366293287,False,False,False,False,False,False
50,N2Mg2S,not_converged,False,known,0.563139417527263,False,False,False,False,False,False,not_converged,False,known,0.5633649615030931,False,False,False,False,False,False,not_converged,False,known,0.5650272158365892,False,False,False,False,False,False,not_converged,False,known,0.48844955241495835,False,False,False,False,False,False,verified,True,known,0.5609621790629076,False,False,False,False,False,False,not_converged,False,known,1.214525201676433,False,False,False,False,False,False
51,B4Rh4Dy2,invalid_terminal,False,known,0.14966768785547124,False,False,False,False,False,False,not_converged,False,known,0.06550116106103765,False,True,False,True,False,False,verified,True,known,0.07060379549096929,False,True,False,True,False,True,not_converged,False,known,-0.0336118264572729,True,True,True,True,False,False,not_converged,False,known,0.034212537251223196,False,True,False,True,False,False,not_converged,False,known,0.0654782728774439,False,True,False,True,False,False
52,Li2O8Mn3Fe,invalid_terminal,False,known,0.17532845717783552,False,False,False,False,False,False,not_converged,False,known,0.09878989440317731,False,True,False,True,False,False,invalid_terminal,False,known,0.6128208277833043,False,False,False,False,False,False,not_converged,False,known,0.09424515944834333,False,True,False,True,False,False,invalid_terminal,False,known,0.8121115801941929,False,False,False,False,False,False,verified,True,known,0.1516906855713902,False,False,False,False,False,False
53,Ge12Hf4,invalid_terminal,False,known,0.17659213478271507,False,False,False,False,False,False,verified,True,known,0.1106322043627932,False,False,False,False,False,False,invalid_terminal,False,known,2.7120752566546633,False,False,False,False,False,False,verified,True,known,0.08762004310791038,False,True,False,True,False,True,invalid_terminal,False,known,2.784044765779419,False,False,False,False,False,False,not_converged,False,known,0.07394101555053734,False,True,False,True,False,False
54,Zn2Sn8Tm2,invalid_terminal,False,known,5.007214227484491,False,False,False,False,False,False,verified,True,known,0.10733548717382213,False,False,False,False,False,False,invalid_terminal,False,known,6.975101152228143,False,False,False,False,False,False,verified,True,known,0.062275329397943224,False,True,False,True,False,True,not_converged,False,known,5.983200708197382,False,False,False,False,False,False,verified,True,known,0.05831781940343639,False,True,False,True,False,True
55,Ni4Sn4Ce4,invalid_terminal,False,known,3.340885312579956,False,False,False,False,False,False,verified,True,known,-0.003081886745605722,True,True,True,True,True,True,not_converged,False,known,0.13059368851074193,False,False,False,False,False,False,verified,True,known,-0.0021873402368166595,True,True,True,True,True,True,not_converged,False,known,0.5257228923071287,False,False,False,False,False,False,not_converged,False,known,0.03400460007080053,False,True,False,True,False,False
56,O6Cl2Ba4Nd2,verified,True,known,0.1450161364791427,False,False,False,False,False,False,verified,True,known,0.0828847316024337,False,True,False,True,False,True,invalid_terminal,False,known,4.41752022774196,False,False,False,False,False,False,verified,True,known,0.2622084048507247,False,False,False,False,False,False,verified,True,known,0.06289953262782433,False,True,False,True,False,True,not_converged,False,known,0.20221990616298058,False,False,False,False,False,False
57,O12Ca4Mn2Bi2,invalid_terminal,False,known,1.0660430173151054,False,False,False,False,False,False,verified,True,known,0.04315483372135542,False,True,False,True,False,True,not_converged,False,known,0.724181769298748,False,False,False,False,False,False,verified,True,known,0.04329645435734175,False,True,False,True,False,True,invalid_terminal,False,known,1.4082862118951835,False,False,False,False,False,False,verified,True,known,0.04347526829166792,False,True,False,True,False,True
58,Sn5U,verified,True,known,0.35562432867635074,False,False,False,False,False,False,not_converged,False,known,0.0751611099873859,False,True,False,True,False,False,verified,True,known,0.07336486441243473,False,True,False,True,False,True,verified,True,known,0.07771266562093082,False,True,False,True,False,True,verified,True,known,0.07336534124959293,False,True,False,True,False,True,verified,True,known,0.07715333563435856,False,True,False,True,False,True
59,Ni4Sn2Au12,not_converged,False,known,2.9342847962057617,False,False,False,False,False,False,verified,True,known,0.13853608557343744,False,False,False,False,False,False,invalid_terminal,False,known,0.41191088148713373,False,False,False,False,False,False,not_converged,False,known,0.16711389013886713,False,False,False,False,False,False,invalid_terminal,False,known,3.2074161667501953,False,False,False,False,False,False,not_converged,False,known,0.0976365704214599,False,True,False,True,False,False
60,N2I2,not_converged,False,known,1.4441797360687252,False,False,False,False,False,False,not_converged,False,known,1.4148320779113766,False,False,False,False,False,False,verified,True,known,1.546260558059692,False,False,False,False,False,False,not_converged,False,known,-0.06067613513183634,True,True,True,True,False,False,verified,True,known,1.6821772679595943,False,False,False,False,False,False,verified,True,known,0.24199148266601522,False,False,False,False,False,False
61,O4Br2Ta2,not_converged,False,known,0.247386028483076,False,False,False,False,False,False,not_converged,False,known,0.10136800022379866,False,False,False,False,False,False,invalid_terminal,False,known,1.6682205698038768,False,False,False,False,False,False,verified,True,known,0.04087929935709944,False,True,False,True,False,True,invalid_terminal,False,known,1.3812084695841502,False,False,False,False,False,False,not_converged,False,known,0.14366440983073225,False,False,False,False,False,False
62,S8Zn2In4,invalid_terminal,False,known,2.102435474381627,False,False,False,False,False,False,verified,True,known,0.002958660111607614,False,True,False,True,False,True,not_converged,False,known,0.20662630079764277,False,False,False,False,False,False,not_converged,False,known,0.05789077757376582,False,True,False,True,False,False,invalid_terminal,False,known,0.8059805679180041,False,False,False,False,False,False,verified,True,known,0.0430258560039416,False,True,False,True,False,True
63,Ge4Ag6Sb8,verified,True,known,0.0780330682416448,False,True,False,True,False,True,verified,True,known,0.10608587509589285,False,False,False,False,False,False,not_converged,False,known,0.09004674202399343,False,True,False,True,False,False,not_converged,False,known,0.10512743240790456,False,False,False,False,False,False,invalid_terminal,False,known,5.023538210453559,False,False,False,False,False,False,not_converged,False,known,0.11699042564826101,False,False,False,False,False,False
64,Li2O8Na3CuLa2,not_converged,False,known,0.11436112246704155,False,False,False,False,False,False,not_converged,False,known,0.16928847155761773,False,False,False,False,False,False,invalid_terminal,False,known,1.6717031749267584,False,False,False,False,False,False,not_converged,False,known,0.12409575305175835,False,False,False,False,False,False,invalid_terminal,False,known,0.32783158145141655,False,False,False,False,False,False,not_converged,False,known,0.15910179934692437,False,False,False,False,False,False
65,Mg5Er,verified,True,known,0.03338184804786959,False,True,False,True,False,True,verified,True,known,0.049839167307513144,False,True,False,True,False,True,verified,True,known,0.30457225293983736,False,False,False,False,False,False,not_converged,False,known,0.050153402994769,False,True,False,True,False,False,verified,True,known,0.3116084620462827,False,False,False,False,False,False,not_converged,False,known,0.049528031061785605,False,True,False,False,False,False
66,Li2Sb2Sm2,verified,True,known,0.05126773024820874,False,True,False,True,False,True,verified,True,known,-0.02625931595540454,True,True,True,True,True,True,not_converged,False,known,7.733878718865152,False,False,False,False,False,False,verified,True,known,-0.026294125067953367,True,True,True,True,True,True,verified,True,known,0.03515969420694898,False,True,False,True,False,True,verified,True,known,-0.026346100318197507,True,True,True,True,True,True
67,Mg8Cu4Ce4,invalid_terminal,False,known,3.0896765126434325,False,False,False,False,False,False,not_converged,False,known,0.08685459034118637,False,True,False,True,False,False,invalid_terminal,False,known,2.569937123223877,False,False,False,False,False,False,verified,True,known,0.09241570369873031,False,True,False,True,False,True,invalid_terminal,False,known,0.07140935794982894,False,True,False,True,False,False,not_converged,False,known,0.09387720958862289,False,True,False,True,False,False
68,Na2K4As2,verified,True,known,0.3236186170350477,False,False,False,False,False,False,verified,True,known,0.029810633636610184,False,True,False,True,False,True,verified,True,known,0.1416146421204969,False,False,False,False,False,False,verified,True,known,-0.004356894515855636,True,True,True,True,True,True,verified,True,known,0.32607051370252815,False,False,False,False,False,False,verified,True,known,-0.004113707565172042,True,True,True,True,True,True
69,H4C12Re4,verified,True,known,0.6491275324189463,False,False,False,False,False,False,not_converged,False,known,0.6656985773408213,False,False,False,False,False,False,generation_failure,False,input_not_reconstructed,,False,False,False,False,False,False,generation_failure,False,input_not_reconstructed,,False,False,False,False,False,False,generation_failure,False,input_not_reconstructed,,False,False,False,False,False,False,generation_failure,False,input_not_reconstructed,,False,False,False,False,False,False
70,ZnGe,not_converged,False,known,0.13350866874877942,False,False,False,False,False,False,verified,True,known,0.14007280906860364,False,False,False,False,False,False,not_converged,False,known,0.14304731926147474,False,False,False,False,False,False,not_converged,False,known,0.14045523246948255,False,False,False,False,False,False,not_converged,False,known,0.14304636558715833,False,False,False,False,False,False,not_converged,False,known,0.1404478414935304,False,False,False,False,False,False
71,LiAsCd,verified,True,known,0.09083094201497355,False,True,False,True,False,True,verified,True,known,0.03218688569478312,False,True,False,False,False,False,verified,True,known,0.1846181353133134,False,False,False,False,False,False,verified,True,known,0.032175680021565345,False,True,False,False,False,False,verified,True,known,0.18461718163899699,False,False,False,False,False,False,verified,True,known,0.03218712411336222,False,True,False,False,False,False
72,F6MgSn,invalid_terminal,False,known,0.8237964905273438,False,False,False,False,False,False,not_converged,False,known,0.01714871296997078,False,True,False,False,False,False,invalid_terminal,False,known,0.14738867650146492,False,False,False,False,False,False,not_converged,False,known,0.016950825549316484,False,True,False,False,False,False,not_converged,False,known,-25.315985461376954,True,True,True,True,False,False,not_converged,False,known,0.01749632725830086,False,True,False,False,False,False
73,O4Cl2Bi2,not_converged,False,known,0.3333332487324281,False,False,False,False,False,False,not_converged,False,known,0.31916689359937145,False,False,False,False,False,False,invalid_terminal,False,known,1.2358510442951722,False,False,False,False,False,False,not_converged,False,known,0.26149057829175426,False,False,False,False,False,False,not_converged,False,known,0.3141124197224183,False,False,False,False,False,False,not_converged,False,known,0.26713585340772106,False,False,False,False,False,False
74,Cl2Ca,verified,True,known,0.08103076033569323,False,True,False,True,False,True,not_converged,False,known,0.10228816084838854,False,False,False,False,False,False,verified,True,known,0.02402678542114245,False,True,False,True,False,True,verified,True,known,0.10210457854248034,False,False,False,False,False,False,verified,True,known,0.15252295546508776,False,False,False,False,False,False,verified,True,known,0.10217753462768542,False,False,False,False,False,False
75,Cl3RbAu,verified,True,known,0.3566033873764649,False,False,False,False,False,False,not_converged,False,known,0.07457256652990729,False,True,False,False,False,False,verified,True,known,0.8007814917770997,False,False,False,False,False,False,verified,True,known,0.07393122055212409,False,True,False,False,False,False,verified,True,known,0.7995219264237061,False,False,False,False,False,False,not_converged,False,known,0.07461190559545905,False,True,False,False,False,False
76,Li2O8Ni2Sr2Hf2,not_converged,False,known,2.7856048263932305,False,False,False,False,False,False,not_converged,False,known,0.3933995880509453,False,False,False,False,False,False,invalid_terminal,False,known,6.611221662941082,False,False,False,False,False,False,not_converged,False,known,0.39071976322184376,False,False,False,False,False,False,verified,True,known,0.39209353107462697,False,False,False,False,False,False,not_converged,False,known,0.35468899387369923,False,False,False,False,False,False
77,Ag2Ce,verified,True,known,0.328282982753092,False,False,False,False,False,False,not_converged,False,known,0.04561153118448846,False,True,False,False,False,False,invalid_terminal,False,known,1.1445941037400305,False,False,False,False,False,False,not_converged,False,known,0.04560819332438104,False,True,False,False,False,False,not_converged,False,known,0.4269765919907629,False,False,False,False,False,False,not_converged,False,known,0.04451575939493768,False,True,False,False,False,False
78,C8Si6Ba4,invalid_terminal,False,known,1.0994752167315394,False,False,False,False,False,False,not_converged,False,known,0.4037597893328577,False,False,False,False,False,False,invalid_terminal,False,known,4.8450668572039515,False,False,False,False,False,False,not_converged,False,known,0.3661888359637171,False,False,False,False,False,False,invalid_terminal,False,known,4.152940583095065,False,False,False,False,False,False,verified,True,known,0.43899900899838507,False,False,False,False,False,False
79,O12Ge4Ba4,invalid_terminal,False,known,7.281146036311279,False,False,False,False,False,False,verified,True,known,0.2427706586562497,False,False,False,False,False,False,invalid_terminal,False,known,4.5693178044997556,False,False,False,False,False,False,not_converged,False,known,0.10200451485742157,False,False,False,False,False,False,invalid_terminal,False,known,2.2579746114455563,False,False,False,False,False,False,not_converged,False,known,0.08131598107446258,False,True,False,True,False,False
80,AgCe2Pt,verified,True,known,0.09812027130737278,False,True,False,True,False,True,verified,True,known,0.031134187322997775,False,True,False,True,False,True,verified,True,known,0.09812217865600559,False,True,False,True,False,True,verified,True,known,0.031134187322997775,False,True,False,True,False,True,not_converged,False,known,0.03173881683959934,False,True,False,True,False,False,verified,True,known,0.031134187322997775,False,True,False,True,False,True
81,Ge2Pr10Pb6,invalid_terminal,False,known,5.292513473296171,False,False,False,False,False,False,verified,True,known,0.20847092416286994,False,False,False,False,False,False,not_converged,False,known,3.656504256987577,False,False,False,False,False,False,verified,True,known,0.12672100808620979,False,False,False,False,False,False,verified,True,known,0.11810980584621955,False,False,False,False,False,False,verified,True,known,0.12245617654324104,False,False,False,False,False,False
82,MgSr3,verified,True,known,0.06721686881276456,False,True,False,True,False,True,verified,True,known,0.06713413756581632,False,True,False,True,False,True,verified,True,known,-0.2715734286954752,True,True,True,True,True,True,verified,True,known,0.0666352466890463,False,True,False,True,False,True,not_converged,False,known,-0.2295519157102457,True,True,True,True,False,False,verified,True,known,0.06709622901173917,False,True,False,True,False,True
83,Co7Ge2Sm2,not_converged,False,known,0.161674556848995,False,False,False,False,False,False,verified,True,known,0.1384478188729208,False,False,False,False,False,False,invalid_terminal,False,known,0.5603004075264852,False,False,False,False,False,False,not_converged,False,known,0.28056293499230556,False,False,False,False,False,False,not_converged,False,known,0.1810651398873251,False,False,False,False,False,False,not_converged,False,known,0.13766723644494228,False,False,False,False,False,False
84,F6KSbCs2,verified,True,known,0.05350856246728597,False,True,False,True,False,True,not_converged,False,known,0.016926569364258626,False,True,False,True,False,False,not_converged,False,known,0.114456934354493,False,False,False,False,False,False,not_converged,False,known,0.016963285825440266,False,True,False,True,False,False,verified,True,known,0.02045182647485433,False,True,False,True,False,True,not_converged,False,known,0.016983789823243,False,True,False,True,False,False
85,YPtBi,verified,True,known,0.08889674194864927,False,True,False,True,False,True,not_converged,False,known,0.0521888638358563,False,True,False,True,False,False,verified,True,known,0.14720248230509458,False,False,False,False,False,False,not_converged,False,known,0.05220078476481138,False,True,False,True,False,False,verified,True,known,0.14713906296305357,False,False,False,False,False,False,not_converged,False,known,0.05220173843912779,False,True,False,True,False,False
86,O8Mn2Ni2,invalid_terminal,False,known,0.6299782038358552,False,False,False,False,False,False,not_converged,False,known,0.1674347162870271,False,False,False,False,False,False,invalid_terminal,False,known,1.0612902880338533,False,False,False,False,False,False,not_converged,False,known,0.25788166529215406,False,False,False,False,False,False,not_converged,False,known,0.571372056069742,False,False,False,False,False,False,not_converged,False,known,0.14106371408976148,False,False,False,False,False,False
87,O12KNiSr4Lu2,invalid_terminal,False,known,0.789113215113499,False,False,False,False,False,False,not_converged,False,known,0.18693607201657514,False,False,False,False,False,False,invalid_terminal,False,known,2.4101378237255595,False,False,False,False,False,False,not_converged,False,known,0.16906469216428022,False,False,False,False,False,False,invalid_terminal,False,known,4.20543640008054,False,False,False,False,False,False,not_converged,False,known,0.17639129510007123,False,False,False,False,False,False
88,AlAgLu2,not_converged,False,known,-0.003687824642334192,True,True,True,True,False,False,verified,True,known,-0.005289043819580286,True,True,True,True,True,True,not_converged,False,known,-0.003110851680908411,True,True,True,True,False,False,verified,True,known,-0.005282844936523645,True,True,True,True,True,True,not_converged,False,known,-0.003110851680908411,True,True,True,True,False,False,verified,True,known,-0.005282844936523645,True,True,True,True,True,True
89,Li2O8F2P2In4,invalid_terminal,False,known,-2.707389017582469,True,True,True,True,False,False,not_converged,False,known,0.1347840819353534,False,False,False,False,False,False,not_converged,False,known,0.2940090689653827,False,False,False,False,False,False,not_converged,False,known,0.08749280309624208,False,True,False,True,False,False,verified,True,known,0.20738969182915223,False,False,False,False,False,False,verified,True,known,0.06909976339287294,False,True,False,True,False,True
90,S2Se2Eu2,verified,True,known,0.11259789407825593,False,False,False,False,False,False,not_converged,False,known,0.09362311304187898,False,True,False,True,False,False,verified,True,known,0.11392826974964265,False,False,False,False,False,False,not_converged,False,known,0.10366005838489656,False,False,False,False,False,False,verified,True,known,0.07762904108142976,False,True,False,True,False,True,not_converged,False,known,0.10240549982166414,False,False,False,False,False,False
91,O8La2Pb2,verified,True,known,0.4621039344763167,False,False,False,False,False,False,not_converged,False,known,0.16503390807861162,False,False,False,False,False,False,invalid_terminal,False,known,3.2843454791998274,False,False,False,False,False,False,not_converged,False,known,0.1135474159216292,False,False,False,False,False,False,not_converged,False,known,3.63586482543701,False,False,False,False,False,False,not_converged,False,known,0.12093982238525225,False,False,False,False,False,False
92,O12Ca4Fe2Ho2,invalid_terminal,False,known,5.373854685730957,False,False,False,False,False,False,not_converged,False,known,0.10699563116552735,False,False,False,False,False,False,invalid_terminal,False,known,4.485938120789551,False,False,False,False,False,False,not_converged,False,known,0.04780964941503907,False,True,False,True,False,False,invalid_terminal,False,known,3.5402145871591797,False,False,False,False,False,False,not_converged,False,known,0.047989417023681646,False,True,False,True,False,False
93,O2ZnSr,verified,True,known,0.10664621828613274,False,False,False,False,False,False,not_converged,False,known,0.10574642656860345,False,False,False,False,False,False,not_converged,False,known,0.10429159639892571,False,False,False,False,False,False,not_converged,False,known,0.3067852640014648,False,False,False,False,False,False,not_converged,False,known,0.1243387842041015,False,False,False,False,False,False,not_converged,False,known,0.17226521013793938,False,False,False,False,False,False
94,NaSc2As6Tl,not_converged,False,known,0.13088961915340125,False,False,False,False,False,False,verified,True,known,0.06438847855891883,False,True,False,True,False,True,verified,True,known,0.10631057099666297,False,False,False,False,False,False,not_converged,False,known,0.09441539124812781,False,True,False,True,False,False,verified,True,known,0.1528255589422196,False,False,False,False,False,False,verified,True,known,0.0547258503850907,False,True,False,True,False,True
95,O6Al2In2,not_converged,False,known,0.8458818725739743,False,False,False,False,False,False,not_converged,False,known,0.062999658981445,False,True,False,True,False,False,invalid_terminal,False,known,5.2513717941437985,False,False,False,False,False,False,not_converged,False,known,0.07183402101147429,False,True,False,True,False,False,not_converged,False,known,0.1468943885957028,False,False,False,False,False,False,not_converged,False,known,0.06309407273876921,False,True,False,True,False,False
96,CaCd2Nd,verified,True,known,0.03627787264526372,False,True,False,True,False,True,verified,True,known,0.030357939326171923,False,True,False,False,False,False,verified,True,known,0.03627834948242192,False,True,False,True,False,True,verified,True,known,0.03035722407043462,False,True,False,False,False,False,verified,True,known,0.03627739580810552,False,True,False,True,False,True,verified,True,known,0.03035603197753911,False,True,False,False,False,False
97,SrAg3,not_converged,False,known,10.141562091750489,False,False,False,False,False,False,not_converged,False,known,0.0678838366693113,False,True,False,True,False,False,not_converged,False,known,10.085282909316406,False,False,False,False,False,False,verified,True,known,0.05496655647216775,False,True,False,True,False,True,not_converged,False,known,10.08845292274414,False,False,False,False,False,False,not_converged,False,known,0.054996597213134546,False,True,False,True,False,False
98,Ni6As2,invalid_terminal,False,known,0.02658565804362034,False,True,False,True,False,False,not_converged,False,known,0.10654934212565159,False,False,False,False,False,False,invalid_terminal,False,known,1.7889676885306809,False,False,False,False,False,False,not_converged,False,known,0.044699748009440654,False,True,False,True,False,False,invalid_terminal,False,known,0.2637124852836106,False,False,False,False,False,False,not_converged,False,known,0.10639150902628636,False,False,False,False,False,False
99,O5F8V4Mn2,invalid_terminal,False,known,9.475302075623892,False,False,False,False,False,False,not_converged,False,known,0.15262112545909723,False,False,False,False,False,False,invalid_terminal,False,known,2.943683480500601,False,False,False,False,False,False,not_converged,False,known,0.15433487820567926,False,False,False,False,False,False,invalid_terminal,False,known,3.0602444164747222,False,False,False,False,False,False,not_converged,False,known,0.14746174740733942,False,False,False,False,False,False
100,O2S8Zn2Os2,invalid_terminal,False,known,0.8823986124600918,False,False,False,False,False,False,not_converged,False,known,0.3113741945828945,False,False,False,False,False,False,verified,True,known,0.3984828066434414,False,False,False,False,False,False,verified,True,known,0.2757763933743984,False,False,False,False,False,False,verified,True,known,0.3888297152127773,False,False,False,False,False,False,not_converged,False,known,0.28153229471106833,False,False,False,False,False,False
101,LiF6K2Ag,verified,True,known,0.0938532526694349,False,True,False,True,False,True,not_converged,False,known,0.01168705775366341,False,True,False,True,False,False,verified,True,known,0.06622673823462044,False,True,False,True,False,True,not_converged,False,known,0.011610286971192707,False,True,False,True,False,False,invalid_terminal,False,known,0.42005135371313607,False,False,False,False,False,False,not_converged,False,known,0.011738556166749348,False,True,False,True,False,False
102,V6Fe2,invalid_terminal,False,known,1.4951488400964354,False,False,False,False,False,False,not_converged,False,known,0.11425847068115225,False,False,False,False,False,False,not_converged,False,known,10.985747041848144,False,False,False,False,False,False,not_converged,False,known,0.020828905251464747,False,True,False,False,False,False,not_converged,False,known,0.09267777457519522,False,True,False,True,False,False,not_converged,False,known,0.14024704947753897,False,False,False,False,False,False
103,Sn8Yb6,invalid_terminal,False,official_cache_unresolved,,False,False,False,False,False,False,not_converged,False,official_cache_unresolved,,False,False,False,False,False,False,not_converged,False,official_cache_unresolved,,False,False,False,False,False,False,not_converged,False,official_cache_unresolved,,False,False,False,False,False,False,not_converged,False,official_cache_unresolved,,False,False,False,False,False,False,not_converged,False,official_cache_unresolved,,False,False,False,False,False,False
104,Cu2Zr12Sn4,invalid_terminal,False,known,7.86754081187595,False,False,False,False,False,False,verified,True,known,0.045512651780734714,False,True,False,True,False,True,not_converged,False,known,9.246837591508518,False,False,False,False,False,False,not_converged,False,known,0.1057214492355687,False,False,False,False,False,False,not_converged,False,known,11.315989469865452,False,False,False,False,False,False,not_converged,False,known,0.09455630717624253,False,True,False,True,False,False
105,Sb6Dy2,verified,True,known,0.39562471105834973,False,False,False,False,False,False,not_converged,False,known,0.169133259794922,False,False,False,False,False,False,verified,True,known,0.07958991720458997,False,True,False,True,False,True,verified,True,known,0.03464706136962903,False,True,False,True,False,True,verified,True,known,0.07468946172973645,False,True,False,True,False,True,verified,True,known,0.037393166563720825,False,True,False,True,False,True
106,Al4Pd4Ce4,not_converged,False,known,8.38379206270969,False,False,False,False,False,False,not_converged,False,known,0.04415716738498254,False,True,False,True,False,False,invalid_terminal,False,known,5.611888071010471,False,False,False,False,False,False,verified,True,known,0.04467119784152551,False,True,False,True,False,True,invalid_terminal,False,known,3.031934638927341,False,False,False,False,False,False,not_converged,False,known,0.11614622683322473,False,False,False,False,False,False
107,Cl6K2AsRb,verified,True,known,0.09989932172180094,False,True,False,True,False,True,verified,True,known,0.03843310468078531,False,True,False,True,False,True,verified,True,known,0.07510974995971598,False,True,False,True,False,True,verified,True,known,0.07669451825500406,False,True,False,True,False,True,not_converged,False,known,0.08026650540710367,False,True,False,True,False,False,verified,True,known,0.039332419561156406,False,True,False,True,False,True
108,ZnSn2Pb,verified,True,known,0.062337199337157756,False,True,False,True,False,True,verified,True,known,0.10967830765930131,False,False,False,False,False,False,verified,True,known,0.09655908692565873,False,True,False,True,False,True,not_converged,False,known,0.10995558846679643,False,False,False,False,False,False,verified,True,known,0.09655932534423783,False,True,False,True,False,True,not_converged,False,known,0.1090045367547603,False,False,False,False,False,False
109,Zn3Ac,not_converged,False,known,10.387172218308105,False,False,False,False,False,False,not_converged,False,known,0.020739074692382786,False,True,False,True,False,False,not_converged,False,known,10.42201947782959,False,False,False,False,False,False,not_converged,False,known,0.021719690308227513,False,True,False,True,False,False,not_converged,False,known,10.384412284836426,False,False,False,False,False,False,not_converged,False,known,0.021748538956298802,False,True,False,True,False,False
110,Ni4Ge8,not_converged,False,known,0.09716275631510474,False,True,False,True,False,False,not_converged,False,known,0.09837058483683325,False,True,False,True,False,False,invalid_terminal,False,known,1.3597569793375657,False,False,False,False,False,False,verified,True,known,0.06608489452921606,False,True,False,True,False,True,verified,True,known,0.1096077293070481,False,False,False,False,False,False,verified,True,known,0.04589227139078833,False,True,False,True,False,True
111,O2F10Mn2Ba4,invalid_terminal,False,known,2.123536289952667,False,False,False,False,False,False,not_converged,False,known,0.2517907035574032,False,False,False,False,False,False,invalid_terminal,False,known,1.8215195548757626,False,False,False,False,False,False,verified,True,known,0.19115752103176842,False,False,False,False,False,False,not_converged,False,known,0.15912026288357506,False,False,False,False,False,False,not_converged,False,known,0.22829216840115318,False,False,False,False,False,False
112,CeTl3,verified,True,known,0.9907325717236328,False,False,False,False,False,False,verified,True,known,0.024147412421875014,False,True,False,False,False,False,verified,True,known,0.3912066432263184,False,False,False,False,False,False,verified,True,known,0.024135253074340834,False,True,False,False,False,False,verified,True,known,0.3912066432263184,False,False,False,False,False,False,verified,True,known,0.02413453781860353,False,True,False,False,False,False
113,O6Ba2LaBi,not_converged,False,known,0.4416707308457033,False,False,False,False,False,False,not_converged,False,known,0.04316838099218767,False,True,False,False,False,False,not_converged,False,known,0.5017646105454103,False,False,False,False,False,False,not_converged,False,known,0.04318650080419939,False,True,False,False,False,False,not_converged,False,known,0.5017679484055177,False,False,False,False,False,False,not_converged,False,known,0.04316551996923845,False,True,False,False,False,False
114,B4Rh4Tm4,invalid_terminal,False,known,4.586060310237257,False,False,False,False,False,False,not_converged,False,known,0.08819844805463983,False,True,False,True,False,False,invalid_terminal,False,known,1.4800040968583508,False,False,False,False,False,False,not_converged,False,known,0.19287612520918085,False,False,False,False,False,False,verified,True,known,0.1885488279984875,False,False,False,False,False,False,verified,True,known,0.12612035357221796,False,False,False,False,False,False
115,Ti6Rh2,invalid_terminal,False,known,2.447668445138346,False,False,False,False,False,False,not_converged,False,known,0.025600802926431854,False,True,False,True,False,False,not_converged,False,known,9.994016063241373,False,False,False,False,False,False,not_converged,False,known,0.025600802926431854,False,True,False,True,False,False,not_converged,False,known,0.03758276703775998,False,True,False,True,False,False,not_converged,False,known,0.025623691110025604,False,True,False,True,False,False
116,ZnTbTl2,verified,True,known,0.11904716672770776,False,False,False,False,False,False,verified,True,known,0.13193798246257105,False,False,False,False,False,False,verified,True,known,0.09538960637919702,False,True,False,True,False,True,verified,True,known,0.1319303530680398,False,False,False,False,False,False,verified,True,known,0.09538960637919702,False,True,False,True,False,True,verified,True,known,0.1319303530680398,False,False,False,False,False,False
117,O12Cr4La4,invalid_terminal,False,known,1.8242291577880856,False,False,False,False,False,False,not_converged,False,known,0.049477494580077774,False,True,False,False,False,False,invalid_terminal,False,known,6.173806584698486,False,False,False,False,False,False,not_converged,False,known,0.04940310798339809,False,True,False,False,False,False,invalid_terminal,False,known,5.945187486035156,False,False,False,False,False,False,not_converged,False,known,0.04946891151123012,False,True,False,False,False,False
118,Li4O8Cr4,invalid_terminal,False,known,0.8428662298254395,False,False,False,False,False,False,not_converged,False,known,0.040802287869873055,False,True,False,True,False,False,invalid_terminal,False,known,6.812997150235596,False,False,False,False,False,False,not_converged,False,known,0.12863140087646485,False,False,False,False,False,False,not_converged,False,known,0.08917217236083985,False,True,False,True,False,False,not_converged,False,known,0.16303949337524415,False,False,False,False,False,False
119,Li2F8Mn2Te2,invalid_terminal,False,known,1.105760131992711,False,False,False,False,False,False,verified,True,known,0.11868051163138293,False,False,False,False,False,False,invalid_terminal,False,known,0.3430891381877794,False,False,False,False,False,False,not_converged,False,known,0.14869741074026965,False,False,False,False,False,False,invalid_terminal,False,known,0.14489844910086536,False,False,False,False,False,False,not_converged,False,known,0.1569447862285509,False,False,False,False,False,False
120,Ru8Yb4,invalid_terminal,False,official_cache_unresolved,,False,False,False,False,False,False,not_converged,False,official_cache_unresolved,,False,False,False,False,False,False,invalid_terminal,False,official_cache_unresolved,,False,False,False,False,False,False,not_converged,False,official_cache_unresolved,,False,False,False,False,False,False,invalid_terminal,False,official_cache_unresolved,,False,False,False,False,False,False,not_converged,False,official_cache_unresolved,,False,False,False,False,False,False
121,Cu3GaHf,not_converged,False,known,0.3735934618833028,False,False,False,False,False,False,not_converged,False,known,0.08389724530005083,False,True,False,True,False,False,not_converged,False,known,0.3738409403684102,False,False,False,False,False,False,not_converged,False,known,0.08447946347021684,False,True,False,True,False,False,not_converged,False,known,0.373593938720461,False,False,False,False,False,False,not_converged,False,known,0.10259307659887895,False,False,False,False,False,False
122,S4K2Mn2,not_converged,False,known,0.09973098920776291,False,True,False,True,False,False,verified,True,known,0.0271434991259758,False,True,False,True,False,True,verified,True,known,0.09494783567382736,False,True,False,True,False,True,verified,True,known,0.02196600126220627,False,True,False,True,False,True,verified,True,known,0.009442826976317598,False,True,False,True,False,True,verified,True,known,0.021965047587889863,False,True,False,True,False,True
123,S12Er8,invalid_terminal,False,known,7.720622240406413,False,False,False,False,False,False,not_converged,False,known,0.06927031169547515,False,True,False,True,False,False,invalid_terminal,False,known,8.05852430949821,False,False,False,False,False,False,not_converged,False,known,0.053125559193033745,False,True,False,True,False,False,invalid_terminal,False,known,7.842834650379557,False,False,False,False,False,False,not_converged,False,known,0.0689885009349771,False,True,False,True,False,False
124,O12Sr4Nb2Sm2,not_converged,False,known,0.1979349784462876,False,False,False,False,False,False,not_converged,False,known,0.023378246268553227,False,True,False,False,False,False,generation_failure,False,input_not_reconstructed,,False,False,False,False,False,False,generation_failure,False,input_not_reconstructed,,False,False,False,False,False,False,not_converged,False,known,1.8987191848366685,False,False,False,False,False,False,verified,True,known,0.023119800528807133,False,True,False,False,False,False
125,O12Ca4Ti2Bi2,invalid_terminal,False,known,1.2544320216005858,False,False,False,False,False,False,not_converged,False,known,0.051051913720947084,False,True,False,True,False,False,invalid_terminal,False,known,2.5218237032717283,False,False,False,False,False,False,not_converged,False,known,0.04793101452050763,False,True,False,True,False,False,invalid_terminal,False,known,4.699919520837646,False,False,False,False,False,False,not_converged,False,known,0.04863864086328107,False,True,False,True,False,False
126,Li2F8V2,invalid_terminal,False,known,1.6188097167089843,False,False,False,False,False,False,not_converged,False,known,0.13219835043701167,False,False,False,False,False,False,invalid_terminal,False,known,2.1653237509802246,False,False,False,False,False,False,not_converged,False,known,0.03645087958129878,False,True,False,False,False,False,invalid_terminal,False,known,1.0882973837927246,False,False,False,False,False,False,not_converged,False,known,0.08086206198486323,False,True,False,True,False,False
127,Li2O8Mn3Rh,not_converged,False,known,0.4806387357345141,False,False,False,False,False,False,not_converged,False,known,0.169955485307268,False,False,False,False,False,False,invalid_terminal,False,known,8.326712840043596,False,False,False,False,False,False,not_converged,False,known,0.06445144935756097,False,True,False,True,False,False,invalid_terminal,False,known,1.7139942578902758,False,False,False,False,False,False,not_converged,False,known,0.0917527608504809,False,True,False,True,False,False
128,B2Fe3La3,not_converged,False,known,0.2807016321105955,False,False,False,False,False,False,not_converged,False,known,0.16178321322631817,False,False,False,False,False,False,verified,True,known,0.1690359064025877,False,False,False,False,False,False,not_converged,False,known,0.1777324624938963,False,False,False,False,False,False,verified,True,known,0.28433703860473614,False,False,False,False,False,False,not_converged,False,known,0.16148519000244121,False,False,False,False,False,False
129,Ga2As6Sb2,not_converged,False,known,3.266296052343261,False,False,False,False,False,False,not_converged,False,known,0.1509362691706535,False,False,False,False,False,False,invalid_terminal,False,known,0.3543635839289543,False,False,False,False,False,False,verified,True,known,0.16576399744213788,False,False,False,False,False,False,invalid_terminal,False,known,5.176530503637206,False,False,False,False,False,False,not_converged,False,known,0.18490614832104413,False,False,False,False,False,False
130,K4Zn2As4,not_converged,False,known,8.603536690677245,False,False,False,False,False,False,verified,True,known,0.07588108917578129,False,True,False,True,False,True,invalid_terminal,False,known,1.4893570794711914,False,False,False,False,False,False,verified,True,known,0.043830479587158244,False,True,False,True,False,True,invalid_terminal,False,known,1.5691220416675415,False,False,False,False,False,False,verified,True,known,0.05223902603491215,False,True,False,True,False,True
131,K4As12Eu4,not_converged,False,known,3.084582359243816,False,False,False,False,False,False,verified,True,known,0.04929974739689236,False,True,False,True,False,True,invalid_terminal,False,known,3.5404293841614187,False,False,False,False,False,False,verified,True,known,0.04663184349674587,False,True,False,True,False,True,invalid_terminal,False,known,0.28417161171574,False,False,False,False,False,False,not_converged,False,known,0.064259559561199,False,True,False,True,False,False
132,O12Ga4Nb2,invalid_terminal,False,known,1.9093605474678599,False,False,False,False,False,False,not_converged,False,known,0.09088816206136574,False,True,False,True,False,False,invalid_terminal,False,known,1.4141837553230845,False,False,False,False,False,False,not_converged,False,known,0.08785213987508644,False,True,False,True,False,False,invalid_terminal,False,known,1.4940163091866099,False,False,False,False,False,False,not_converged,False,known,0.17053045789876808,False,False,False,False,False,False
133,Co4Ge4Pd4,verified,True,known,0.3496393726246474,False,False,False,False,False,False,not_converged,False,known,0.17092128256727435,False,False,False,False,False,False,invalid_terminal,False,known,1.0152053401844618,False,False,False,False,False,False,not_converged,False,known,0.2707566783802626,False,False,False,False,False,False,not_converged,False,known,0.204893545903456,False,False,False,False,False,False,not_converged,False,known,0.0962681339161513,False,True,False,True,False,False
134,F6Rb3Nd,verified,True,known,0.11352697995849592,False,False,False,False,False,False,verified,True,known,0.06516138700195295,False,True,False,False,False,False,verified,True,known,0.039939085518798656,False,True,False,True,False,True,verified,True,known,0.06518618253417952,False,True,False,False,False,False,verified,True,known,0.0200483003015135,False,True,False,True,False,True,verified,True,known,0.06494633344360334,False,True,False,False,False,False
135,As8Cd2Tl4,not_converged,False,known,2.565576420590326,False,False,False,False,False,False,verified,True,known,0.04382072524730862,False,True,False,True,False,True,not_converged,False,known,6.098330603405878,False,False,False,False,False,False,verified,True,known,0.012915478512689482,False,True,False,True,False,True,verified,True,known,0.03500996665661038,False,True,False,True,False,True,verified,True,known,0.005259381100580107,False,True,False,True,False,True
136,Cu3In3Pr3,invalid_terminal,False,known,5.03181233065701,False,False,False,False,False,False,verified,True,known,-0.01808438641452348,True,True,False,False,False,False,invalid_terminal,False,known,5.267685553008084,False,False,False,False,False,False,not_converged,False,known,-0.017248967713351604,True,True,False,False,False,False,generation_failure,False,input_not_reconstructed,,False,False,False,False,False,False,generation_failure,False,input_not_reconstructed,,False,False,False,False,False,False
137,B2Co2Eu2,not_converged,False,known,0.1886819911336275,False,False,False,False,False,False,not_converged,False,known,-0.0955730366373686,True,True,True,True,False,False,not_converged,False,known,0.8940624308919283,False,False,False,False,False,False,verified,True,known,-0.09559592482096235,True,True,True,True,True,True,not_converged,False,known,0.8940629077290865,False,False,False,False,False,False,verified,True,known,-0.09532984968668501,True,True,True,True,True,True
138,F2I2Ba2,verified,True,known,0.6545581551468906,False,False,False,False,False,False,verified,True,known,-0.027695205601400374,True,True,False,False,False,False,verified,True,known,0.19916388711100197,False,False,False,False,False,False,verified,True,known,-0.026637580784505843,True,True,False,False,False,False,verified,True,known,0.2529368134415684,False,False,False,False,False,False,verified,True,known,-0.026549842747396468,True,True,False,False,False,False
139,ScZn2Sn,not_converged,False,known,0.09355125434613587,False,True,False,True,False,False,verified,True,known,0.11398181922650696,False,False,False,False,False,False,not_converged,False,known,0.05512223251080872,False,True,False,True,False,False,verified,True,known,0.11398205764508607,False,False,False,False,False,False,verified,True,known,0.05150995261884095,False,True,False,True,False,True,verified,True,known,0.11398372657513978,False,False,False,False,False,False
140,O10Cu2Sr4Cs2,verified,True,known,0.3475079085557722,False,False,False,False,False,False,not_converged,False,known,0.2128963019578718,False,False,False,False,False,False,invalid_terminal,False,known,1.246172859880235,False,False,False,False,False,False,not_converged,False,known,0.2338189627855085,False,False,False,False,False,False,invalid_terminal,False,known,2.279899075242784,False,False,False,False,False,False,verified,True,known,0.28442330619981515,False,False,False,False,False,False
141,AgIn2Ce,not_converged,False,known,0.042669387164306904,False,True,False,True,False,False,not_converged,False,known,0.07582959682006862,False,True,False,True,False,False,not_converged,False,known,0.042669387164306904,False,True,False,True,False,False,not_converged,False,known,0.07583007365722683,False,True,False,True,False,False,verified,True,known,0.037548632922363545,False,True,False,True,False,True,not_converged,False,known,0.07582983523864772,False,True,False,True,False,False
142,Li4N8As4,invalid_terminal,False,known,5.830373402324625,False,False,False,False,False,False,not_converged,False,known,0.2062011916312656,False,False,False,False,False,False,invalid_terminal,False,known,0.5819522101554355,False,False,False,False,False,False,not_converged,False,known,0.18542635032267185,False,False,False,False,False,False,invalid_terminal,False,known,6.587833519664713,False,False,False,False,False,False,not_converged,False,known,0.05462944099039646,False,True,False,True,False,False
143,Na4Au4,not_converged,False,known,3.9975052550917565,False,False,False,False,False,False,verified,True,known,0.03027207409200061,False,True,False,True,False,True,verified,True,known,0.1312523559218346,False,False,False,False,False,False,not_converged,False,known,0.005310125697225221,False,True,False,True,False,False,not_converged,False,known,10.33820516620931,False,False,False,False,False,False,not_converged,False,known,0.014684505808919557,False,True,False,True,False,False
144,YIn2Eu,verified,True,known,0.11508408210937482,False,False,False,False,False,False,not_converged,False,known,0.0030445160693357565,False,True,False,True,False,False,verified,True,known,0.11508455894653302,False,False,False,False,False,False,not_converged,False,known,0.003023535234374819,False,True,False,True,False,False,verified,True,known,0.11508455894653302,False,False,False,False,False,False,not_converged,False,known,0.0030449929064939596,False,True,False,True,False,False
145,F6K2AgTl,invalid_terminal,False,known,1.8660731989776203,False,False,False,False,False,False,verified,True,known,0.015708037081868298,False,True,False,False,False,False,invalid_terminal,False,known,2.953064032260091,False,False,False,False,False,False,not_converged,False,known,0.01644665783992494,False,True,False,False,False,False,not_converged,False,known,0.1466141421233722,False,False,False,False,False,False,not_converged,False,known,0.01640278882137025,False,True,False,False,False,False
146,Zn10Pt6,invalid_terminal,False,known,0.08605723105212393,False,True,False,True,False,False,not_converged,False,known,0.05869106970568838,False,True,False,True,False,False,not_converged,False,known,0.05017475806018057,False,True,False,True,False,False,not_converged,False,known,0.018194481952392483,False,True,False,True,False,False,not_converged,False,known,0.03221683226367178,False,True,False,True,False,False,not_converged,False,known,0.029220387561523342,False,True,False,True,False,False
147,TiCoTm2,not_converged,False,known,0.08487070569987054,False,True,False,True,False,False,not_converged,False,known,0.14446819791788812,False,False,False,False,False,False,not_converged,False,known,0.08487070569987054,False,True,False,True,False,False,not_converged,False,known,0.14447391996378656,False,False,False,False,False,False,not_converged,False,known,0.08487165937418695,False,True,False,True,False,False,not_converged,False,known,0.3038243151664233,False,False,False,False,False,False
148,Li2SnEr,verified,True,known,0.0018747351023353787,False,True,False,True,False,True,not_converged,False,known,0.00012521956888811303,False,True,False,True,False,False,not_converged,False,known,0.003913690790811941,False,True,False,True,False,False,not_converged,False,known,-7.624413045270728e-05,True,True,True,True,False,False,not_converged,False,known,0.0039129755350746365,False,True,False,True,False,False,not_converged,False,known,6.299231974260522e-05,False,True,False,True,False,False
149,O5F8Cu2Sr2Os,invalid_terminal,False,known,3.448563331433581,False,False,False,False,False,False,verified,True,known,0.25613021261339064,False,False,False,False,False,False,invalid_terminal,False,known,1.666383737393664,False,False,False,False,False,False,not_converged,False,known,0.29575681097154494,False,False,False,False,False,False,invalid_terminal,False,known,1.3694372118199336,False,False,False,False,False,False,not_converged,False,known,0.2159919679844844,False,False,False,False,False,False
150,In3Yb,verified,True,official_cache_unresolved,,False,False,False,False,False,False,not_converged,False,official_cache_unresolved,,False,False,False,False,False,False,verified,True,official_cache_unresolved,,False,False,False,False,False,False,not_converged,False,official_cache_unresolved,,False,False,False,False,False,False,verified,True,official_cache_unresolved,,False,False,False,False,False,False,not_converged,False,official_cache_unresolved,,False,False,False,False,False,False
151,Si2Co2Ce,not_converged,False,known,0.19040620706030165,False,False,False,False,False,False,not_converged,False,known,-0.011258240724122182,True,True,False,False,False,False,not_converged,False,known,0.15937030694433485,False,False,False,False,False,False,not_converged,False,known,-0.011312600160157338,True,True,False,False,False,False,not_converged,False,known,0.16814792535253797,False,False,False,False,False,False,not_converged,False,known,-0.011312600160157338,True,True,False,False,False,False
152,V2FeRu,not_converged,False,known,0.025787696360676904,False,True,False,True,False,False,not_converged,False,known,-0.00517906236735044,True,True,True,True,False,False,not_converged,False,known,0.025205001353352685,False,True,False,True,False,False,not_converged,False,known,-0.005136147023112159,True,True,True,True,False,False,not_converged,False,known,0.02520404767903628,False,True,False,True,False,False,not_converged,False,known,-0.005136147023112159,True,True,True,True,False,False
153,LiYAu2,not_converged,False,known,-0.02169236074869829,True,True,True,True,False,False,not_converged,False,known,-0.008615101684977589,True,True,False,False,False,False,not_converged,False,known,-0.02169236074869829,True,True,True,True,False,False,not_converged,False,known,-0.008616055359293995,True,True,False,False,False,False,not_converged,False,known,-0.021692837585856495,True,True,True,True,False,False,not_converged,False,known,-0.008616055359293995,True,True,False,False,False,False
154,Sc6Lu2,invalid_terminal,False,known,0.6672901118261718,False,False,False,False,False,False,verified,True,known,0.04338874463867182,False,True,False,True,False,True,invalid_terminal,False,known,0.5856241190893554,False,False,False,False,False,False,not_converged,False,known,0.04495944623779291,False,True,False,True,False,False,invalid_terminal,False,known,0.5189484560949706,False,False,False,False,False,False,verified,True,known,0.043365379617919864,False,True,False,True,False,True
155,ScPtAu2,verified,True,known,0.1034289862357598,False,False,False,False,False,False,verified,True,known,0.03200593249430472,False,True,False,True,False,True,verified,True,known,0.10343518511881644,False,False,False,False,False,False,verified,True,known,0.03200545565714652,False,True,False,True,False,True,not_converged,False,known,0.0582472349845391,False,True,False,True,False,False,not_converged,False,known,-0.005896422699787074,True,True,True,True,False,False
156,NiGd3,invalid_terminal,False,known,-0.7990632381030274,True,True,True,True,False,False,not_converged,False,known,0.23570486645019528,False,False,False,False,False,False,invalid_terminal,False,known,-0.7450042094775391,True,True,True,True,False,False,verified,True,known,0.2164520893505859,False,False,False,False,False,False,invalid_terminal,False,known,-0.7472024287768555,True,True,True,True,False,False,not_converged,False,known,0.23570486645019528,False,False,False,False,False,False
157,MgScTc2,not_converged,False,known,0.3382310137216713,False,False,False,False,False,False,not_converged,False,known,0.2575902208749916,False,False,False,False,False,False,not_converged,False,known,0.2809504732553627,False,False,False,False,False,False,not_converged,False,known,0.2576045259897377,False,False,False,False,False,False,not_converged,False,known,0.28158371300145646,False,False,False,False,False,False,not_converged,False,known,0.2575902208749916,False,False,False,False,False,False
158,N2Br2,verified,True,known,-0.12724239713623042,True,True,True,True,True,True,verified,True,known,0.11455838792846684,False,False,False,False,False,False,verified,True,known,-0.14808971769287105,True,True,True,True,True,True,verified,True,known,1.6834818612866211,False,False,False,False,False,False,verified,True,known,-0.13433773405029292,True,True,True,True,True,True,not_converged,False,known,0.11321942918823247,False,False,False,False,False,False
159,MgGa2Er,not_converged,False,known,-0.013598662628197644,True,True,True,True,False,False,not_converged,False,known,-0.013631087554955457,True,True,True,True,False,False,not_converged,False,known,-0.013599139465355847,True,True,True,True,False,False,not_converged,False,known,0.012763518081641223,False,True,False,True,False,False,verified,True,known,-0.013942700637841199,True,True,True,True,True,True,not_converged,False,known,-0.013631802810692761,True,True,True,True,False,False
160,Ga3Tm,not_converged,False,known,0.03514091113403328,False,True,False,True,False,False,not_converged,False,known,0.0025948677380371876,False,True,False,False,False,False,not_converged,False,known,0.03493777850463875,False,True,False,True,False,False,not_converged,False,known,0.0023414287884522267,False,True,False,False,False,False,not_converged,False,known,0.034477630646972734,False,True,False,True,False,False,not_converged,False,known,0.0023409519512940236,False,True,False,False,False,False
161,AgYbHg2,not_converged,False,official_cache_unresolved,,False,False,False,False,False,False,verified,True,official_cache_unresolved,,False,False,False,False,False,False,not_converged,False,official_cache_unresolved,,False,False,False,False,False,False,verified,True,official_cache_unresolved,,False,False,False,False,False,False,not_converged,False,official_cache_unresolved,,False,False,False,False,False,False,verified,True,official_cache_unresolved,,False,False,False,False,False,False
162,Cu2Ge10Tb6,invalid_terminal,False,known,0.882166331757654,False,False,False,False,False,False,not_converged,False,known,0.07446760510360129,False,True,False,True,False,False,invalid_terminal,False,known,0.5188364443675173,False,False,False,False,False,False,not_converged,False,known,0.06576771115218527,False,True,False,True,False,False,invalid_terminal,False,known,1.7254409251109255,False,False,False,False,False,False,not_converged,False,known,0.0708374438182009,False,True,False,True,False,False
163,Cu3In3Yb3,verified,True,official_cache_unresolved,,False,False,False,False,False,False,not_converged,False,official_cache_unresolved,,False,False,False,False,False,False,verified,True,official_cache_unresolved,,False,False,False,False,False,False,verified,True,official_cache_unresolved,,False,False,False,False,False,False,verified,True,official_cache_unresolved,,False,False,False,False,False,False,not_converged,False,official_cache_unresolved,,False,False,False,False,False,False
164,K2Ag6Sn2,not_converged,False,known,3.8632014019685057,False,False,False,False,False,False,verified,True,known,-0.008649803857299965,True,True,True,True,True,True,verified,True,known,0.054446719427612145,False,True,False,True,False,True,verified,True,known,0.023397706289794762,False,True,False,True,False,True,verified,True,known,0.0744436009125975,False,True,False,True,False,True,not_converged,False,known,0.0129969341950682,False,True,False,True,False,False
165,Sr4In2Th2,not_converged,False,known,0.5038297895260437,False,False,False,False,False,False,verified,True,known,0.301280570394574,False,False,False,False,False,False,not_converged,False,known,0.8373010877438172,False,False,False,False,False,False,verified,True,known,0.2313183072872742,False,False,False,False,False,False,not_converged,False,known,0.8757000688381775,False,False,False,False,False,False,verified,True,known,0.23105127847868046,False,False,False,False,False,False
166,S4Sc2W,invalid_terminal,False,known,1.614892353213409,False,False,False,False,False,False,verified,True,known,0.32285009781179763,False,False,False,False,False,False,not_converged,False,known,11.905497421420197,False,False,False,False,False,False,verified,True,known,0.3644684449797664,False,False,False,False,False,False,not_converged,False,known,11.909648765719513,False,False,False,False,False,False,not_converged,False,known,0.4171460763579402,False,False,False,False,False,False
167,CdErHg2,not_converged,False,known,0.017966430106201248,False,True,False,True,False,False,verified,True,known,0.006717245497741775,False,True,False,True,False,True,not_converged,False,known,0.017966072478332595,False,True,False,True,False,False,verified,True,known,0.00668899289611824,False,True,False,True,False,True,not_converged,False,known,0.017966310896911697,False,True,False,True,False,False,verified,True,known,0.006688873686828689,False,True,False,True,False,True
168,AlGaSm2,verified,True,known,0.033180529404297054,False,True,False,True,False,True,verified,True,known,0.03277378730834979,False,True,False,True,False,True,verified,True,known,0.03318005256713885,False,True,False,True,False,True,verified,True,known,0.03276377372802752,False,True,False,True,False,True,not_converged,False,known,0.03521376304687518,False,True,False,True,False,False,verified,True,known,0.0327752178198244,False,True,False,True,False,True
169,P4Co2Br10Hg2,invalid_terminal,False,known,8.761337117464734,False,False,False,False,False,False,not_converged,False,known,0.14723022392530538,False,False,False,False,False,False,invalid_terminal,False,known,2.9728599350764284,False,False,False,False,False,False,verified,True,known,0.14384229591627218,False,False,False,False,False,False,invalid_terminal,False,known,1.687817887575818,False,False,False,False,False,False,verified,True,known,0.1464536946131716,False,False,False,False,False,False
170,AlMnRu2,not_converged,False,known,0.187929048107911,False,False,False,False,False,False,verified,True,known,0.020923509167481313,False,True,False,False,False,False,not_converged,False,known,0.18793477015380944,False,False,False,False,False,False,verified,True,known,0.020923509167481313,False,True,False,False,False,False,not_converged,False,known,0.18795193629150475,False,False,False,False,False,False,verified,True,known,0.02092446284179772,False,True,False,False,False,False
171,F3RbAu,verified,True,known,0.1485110869907622,False,False,False,False,False,False,not_converged,False,known,0.13229242472879932,False,False,False,False,False,False,invalid_terminal,False,known,0.646444713165689,False,False,False,False,False,False,not_converged,False,known,0.132383262207437,False,False,False,False,False,False,verified,True,known,0.148510610153604,False,False,False,False,False,False,not_converged,False,known,0.1323825469516997,False,False,False,False,False,False
172,O6FeBa2Os,invalid_terminal,False,known,1.9163315873850095,False,False,False,False,False,False,not_converged,False,known,-0.02754181807153344,True,True,True,True,False,False,invalid_terminal,False,known,3.1578567605722654,False,False,False,False,False,False,not_converged,False,known,-0.02765625898950219,True,True,True,True,False,False,not_converged,False,known,3.407140074323486,False,False,False,False,False,False,not_converged,False,known,-0.02695721571557641,True,True,True,True,False,False
173,LiYAu2,not_converged,False,known,-0.023679341186930714,True,True,False,False,False,False,not_converged,False,known,-0.00869759451334673,True,True,False,False,False,False,not_converged,False,known,-0.02368029486124712,True,True,False,False,False,False,not_converged,False,known,-0.008737648834635792,True,True,False,False,False,False,not_converged,False,known,-0.023679818024088917,True,True,False,False,False,False,not_converged,False,known,-0.008697117676188526,True,True,False,False,False,False
174,Cl6K2AgSb,not_converged,False,known,2.5697268424063706,False,False,False,False,False,False,not_converged,False,known,0.0019375262290024509,False,True,False,False,False,False,verified,True,known,0.043895381453611826,False,True,False,True,False,True,verified,True,known,0.0021509108572983493,False,True,False,False,False,False,verified,True,known,0.1252361712485337,False,False,False,False,False,False,verified,True,known,0.0022221980124497165,False,True,False,False,False,False
175,Sb2,not_converged,False,known,6.912745575174561,False,False,False,False,False,False,verified,True,known,0.06082687781738283,False,True,False,False,False,False,verified,True,known,0.053698639139404314,False,True,False,True,False,True,verified,True,known,0.06082687781738283,False,True,False,False,False,False,verified,True,known,0.053698639139404314,False,True,False,True,False,True,verified,True,known,0.06082735465454103,False,True,False,False,False,False
176,F12Na4Fe4,invalid_terminal,False,known,1.2047456246533201,False,False,False,False,False,False,not_converged,False,known,0.02917895137451154,False,True,False,True,False,False,invalid_terminal,False,known,0.3117369156994627,False,False,False,False,False,False,not_converged,False,known,0.029084537617187323,False,True,False,True,False,False,invalid_terminal,False,known,0.22925123988769514,False,False,False,False,False,False,not_converged,False,known,0.03041157542846662,False,True,False,True,False,False
177,Cu2Ga4Sm4,invalid_terminal,False,known,5.991702738857991,False,False,False,False,False,False,not_converged,False,known,0.06686038122249283,False,True,False,True,False,False,invalid_terminal,False,known,0.6328284178741042,False,False,False,False,False,False,verified,True,known,0.05191058263850845,False,True,False,True,False,True,not_converged,False,known,0.2894174490935866,False,False,False,False,False,False,verified,True,known,0.06046790227962173,False,True,False,True,False,True
178,Pr12Pt4,invalid_terminal,False,known,1.266771259979656,False,False,False,False,False,False,verified,True,known,0.015256348328044567,False,True,False,True,False,True,invalid_terminal,False,known,3.991324845032146,False,False,False,False,False,False,not_converged,False,known,0.01522630758707777,False,True,False,True,False,False,invalid_terminal,False,known,1.154495182709148,False,False,False,False,False,False,verified,True,known,0.06663888998453871,False,True,False,True,False,True
179,Mg4Nd2,verified,True,known,0.33352703023437513,False,False,False,False,False,False,not_converged,False,known,-0.003943024392089711,True,True,False,False,False,False,invalid_terminal,False,known,3.710233868842163,False,False,False,False,False,False,not_converged,False,known,-0.003984747643432485,True,True,False,False,False,False,invalid_terminal,False,known,2.2734417336035158,False,False,False,False,False,False,not_converged,False,known,-0.003996430153808461,True,True,False,False,False,False
180,Na2K2As2,not_converged,False,known,0.046732594081048795,False,True,False,True,False,False,not_converged,False,known,0.17247765214074118,False,False,False,False,False,False,verified,True,known,0.13017957360375387,False,False,False,False,False,False,verified,True,known,0.1364413991652773,False,False,False,False,False,False,verified,True,known,0.19360463769066794,False,False,False,False,False,False,verified,True,known,0.13653700501549704,False,False,False,False,False,False
181,O8K4Nd4,verified,True,known,0.287524746577148,False,False,False,False,False,False,not_converged,False,known,0.19027762285888628,False,False,False,False,False,False,invalid_terminal,False,known,4.100216911951904,False,False,False,False,False,False,verified,True,known,0.14007620684326128,False,False,False,False,False,False,invalid_terminal,False,known,4.11110334269226,False,False,False,False,False,False,not_converged,False,known,0.1897173391979976,False,False,False,False,False,False
182,O12Ca4Ru4,not_converged,False,known,0.2835646623764685,False,False,False,False,False,False,not_converged,False,known,0.023035144249027084,False,True,False,True,False,False,invalid_terminal,False,known,4.883648967186039,False,False,False,False,False,False,not_converged,False,known,0.022917365470950912,False,True,False,True,False,False,invalid_terminal,False,known,5.104469870964115,False,False,False,False,False,False,not_converged,False,known,0.022871589103763412,False,True,False,True,False,False
183,Pr6Hg2,verified,True,known,0.04430375396118169,False,True,False,True,False,True,verified,True,known,0.04741368590698247,False,True,False,True,False,True,invalid_terminal,False,known,0.06926045714721685,False,True,False,True,False,False,verified,True,known,0.0474175006042481,False,True,False,True,False,True,invalid_terminal,False,known,0.4485438853393555,False,False,False,False,False,False,verified,True,known,0.04742751418457036,False,True,False,True,False,True
184,H3Li6F6Cl3,invalid_terminal,False,known,3.216686627940671,False,False,False,False,False,False,not_converged,False,known,0.08351077802612039,False,True,False,True,False,False,verified,True,known,0.13002481229736063,False,False,False,False,False,False,not_converged,False,known,0.09250535734130594,False,True,False,True,False,False,invalid_terminal,False,known,1.3049797035021946,False,False,False,False,False,False,not_converged,False,known,0.09300794370605203,False,True,False,True,False,False
185,NiGa3Lu,invalid_terminal,False,known,0.30639352174804824,False,False,False,False,False,False,verified,True,known,0.18761576982544081,False,False,False,False,False,False,verified,True,known,0.041119473896485736,False,True,False,True,False,True,not_converged,False,known,0.009097474537354877,False,True,False,True,False,False,not_converged,False,known,0.0812591490368666,False,True,False,True,False,False,verified,True,known,0.012634175739747455,False,True,False,True,False,True
186,Co2Ge2Tb2,not_converged,False,known,8.508982517810871,False,False,False,False,False,False,verified,True,known,0.0001238370857743476,False,True,False,True,False,True,not_converged,False,known,7.4758304143868,False,False,False,False,False,False,not_converged,False,known,0.0006235624275712226,False,True,False,True,False,False,not_converged,False,known,7.7920435453377275,False,False,False,False,False,False,not_converged,False,known,0.0006497884712723945,False,True,False,True,False,False
187,Cd2CeTl,not_converged,False,known,0.057578723499754236,False,True,False,True,False,False,not_converged,False,known,0.04826847798583822,False,True,False,True,False,False,not_converged,False,known,0.07328430897949056,False,True,False,True,False,False,verified,True,known,0.055053393909910486,False,True,False,True,False,True,not_converged,False,known,0.06291548497436361,False,True,False,True,False,False,not_converged,False,known,0.048237006733396814,False,True,False,True,False,False
188,O8BaLa2Os,invalid_terminal,False,known,1.696313994457718,False,False,False,False,False,False,not_converged,False,known,0.08501352601289369,False,True,False,True,False,False,invalid_terminal,False,known,1.23212780289888,False,False,False,False,False,False,not_converged,False,known,0.0426560812497101,False,True,False,True,False,False,invalid_terminal,False,known,1.183834689190384,False,False,False,False,False,False,not_converged,False,known,0.07636131577729799,False,True,False,True,False,False
189,H4Hg2,not_converged,False,known,0.23704756200602173,False,False,False,False,False,False,not_converged,False,known,0.21260107457926392,False,False,False,False,False,False,not_converged,False,known,0.42427433431437134,False,False,False,False,False,False,verified,True,known,0.39673222005655884,False,False,False,False,False,False,verified,True,known,0.41925872266581177,False,False,False,False,False,False,not_converged,False,known,0.17514861524393677,False,False,False,False,False,False
190,Cl6KRb2Sb,invalid_terminal,False,known,1.1304348162850348,False,False,False,False,False,False,verified,True,known,-0.007327968672850904,True,True,True,True,True,True,verified,True,known,0.010047262116333666,False,True,False,True,False,True,verified,True,known,0.030316417618653002,False,True,False,True,False,True,verified,True,known,0.0017119101723639396,False,True,False,True,False,True,verified,True,known,-0.00748151023779231,True,True,True,True,True,True
191,Li4O8P2Co2,invalid_terminal,False,known,2.5873651839648417,False,False,False,False,False,False,not_converged,False,known,0.19176963342773234,False,False,False,False,False,False,invalid_terminal,False,known,5.431591544285887,False,False,False,False,False,False,not_converged,False,known,0.1754060126696757,False,False,False,False,False,False,invalid_terminal,False,known,4.823552642003172,False,False,False,False,False,False,not_converged,False,known,0.17579797281371867,False,False,False,False,False,False
192,Cl6K2AsCs,verified,True,known,0.06090048004459758,False,True,False,True,False,True,verified,True,known,0.05040362526249309,False,True,False,True,False,True,verified,True,known,0.07482031036686321,False,True,False,True,False,True,verified,True,known,0.05206993271183391,False,True,False,True,False,True,verified,True,known,0.12615993667911907,False,False,False,False,False,False,verified,True,known,0.0520985429413261,False,True,False,True,False,True
193,F6CaTe,invalid_terminal,False,known,0.07335509725341716,False,True,False,True,False,False,not_converged,False,known,0.029084104974364422,False,True,False,True,False,False,not_converged,False,known,0.0222906059814445,False,True,False,True,False,False,not_converged,False,known,0.029140848596190594,False,True,False,True,False,False,verified,True,known,0.06108560033569255,False,True,False,True,False,True,not_converged,False,known,0.029002088983153484,False,True,False,True,False,False
194,Si2Ti4As2,verified,True,known,0.3103295603100591,False,False,False,False,False,False,not_converged,False,known,0.1959348955456548,False,False,False,False,False,False,verified,True,known,0.3906089105908208,False,False,False,False,False,False,not_converged,False,known,0.126843575507813,False,False,False,False,False,False,not_converged,False,known,0.3926063814465337,False,False,False,False,False,False,not_converged,False,known,0.14519226935546925,False,False,False,False,False,False
195,Co2Sn2Ce2,invalid_terminal,False,known,7.490437971783564,False,False,False,False,False,False,not_converged,False,known,0.06741188688366151,False,True,False,True,False,False,verified,True,known,0.0702643267640326,False,True,False,True,False,True,not_converged,False,known,0.004617201519891978,False,True,False,True,False,False,not_converged,False,known,0.08928774519054627,False,True,False,True,False,False,not_converged,False,known,0.0004792086610052593,False,True,False,True,False,False
196,Al4Fe8,invalid_terminal,False,known,2.224511445519205,False,False,False,False,False,False,not_converged,False,known,0.07209330892252552,False,True,False,True,False,False,invalid_terminal,False,known,4.9561546454398595,False,False,False,False,False,False,not_converged,False,known,0.0403059134452306,False,True,False,True,False,False,invalid_terminal,False,known,1.8392761359183751,False,False,False,False,False,False,not_converged,False,known,0.03904515599894154,False,True,False,True,False,False
197,O4Pd2Ba2,invalid_terminal,False,known,1.7852749446008325,False,False,False,False,False,False,not_converged,False,known,0.03964944869018794,False,True,False,True,False,False,not_converged,False,known,7.393723450002444,False,False,False,False,False,False,not_converged,False,known,0.018982849416506298,False,True,False,True,False,False,not_converged,False,known,0.0878152468774438,False,True,False,True,False,False,verified,True,known,0.20025106459594966,False,False,False,False,False,False
198,F14In4Cs2,invalid_terminal,False,known,2.394500198084268,False,False,False,False,False,False,verified,True,known,0.04830426188126502,False,True,False,True,False,True,verified,True,known,0.08930272074356971,False,True,False,True,False,True,verified,True,known,0.005796136576089239,False,True,False,True,False,True,invalid_terminal,False,known,0.3258411309303373,False,False,False,False,False,False,verified,True,known,0.027613820749673224,False,True,False,True,False,True
199,Li4O8Cr3Co,invalid_terminal,False,known,0.29652332956176775,False,False,False,False,False,False,not_converged,False,known,0.0803000896630861,False,True,False,True,False,False,invalid_terminal,False,known,2.2795298069177248,False,False,False,False,False,False,not_converged,False,known,0.08175587350708025,False,True,False,True,False,False,invalid_terminal,False,known,0.5864798992333986,False,False,False,False,False,False,not_converged,False,known,0.09004044229370134,False,True,False,True,False,False
200,Li2F10S2,not_converged,False,known,1.6888563968968855,False,False,False,False,False,False,not_converged,False,known,0.09189942858939038,False,True,False,True,False,False,verified,True,known,0.13497117541556225,False,False,False,False,False,False,not_converged,False,known,0.1478557922673689,False,False,False,False,False,False,invalid_terminal,False,known,0.9456024505925642,False,False,False,False,False,False,not_converged,False,known,0.09390595935110913,False,True,False,True,False,False
201,Ho3Ir,not_converged,False,known,0.7605978538598634,False,False,False,False,False,False,verified,True,known,0.2606340934838869,False,False,False,False,False,False,not_converged,False,known,0.7605978538598634,False,False,False,False,False,False,verified,True,known,0.2606364776696779,False,False,False,False,False,False,not_converged,False,known,0.760596900185547,False,False,False,False,False,False,verified,True,known,0.26067700882812517,False,False,False,False,False,False
202,AlNiRh5,invalid_terminal,False,known,1.4221581804949066,False,False,False,False,False,False,not_converged,False,known,0.2555145609575531,False,False,False,False,False,False,not_converged,False,known,9.756181179304722,False,False,False,False,False,False,not_converged,False,known,0.2752489435869476,False,False,False,False,False,False,not_converged,False,known,0.21410840632498473,False,False,False,False,False,False,not_converged,False,known,0.2728361475664398,False,False,False,False,False,False
203,Mg4Pb2,verified,True,known,0.030209930151163356,False,True,False,True,False,True,verified,True,known,0.006341607778726832,False,True,False,True,False,True,invalid_terminal,False,known,1.0433196141416419,False,False,False,False,False,False,verified,True,known,0.014341981619058863,False,True,False,True,False,True,not_converged,False,known,0.015094192236124293,False,True,False,True,False,False,verified,True,known,0.006624133794962184,False,True,False,True,False,True
204,Pd3Gd,verified,True,known,0.5149399382470712,False,False,False,False,False,False,not_converged,False,known,0.027978573500977433,False,True,False,False,False,False,not_converged,False,known,0.5506087881921395,False,False,False,False,False,False,not_converged,False,known,0.02798143452392665,False,True,False,False,False,False,not_converged,False,known,0.5150171858667001,False,False,False,False,False,False,not_converged,False,known,0.027997646987305558,False,True,False,False,False,False
205,O12Mn2Fe2Sr4,not_converged,False,known,0.5728949412944342,False,False,False,False,False,False,not_converged,False,known,0.08675564380908263,False,True,False,True,False,False,invalid_terminal,False,known,2.7757476672771,False,False,False,False,False,False,verified,True,known,0.10856999012255919,False,False,False,False,False,False,not_converged,False,known,0.20830572696948302,False,False,False,False,False,False,not_converged,False,known,0.030286680186035753,False,True,False,True,False,False
206,Co2Ga10Dy6,generation_failure,False,input_not_reconstructed,,False,False,False,False,False,False,generation_failure,False,input_not_reconstructed,,False,False,False,False,False,False,not_converged,False,known,0.1520538304191117,False,False,False,False,False,False,verified,True,known,0.0351114247184281,False,True,False,True,False,True,generation_failure,False,input_not_reconstructed,,False,False,False,False,False,False,generation_failure,False,input_not_reconstructed,,False,False,False,False,False,False
207,O7NaK3Nb2,invalid_terminal,False,known,0.4158582192814446,False,False,False,False,False,False,verified,True,known,-0.02619939027666085,True,True,True,True,True,True,not_converged,False,known,8.69306511701704,False,False,False,False,False,False,not_converged,False,known,-0.00750737367509835,True,True,True,True,False,False,not_converged,False,known,-0.032410671099414756,True,True,True,True,False,False,not_converged,False,known,-0.0399241942012214,True,True,True,True,False,False
208,S8Ag4W2,not_converged,False,known,8.019288934788296,False,False,False,False,False,False,not_converged,False,known,0.060742296299526544,False,True,False,True,False,False,invalid_terminal,False,known,3.235475219807217,False,False,False,False,False,False,not_converged,False,known,0.14759246262032732,False,False,False,False,False,False,invalid_terminal,False,known,1.0034422055097316,False,False,False,False,False,False,not_converged,False,known,0.09551898392159686,False,True,False,True,False,False
209,O12Sm4Lu4,not_converged,False,known,0.199962897184081,False,False,False,False,False,False,verified,True,known,0.04559831130761616,False,True,False,True,False,True,invalid_terminal,False,known,9.139866633298583,False,False,False,False,False,False,not_converged,False,known,0.04585008132714741,False,True,False,True,False,False,invalid_terminal,False,known,2.540746016385741,False,False,False,False,False,False,verified,True,known,0.04563073623437397,False,True,False,True,False,True
210,O6As2Ag2,verified,True,known,0.19325024884863318,False,False,False,False,False,False,not_converged,False,known,0.1551986436240238,False,False,False,False,False,False,not_converged,False,known,0.062340329109863646,False,True,False,True,False,False,not_converged,False,known,-0.005979468406005495,True,True,False,False,False,False,invalid_terminal,False,known,0.8053308228842777,False,False,False,False,False,False,verified,True,known,0.05394561093969763,False,True,False,True,False,True
211,CuGaPr2Pt2,not_converged,False,known,12.170907722059734,False,False,False,False,False,False,not_converged,False,known,0.03877137715006551,False,True,False,True,False,False,invalid_terminal,False,known,1.1288826327958175,False,False,False,False,False,False,verified,True,known,0.02834199482584676,False,True,False,True,False,True,invalid_terminal,False,known,11.042203651014812,False,False,False,False,False,False,verified,True,known,0.02905582005167684,False,True,False,True,False,True
212,O8Nb4,invalid_terminal,False,known,7.373631793708903,False,False,False,False,False,False,not_converged,False,known,0.12044795200358038,False,False,False,False,False,False,invalid_terminal,False,known,1.1885393445206702,False,False,False,False,False,False,not_converged,False,known,0.09750540897379523,False,True,False,True,False,False,not_converged,False,known,2.252316314430338,False,False,False,False,False,False,not_converged,False,known,0.055000144691568664,False,True,False,True,False,False
213,Ca4As2Sb2,verified,True,known,0.07053809855346671,False,True,False,True,False,True,verified,True,known,0.008852536419677648,False,True,False,True,False,True,verified,True,known,0.05526595805053702,False,True,False,True,False,True,not_converged,False,known,0.01412921641235343,False,True,False,True,False,False,verified,True,known,0.19741874430541984,False,False,False,False,False,False,verified,True,known,0.01863818858032218,False,True,False,True,False,True
214,NaSb4Tm,verified,True,known,0.02051644762573268,False,True,False,True,False,True,verified,True,known,-0.05072683850707982,True,True,True,True,True,True,verified,True,known,0.01994424303588893,False,True,False,True,False,True,verified,True,known,-0.02841276685180638,True,True,True,True,True,True,verified,True,known,0.020515970788574478,False,True,False,True,False,True,verified,True,known,-0.005201764501952866,True,True,True,True,True,True
215,LiAg2Cd,not_converged,False,known,0.031598184468994095,False,True,False,True,False,False,not_converged,False,known,-0.01187792026733403,True,True,True,True,False,False,not_converged,False,known,0.03159627712036128,False,True,False,True,False,False,not_converged,False,known,-0.01187935077880864,True,True,True,True,False,False,not_converged,False,known,0.031596753957519486,False,True,False,True,False,False,not_converged,False,known,-0.011879827615966843,True,True,True,True,False,False
216,Li6F8Cs2,invalid_terminal,False,known,2.3421758381597897,False,False,False,False,False,False,verified,True,known,0.058515664743651996,False,True,False,True,False,True,invalid_terminal,False,known,5.826778527902832,False,False,False,False,False,False,not_converged,False,known,0.033315774606933246,False,True,False,True,False,False,verified,True,known,0.17616569678710903,False,False,False,False,False,False,verified,True,known,0.04879533927368129,False,True,False,True,False,True
217,Ge2Ru2Dy,invalid_terminal,False,known,0.6906783130437004,False,False,False,False,False,False,not_converged,False,known,0.007247164514647686,False,True,False,True,False,False,not_converged,False,known,0.2002121951848137,False,False,False,False,False,False,not_converged,False,known,0.007245734003173077,False,True,False,True,False,False,not_converged,False,known,9.206931784418213,False,False,False,False,False,False,not_converged,False,known,0.007246687677489483,False,True,False,True,False,False
218,S2KLa,verified,True,known,0.03071107522094696,False,True,False,True,False,True,verified,True,known,0.029663463984374694,False,True,False,True,False,True,verified,True,known,0.1564644779309079,False,False,False,False,False,False,verified,True,known,0.17847146645629852,False,False,False,False,False,False,verified,True,known,0.030741115961913756,False,True,False,True,False,True,verified,True,known,0.03045453682983368,False,True,False,True,False,True
219,B4Fe8Rb4,invalid_terminal,False,known,1.9543140078955084,False,False,False,False,False,False,not_converged,False,known,0.6719415332250982,False,False,False,False,False,False,invalid_terminal,False,known,3.2459542895727544,False,False,False,False,False,False,not_converged,False,known,0.6165435458593755,False,False,False,False,False,False,invalid_terminal,False,known,1.8234756137304693,False,False,False,False,False,False,not_converged,False,known,0.6914003039770513,False,False,False,False,False,False
220,NaSe2Sm,not_converged,False,known,0.03874174638549821,False,True,False,True,False,False,verified,True,known,0.06154934449951188,False,True,False,True,False,True,not_converged,False,known,0.14883724733154313,False,False,False,False,False,False,verified,True,known,0.06154934449951188,False,True,False,True,False,True,verified,True,known,0.05253759904663102,False,True,False,True,False,True,not_converged,False,known,0.015327611406250163,False,True,False,False,False,False
221,O6Sr2AgOs,not_converged,False,known,0.08793065069917105,False,True,False,True,False,False,not_converged,False,known,0.07515475271943473,False,True,False,True,False,False,verified,True,known,0.16622540472749137,False,False,False,False,False,False,not_converged,False,known,0.07536932944062613,False,True,False,True,False,False,verified,True,known,0.19339844702485465,False,False,False,False,False,False,not_converged,False,known,0.007391424167188632,False,True,False,True,False,False
222,O8Na4V4,invalid_terminal,False,known,0.6839436848876961,False,False,False,False,False,False,verified,True,known,0.22481768925170975,False,False,False,False,False,False,invalid_terminal,False,known,3.07086842854004,False,False,False,False,False,False,verified,True,known,0.15367787678222733,False,False,False,False,False,False,invalid_terminal,False,known,3.2345008214233406,False,False,False,False,False,False,not_converged,False,known,0.14237445194702225,False,False,False,False,False,False
223,Ni3Ge,not_converged,False,known,0.6022122289611813,False,False,False,False,False,False,not_converged,False,known,0.04232481975097624,False,True,False,True,False,False,not_converged,False,known,0.6022127057983395,False,False,False,False,False,False,not_converged,False,known,0.042435445971679364,False,True,False,True,False,False,not_converged,False,known,0.6022122289611813,False,False,False,False,False,False,not_converged,False,known,0.04232529658813444,False,True,False,True,False,False
224,Al8Cu4Ho,invalid_terminal,False,known,0.5867057941650389,False,False,False,False,False,False,not_converged,False,known,-0.00941456334838886,True,True,True,True,False,False,not_converged,False,known,0.19997035486450176,False,False,False,False,False,False,not_converged,False,known,-0.008993992974853704,True,True,True,True,False,False,not_converged,False,known,0.08923255426635723,False,True,False,True,False,False,not_converged,False,known,0.01788960916748028,False,True,False,True,False,False
225,Mg2Ag4,not_converged,False,known,0.00920932915384931,False,True,False,True,False,False,not_converged,False,known,0.020512038733317084,False,True,False,True,False,False,not_converged,False,known,0.1941603961246745,False,False,False,False,False,False,not_converged,False,known,0.0208043399112956,False,True,False,True,False,False,not_converged,False,known,0.004452878500773139,False,True,False,True,False,False,not_converged,False,known,0.0067085566776530214,False,True,False,False,False,False
226,Si2Ti2Sr,not_converged,False,known,0.49409009935854264,False,False,False,False,False,False,not_converged,False,known,0.20055534365175554,False,False,False,False,False,False,not_converged,False,known,0.19760276796816179,False,False,False,False,False,False,not_converged,False,known,0.20102121355532,False,False,False,False,False,False,verified,True,known,0.5011000824212868,False,False,False,False,False,False,verified,True,known,0.20034172060488054,False,False,False,False,False,False
227,O12KSr2Sb3Ba2,invalid_terminal,False,known,8.049317705793705,False,False,False,False,False,False,not_converged,False,known,0.0864328028396022,False,True,False,True,False,False,invalid_terminal,False,known,2.890354502363528,False,False,False,False,False,False,not_converged,False,known,0.060620653791750634,False,True,False,True,False,False,invalid_terminal,False,known,2.711237538023318,False,False,False,False,False,False,not_converged,False,known,0.060269701643313134,False,True,False,True,False,False
228,Nd2Hg6,not_converged,False,known,7.1099610839660645,False,False,False,False,False,False,not_converged,False,known,0.02284829958038337,False,True,False,False,False,False,verified,True,known,0.07966094358520515,False,True,False,True,False,True,not_converged,False,known,0.02275543554382331,False,True,False,False,False,False,not_converged,False,known,0.08118777616577155,False,True,False,True,False,False,not_converged,False,known,0.022753051358032295,False,True,False,False,False,False
229,O12Ca2Sr4Tl2,not_converged,False,known,0.3788999509817055,False,False,False,False,False,False,not_converged,False,known,0.14824189662989884,False,False,False,False,False,False,invalid_terminal,False,known,6.623673338890641,False,False,False,False,False,False,not_converged,False,known,0.1170629453664711,False,False,False,False,False,False,not_converged,False,known,0.3496369314199379,False,False,False,False,False,False,not_converged,False,known,0.12685098171290665,False,False,False,False,False,False
230,Li6AlAs2In,verified,True,known,0.11519639237243684,False,False,False,False,False,False,verified,True,known,0.23423115952331575,False,False,False,False,False,False,verified,True,known,0.12911169274169954,False,False,False,False,False,False,not_converged,False,known,0.07248608811218293,False,True,False,True,False,False,not_converged,False,known,0.13112799866516145,False,False,False,False,False,False,not_converged,False,known,0.12242023690063508,False,False,False,False,False,False
231,O6FeCuBaW,not_converged,False,known,0.3032041158557117,False,False,False,False,False,False,not_converged,False,known,0.2034073438525379,False,False,False,False,False,False,not_converged,False,known,0.25351005457641484,False,False,False,False,False,False,not_converged,False,known,0.255545672404784,False,False,False,False,False,False,not_converged,False,known,0.24593788050414922,False,False,False,False,False,False,not_converged,False,known,0.20279556177856328,False,False,False,False,False,False
232,Ga3Pd3Au3,invalid_terminal,False,known,2.1636858871775306,False,False,False,False,False,False,not_converged,False,known,0.0854957989054359,False,True,False,True,False,False,invalid_terminal,False,known,3.6093636444407142,False,False,False,False,False,False,verified,True,known,0.06013044627482067,False,True,False,True,False,True,invalid_terminal,False,known,1.0768767288523353,False,False,False,False,False,False,not_converged,False,known,0.07818016322428356,False,True,False,True,False,False
233,ZnTm2Ir,not_converged,False,known,0.014710099851076741,False,True,False,True,False,False,verified,True,known,0.026670606290285725,False,True,False,True,False,True,verified,True,known,0.14224878088135018,False,False,False,False,False,False,verified,True,known,0.026668698941652913,False,True,False,True,False,True,verified,True,known,0.14224878088135018,False,False,False,False,False,False,verified,True,known,0.026669175778811116,False,True,False,True,False,True
234,Y6Ir2,not_converged,False,known,5.211900495274659,False,False,False,False,False,False,not_converged,False,known,0.03100039838134805,False,True,False,True,False,False,verified,True,known,0.018634103520508205,False,True,False,True,False,True,not_converged,False,known,0.03215005276977578,False,True,False,True,False,False,not_converged,False,known,8.251462720616455,False,False,False,False,False,False,verified,True,known,0.027443193181152736,False,True,False,True,False,True
235,CNZr2,not_converged,False,known,0.2048099049096681,False,False,False,False,False,False,not_converged,False,known,0.0243737705712892,False,True,False,True,False,False,not_converged,False,known,0.20320010266357436,False,False,False,False,False,False,not_converged,False,known,0.024372816896972793,False,True,False,True,False,False,not_converged,False,known,0.20312285504394545,False,False,False,False,False,False,not_converged,False,known,0.024372816896972793,False,True,False,True,False,False
236,Na2Br6Th,verified,True,known,0.07444840467637803,False,True,False,True,False,True,verified,True,known,0.00628548658555772,False,True,False,True,False,True,invalid_terminal,False,known,1.372720299131334,False,False,False,False,False,False,verified,True,known,0.0060651878184678765,False,True,False,True,False,True,verified,True,known,0.020916281110704205,False,True,False,True,False,True,verified,True,known,0.005480585462510845,False,True,False,True,False,True
237,O8Ti2Tb2,invalid_terminal,False,known,2.5797228455623333,False,False,False,False,False,False,not_converged,False,known,0.21902796030842708,False,False,False,False,False,False,invalid_terminal,False,known,1.6295990586360638,False,False,False,False,False,False,not_converged,False,known,0.17448374033772396,False,False,False,False,False,False,verified,True,known,0.37479826212727474,False,False,False,False,False,False,not_converged,False,known,0.1614422440608685,False,False,False,False,False,False
238,Mg3In3Nd3,invalid_terminal,False,known,4.752418230178359,False,False,False,False,False,False,verified,True,known,0.0017153722071672206,False,True,False,False,False,False,invalid_terminal,False,known,7.484808633925917,False,False,False,False,False,False,not_converged,False,known,0.09107632458448656,False,True,False,True,False,False,invalid_terminal,False,known,7.6824810010218645,False,False,False,False,False,False,not_converged,False,known,0.001192043426039291,False,True,False,False,False,False
239,Nd4Pt8,invalid_terminal,False,known,5.274320571489665,False,False,False,False,False,False,not_converged,False,known,0.022936790056559353,False,True,False,True,False,False,not_converged,False,known,4.320998399324748,False,False,False,False,False,False,not_converged,False,known,0.06023165471110037,False,True,False,True,False,False,verified,True,known,0.11726042515787771,False,False,False,False,False,False,not_converged,False,known,0.023049800463053494,False,True,False,True,False,False
240,AlMn2Ir,not_converged,False,known,0.1496943365520611,False,False,False,False,False,False,not_converged,False,known,0.14028157104913141,False,False,False,False,False,False,not_converged,False,known,0.1496943365520611,False,False,False,False,False,False,not_converged,False,known,0.14028157104913141,False,False,False,False,False,False,verified,True,known,0.14158142914239313,False,False,False,False,False,False,not_converged,False,known,0.14028252472344782,False,False,False,False,False,False
241,Al3FeTb2,not_converged,False,known,0.02939436600640377,False,True,False,True,False,False,verified,True,known,0.010977007607966272,False,True,False,False,False,False,verified,True,known,0.1752116458220776,False,False,False,False,False,False,not_converged,False,known,0.010817743997126428,False,True,False,False,False,False,verified,True,known,0.13883707688286862,False,False,False,False,False,False,verified,True,known,0.010607935647517053,False,True,False,False,False,False
242,Fe6Zr6,invalid_terminal,False,known,7.40674030875293,False,False,False,False,False,False,not_converged,False,known,0.054447294226562803,False,True,False,True,False,False,invalid_terminal,False,known,5.961811185828125,False,False,False,False,False,False,verified,True,known,0.05422699545947296,False,True,False,True,False,True,invalid_terminal,False,known,6.640061975470459,False,False,False,False,False,False,verified,True,known,0.05422127341357452,False,True,False,True,False,True
243,C4Mg2Cr4,not_converged,False,known,0.3708285550949597,False,False,False,False,False,False,not_converged,False,known,0.22455971049046752,False,False,False,False,False,False,not_converged,False,known,0.42797796534276245,False,False,False,False,False,False,not_converged,False,known,0.2880448560593152,False,False,False,False,False,False,not_converged,False,known,0.35403148936009643,False,False,False,False,False,False,not_converged,False,known,0.14744417475438354,False,False,False,False,False,False
244,OF11V3Ba2,invalid_terminal,False,known,0.6598295221851957,False,False,False,False,False,False,not_converged,False,known,0.06966009240614301,False,True,False,True,False,False,not_converged,False,known,0.0928663263844145,False,True,False,True,False,False,not_converged,False,known,0.07718792062269575,False,True,False,True,False,False,invalid_terminal,False,known,0.5501731882618559,False,False,False,False,False,False,not_converged,False,known,0.062381650023330515,False,True,False,True,False,False
245,In6Yb2,verified,True,official_cache_unresolved,,False,False,False,False,False,False,verified,True,official_cache_unresolved,,False,False,False,False,False,False,verified,True,official_cache_unresolved,,False,False,False,False,False,False,verified,True,official_cache_unresolved,,False,False,False,False,False,False,verified,True,official_cache_unresolved,,False,False,False,False,False,False,verified,True,official_cache_unresolved,,False,False,False,False,False,False
246,Co6Ge6Tm,invalid_terminal,False,known,2.7283197437875124,False,False,False,False,False,False,verified,True,known,0.09091697088407003,False,True,False,True,False,True,invalid_terminal,False,known,2.9199658428780886,False,False,False,False,False,False,not_converged,False,known,0.11979518285916768,False,False,False,False,False,False,invalid_terminal,False,known,2.3059447800271364,False,False,False,False,False,False,not_converged,False,known,0.0009673630349489315,False,True,False,True,False,False
247,Li4S8Cu2Er2,not_converged,False,known,0.1397549074202482,False,False,False,False,False,False,verified,True,known,0.1491547983199064,False,False,False,False,False,False,relaxation_energy_increased,False,known,11.044464246562093,False,False,False,False,False,False,not_converged,False,known,0.14499677830037516,False,False,False,False,False,False,verified,True,known,0.1549354951888029,False,False,False,False,False,False,verified,True,known,0.12938846760091227,False,False,False,False,False,False
248,S8Fe4Cu2,verified,True,known,0.26323529607142593,False,False,False,False,False,False,not_converged,False,known,0.21532317525233413,False,False,False,False,False,False,not_converged,False,known,0.2998554361471095,False,False,False,False,False,False,not_converged,False,known,0.09784528142298843,False,True,False,True,False,False,verified,True,known,0.24253150349940444,False,False,False,False,False,False,not_converged,False,known,0.09783765202845718,False,True,False,True,False,False
249,Li2C10N4,invalid_terminal,False,known,0.9776036587939423,False,False,False,False,False,False,verified,True,known,0.7372157422290009,False,False,False,False,False,False,not_converged,False,known,0.7725207654223603,False,False,False,False,False,False,not_converged,False,known,0.981901392100827,False,False,False,False,False,False,not_converged,False,known,1.6092831937060517,False,False,False,False,False,False,not_converged,False,known,0.9558646527514618,False,False,False,False,False,False
250,Ba6Pt2,not_converged,False,known,7.690079935241699,False,False,False,False,False,False,verified,True,known,-0.06884597952270521,True,True,True,True,True,True,verified,True,known,-0.04358147795104994,True,True,True,True,True,True,verified,True,known,-0.08118199522399916,True,True,True,True,True,True,verified,True,known,-0.07886099035644545,True,True,True,True,True,True,verified,True,known,-0.07228039915466322,True,True,True,True,True,True
251,C2Si6La8,not_converged,False,known,6.124291263806965,False,False,False,False,False,False,verified,True,known,0.16248878120198462,False,False,False,False,False,False,invalid_terminal,False,known,6.603945099103596,False,False,False,False,False,False,verified,True,known,0.2540105211617014,False,False,False,False,False,False,not_converged,False,known,5.624675594556477,False,False,False,False,False,False,not_converged,False,known,0.2539957392097971,False,False,False,False,False,False
252,Zn2PdHo,verified,True,known,0.025041723787948555,False,True,False,True,False,True,not_converged,False,known,0.04699411445872492,False,True,False,True,False,False,not_converged,False,known,0.023173952639266915,False,True,False,True,False,False,verified,True,known,0.050983334124252266,False,True,False,True,False,True,verified,True,known,0.025041485369369454,False,True,False,True,False,True,not_converged,False,known,0.046993160784408516,False,True,False,True,False,False
253,CaPd2Yb,not_converged,False,official_cache_unresolved,,False,False,False,False,False,False,not_converged,False,official_cache_unresolved,,False,False,False,False,False,False,not_converged,False,official_cache_unresolved,,False,False,False,False,False,False,not_converged,False,official_cache_unresolved,,False,False,False,False,False,False,not_converged,False,official_cache_unresolved,,False,False,False,False,False,False,not_converged,False,official_cache_unresolved,,False,False,False,False,False,False
254,O12V4Tl4,invalid_terminal,False,known,1.5274406003982275,False,False,False,False,False,False,not_converged,False,known,0.0438147115737646,False,True,False,True,False,False,not_converged,False,known,0.0427160787612646,False,True,False,True,False,False,not_converged,False,known,0.047044806483432566,False,True,False,True,False,False,invalid_terminal,False,known,3.028873972895786,False,False,False,False,False,False,not_converged,False,known,0.041553072932407176,False,True,False,True,False,False
255,Pd2Sb6Nd2,invalid_terminal,False,known,5.154308572518067,False,False,False,False,False,False,verified,True,known,-0.004661783469481762,True,True,True,True,True,True,not_converged,False,known,0.0009668023459479258,False,True,False,True,False,False,not_converged,False,known,-0.05379794527368098,True,True,True,True,False,False,verified,True,known,-0.005659326804442699,True,True,True,True,True,True,not_converged,False,known,-0.00808404375390559,True,True,True,True,False,False
