method,endpoint,from_phase,to_phase,sample_idx,group_id,trajectory_id,from_status,to_status,both_verified_known,verification_changed,NU_changed,novel_changed,unique_changed,generation_or_parse_unavailable,raw_geometry_invalid,unknown_hull,hull_unavailable,hull_input_not_reconstructed,hull_other_unavailable,terminal_energy_unavailable,from_e_above_hull,to_e_above_hull,trusted_e_above_hull_delta,upstream_exact_tokens_unchanged,strict_stability_flag_changed,strict_verified_threshold_flip,strict_threshold_flag_change_not_verified,strict_evidence_class,meta_stability_flag_changed,meta_verified_threshold_flip,meta_threshold_flag_change_not_verified,meta_evidence_class,strict_sun_change,meta_sun_change,verified_strict_sun_change,verified_meta_sun_change,same_upstream_tokens_outcome_changed,same_upstream_S_or_verified_changed,same_upstream_only_NU_changed
k4,native,construct,cooperative,0,eval:0,eval:0:0:0,invalid_terminal,invalid_terminal,False,False,False,False,False,False,False,False,False,False,False,False,3.2498678173691404,3.110351940599121,,True,False,False,False,not_both_verified,False,False,False,not_both_verified,neither,neither,neither,neither,False,False,False
k4,native,construct,cooperative,1,eval:1,eval:1:0:0,verified,verified,True,False,False,False,False,False,False,False,False,False,False,False,0.5976256740917965,0.29840272792480427,-0.2992229461669922,False,False,False,False,no_threshold_or_NU_change,False,False,False,no_threshold_or_NU_change,neither,neither,neither,neither,False,False,False
k4,native,construct,cooperative,2,eval:2,eval:2:0:0,verified,invalid_terminal,False,True,False,False,False,False,False,False,False,False,False,False,0.2937243730364125,1.8642967492876332,,False,False,False,False,verification_changed,False,False,False,verification_changed,neither,neither,neither,neither,False,False,False
k4,native,construct,cooperative,3,eval:3,eval:3:0:0,invalid_terminal,not_converged,False,False,False,False,False,False,False,False,False,False,False,False,1.9368213340927465,0.15465580674899648,,False,False,False,False,not_both_verified,False,False,False,not_both_verified,neither,neither,neither,neither,False,False,False
k4,native,construct,cooperative,4,eval:4,eval:4:0:0,not_converged,not_converged,False,False,False,False,False,False,False,False,False,False,False,False,9.369172434984131,6.214808325944825,,False,False,False,False,not_both_verified,False,False,False,not_both_verified,neither,neither,neither,neither,False,False,False
k4,native,construct,cooperative,5,eval:5,eval:5:0:0,invalid_terminal,invalid_terminal,False,False,False,False,False,False,False,False,False,False,False,False,10.116338162794175,1.790651708021227,,False,False,False,False,not_both_verified,False,False,False,not_both_verified,neither,neither,neither,neither,False,False,False
k4,native,construct,cooperative,6,eval:6,eval:6:0:0,not_converged,verified,False,True,False,False,False,False,False,False,False,False,False,False,5.127253672057156,0.060558458739285115,,True,False,False,False,verification_changed,True,False,True,verification_changed,neither,gained,neither,gained,True,True,False
k4,native,construct,cooperative,7,eval:7,eval:7:0:0,invalid_terminal,invalid_terminal,False,False,False,False,False,False,False,False,False,False,False,False,1.3391956605200086,0.3945054330114637,,False,False,False,False,not_both_verified,False,False,False,not_both_verified,neither,neither,neither,neither,False,False,False
k4,native,construct,cooperative,8,eval:8,eval:8:0:0,invalid_terminal,verified,False,True,False,False,False,False,False,False,False,False,False,False,0.2529978129532875,0.12634604903727187,,False,False,False,False,verification_changed,False,False,False,verification_changed,neither,neither,neither,neither,False,False,False
k4,native,construct,cooperative,9,eval:9,eval:9:0:0,invalid_terminal,not_converged,False,False,False,False,False,False,False,False,False,False,False,False,2.603619931928664,3.9935866582317647,,False,False,False,False,not_both_verified,False,False,False,not_both_verified,neither,neither,neither,neither,False,False,False
k4,native,construct,cooperative,10,eval:10,eval:10:0:0,verified,not_converged,False,True,False,False,False,False,False,False,False,False,False,False,0.19505063290337432,0.18903914684990752,,False,False,False,False,verification_changed,False,False,False,verification_changed,neither,neither,neither,neither,False,False,False
k4,native,construct,cooperative,11,eval:11,eval:11:0:0,verified,not_converged,False,True,False,False,False,False,False,False,False,False,False,False,0.3605195658269045,8.512843765503419,,False,False,False,False,verification_changed,False,False,False,verification_changed,neither,neither,neither,neither,False,False,False
k4,native,construct,cooperative,12,eval:12,eval:12:0:0,not_converged,not_converged,False,False,False,False,False,False,False,False,False,False,False,False,0.30335191156860386,-0.007016149497069968,,False,True,False,True,not_both_verified,True,False,True,not_both_verified,gained,gained,neither,neither,False,False,False
k4,native,construct,cooperative,13,eval:13,eval:13:0:0,verified,not_converged,False,True,False,False,False,False,False,False,False,False,False,False,0.028601925498657366,0.029909174567871233,,False,False,False,False,verification_changed,False,False,False,verification_changed,neither,both,neither,lost,False,False,False
k4,native,construct,cooperative,14,eval:14,eval:14:0:0,invalid_terminal,not_converged,False,False,False,False,False,False,False,False,False,False,False,False,1.5936269428023282,0.19930025594319734,,False,False,False,False,not_both_verified,False,False,False,not_both_verified,neither,neither,neither,neither,False,False,False
k4,native,construct,cooperative,15,eval:15,eval:15:0:0,not_converged,not_converged,False,False,False,False,False,False,False,False,False,False,False,False,0.09523658512831013,0.14554624317884723,,False,False,False,False,not_both_verified,True,False,True,not_both_verified,neither,lost,neither,neither,False,False,False
k4,native,construct,cooperative,16,eval:16,eval:16:0:0,not_converged,not_converged,False,False,False,False,False,False,False,True,True,False,False,True,,,,False,False,False,False,unknown_hull,False,False,False,unknown_hull,neither,neither,neither,neither,False,False,False
k4,native,construct,cooperative,17,eval:17,eval:17:0:0,invalid_terminal,invalid_terminal,False,False,False,False,False,False,False,False,False,False,False,False,0.9048350267244443,2.5892315320802792,,False,False,False,False,not_both_verified,False,False,False,not_both_verified,neither,neither,neither,neither,False,False,False
k4,native,construct,cooperative,18,eval:18,eval:18:0:0,invalid_terminal,not_converged,False,False,False,False,False,False,False,False,False,False,False,False,0.7802080301635748,0.32758394759826714,,False,False,False,False,not_both_verified,False,False,False,not_both_verified,neither,neither,neither,neither,False,False,False
k4,native,construct,cooperative,19,eval:19,eval:19:0:0,not_converged,invalid_terminal,False,False,False,False,False,False,False,False,False,False,False,False,0.1497875495629737,0.16389334637693853,,False,False,False,False,not_both_verified,False,False,False,not_both_verified,neither,neither,neither,neither,False,False,False
k4,native,construct,cooperative,20,eval:20,eval:20:0:0,not_converged,verified,False,True,False,False,False,False,False,False,False,False,False,False,0.09474746862988148,0.08819381872753773,,False,False,False,False,verification_changed,False,False,False,verification_changed,neither,both,neither,gained,False,False,False
k4,native,construct,cooperative,21,eval:21,eval:21:0:0,not_converged,invalid_terminal,False,False,False,False,False,False,False,False,False,False,False,False,0.06548373914428751,0.17010228849121134,,False,False,False,False,not_both_verified,True,False,True,not_both_verified,neither,lost,neither,neither,False,False,False
k4,native,construct,cooperative,22,eval:22,eval:22:0:0,not_converged,not_converged,False,False,False,False,False,False,False,False,False,False,False,False,0.06294645269775323,0.20690454443359307,,False,False,False,False,not_both_verified,True,False,True,not_both_verified,neither,lost,neither,neither,False,False,False
k4,native,construct,cooperative,23,eval:23,eval:23:0:0,invalid_terminal,invalid_terminal,False,False,False,False,False,False,False,False,False,False,False,False,0.36326241482434085,0.5217421053760987,,False,False,False,False,not_both_verified,False,False,False,not_both_verified,neither,neither,neither,neither,False,False,False
k4,native,construct,cooperative,24,eval:24,eval:24:0:0,invalid_terminal,invalid_terminal,False,False,False,False,False,False,False,False,False,False,False,False,3.653885961621441,3.020477415173687,,False,False,False,False,not_both_verified,False,False,False,not_both_verified,neither,neither,neither,neither,False,False,False
k4,native,construct,cooperative,25,eval:25,eval:25:0:0,invalid_terminal,invalid_terminal,False,False,False,False,False,False,False,False,False,False,False,False,3.333620509749098,0.6397509189898205,,False,False,False,False,not_both_verified,False,False,False,not_both_verified,neither,neither,neither,neither,False,False,False
k4,native,construct,cooperative,26,eval:26,eval:26:0:0,not_converged,not_converged,False,False,False,False,False,False,False,False,False,False,False,False,0.12342784947070307,0.20646427220019525,,False,False,False,False,not_both_verified,False,False,False,not_both_verified,neither,neither,neither,neither,False,False,False
k4,native,construct,cooperative,27,eval:27,eval:27:0:0,invalid_terminal,invalid_terminal,False,False,False,False,False,False,False,False,False,False,False,False,2.6616364840979583,0.5264269237036712,,False,False,False,False,not_both_verified,False,False,False,not_both_verified,neither,neither,neither,neither,False,False,False
k4,native,construct,cooperative,28,eval:28,eval:28:0:0,invalid_terminal,invalid_terminal,False,False,False,False,False,False,False,False,False,False,False,False,3.021355893276443,3.2324192782862085,,False,False,False,False,not_both_verified,False,False,False,not_both_verified,neither,neither,neither,neither,False,False,False
k4,native,construct,cooperative,29,eval:29,eval:29:0:0,invalid_terminal,invalid_terminal,False,False,False,False,False,False,False,False,False,False,False,False,6.778076128847831,-17.094382805936107,,False,True,False,True,not_both_verified,True,False,True,not_both_verified,gained,gained,neither,neither,False,False,False
k4,native,construct,cooperative,30,eval:30,eval:30:0:0,invalid_terminal,invalid_terminal,False,False,False,False,False,False,False,False,False,False,False,False,0.15999776726860926,0.6584661663164608,,False,False,False,False,not_both_verified,False,False,False,not_both_verified,neither,neither,neither,neither,False,False,False
k4,native,construct,cooperative,31,eval:31,eval:31:0:0,not_converged,verified,False,True,False,False,False,False,False,False,False,False,False,False,0.183437885777181,0.15512901736897788,,False,False,False,False,verification_changed,False,False,False,verification_changed,neither,neither,neither,neither,False,False,False
k4,native,construct,cooperative,32,eval:32,eval:32:0:0,not_converged,invalid_terminal,False,False,False,False,False,False,False,False,False,False,False,False,0.6585349352042638,2.378158500878092,,False,False,False,False,not_both_verified,False,False,False,not_both_verified,neither,neither,neither,neither,False,False,False
k4,native,construct,cooperative,33,eval:33,eval:33:0:0,verified,verified,True,False,False,False,False,False,False,False,False,False,False,False,0.1405238488968914,0.09229916132059746,-0.048224687576293945,False,False,False,False,no_threshold_or_NU_change,True,True,False,verified_threshold_only,neither,gained,neither,gained,False,False,False
k4,native,construct,cooperative,34,eval:34,eval:34:0:0,not_converged,verified,False,True,False,False,False,False,False,False,False,False,False,False,0.045493966644897466,0.048103219574584966,,False,False,False,False,verification_changed,False,False,False,verification_changed,neither,both,neither,gained,False,False,False
k4,native,construct,cooperative,35,eval:35,eval:35:0:0,invalid_terminal,not_converged,False,False,False,False,False,False,False,False,False,False,False,False,1.6233033408268964,0.011446880255607361,,False,False,False,False,not_both_verified,True,False,True,not_both_verified,neither,gained,neither,neither,False,False,False
k4,native,construct,cooperative,36,eval:36,eval:36:0:0,invalid_terminal,invalid_terminal,False,False,False,False,False,False,False,False,False,False,False,False,5.011078566677639,2.7849523726773953,,False,False,False,False,not_both_verified,False,False,False,not_both_verified,neither,neither,neither,neither,False,False,False
k4,native,construct,cooperative,37,eval:37,eval:37:0:0,not_converged,not_converged,False,False,False,False,False,False,False,False,False,False,False,False,0.7996343762053115,0.38203279081712793,,False,False,False,False,not_both_verified,False,False,False,not_both_verified,neither,neither,neither,neither,False,False,False
k4,native,construct,cooperative,38,eval:38,eval:38:0:0,invalid_terminal,invalid_terminal,False,False,False,False,False,False,False,False,False,False,False,False,3.153378483842914,1.1546556921711613,,False,False,False,False,not_both_verified,False,False,False,not_both_verified,neither,neither,neither,neither,False,False,False
k4,native,construct,cooperative,39,eval:39,eval:39:0:0,verified,not_converged,False,True,False,False,False,False,False,False,False,False,False,False,0.1921610022544762,8.246583857631673,,False,False,False,False,verification_changed,False,False,False,verification_changed,neither,neither,neither,neither,False,False,False
k4,native,construct,cooperative,40,eval:40,eval:40:0:0,not_converged,not_converged,False,False,False,False,False,False,False,False,False,False,False,False,0.0721369114248045,0.12674144175927715,,False,False,False,False,not_both_verified,True,False,True,not_both_verified,neither,lost,neither,neither,False,False,False
k4,native,construct,cooperative,41,eval:41,eval:41:0:0,invalid_terminal,invalid_terminal,False,False,False,False,False,False,False,False,False,False,False,False,1.3480968336714687,0.3689718107832851,,False,False,False,False,not_both_verified,False,False,False,not_both_verified,neither,neither,neither,neither,False,False,False
k4,native,construct,cooperative,42,eval:42,eval:42:0:0,verified,not_converged,False,True,False,False,False,False,False,False,False,False,False,False,0.40344996378160225,0.43191094324327217,,False,False,False,False,verification_changed,False,False,False,verification_changed,neither,neither,neither,neither,False,False,False
k4,native,construct,cooperative,43,eval:43,eval:43:0:0,invalid_terminal,not_converged,False,False,False,False,False,False,False,False,False,False,False,False,0.7085349962548833,0.264435569985352,,False,False,False,False,not_both_verified,False,False,False,not_both_verified,neither,neither,neither,neither,False,False,False
k4,native,construct,cooperative,44,eval:44,eval:44:0:0,not_converged,verified,False,True,False,False,False,False,False,False,False,False,False,False,0.21364619377075122,0.282735129622802,,False,False,False,False,verification_changed,False,False,False,verification_changed,neither,neither,neither,neither,False,False,False
k4,native,construct,cooperative,45,eval:45,eval:45:0:0,not_converged,not_converged,False,False,False,False,False,False,False,False,False,False,False,False,0.2587052154545084,0.29960544586222326,,False,False,False,False,not_both_verified,False,False,False,not_both_verified,neither,neither,neither,neither,False,False,False
k4,native,construct,cooperative,46,eval:46,eval:46:0:0,not_converged,invalid_terminal,False,False,False,False,False,False,False,False,False,False,False,False,4.4466626131677245,0.38444537760253894,,False,False,False,False,not_both_verified,False,False,False,not_both_verified,neither,neither,neither,neither,False,False,False
k4,native,construct,cooperative,47,eval:47,eval:47:0:0,invalid_terminal,invalid_terminal,False,False,False,False,False,False,False,False,False,False,False,False,0.9120060233750378,0.698510292021278,,False,False,False,False,not_both_verified,False,False,False,not_both_verified,neither,neither,neither,neither,False,False,False
k4,native,construct,cooperative,48,eval:48,eval:48:0:0,invalid_terminal,invalid_terminal,False,False,False,False,False,False,False,False,False,False,False,False,0.8426936406617944,1.2074721593385522,,False,False,False,False,not_both_verified,False,False,False,not_both_verified,neither,neither,neither,neither,False,False,False
k4,native,construct,cooperative,49,eval:49,eval:49:0:0,verified,not_converged,False,True,False,False,False,False,False,False,False,False,False,False,2.43600055894073,2.4571339817922926,,False,False,False,False,verification_changed,False,False,False,verification_changed,neither,neither,neither,neither,False,False,False
k4,native,construct,cooperative,50,eval:50,eval:50:0:0,not_converged,not_converged,False,False,False,False,False,False,False,False,False,False,False,False,0.8014726427775072,0.24212596690470445,,False,False,False,False,not_both_verified,False,False,False,not_both_verified,neither,neither,neither,neither,False,False,False
k4,native,construct,cooperative,51,eval:51,eval:51:0:0,not_converged,not_converged,False,False,False,False,False,False,False,False,False,False,False,False,0.12449068590234624,0.11655468507837163,,False,False,False,False,not_both_verified,False,False,False,not_both_verified,neither,neither,neither,neither,False,False,False
k4,native,construct,cooperative,52,eval:52,eval:52:0:0,invalid_terminal,not_converged,False,False,False,False,False,False,False,False,False,False,False,False,1.0610658763062535,0.6045486567627965,,False,False,False,False,not_both_verified,False,False,False,not_both_verified,neither,neither,neither,neither,False,False,False
k4,native,construct,cooperative,53,eval:53,eval:53:0:0,invalid_terminal,invalid_terminal,False,False,False,False,False,False,False,False,False,False,False,False,1.635297083208008,6.537770532915039,,False,False,False,False,not_both_verified,False,False,False,not_both_verified,neither,neither,neither,neither,False,False,False
k4,native,construct,cooperative,54,eval:54,eval:54:0:0,verified,verified,True,False,False,False,False,False,False,False,False,False,False,False,0.07784191684606334,0.058810153769281115,-0.019031763076782227,False,False,False,False,no_threshold_or_NU_change,False,False,False,no_threshold_or_NU_change,neither,both,neither,both,False,False,False
k4,native,construct,cooperative,55,eval:55,eval:55:0:0,invalid_terminal,invalid_terminal,False,False,False,False,False,False,False,False,False,False,False,False,0.4429210734594724,5.137236983798828,,False,False,False,False,not_both_verified,False,False,False,not_both_verified,neither,neither,neither,neither,False,False,False
k4,native,construct,cooperative,56,eval:56,eval:56:0:0,invalid_terminal,invalid_terminal,False,False,False,False,False,False,False,False,False,False,False,False,3.2029029753921066,2.048292579960588,,False,False,False,False,not_both_verified,False,False,False,not_both_verified,neither,neither,neither,neither,False,False,False
k4,native,construct,cooperative,57,eval:57,eval:57:0:0,invalid_terminal,invalid_terminal,False,False,False,False,False,False,False,False,False,False,False,False,2.1598402241937675,3.243616698192791,,False,False,False,False,not_both_verified,False,False,False,not_both_verified,neither,neither,neither,neither,False,False,False
k4,native,construct,cooperative,58,eval:58,eval:58:0:0,invalid_terminal,not_converged,False,False,False,False,False,False,False,False,False,False,False,False,2.2169288502370197,9.187037120882161,,False,False,False,False,not_both_verified,False,False,False,not_both_verified,neither,neither,neither,neither,False,False,False
k4,native,construct,cooperative,59,eval:59,eval:59:0:0,invalid_terminal,invalid_terminal,False,False,False,False,False,False,False,False,False,False,False,False,1.1257675785696533,1.1235800881063964,,True,False,False,False,not_both_verified,False,False,False,not_both_verified,neither,neither,neither,neither,False,False,False
k4,native,construct,cooperative,60,eval:60,eval:60:0:0,not_converged,verified,False,True,False,False,False,False,False,False,False,False,False,False,1.5441774949340816,1.6571251973419185,,False,False,False,False,verification_changed,False,False,False,verification_changed,neither,neither,neither,neither,False,False,False
k4,native,construct,cooperative,61,eval:61,eval:61:0:0,verified,not_converged,False,True,False,False,False,False,False,False,False,False,False,False,0.19931702823893538,7.072093059733076,,False,False,False,False,verification_changed,False,False,False,verification_changed,neither,neither,neither,neither,False,False,False
k4,native,construct,cooperative,62,eval:62,eval:62:0:0,verified,invalid_terminal,False,True,False,False,False,False,False,False,False,False,False,False,0.40440786360281855,0.937677745804967,,False,False,False,False,verification_changed,False,False,False,verification_changed,neither,neither,neither,neither,False,False,False
k4,native,construct,cooperative,63,eval:63,eval:63:0:0,invalid_terminal,not_converged,False,False,False,False,False,False,False,False,False,False,False,False,2.39252457863288,5.872608282627631,,False,False,False,False,not_both_verified,False,False,False,not_both_verified,neither,neither,neither,neither,False,False,False
k4,native,construct,cooperative,64,eval:64,eval:64:0:0,invalid_terminal,not_converged,False,False,False,False,False,False,False,False,False,False,False,False,4.779924705841065,0.11024411044311577,,False,False,False,False,not_both_verified,False,False,False,not_both_verified,neither,neither,neither,neither,False,False,False
k4,native,construct,cooperative,65,eval:65,eval:65:0:0,verified,verified,True,False,False,False,False,False,False,False,False,False,False,False,0.04125276059974947,0.01902189702858248,-0.022230863571166992,False,False,False,False,no_threshold_or_NU_change,False,False,False,no_threshold_or_NU_change,neither,both,neither,both,False,False,False
k4,native,construct,cooperative,66,eval:66,eval:66:0:0,invalid_terminal,not_converged,False,False,False,False,False,False,False,False,False,False,False,False,0.6290408244254548,1.2245985140922029,,False,False,False,False,not_both_verified,False,False,False,not_both_verified,neither,neither,neither,neither,False,False,False
k4,native,construct,cooperative,67,eval:67,eval:67:0:0,invalid_terminal,invalid_terminal,False,False,False,False,False,False,False,False,False,False,False,False,0.2758087052551268,3.997948540612793,,False,False,False,False,not_both_verified,False,False,False,not_both_verified,neither,neither,neither,neither,False,False,False
k4,native,construct,cooperative,68,eval:68,eval:68:0:0,verified,verified,True,False,False,False,False,False,False,False,False,False,False,False,0.05430194375623909,0.053941216446058426,-0.00036072731018066406,False,False,False,False,no_threshold_or_NU_change,False,False,False,no_threshold_or_NU_change,neither,both,neither,both,False,False,False
k4,native,construct,cooperative,69,eval:69,eval:69:0:0,generation_failure,generation_failure,False,False,False,False,False,True,False,False,True,True,False,True,,,,,False,False,False,generation_or_parse_unavailable,False,False,False,generation_or_parse_unavailable,neither,neither,neither,neither,False,False,False
k4,native,construct,cooperative,70,eval:70,eval:70:0:0,not_converged,not_converged,False,False,False,False,False,False,False,False,False,False,False,False,0.13288353523437513,0.14304660400573743,,False,False,False,False,not_both_verified,False,False,False,not_both_verified,neither,neither,neither,neither,False,False,False
k4,native,construct,cooperative,71,eval:71,eval:71:0:0,verified,verified,True,False,False,False,False,False,False,False,False,False,False,False,0.15760793290547648,0.25878562531880656,0.10117769241333008,False,False,False,False,no_threshold_or_NU_change,False,False,False,no_threshold_or_NU_change,neither,neither,neither,neither,False,False,False
k4,native,construct,cooperative,72,eval:72,eval:72:0:0,invalid_terminal,invalid_terminal,False,False,False,False,False,False,False,False,False,False,False,False,1.3720376289855958,1.8311769760620118,,False,False,False,False,not_both_verified,False,False,False,not_both_verified,neither,neither,neither,neither,False,False,False
k4,native,construct,cooperative,73,eval:73,eval:73:0:0,verified,not_converged,False,True,False,False,False,False,False,False,False,False,False,False,0.3926918455341859,6.456073040602545,,False,False,False,False,verification_changed,False,False,False,verification_changed,neither,neither,neither,neither,False,False,False
k4,native,construct,cooperative,74,eval:74,eval:74:0:0,verified,verified,True,False,False,False,False,False,False,False,False,False,False,False,0.07914343886352526,0.06219235472656237,-0.01695108413696289,False,False,False,False,no_threshold_or_NU_change,False,False,False,no_threshold_or_NU_change,neither,both,neither,both,False,False,False
k4,native,construct,cooperative,75,eval:75,eval:75:0:0,verified,not_converged,False,True,False,False,False,False,False,False,False,False,False,False,0.5375318560806885,0.06519675590673835,,False,False,False,False,verification_changed,True,False,True,verification_changed,neither,gained,neither,neither,False,False,False
k4,native,construct,cooperative,76,eval:76,eval:76:0:0,invalid_terminal,invalid_terminal,False,False,False,False,False,False,False,False,False,False,False,False,2.99522625583659,0.5221894897843438,,False,False,False,False,not_both_verified,False,False,False,not_both_verified,neither,neither,neither,neither,False,False,False
k4,native,construct,cooperative,77,eval:77,eval:77:0:0,not_converged,not_converged,False,False,False,False,False,False,False,False,False,False,False,False,0.04813638393717401,0.05220261280375116,,False,False,False,False,not_both_verified,False,False,False,not_both_verified,neither,both,neither,neither,False,False,False
k4,native,construct,cooperative,78,eval:78,eval:78:0:0,not_converged,invalid_terminal,False,False,False,False,False,False,False,False,False,False,False,False,0.4739640472979456,0.7979634522051722,,False,False,False,False,not_both_verified,False,False,False,not_both_verified,neither,neither,neither,neither,False,False,False
k4,native,construct,cooperative,79,eval:79,eval:79:0:0,invalid_terminal,invalid_terminal,False,False,False,False,False,False,False,False,False,False,False,False,4.471297727748047,4.813652979060302,,False,False,False,False,not_both_verified,False,False,False,not_both_verified,neither,neither,neither,neither,False,False,False
k4,native,construct,cooperative,80,eval:80,eval:80:0:0,verified,verified,True,False,False,False,False,False,False,False,False,False,False,False,-0.010298193353271756,0.1418872467102048,0.15218544006347656,False,True,True,False,verified_threshold_only,True,True,False,verified_threshold_only,lost,lost,lost,lost,False,False,False
k4,native,construct,cooperative,81,eval:81,eval:81:0:0,invalid_terminal,not_converged,False,False,False,False,False,False,False,False,False,False,False,False,5.811730487608915,9.58524666574002,,False,False,False,False,not_both_verified,False,False,False,not_both_verified,neither,neither,neither,neither,False,False,False
k4,native,construct,cooperative,82,eval:82,eval:82:0:0,verified,not_converged,False,True,False,False,False,False,False,False,False,False,False,False,0.06054973166676847,0.07018768351765958,,False,False,False,False,verification_changed,False,False,False,verification_changed,neither,both,neither,lost,False,False,False
k4,native,construct,cooperative,83,eval:83,eval:83:0:0,not_converged,invalid_terminal,False,False,False,False,False,False,False,False,False,False,False,False,0.2330670930123251,0.2137075043892782,,False,False,False,False,not_both_verified,False,False,False,not_both_verified,neither,neither,neither,neither,False,False,False
k4,native,construct,cooperative,84,eval:84,eval:84:0:0,verified,verified,True,False,False,False,False,False,False,False,False,False,False,False,0.11209802093286214,0.052700800321289876,-0.059397220611572266,False,False,False,False,no_threshold_or_NU_change,True,True,False,verified_threshold_only,neither,gained,neither,gained,False,False,False
k4,native,construct,cooperative,85,eval:85,eval:85:0:0,not_converged,verified,False,True,False,False,False,False,False,False,False,False,False,False,0.2061667347770184,0.14752244003824888,,False,False,False,False,verification_changed,False,False,False,verification_changed,neither,neither,neither,neither,False,False,False
k4,native,construct,cooperative,86,eval:86,eval:86:0:0,invalid_terminal,not_converged,False,False,False,False,False,False,False,False,False,False,False,False,1.0164976359037263,0.69763042933024,,False,False,False,False,not_both_verified,False,False,False,not_both_verified,neither,neither,neither,neither,False,False,False
k4,native,construct,cooperative,87,eval:87,eval:87:0:0,not_converged,verified,False,True,False,False,False,False,False,False,False,False,False,False,0.38323991646847944,0.30197685113034467,,False,False,False,False,verification_changed,False,False,False,verification_changed,neither,neither,neither,neither,False,False,False
k4,native,construct,cooperative,88,eval:88,eval:88:0:0,verified,not_converged,False,True,False,False,False,False,False,False,False,False,False,False,-0.034718479549560755,-0.031747784053955286,,False,False,False,False,verification_changed,False,False,False,verification_changed,both,both,lost,lost,False,False,False
k4,native,construct,cooperative,89,eval:89,eval:89:0:0,invalid_terminal,not_converged,False,False,False,False,False,False,False,False,False,False,False,False,1.0151251349443866,0.3074954543108417,,False,False,False,False,not_both_verified,False,False,False,not_both_verified,neither,neither,neither,neither,False,False,False
k4,native,construct,cooperative,90,eval:90,eval:90:0:0,not_converged,not_converged,False,False,False,False,False,False,False,False,False,False,False,False,6.4037861341295255,0.15124697626209382,,False,False,False,False,not_both_verified,False,False,False,not_both_verified,neither,neither,neither,neither,False,False,False
k4,native,construct,cooperative,91,eval:91,eval:91:0:0,invalid_terminal,not_converged,False,False,False,False,False,False,False,False,False,False,False,False,1.5984927131628401,5.4557324363684065,,False,False,False,False,not_both_verified,False,False,False,not_both_verified,neither,neither,neither,neither,False,False,False
k4,native,construct,cooperative,92,eval:92,eval:92:0:0,invalid_terminal,not_converged,False,False,False,False,False,False,False,False,False,False,False,False,4.008665133423828,5.034861136384033,,False,False,False,False,not_both_verified,False,False,False,not_both_verified,neither,neither,neither,neither,False,False,False
k4,native,construct,cooperative,93,eval:93,eval:93:0:0,not_converged,verified,False,True,False,False,False,False,False,False,False,False,False,False,0.10832230089721673,0.3295714044433593,,False,False,False,False,verification_changed,False,False,False,verification_changed,neither,neither,neither,neither,False,False,False
k4,native,construct,cooperative,94,eval:94,eval:94:0:0,invalid_terminal,not_converged,False,False,False,False,False,False,False,False,False,False,False,False,0.6389472134527177,8.949998105328937,,False,False,False,False,not_both_verified,False,False,False,not_both_verified,neither,neither,neither,neither,False,False,False
k4,native,construct,cooperative,95,eval:95,eval:95:0:0,not_converged,invalid_terminal,False,False,False,False,False,False,False,False,False,False,False,False,0.13788407365429656,1.2298573784028317,,False,False,False,False,not_both_verified,False,False,False,not_both_verified,neither,neither,neither,neither,False,False,False
k4,native,construct,cooperative,96,eval:96,eval:96:0:0,verified,verified,True,False,False,False,False,False,False,False,False,False,False,False,0.01843581827819829,0.03184066446960454,0.01340484619140625,False,False,False,False,no_threshold_or_NU_change,False,False,False,no_threshold_or_NU_change,neither,both,neither,both,False,False,False
k4,native,construct,cooperative,97,eval:97,eval:97:0:0,invalid_terminal,verified,False,True,False,False,False,False,False,False,False,False,False,False,0.09508143608032205,0.08570371810852029,,False,False,False,False,verification_changed,False,False,False,verification_changed,neither,both,neither,gained,False,False,False
k4,native,construct,cooperative,98,eval:98,eval:98:0:0,not_converged,not_converged,False,False,False,False,False,False,False,False,False,False,False,False,0.03577287957071995,0.05394752785563206,,False,False,False,False,not_both_verified,False,False,False,not_both_verified,neither,both,neither,neither,False,False,False
k4,native,construct,cooperative,99,eval:99,eval:99:0:0,invalid_terminal,invalid_terminal,False,False,False,False,False,False,False,False,False,False,False,False,1.3277863018506988,5.088281010865591,,False,False,False,False,not_both_verified,False,False,False,not_both_verified,neither,neither,neither,neither,False,False,False
k4,native,construct,cooperative,100,eval:100,eval:100:0:0,invalid_terminal,invalid_terminal,False,False,False,False,False,False,False,False,False,False,False,False,7.498016841372445,0.4262561869229824,,False,False,False,False,not_both_verified,False,False,False,not_both_verified,neither,neither,neither,neither,False,False,False
k4,native,construct,cooperative,101,eval:101,eval:101:0:0,not_converged,invalid_terminal,False,False,False,False,False,False,False,False,False,False,False,False,0.06615712000952279,0.6369388277731947,,False,False,False,False,not_both_verified,True,False,True,not_both_verified,neither,lost,neither,neither,False,False,False
k4,native,construct,cooperative,102,eval:102,eval:102:0:0,not_converged,not_converged,False,False,False,False,False,False,False,False,False,False,False,False,0.21786183371826162,0.1771799947290038,,False,False,False,False,not_both_verified,False,False,False,not_both_verified,neither,neither,neither,neither,False,False,False
k4,native,construct,cooperative,103,eval:103,eval:103:0:0,invalid_terminal,verified,False,True,False,False,False,False,False,True,True,False,False,True,,,,False,False,False,False,unknown_hull,False,False,False,unknown_hull,neither,neither,neither,neither,False,False,False
k4,native,construct,cooperative,104,eval:104,eval:104:0:0,invalid_terminal,invalid_terminal,False,False,False,False,False,False,False,False,False,False,False,False,2.4101409667526585,2.707472776750217,,True,False,False,False,not_both_verified,False,False,False,not_both_verified,neither,neither,neither,neither,False,False,False
k4,native,construct,cooperative,105,eval:105,eval:105:0:0,invalid_terminal,verified,False,True,False,False,False,False,False,False,False,False,False,False,0.5228634615161134,0.10776002599975598,,False,False,False,False,verification_changed,False,False,False,verification_changed,neither,neither,neither,neither,False,False,False
k4,native,construct,cooperative,106,eval:106,eval:106:0:0,invalid_terminal,invalid_terminal,False,False,False,False,False,False,False,False,False,False,False,False,1.159573217342258,1.0379988154867892,,False,False,False,False,not_both_verified,False,False,False,not_both_verified,neither,neither,neither,neither,False,False,False
k4,native,construct,cooperative,107,eval:107,eval:107:0:0,verified,verified,True,False,False,False,False,False,False,False,False,False,False,False,0.058628350423583164,0.04328969113708414,-0.015338659286499023,False,False,False,False,no_threshold_or_NU_change,False,False,False,no_threshold_or_NU_change,neither,both,neither,both,False,False,False
k4,native,construct,cooperative,108,eval:108,eval:108:0:0,not_converged,verified,False,True,False,False,False,False,False,False,False,False,False,False,0.08004645455566362,0.09201888192382768,,False,False,False,False,verification_changed,False,False,False,verification_changed,neither,both,neither,gained,False,False,False
k4,native,construct,cooperative,109,eval:109,eval:109:0:0,verified,verified,True,False,False,False,False,False,False,False,False,False,False,False,0.4708585700842285,0.12750219915832517,-0.3433563709259033,False,False,False,False,no_threshold_or_NU_change,False,False,False,no_threshold_or_NU_change,neither,neither,neither,neither,False,False,False
k4,native,construct,cooperative,110,eval:110,eval:110:0:0,invalid_terminal,invalid_terminal,False,False,False,False,False,False,False,False,False,False,False,False,0.33764508663737036,0.5062651961954758,,True,False,False,False,not_both_verified,False,False,False,not_both_verified,neither,neither,neither,neither,False,False,False
k4,native,construct,cooperative,111,eval:111,eval:111:0:0,invalid_terminal,invalid_terminal,False,False,False,False,False,False,False,False,False,False,False,False,4.044204891942413,1.9202672851308895,,False,False,False,False,not_both_verified,False,False,False,not_both_verified,neither,neither,neither,neither,False,False,False
k4,native,construct,cooperative,112,eval:112,eval:112:0:0,verified,verified,True,False,False,False,False,False,False,False,False,False,False,False,0.22582568848388673,0.22645177567260744,0.0006260871887207031,False,False,False,False,no_threshold_or_NU_change,False,False,False,no_threshold_or_NU_change,neither,neither,neither,neither,False,False,False
k4,native,construct,cooperative,113,eval:113,eval:113:0:0,not_converged,verified,False,True,False,False,False,False,False,False,False,False,False,False,0.1578114779160158,0.4125898630783693,,False,False,False,False,verification_changed,False,False,False,verification_changed,neither,neither,neither,neither,False,False,False
k4,native,construct,cooperative,114,eval:114,eval:114:0:0,invalid_terminal,invalid_terminal,False,False,False,False,False,False,False,False,False,False,False,False,0.42690351092085077,0.4780094870255871,,False,False,False,False,not_both_verified,False,False,False,not_both_verified,neither,neither,neither,neither,False,False,False
k4,native,construct,cooperative,115,eval:115,eval:115:0:0,not_converged,not_converged,False,False,False,False,False,False,False,False,False,False,False,False,0.04469336274088498,9.279590976266276,,False,False,False,False,not_both_verified,True,False,True,not_both_verified,neither,lost,neither,neither,False,False,False
k4,native,construct,cooperative,116,eval:116,eval:116:0:0,verified,verified,True,False,False,False,False,False,False,False,False,False,False,False,0.17502713384501734,0.09538912954203882,-0.07963800430297852,False,False,False,False,no_threshold_or_NU_change,True,True,False,verified_threshold_only,neither,gained,neither,gained,False,False,False
k4,native,construct,cooperative,117,eval:117,eval:117:0:0,verified,invalid_terminal,False,True,False,False,False,False,False,False,False,False,False,False,0.299027360302734,0.8658503659790036,,False,False,False,False,verification_changed,False,False,False,verification_changed,neither,neither,neither,neither,False,False,False
k4,native,construct,cooperative,118,eval:118,eval:118:0:0,not_converged,not_converged,False,False,False,False,False,False,False,False,False,False,False,False,0.18867568951171876,1.2527668951086426,,False,False,False,False,not_both_verified,False,False,False,not_both_verified,neither,neither,neither,neither,False,False,False
k4,native,construct,cooperative,119,eval:119,eval:119:0:0,verified,invalid_terminal,False,True,False,False,False,False,False,False,False,False,False,False,0.13235238663138293,1.0236401902812853,,False,False,False,False,verification_changed,False,False,False,verification_changed,neither,neither,neither,neither,False,False,False
k4,native,construct,cooperative,120,eval:120,eval:120:0:0,not_converged,not_converged,False,False,False,False,False,False,False,True,True,False,False,True,,,,False,False,False,False,unknown_hull,False,False,False,unknown_hull,neither,neither,neither,neither,False,False,False
k4,native,construct,cooperative,121,eval:121,eval:121:0:0,verified,not_converged,False,True,False,False,False,False,False,False,False,False,False,False,0.9786087397458516,9.761023652923342,,False,False,False,False,verification_changed,False,False,False,verification_changed,neither,neither,neither,neither,False,False,False
k4,native,construct,cooperative,122,eval:122,eval:122:0:0,invalid_terminal,verified,False,True,False,False,False,False,False,False,False,False,False,False,7.8765926568408196,0.09030868696166916,,False,False,False,False,verification_changed,True,False,True,verification_changed,neither,gained,neither,gained,False,False,False
k4,native,construct,cooperative,123,eval:123,eval:123:0:0,invalid_terminal,invalid_terminal,False,False,False,False,False,False,False,False,False,False,False,False,6.667703806263346,5.9756924499095865,,False,False,False,False,not_both_verified,False,False,False,not_both_verified,neither,neither,neither,neither,False,False,False
k4,native,construct,cooperative,124,eval:124,eval:124:0:0,generation_failure,generation_failure,False,False,False,False,False,True,False,False,True,True,False,True,,,,,False,False,False,generation_or_parse_unavailable,False,False,False,generation_or_parse_unavailable,neither,neither,neither,neither,False,False,False
k4,native,construct,cooperative,125,eval:125,eval:125:0:0,verified,not_converged,False,True,False,False,False,False,False,False,False,False,False,False,0.38538533352075177,5.035703479272705,,False,False,False,False,verification_changed,False,False,False,verification_changed,neither,neither,neither,neither,False,False,False
k4,native,construct,cooperative,126,eval:126,eval:126:0:0,not_converged,invalid_terminal,False,False,False,False,False,False,False,False,False,False,False,False,0.15830756903442378,1.3595524001196289,,False,False,False,False,not_both_verified,False,False,False,not_both_verified,neither,neither,neither,neither,False,False,False
k4,native,construct,cooperative,127,eval:127,eval:127:0:0,not_converged,invalid_terminal,False,False,False,False,False,False,False,False,False,False,False,False,0.306638949357561,1.7986876897445239,,False,False,False,False,not_both_verified,False,False,False,not_both_verified,neither,neither,neither,neither,False,False,False
k4,native,construct,cooperative,128,eval:128,eval:128:0:0,invalid_terminal,invalid_terminal,False,False,False,False,False,False,False,False,False,False,False,False,2.685229773132324,2.925995106307983,,False,False,False,False,not_both_verified,False,False,False,not_both_verified,neither,neither,neither,neither,False,False,False
k4,native,construct,cooperative,129,eval:129,eval:129:0:0,verified,verified,True,False,False,False,False,False,False,False,False,False,False,False,0.13969769418896405,0.16989483774365155,0.0301971435546875,False,False,False,False,no_threshold_or_NU_change,False,False,False,no_threshold_or_NU_change,neither,neither,neither,neither,False,False,False
k4,native,construct,cooperative,130,eval:130,eval:130:0:0,not_converged,invalid_terminal,False,False,False,False,False,False,False,False,False,False,False,False,4.282355154956421,2.695797766650757,,False,False,False,False,not_both_verified,False,False,False,not_both_verified,neither,neither,neither,neither,False,False,False
k4,native,construct,cooperative,131,eval:131,eval:131:0:0,invalid_terminal,invalid_terminal,False,False,False,False,False,False,False,False,False,False,False,False,5.667015106131023,3.531260997702068,,False,False,False,False,not_both_verified,False,False,False,not_both_verified,neither,neither,neither,neither,False,False,False
k4,native,construct,cooperative,132,eval:132,eval:132:0:0,not_converged,invalid_terminal,False,False,False,False,False,False,False,False,False,False,False,False,0.6695248083321177,2.6789523557869517,,False,False,False,False,not_both_verified,False,False,False,not_both_verified,neither,neither,neither,neither,False,False,False
k4,native,construct,cooperative,133,eval:133,eval:133:0:0,invalid_terminal,invalid_terminal,False,False,False,False,False,False,False,False,False,False,False,False,9.690940336980116,2.055228667058241,,False,False,False,False,not_both_verified,False,False,False,not_both_verified,neither,neither,neither,neither,False,False,False
k4,native,construct,cooperative,134,eval:134,eval:134:0:0,verified,verified,True,False,True,True,False,False,False,False,False,False,False,False,0.007090727364501781,0.0033499398583982654,-0.0037407875061035156,False,False,False,False,NU_only,False,False,False,NU_only,neither,lost,neither,lost,False,False,False
k4,native,construct,cooperative,135,eval:135,eval:135:0:0,invalid_terminal,invalid_terminal,False,False,False,False,False,False,False,False,False,False,False,False,0.30801497535412015,4.235265122219965,,False,False,False,False,not_both_verified,False,False,False,not_both_verified,neither,neither,neither,neither,False,False,False
k4,native,construct,cooperative,136,eval:136,eval:136:0:0,verified,not_converged,False,True,False,False,False,False,False,False,False,False,False,False,0.07987608569241011,0.04734339373684371,,False,False,False,False,verification_changed,False,False,False,verification_changed,neither,both,neither,lost,False,False,False
k4,native,construct,cooperative,137,eval:137,eval:137:0:0,verified,not_converged,False,True,False,False,False,False,False,False,False,False,False,False,0.22685662034505327,0.3002404284810396,,False,False,False,False,verification_changed,False,False,False,verification_changed,neither,neither,neither,neither,False,False,False
k4,native,construct,cooperative,138,eval:138,eval:138:0:0,verified,verified,True,False,False,False,False,False,False,False,False,False,False,False,0.6075663300431309,0.6075663300431309,0.0,True,False,False,False,no_threshold_or_NU_change,False,False,False,no_threshold_or_NU_change,neither,neither,neither,neither,False,False,False
k4,native,construct,cooperative,139,eval:139,eval:139:0:0,verified,not_converged,False,True,False,False,False,False,False,False,False,False,False,False,0.050046300961736456,0.05512080199933411,,False,False,False,False,verification_changed,False,False,False,verification_changed,neither,both,neither,lost,False,False,False
k4,native,construct,cooperative,140,eval:140,eval:140:0:0,invalid_terminal,invalid_terminal,False,False,False,False,False,False,False,False,False,False,False,False,2.799670412751939,1.932008459779527,,False,False,False,False,not_both_verified,False,False,False,not_both_verified,neither,neither,neither,neither,False,False,False
k4,native,construct,cooperative,141,eval:141,eval:141:0:0,verified,verified,True,False,False,False,False,False,False,False,False,False,False,False,0.0635417416717532,0.07467135936279323,0.011129617691040039,False,False,False,False,no_threshold_or_NU_change,False,False,False,no_threshold_or_NU_change,neither,both,neither,both,False,False,False
k4,native,construct,cooperative,142,eval:142,eval:142:0:0,invalid_terminal,invalid_terminal,False,False,False,False,False,False,False,False,False,False,False,False,5.112321015087076,1.3679496009025058,,False,False,False,False,not_both_verified,False,False,False,not_both_verified,neither,neither,neither,neither,False,False,False
k4,native,construct,cooperative,143,eval:143,eval:143:0:0,invalid_terminal,verified,False,True,False,False,False,False,False,False,False,False,False,False,0.11800462757405628,0.12220317875203479,,False,False,False,False,verification_changed,False,False,False,verification_changed,neither,neither,neither,neither,False,False,False
k4,native,construct,cooperative,144,eval:144,eval:144:0:0,verified,verified,True,False,False,False,False,False,False,False,False,False,False,False,0.11407223365966779,0.11508455894653302,0.0010123252868652344,False,False,False,False,no_threshold_or_NU_change,False,False,False,no_threshold_or_NU_change,neither,neither,neither,neither,False,False,False
k4,native,construct,cooperative,145,eval:145,eval:145:0:0,invalid_terminal,invalid_terminal,False,False,False,False,False,False,False,False,False,False,False,False,2.406092949572713,0.3737102229034015,,False,False,False,False,not_both_verified,False,False,False,not_both_verified,neither,neither,neither,neither,False,False,False
k4,native,construct,cooperative,146,eval:146,eval:146:0:0,invalid_terminal,invalid_terminal,False,False,False,False,False,False,False,False,False,False,False,False,0.5249274226262206,0.12579922400256338,,False,False,False,False,not_both_verified,False,False,False,not_both_verified,neither,neither,neither,neither,False,False,False
k4,native,construct,cooperative,147,eval:147,eval:147:0:0,verified,not_converged,False,True,False,False,False,False,False,False,False,False,False,False,0.1685584879874682,0.14432133207316156,,False,False,False,False,verification_changed,False,False,False,verification_changed,neither,neither,neither,neither,False,False,False
k4,native,construct,cooperative,148,eval:148,eval:148:0:0,verified,verified,True,False,False,False,False,False,False,False,False,False,False,False,0.001664688334146902,0.0033762953135170193,0.0017116069793701172,False,False,False,False,no_threshold_or_NU_change,False,False,False,no_threshold_or_NU_change,neither,both,neither,both,False,False,False
k4,native,construct,cooperative,149,eval:149,eval:149:0:0,invalid_terminal,invalid_terminal,False,False,False,False,False,False,False,False,False,False,False,False,7.231225961514758,0.41320800192003126,,False,False,False,False,not_both_verified,False,False,False,not_both_verified,neither,neither,neither,neither,False,False,False
k4,native,construct,cooperative,150,eval:150,eval:150:0:0,verified,verified,False,False,False,False,False,False,False,True,True,False,False,True,,,,False,False,False,False,unknown_hull,False,False,False,unknown_hull,neither,neither,neither,neither,False,False,False
k4,native,construct,cooperative,151,eval:151,eval:151:0:0,not_converged,not_converged,False,False,False,False,False,False,False,False,False,False,False,False,0.09880435845800672,0.14745796105810438,,False,False,False,False,not_both_verified,True,False,True,not_both_verified,neither,lost,neither,neither,False,False,False
k4,native,construct,cooperative,152,eval:152,eval:152:0:0,not_converged,not_converged,False,False,False,False,False,False,False,False,False,False,False,False,0.027324065684407373,0.02577815961751284,,False,False,False,False,not_both_verified,False,False,False,not_both_verified,neither,both,neither,neither,False,False,False
k4,native,construct,cooperative,153,eval:153,eval:153:0:0,not_converged,not_converged,False,False,True,True,False,False,False,False,False,False,False,False,-0.02180680166666704,-0.00894936453287798,,False,False,False,False,not_both_verified,False,False,False,not_both_verified,lost,lost,neither,neither,False,False,False
k4,native,construct,cooperative,154,eval:154,eval:154:0:0,verified,verified,True,False,False,False,False,False,False,False,False,False,False,False,0.06221427564453119,0.05291547422241205,-0.00929880142211914,False,False,False,False,no_threshold_or_NU_change,False,False,False,no_threshold_or_NU_change,neither,both,neither,both,False,False,False
k4,native,construct,cooperative,155,eval:155,eval:155:0:0,verified,not_converged,False,True,False,False,False,False,False,False,False,False,False,False,0.1256772543632012,-0.0044606660164374645,,False,True,False,True,verification_changed,True,False,True,verification_changed,gained,gained,neither,neither,False,False,False
k4,native,construct,cooperative,156,eval:156,eval:156:0:0,not_converged,verified,False,True,False,False,False,False,False,False,False,False,False,False,0.45988031963623044,0.46052500347412106,,False,False,False,False,verification_changed,False,False,False,verification_changed,neither,neither,neither,neither,False,False,False
k4,native,construct,cooperative,157,eval:157,eval:157:0:0,verified,not_converged,False,True,False,False,False,False,False,False,False,False,False,False,0.20334904045506974,0.2575735315744545,,False,False,False,False,verification_changed,False,False,False,verification_changed,neither,neither,neither,neither,False,False,False
k4,native,construct,cooperative,158,eval:158,eval:158:0:0,verified,verified,True,False,False,False,False,False,False,False,False,False,False,False,1.6002754461102295,-0.11641342527343745,-1.716688871383667,False,True,True,False,verified_threshold_only,True,True,False,verified_threshold_only,gained,gained,gained,gained,False,False,False
k4,native,construct,cooperative,159,eval:159,eval:159:0:0,not_converged,verified,False,True,False,False,False,False,False,False,False,False,False,False,-0.01432130934145448,-0.014597636474633191,,False,False,False,False,verification_changed,False,False,False,verification_changed,both,both,gained,gained,False,False,False
k4,native,construct,cooperative,160,eval:160,eval:160:0:0,verified,verified,True,False,False,False,False,False,False,False,False,False,False,False,0.2637941036541749,0.43062631228759773,0.16683220863342285,False,False,False,False,no_threshold_or_NU_change,False,False,False,no_threshold_or_NU_change,neither,neither,neither,neither,False,False,False
k4,native,construct,cooperative,161,eval:161,eval:161:0:0,not_converged,not_converged,False,False,False,False,False,False,False,True,True,False,False,True,,,,False,False,False,False,unknown_hull,False,False,False,unknown_hull,neither,neither,neither,neither,False,False,False
k4,native,construct,cooperative,162,eval:162,eval:162:0:0,invalid_terminal,not_converged,False,False,False,False,False,False,False,False,False,False,False,False,0.6903447565928591,8.465046351899256,,False,False,False,False,not_both_verified,False,False,False,not_both_verified,neither,neither,neither,neither,False,False,False
k4,native,construct,cooperative,163,eval:163,eval:163:0:0,invalid_terminal,verified,False,True,False,False,False,False,False,True,True,False,False,True,,,,False,False,False,False,unknown_hull,False,False,False,unknown_hull,neither,neither,neither,neither,False,False,False
k4,native,construct,cooperative,164,eval:164,eval:164:0:0,invalid_terminal,invalid_terminal,False,False,False,False,False,False,False,False,False,False,False,False,0.07485081984570296,0.2988989575104979,,False,False,False,False,not_both_verified,True,False,True,not_both_verified,neither,lost,neither,neither,False,False,False
k4,native,construct,cooperative,165,eval:165,eval:165:0:0,verified,verified,True,False,False,False,False,False,False,False,False,False,False,False,0.2159522298641785,0.44781572855192264,0.23186349868774414,False,False,False,False,no_threshold_or_NU_change,False,False,False,no_threshold_or_NU_change,neither,neither,neither,neither,False,False,False
k4,native,construct,cooperative,166,eval:166,eval:166:0:0,not_converged,not_converged,False,False,False,False,False,False,False,False,False,False,False,False,0.22399078766165115,11.282126297152619,,False,False,False,False,not_both_verified,False,False,False,not_both_verified,neither,neither,neither,neither,False,False,False
k4,native,construct,cooperative,167,eval:167,eval:167:0:0,not_converged,not_converged,False,False,False,False,False,False,False,False,False,False,False,False,0.07327453366760261,0.010407369055786209,,False,False,False,False,not_both_verified,False,False,False,not_both_verified,neither,both,neither,neither,False,False,False
k4,native,construct,cooperative,168,eval:168,eval:168:0:0,not_converged,verified,False,True,False,False,False,False,False,False,False,False,False,False,0.036926562119140804,0.032507712174072445,,False,False,False,False,verification_changed,False,False,False,verification_changed,neither,both,neither,gained,False,False,False
k4,native,construct,cooperative,169,eval:169,eval:169:0:0,invalid_terminal,invalid_terminal,False,False,False,False,False,False,False,False,False,False,False,False,11.37854178360243,2.7452808182551394,,False,False,False,False,not_both_verified,False,False,False,not_both_verified,neither,neither,neither,neither,False,False,False
k4,native,construct,cooperative,170,eval:170,eval:170:0:0,not_converged,verified,False,True,False,False,False,False,False,False,False,False,False,False,0.23136319117431725,0.021109475659180532,,False,False,False,False,verification_changed,True,False,True,verification_changed,neither,gained,neither,gained,False,False,False
k4,native,construct,cooperative,171,eval:171,eval:171:0:0,verified,verified,True,False,False,False,False,False,False,False,False,False,False,False,0.1517156711124663,0.15405288844339893,0.002337217330932617,False,False,False,False,no_threshold_or_NU_change,False,False,False,no_threshold_or_NU_change,neither,neither,neither,neither,False,False,False
k4,native,construct,cooperative,172,eval:172,eval:172:0:0,invalid_terminal,not_converged,False,False,False,False,False,False,False,False,False,False,False,False,0.31562644059545875,0.07649022157080054,,False,False,False,False,not_both_verified,True,False,True,not_both_verified,neither,gained,neither,neither,False,False,False
k4,native,construct,cooperative,173,eval:173,eval:173:0:0,verified,not_converged,False,True,True,True,False,False,False,False,False,False,False,False,-0.008609379639079151,0.12553397286946577,,False,True,False,True,verification_changed,True,False,True,verification_changed,neither,neither,neither,neither,False,False,False
k4,native,construct,cooperative,174,eval:174,eval:174:0:0,invalid_terminal,not_converged,False,False,False,False,False,False,False,False,False,False,False,False,0.5938650546103501,4.43679251051245,,False,False,False,False,not_both_verified,False,False,False,not_both_verified,neither,neither,neither,neither,False,False,False
k4,native,construct,cooperative,175,eval:175,eval:175:0:0,verified,verified,True,False,False,False,False,False,False,False,False,False,False,False,0.08236084388183595,0.10811577247070314,0.025754928588867188,False,False,False,False,no_threshold_or_NU_change,True,True,False,verified_threshold_only,neither,lost,neither,lost,False,False,False
k4,native,construct,cooperative,176,eval:176,eval:176:0:0,invalid_terminal,invalid_terminal,False,False,False,False,False,False,False,False,False,False,False,False,1.393337104908447,0.20575222789428693,,False,False,False,False,not_both_verified,False,False,False,not_both_verified,neither,neither,neither,neither,False,False,False
k4,native,construct,cooperative,177,eval:177,eval:177:0:0,invalid_terminal,invalid_terminal,False,False,False,False,False,False,False,False,False,False,False,False,1.7217087183959547,4.420216742611653,,False,False,False,False,not_both_verified,False,False,False,not_both_verified,neither,neither,neither,neither,False,False,False
k4,native,construct,cooperative,178,eval:178,eval:178:0:0,invalid_terminal,invalid_terminal,False,False,False,False,False,False,False,False,False,False,False,False,6.811685505585125,8.221899929718425,,False,False,False,False,not_both_verified,False,False,False,not_both_verified,neither,neither,neither,neither,False,False,False
k4,native,construct,cooperative,179,eval:179,eval:179:0:0,invalid_terminal,invalid_terminal,False,False,False,False,False,False,False,False,False,False,False,False,4.791763009314575,9.18309253621582,,False,False,False,False,not_both_verified,False,False,False,not_both_verified,neither,neither,neither,neither,False,False,False
k4,native,construct,cooperative,180,eval:180,eval:180:0:0,not_converged,verified,False,True,False,False,False,False,False,False,False,False,False,False,0.02274935395348532,0.15775888115990622,,False,False,False,False,verification_changed,True,False,True,verification_changed,neither,lost,neither,neither,False,False,False
k4,native,construct,cooperative,181,eval:181,eval:181:0:0,not_converged,not_converged,False,False,False,False,False,False,False,False,False,False,False,False,3.4539947973889156,8.519952820460205,,False,False,False,False,not_both_verified,False,False,False,not_both_verified,neither,neither,neither,neither,False,False,False
k4,native,construct,cooperative,182,eval:182,eval:182:0:0,invalid_terminal,not_converged,False,False,False,False,False,False,False,False,False,False,False,False,0.6480647081528357,6.210095977226322,,False,False,False,False,not_both_verified,False,False,False,not_both_verified,neither,neither,neither,neither,False,False,False
k4,native,construct,cooperative,183,eval:183,eval:183:0:0,verified,verified,True,False,False,False,False,False,False,False,False,False,False,False,0.10959325133666997,0.10248551665649419,-0.007107734680175781,False,False,False,False,no_threshold_or_NU_change,False,False,False,no_threshold_or_NU_change,neither,neither,neither,neither,False,False,False
k4,native,construct,cooperative,184,eval:184,eval:184:0:0,not_converged,invalid_terminal,False,False,False,False,False,False,False,False,False,False,False,False,1.8758677459521458,0.791933200435178,,True,False,False,False,not_both_verified,False,False,False,not_both_verified,neither,neither,neither,neither,False,False,False
k4,native,construct,cooperative,185,eval:185,eval:185:0:0,not_converged,not_converged,False,False,False,False,False,False,False,False,False,False,False,False,0.03693141313598769,0.03235949846313613,,False,False,False,False,not_both_verified,False,False,False,not_both_verified,neither,both,neither,neither,False,False,False
k4,native,construct,cooperative,186,eval:186,eval:186:0:0,not_converged,not_converged,False,False,False,False,False,False,False,False,False,False,False,False,0.132761814685872,0.1327627683601884,,True,False,False,False,not_both_verified,False,False,False,not_both_verified,neither,neither,neither,neither,False,False,False
k4,native,construct,cooperative,187,eval:187,eval:187:0:0,verified,verified,True,False,False,False,False,False,False,False,False,False,False,False,0.03394786603210287,1.0182391811108382,0.9842913150787354,False,False,False,False,no_threshold_or_NU_change,True,True,False,verified_threshold_only,neither,lost,neither,lost,False,False,False
k4,native,construct,cooperative,188,eval:188,eval:188:0:0,invalid_terminal,verified,False,True,False,False,False,False,False,False,False,False,False,False,1.5039330893063507,0.15686001115083315,,False,False,False,False,verification_changed,False,False,False,verification_changed,neither,neither,neither,neither,False,False,False
k4,native,construct,cooperative,189,eval:189,eval:189:0:0,not_converged,not_converged,False,False,False,False,False,False,False,False,False,False,False,False,0.25203455388834595,0.4683783143787634,,False,False,False,False,not_both_verified,False,False,False,not_both_verified,neither,neither,neither,neither,False,False,False
k4,native,construct,cooperative,190,eval:190,eval:190:0:0,not_converged,invalid_terminal,False,False,False,False,False,False,False,False,False,False,False,False,2.175899808808228,4.269175594254396,,False,False,False,False,not_both_verified,False,False,False,not_both_verified,neither,neither,neither,neither,False,False,False
k4,native,construct,cooperative,191,eval:191,eval:191:0:0,invalid_terminal,invalid_terminal,False,False,False,False,False,False,False,False,False,False,False,False,1.036356959477537,1.3951225615893534,,False,False,False,False,not_both_verified,False,False,False,not_both_verified,neither,neither,neither,neither,False,False,False
k4,native,construct,cooperative,192,eval:192,eval:192:0:0,verified,verified,True,False,False,False,False,False,False,False,False,False,False,False,0.08145192314457317,0.127734929812664,0.04628300666809082,False,False,False,False,no_threshold_or_NU_change,True,True,False,verified_threshold_only,neither,lost,neither,lost,False,False,False
k4,native,construct,cooperative,193,eval:193,eval:193:0:0,not_converged,verified,False,True,False,False,False,False,False,False,False,False,False,False,0.060516256768798016,0.025562662561034344,,False,False,False,False,verification_changed,False,False,False,verification_changed,neither,both,neither,gained,False,False,False
k4,native,construct,cooperative,194,eval:194,eval:194:0:0,invalid_terminal,not_converged,False,False,False,False,False,False,False,False,False,False,False,False,8.264466885596924,8.355527524024659,,False,False,False,False,not_both_verified,False,False,False,not_both_verified,neither,neither,neither,neither,False,False,False
k4,native,construct,cooperative,195,eval:195,eval:195:0:0,invalid_terminal,not_converged,False,False,False,False,False,False,False,False,False,False,False,False,0.03528259916393495,7.4772300593384955,,False,False,False,False,not_both_verified,True,False,True,not_both_verified,neither,lost,neither,neither,False,False,False
k4,native,construct,cooperative,196,eval:196,eval:196:0:0,invalid_terminal,invalid_terminal,False,False,False,False,False,False,False,False,False,False,False,False,1.9575164923636876,2.409416497704264,,False,False,False,False,not_both_verified,False,False,False,not_both_verified,neither,neither,neither,neither,False,False,False
k4,native,construct,cooperative,197,eval:197,eval:197:0:0,not_converged,invalid_terminal,False,False,False,False,False,False,False,False,False,False,False,False,0.19960542708374263,1.1230511286828637,,False,False,False,False,not_both_verified,False,False,False,not_both_verified,neither,neither,neither,neither,False,False,False
k4,native,construct,cooperative,198,eval:198,eval:198:0:0,invalid_terminal,not_converged,False,False,False,False,False,False,False,False,False,False,False,False,2.4305383584083646,0.06796473475113807,,False,False,False,False,not_both_verified,True,False,True,not_both_verified,neither,gained,neither,neither,False,False,False
k4,native,construct,cooperative,199,eval:199,eval:199:0:0,invalid_terminal,not_converged,False,False,False,False,False,False,False,False,False,False,False,False,0.5550663440881349,1.7370431392846681,,False,False,False,False,not_both_verified,False,False,False,not_both_verified,neither,neither,neither,neither,False,False,False
k4,native,construct,cooperative,200,eval:200,eval:200:0:0,not_converged,invalid_terminal,False,False,False,False,False,False,False,False,False,False,False,False,0.07248023532156811,1.7004478313756453,,False,False,False,False,not_both_verified,True,False,True,not_both_verified,neither,lost,neither,neither,False,False,False
k4,native,construct,cooperative,201,eval:201,eval:201:0:0,not_converged,verified,False,True,False,False,False,False,False,False,False,False,False,False,0.760592131813965,0.7215439369287111,,False,False,False,False,verification_changed,False,False,False,verification_changed,neither,neither,neither,neither,False,False,False
k4,native,construct,cooperative,202,eval:202,eval:202:0:0,verified,not_converged,False,True,False,False,False,False,False,False,False,False,False,False,1.0085901606279633,0.057092605848910516,,False,False,False,False,verification_changed,True,False,True,verification_changed,neither,gained,neither,neither,False,False,False
k4,native,construct,cooperative,203,eval:203,eval:203:0:0,not_converged,invalid_terminal,False,False,False,False,False,False,False,False,False,False,False,False,0.012973935812174098,1.212881357877909,,False,False,False,False,not_both_verified,True,False,True,not_both_verified,neither,lost,neither,neither,False,False,False
k4,native,construct,cooperative,204,eval:204,eval:204:0:0,not_converged,not_converged,False,False,False,False,False,False,False,False,False,False,False,False,0.6027895552514657,0.5158001524804696,,False,False,False,False,not_both_verified,False,False,False,not_both_verified,neither,neither,neither,neither,False,False,False
k4,native,construct,cooperative,205,eval:205,eval:205:0:0,invalid_terminal,invalid_terminal,False,False,False,False,False,False,False,False,False,False,False,False,5.614014993632081,2.1887987956645514,,False,False,False,False,not_both_verified,False,False,False,not_both_verified,neither,neither,neither,neither,False,False,False
k4,native,construct,cooperative,206,eval:206,eval:206:0:0,invalid_terminal,not_converged,False,False,False,False,False,False,False,False,False,False,False,False,1.3330407116752152,0.11503267029337927,,False,False,False,False,not_both_verified,False,False,False,not_both_verified,neither,neither,neither,neither,False,False,False
k4,native,construct,cooperative,207,eval:207,eval:207:0:0,invalid_terminal,invalid_terminal,False,False,False,False,False,False,False,False,False,False,False,False,2.3849834901249505,10.362343261853466,,False,False,False,False,not_both_verified,False,False,False,not_both_verified,neither,neither,neither,neither,False,False,False
k4,native,construct,cooperative,208,eval:208,eval:208:0:0,invalid_terminal,invalid_terminal,False,False,False,False,False,False,False,False,False,False,False,False,1.0537141934247707,1.242555536350796,,False,False,False,False,not_both_verified,False,False,False,not_both_verified,neither,neither,neither,neither,False,False,False
k4,native,construct,cooperative,209,eval:209,eval:209:0:0,invalid_terminal,invalid_terminal,False,False,False,False,False,False,False,False,False,False,False,False,2.738290114286132,4.518557352903075,,False,False,False,False,not_both_verified,False,False,False,not_both_verified,neither,neither,neither,neither,False,False,False
k4,native,construct,cooperative,210,eval:210,eval:210:0:0,invalid_terminal,invalid_terminal,False,False,False,False,False,False,False,False,False,False,False,False,1.296082566200928,1.6912794808737797,,False,False,False,False,not_both_verified,False,False,False,not_both_verified,neither,neither,neither,neither,False,False,False
k4,native,construct,cooperative,211,eval:211,eval:211:0:0,verified,invalid_terminal,False,True,False,False,False,False,False,False,False,False,False,False,0.45517610127115926,0.2931330066361495,,False,False,False,False,verification_changed,False,False,False,verification_changed,neither,neither,neither,neither,False,False,False
k4,native,construct,cooperative,212,eval:212,eval:212:0:0,invalid_terminal,invalid_terminal,False,False,False,False,False,False,False,False,False,False,False,False,11.317749816627604,0.13571246311197882,,False,False,False,False,not_both_verified,False,False,False,not_both_verified,neither,neither,neither,neither,False,False,False
k4,native,construct,cooperative,213,eval:213,eval:213:0:0,not_converged,not_converged,False,False,False,False,False,False,False,False,False,False,False,False,9.785504395703125,6.958260590771484,,False,False,False,False,not_both_verified,False,False,False,not_both_verified,neither,neither,neither,neither,False,False,False
k4,native,construct,cooperative,214,eval:214,eval:214:0:0,verified,verified,True,False,False,False,False,False,False,False,False,False,False,False,0.12988572557983424,0.00024180849609400923,-0.12964391708374023,False,False,False,False,no_threshold_or_NU_change,True,True,False,verified_threshold_only,neither,gained,neither,gained,False,False,False
k4,native,construct,cooperative,215,eval:215,eval:215:0:0,not_converged,not_converged,False,False,False,False,False,False,False,False,False,False,False,False,-0.01751747333740239,0.031595323446044876,,False,True,False,True,not_both_verified,False,False,False,not_both_verified,lost,both,neither,neither,False,False,False
k4,native,construct,cooperative,216,eval:216,eval:216:0:0,invalid_terminal,invalid_terminal,False,False,False,False,False,False,False,False,False,False,False,False,4.418973085092773,2.4327844349615475,,False,False,False,False,not_both_verified,False,False,False,not_both_verified,neither,neither,neither,neither,False,False,False
k4,native,construct,cooperative,217,eval:217,eval:217:0:0,not_converged,verified,False,True,False,False,False,False,False,False,False,False,False,False,0.44385834005175706,0.10761375692187425,,False,False,False,False,verification_changed,False,False,False,verification_changed,neither,neither,neither,neither,False,False,False
k4,native,construct,cooperative,218,eval:218,eval:218:0:0,not_converged,verified,False,True,False,False,False,False,False,False,False,False,False,False,0.15682305947387665,0.23600282326782196,,False,False,False,False,verification_changed,False,False,False,verification_changed,neither,neither,neither,neither,False,False,False
k4,native,construct,cooperative,219,eval:219,eval:219:0:0,invalid_terminal,invalid_terminal,False,False,False,False,False,False,False,False,False,False,False,False,6.392245068686524,3.1296796943121343,,False,False,False,False,not_both_verified,False,False,False,not_both_verified,neither,neither,neither,neither,False,False,False
k4,native,construct,cooperative,220,eval:220,eval:220:0:0,verified,verified,True,False,False,False,False,False,False,False,False,False,False,False,0.10052506013671891,0.2646271376208498,0.16410207748413086,False,False,False,False,no_threshold_or_NU_change,False,False,False,no_threshold_or_NU_change,neither,neither,neither,neither,False,False,False
k4,native,construct,cooperative,221,eval:221,eval:221:0:0,verified,not_converged,False,True,False,False,False,False,False,False,False,False,False,False,0.131441564548048,0.1411776256442394,,False,False,False,False,verification_changed,False,False,False,verification_changed,neither,neither,neither,neither,False,False,False
k4,native,construct,cooperative,222,eval:222,eval:222:0:0,invalid_terminal,invalid_terminal,False,False,False,False,False,False,False,False,False,False,False,False,3.2530555089233406,4.6914495785949715,,False,False,False,False,not_both_verified,False,False,False,not_both_verified,neither,neither,neither,neither,False,False,False
k4,native,construct,cooperative,223,eval:223,eval:223:0:0,not_converged,not_converged,False,False,False,False,False,False,False,False,False,False,False,False,0.6021101858093258,0.11628798503417936,,False,False,False,False,not_both_verified,False,False,False,not_both_verified,neither,neither,neither,neither,False,False,False
k4,native,construct,cooperative,224,eval:224,eval:224:0:0,invalid_terminal,invalid_terminal,False,False,False,False,False,False,False,False,False,False,False,False,0.49061857683410626,0.4612988136505125,,False,False,False,False,not_both_verified,False,False,False,not_both_verified,neither,neither,neither,neither,False,False,False
k4,native,construct,cooperative,225,eval:225,eval:225:0:0,invalid_terminal,not_converged,False,False,False,False,False,False,False,False,False,False,False,False,0.8183357062595622,0.0042976680057780214,,False,False,False,False,not_both_verified,True,False,True,not_both_verified,neither,gained,neither,neither,False,False,False
k4,native,construct,cooperative,226,eval:226,eval:226:0:0,not_converged,not_converged,False,False,False,False,False,False,False,False,False,False,False,False,0.5562920761346657,0.5100627136468727,,False,False,False,False,not_both_verified,False,False,False,not_both_verified,neither,neither,neither,neither,False,False,False
k4,native,construct,cooperative,227,eval:227,eval:227:0:0,invalid_terminal,invalid_terminal,False,False,False,False,False,False,False,False,False,False,False,False,2.4290054918959987,4.335229742689456,,False,False,False,False,not_both_verified,False,False,False,not_both_verified,neither,neither,neither,neither,False,False,False
k4,native,construct,cooperative,228,eval:228,eval:228:0:0,not_converged,invalid_terminal,False,False,False,False,False,False,False,False,False,False,False,False,5.036898187237549,4.70281272276001,,False,False,False,False,not_both_verified,False,False,False,not_both_verified,neither,neither,neither,neither,False,False,False
k4,native,construct,cooperative,229,eval:229,eval:229:0:0,invalid_terminal,invalid_terminal,False,False,False,False,False,False,False,False,False,False,False,False,5.515706439018815,5.13904656887111,,False,False,False,False,not_both_verified,False,False,False,not_both_verified,neither,neither,neither,neither,False,False,False
k4,native,construct,cooperative,230,eval:230,eval:230:0:0,verified,not_converged,False,True,False,False,False,False,False,False,False,False,False,False,0.16074030144531282,0.1416968558581546,,False,False,False,False,verification_changed,False,False,False,verification_changed,neither,neither,neither,neither,False,False,False
k4,native,construct,cooperative,231,eval:231,eval:231:0:0,not_converged,not_converged,False,False,False,False,False,False,False,False,False,False,False,False,0.21975475214721563,0.8382702436328113,,False,False,False,False,not_both_verified,False,False,False,not_both_verified,neither,neither,neither,neither,False,False,False
k4,native,construct,cooperative,232,eval:232,eval:232:0:0,verified,not_converged,False,True,False,False,False,False,False,False,False,False,False,False,0.07793363841349255,8.478644221146647,,False,False,False,False,verification_changed,True,False,True,verification_changed,neither,lost,neither,lost,False,False,False
k4,native,construct,cooperative,233,eval:233,eval:233:0:0,not_converged,not_converged,False,False,False,False,False,False,False,False,False,False,False,False,0.01833978429931893,-0.028976766909177165,,False,True,False,True,not_both_verified,False,False,False,not_both_verified,gained,both,neither,neither,False,False,False
k4,native,construct,cooperative,234,eval:234,eval:234:0:0,not_converged,not_converged,False,False,False,False,False,False,False,False,False,False,False,False,10.47150113461792,6.47158887265503,,False,False,False,False,not_both_verified,False,False,False,not_both_verified,neither,neither,neither,neither,False,False,False
k4,native,construct,cooperative,235,eval:235,eval:235:0:0,not_converged,not_converged,False,False,False,False,False,False,False,False,False,False,False,False,0.6906430729394533,0.1408898838525392,,False,False,False,False,not_both_verified,False,False,False,not_both_verified,neither,neither,neither,neither,False,False,False
k4,native,construct,cooperative,236,eval:236,eval:236:0:0,not_converged,invalid_terminal,False,False,False,False,False,False,False,False,False,False,False,False,5.793350038892687,1.1927171329326036,,False,False,False,False,not_both_verified,False,False,False,not_both_verified,neither,neither,neither,neither,False,False,False
k4,native,construct,cooperative,237,eval:237,eval:237:0:0,invalid_terminal,not_converged,False,False,False,False,False,False,False,False,False,False,False,False,1.477488005169267,0.13929125071370052,,False,False,False,False,not_both_verified,False,False,False,not_both_verified,neither,neither,neither,neither,False,False,False
k4,native,construct,cooperative,238,eval:238,eval:238:0:0,invalid_terminal,verified,False,True,False,False,False,False,False,False,False,False,False,False,1.7591896754527117,0.13241119206190355,,False,False,False,False,verification_changed,False,False,False,verification_changed,neither,neither,neither,neither,False,False,False
k4,native,construct,cooperative,239,eval:239,eval:239:0:0,invalid_terminal,invalid_terminal,False,False,False,False,False,False,False,False,False,False,False,False,0.11305662877115896,0.5446581531241863,,False,False,False,False,not_both_verified,False,False,False,not_both_verified,neither,neither,neither,neither,False,False,False
k4,native,construct,cooperative,240,eval:240,eval:240:0:0,verified,not_converged,False,True,False,False,False,False,False,False,False,False,False,False,0.16895474304620173,0.17022408356133845,,False,False,False,False,verification_changed,False,False,False,verification_changed,neither,neither,neither,neither,False,False,False
k4,native,construct,cooperative,241,eval:241,eval:241:0:0,not_converged,not_converged,False,False,False,False,False,False,False,False,False,False,False,False,0.1930200831694897,0.21173308060601315,,False,False,False,False,not_both_verified,False,False,False,not_both_verified,neither,neither,neither,neither,False,False,False
k4,native,construct,cooperative,242,eval:242,eval:242:0:0,not_converged,invalid_terminal,False,False,False,False,False,False,False,False,False,False,False,False,7.680448175421631,8.557648778906739,,False,False,False,False,not_both_verified,False,False,False,not_both_verified,neither,neither,neither,neither,False,False,False
k4,native,construct,cooperative,243,eval:243,eval:243:0:0,verified,not_converged,False,True,False,False,False,False,False,False,False,False,False,False,0.6823214750168347,0.3633798818466687,,False,False,False,False,verification_changed,False,False,False,verification_changed,neither,neither,neither,neither,False,False,False
k4,native,construct,cooperative,244,eval:244,eval:244:0:0,invalid_terminal,invalid_terminal,False,False,False,False,False,False,False,False,False,False,False,False,3.13943472009169,5.5782107363270415,,False,False,False,False,not_both_verified,False,False,False,not_both_verified,neither,neither,neither,neither,False,False,False
k4,native,construct,cooperative,245,eval:245,eval:245:0:0,not_converged,invalid_terminal,False,False,False,False,False,False,False,True,True,False,False,True,,,,False,False,False,False,unknown_hull,False,False,False,unknown_hull,neither,neither,neither,neither,False,False,False
k4,native,construct,cooperative,246,eval:246,eval:246:0:0,invalid_terminal,invalid_terminal,False,False,False,False,False,False,False,False,False,False,False,False,0.7455643211953493,0.7915991341225954,,False,False,False,False,not_both_verified,False,False,False,not_both_verified,neither,neither,neither,neither,False,False,False
k4,native,construct,cooperative,247,eval:247,eval:247:0:0,invalid_terminal,invalid_terminal,False,False,False,False,False,False,False,False,False,False,False,False,0.41600765400227946,0.3972956102400724,,False,False,False,False,not_both_verified,False,False,False,not_both_verified,neither,neither,neither,neither,False,False,False
k4,native,construct,cooperative,248,eval:248,eval:248:0:0,invalid_terminal,invalid_terminal,False,False,False,False,False,False,False,False,False,False,False,False,1.3030693185933986,1.297337735951797,,True,False,False,False,not_both_verified,False,False,False,not_both_verified,neither,neither,neither,neither,False,False,False
k4,native,construct,cooperative,249,eval:249,eval:249:0:0,invalid_terminal,invalid_terminal,False,False,False,False,False,False,False,False,False,False,False,False,0.8989116994128388,1.161976083873288,,True,False,False,False,not_both_verified,False,False,False,not_both_verified,neither,neither,neither,neither,False,False,False
k4,native,construct,cooperative,250,eval:250,eval:250:0:0,invalid_terminal,invalid_terminal,False,False,False,False,False,False,False,False,False,False,False,False,0.4175419885406493,2.5039093572387694,,False,False,False,False,not_both_verified,False,False,False,not_both_verified,neither,neither,neither,neither,False,False,False
k4,native,construct,cooperative,251,eval:251,eval:251:0:0,invalid_terminal,invalid_terminal,False,False,False,False,False,False,False,False,False,False,False,False,4.382493816602375,7.558283649671223,,False,False,False,False,not_both_verified,False,False,False,not_both_verified,neither,neither,neither,neither,False,False,False
k4,native,construct,cooperative,252,eval:252,eval:252:0:0,not_converged,verified,False,True,False,False,False,False,False,False,False,False,False,False,0.010574245989486641,0.024386787951156563,,False,False,False,False,verification_changed,False,False,False,verification_changed,neither,both,neither,gained,False,False,False
k4,native,construct,cooperative,253,eval:253,eval:253:0:0,not_converged,not_converged,False,False,False,False,False,False,False,True,True,False,False,True,,,,False,False,False,False,unknown_hull,False,False,False,unknown_hull,neither,neither,neither,neither,False,False,False
k4,native,construct,cooperative,254,eval:254,eval:254:0:0,invalid_terminal,verified,False,True,False,False,False,False,False,False,False,False,False,False,1.9662356901199072,0.06851201534573725,,False,False,False,False,verification_changed,True,False,True,verification_changed,neither,gained,neither,gained,False,False,False
k4,native,construct,cooperative,255,eval:255,eval:255:0:0,not_converged,verified,False,True,False,False,False,False,False,False,False,False,False,False,3.7420072705618903,-0.02591679979638606,,False,True,False,True,verification_changed,True,False,True,verification_changed,gained,gained,gained,gained,False,False,False
k4,native,cooperative,closure,0,eval:0,eval:0:0:0,invalid_terminal,invalid_terminal,False,False,False,False,False,False,False,False,False,False,False,False,3.110351940599121,1.5804888214737547,,False,False,False,False,not_both_verified,False,False,False,not_both_verified,neither,neither,neither,neither,False,False,False
k4,native,cooperative,closure,1,eval:1,eval:1:0:0,verified,verified,True,False,False,False,False,False,False,False,False,False,False,False,0.29840272792480427,0.29840272792480427,0.0,True,False,False,False,no_threshold_or_NU_change,False,False,False,no_threshold_or_NU_change,neither,neither,neither,neither,False,False,False
k4,native,cooperative,closure,2,eval:2,eval:2:0:0,invalid_terminal,not_converged,False,False,False,False,False,False,False,False,False,False,False,False,1.8642967492876332,0.3827274591265004,,False,False,False,False,not_both_verified,False,False,False,not_both_verified,neither,neither,neither,neither,False,False,False
k4,native,cooperative,closure,3,eval:3,eval:3:0:0,not_converged,invalid_terminal,False,False,False,False,False,False,False,False,False,False,False,False,0.15465580674899648,4.934425704209934,,False,False,False,False,not_both_verified,False,False,False,not_both_verified,neither,neither,neither,neither,False,False,False
k4,native,cooperative,closure,4,eval:4,eval:4:0:0,not_converged,not_converged,False,False,False,False,False,False,False,False,False,False,False,False,6.214808325944825,4.918289046464844,,False,False,False,False,not_both_verified,False,False,False,not_both_verified,neither,neither,neither,neither,False,False,False
k4,native,cooperative,closure,5,eval:5,eval:5:0:0,invalid_terminal,invalid_terminal,False,False,False,False,False,False,False,False,False,False,False,False,1.790651708021227,1.5265130094433461,,False,False,False,False,not_both_verified,False,False,False,not_both_verified,neither,neither,neither,neither,False,False,False
k4,native,cooperative,closure,6,eval:6,eval:6:0:0,verified,not_converged,False,True,False,False,False,False,False,False,False,False,False,False,0.060558458739285115,0.11474718707180465,,False,False,False,False,verification_changed,True,False,True,verification_changed,neither,lost,neither,lost,False,False,False
k4,native,cooperative,closure,7,eval:7,eval:7:0:0,invalid_terminal,invalid_terminal,False,False,False,False,False,False,False,False,False,False,False,False,0.3945054330114637,1.0655826844457899,,False,False,False,False,not_both_verified,False,False,False,not_both_verified,neither,neither,neither,neither,False,False,False
k4,native,cooperative,closure,8,eval:8,eval:8:0:0,verified,invalid_terminal,False,True,False,False,False,False,False,False,False,False,False,False,0.12634604903727187,6.1459187838700355,,False,False,False,False,verification_changed,False,False,False,verification_changed,neither,neither,neither,neither,False,False,False
k4,native,cooperative,closure,9,eval:9,eval:9:0:0,not_converged,not_converged,False,False,False,False,False,False,False,False,False,False,False,False,3.9935866582317647,0.09816396116450399,,False,False,False,False,not_both_verified,True,False,True,not_both_verified,neither,gained,neither,neither,False,False,False
k4,native,cooperative,closure,10,eval:10,eval:10:0:0,not_converged,verified,False,True,False,False,False,False,False,False,False,False,False,False,0.18903914684990752,0.05624428982476104,,False,False,False,False,verification_changed,True,False,True,verification_changed,neither,gained,neither,gained,False,False,False
k4,native,cooperative,closure,11,eval:11,eval:11:0:0,not_converged,not_converged,False,False,False,False,False,False,False,False,False,False,False,False,8.512843765503419,8.435043014770997,,False,False,False,False,not_both_verified,False,False,False,not_both_verified,neither,neither,neither,neither,False,False,False
k4,native,cooperative,closure,12,eval:12,eval:12:0:0,not_converged,not_converged,False,False,False,False,False,False,False,False,False,False,False,False,-0.007016149497069968,0.3032203045129398,,False,True,False,True,not_both_verified,True,False,True,not_both_verified,lost,lost,neither,neither,False,False,False
k4,native,cooperative,closure,13,eval:13,eval:13:0:0,not_converged,not_converged,False,False,False,False,False,False,False,False,False,False,False,False,0.029909174567871233,0.02914718878906264,,False,False,False,False,not_both_verified,False,False,False,not_both_verified,neither,both,neither,neither,False,False,False
k4,native,cooperative,closure,14,eval:14,eval:14:0:0,not_converged,invalid_terminal,False,False,False,False,False,False,False,False,False,False,False,False,0.19930025594319734,1.3103298808821622,,False,False,False,False,not_both_verified,False,False,False,not_both_verified,neither,neither,neither,neither,False,False,False
k4,native,cooperative,closure,15,eval:15,eval:15:0:0,not_converged,invalid_terminal,False,False,False,False,False,False,False,False,False,False,False,False,0.14554624317884723,2.176985547530654,,False,False,False,False,not_both_verified,False,False,False,not_both_verified,neither,neither,neither,neither,False,False,False
k4,native,cooperative,closure,16,eval:16,eval:16:0:0,not_converged,not_converged,False,False,False,False,False,False,False,True,True,False,False,True,,,,False,False,False,False,unknown_hull,False,False,False,unknown_hull,neither,neither,neither,neither,False,False,False
k4,native,cooperative,closure,17,eval:17,eval:17:0:0,invalid_terminal,invalid_terminal,False,False,False,False,False,False,False,False,False,False,False,False,2.5892315320802792,3.661050122244464,,False,False,False,False,not_both_verified,False,False,False,not_both_verified,neither,neither,neither,neither,False,False,False
k4,native,cooperative,closure,18,eval:18,eval:18:0:0,not_converged,not_converged,False,False,False,False,False,False,False,False,False,False,False,False,0.32758394759826714,0.13419930022888238,,False,False,False,False,not_both_verified,False,False,False,not_both_verified,neither,neither,neither,neither,False,False,False
k4,native,cooperative,closure,19,eval:19,eval:19:0:0,invalid_terminal,not_converged,False,False,False,False,False,False,False,False,False,False,False,False,0.16389334637693853,0.15374625165037603,,False,False,False,False,not_both_verified,False,False,False,not_both_verified,neither,neither,neither,neither,False,False,False
k4,native,cooperative,closure,20,eval:20,eval:20:0:0,verified,not_converged,False,True,False,False,False,False,False,False,False,False,False,False,0.08819381872753773,0.19106952826122914,,False,False,False,False,verification_changed,True,False,True,verification_changed,neither,lost,neither,lost,False,False,False
k4,native,cooperative,closure,21,eval:21,eval:21:0:0,invalid_terminal,not_converged,False,False,False,False,False,False,False,False,False,False,False,False,0.17010228849121134,0.03451221204467814,,False,False,False,False,not_both_verified,True,False,True,not_both_verified,neither,gained,neither,neither,False,False,False
k4,native,cooperative,closure,22,eval:22,eval:22:0:0,not_converged,not_converged,False,False,False,False,False,False,False,False,False,False,False,False,0.20690454443359307,0.16816152532958917,,False,False,False,False,not_both_verified,False,False,False,not_both_verified,neither,neither,neither,neither,False,False,False
k4,native,cooperative,closure,23,eval:23,eval:23:0:0,invalid_terminal,invalid_terminal,False,False,False,False,False,False,False,False,False,False,False,False,0.5217421053760987,0.3096523283833008,,False,False,False,False,not_both_verified,False,False,False,not_both_verified,neither,neither,neither,neither,False,False,False
k4,native,cooperative,closure,24,eval:24,eval:24:0:0,invalid_terminal,invalid_terminal,False,False,False,False,False,False,False,False,False,False,False,False,3.020477415173687,4.614868284314312,,False,False,False,False,not_both_verified,False,False,False,not_both_verified,neither,neither,neither,neither,False,False,False
k4,native,cooperative,closure,25,eval:25,eval:25:0:0,invalid_terminal,invalid_terminal,False,False,False,False,False,False,False,False,False,False,False,False,0.6397509189898205,2.3846611591631603,,False,False,False,False,not_both_verified,False,False,False,not_both_verified,neither,neither,neither,neither,False,False,False
k4,native,cooperative,closure,26,eval:26,eval:26:0:0,not_converged,not_converged,False,False,False,False,False,False,False,False,False,False,False,False,0.20646427220019525,0.112248879133789,,False,False,False,False,not_both_verified,False,False,False,not_both_verified,neither,neither,neither,neither,False,False,False
k4,native,cooperative,closure,27,eval:27,eval:27:0:0,invalid_terminal,invalid_terminal,False,False,False,False,False,False,False,False,False,False,False,False,0.5264269237036712,1.8193677787299163,,False,False,False,False,not_both_verified,False,False,False,not_both_verified,neither,neither,neither,neither,False,False,False
k4,native,cooperative,closure,28,eval:28,eval:28:0:0,invalid_terminal,invalid_terminal,False,False,False,False,False,False,False,False,False,False,False,False,3.2324192782862085,0.24289109911750728,,False,False,False,False,not_both_verified,False,False,False,not_both_verified,neither,neither,neither,neither,False,False,False
k4,native,cooperative,closure,29,eval:29,eval:29:0:0,invalid_terminal,invalid_terminal,False,False,False,False,False,False,False,False,False,False,False,False,-17.094382805936107,1.715020613558524,,False,True,False,True,not_both_verified,True,False,True,not_both_verified,lost,lost,neither,neither,False,False,False
k4,native,cooperative,closure,30,eval:30,eval:30:0:0,invalid_terminal,not_converged,False,False,False,False,False,False,False,False,False,False,False,False,0.6584661663164608,0.17949611550469324,,False,False,False,False,not_both_verified,False,False,False,not_both_verified,neither,neither,neither,neither,False,False,False
k4,native,cooperative,closure,31,eval:31,eval:31:0:0,verified,not_converged,False,True,False,False,False,False,False,False,False,False,False,False,0.15512901736897788,0.15311008884114585,,False,False,False,False,verification_changed,False,False,False,verification_changed,neither,neither,neither,neither,False,False,False
k4,native,cooperative,closure,32,eval:32,eval:32:0:0,invalid_terminal,not_converged,False,False,False,False,False,False,False,False,False,False,False,False,2.378158500878092,8.182036808220621,,False,False,False,False,not_both_verified,False,False,False,not_both_verified,neither,neither,neither,neither,False,False,False
k4,native,cooperative,closure,33,eval:33,eval:33:0:0,verified,verified,True,False,False,False,False,False,False,False,False,False,False,False,0.09229916132059746,0.127461371785075,0.03516221046447754,False,False,False,False,no_threshold_or_NU_change,True,True,False,verified_threshold_only,neither,lost,neither,lost,False,False,False
k4,native,cooperative,closure,34,eval:34,eval:34:0:0,verified,not_converged,False,True,False,False,False,False,False,False,False,False,False,False,0.048103219574584966,0.061633235520019536,,False,False,False,False,verification_changed,False,False,False,verification_changed,neither,both,neither,lost,False,False,False
k4,native,cooperative,closure,35,eval:35,eval:35:0:0,not_converged,not_converged,False,False,False,False,False,False,False,False,False,False,False,False,0.011446880255607361,0.031540321265128846,,False,False,False,False,not_both_verified,False,False,False,not_both_verified,neither,both,neither,neither,False,False,False
k4,native,cooperative,closure,36,eval:36,eval:36:0:0,invalid_terminal,invalid_terminal,False,False,False,False,False,False,False,False,False,False,False,False,2.7849523726773953,4.18934080041177,,False,False,False,False,not_both_verified,False,False,False,not_both_verified,neither,neither,neither,neither,False,False,False
k4,native,cooperative,closure,37,eval:37,eval:37:0:0,not_converged,invalid_terminal,False,False,False,False,False,False,False,False,False,False,False,False,0.38203279081712793,2.873058715499745,,False,False,False,False,not_both_verified,False,False,False,not_both_verified,neither,neither,neither,neither,False,False,False
k4,native,cooperative,closure,38,eval:38,eval:38:0:0,invalid_terminal,invalid_terminal,False,False,False,False,False,False,False,False,False,False,False,False,1.1546556921711613,2.94556545932204,,False,False,False,False,not_both_verified,False,False,False,not_both_verified,neither,neither,neither,neither,False,False,False
k4,native,cooperative,closure,39,eval:39,eval:39:0:0,not_converged,verified,False,True,False,False,False,False,False,False,False,False,False,False,8.246583857631673,0.2195362235069176,,False,False,False,False,verification_changed,False,False,False,verification_changed,neither,neither,neither,neither,False,False,False
k4,native,cooperative,closure,40,eval:40,eval:40:0:0,not_converged,invalid_terminal,False,False,False,False,False,False,False,False,False,False,False,False,0.12674144175927715,2.3483825054494627,,False,False,False,False,not_both_verified,False,False,False,not_both_verified,neither,neither,neither,neither,False,False,False
k4,native,cooperative,closure,41,eval:41,eval:41:0:0,invalid_terminal,invalid_terminal,False,False,False,False,False,False,False,False,False,False,False,False,0.3689718107832851,0.6227717260970058,,False,False,False,False,not_both_verified,False,False,False,not_both_verified,neither,neither,neither,neither,False,False,False
k4,native,cooperative,closure,42,eval:42,eval:42:0:0,not_converged,not_converged,False,False,False,False,False,False,False,False,False,False,False,False,0.43191094324327217,1.0330957882139753,,False,False,False,False,not_both_verified,False,False,False,not_both_verified,neither,neither,neither,neither,False,False,False
k4,native,cooperative,closure,43,eval:43,eval:43:0:0,not_converged,invalid_terminal,False,False,False,False,False,False,False,False,False,False,False,False,0.264435569985352,0.5851247713403325,,False,False,False,False,not_both_verified,False,False,False,not_both_verified,neither,neither,neither,neither,False,False,False
k4,native,cooperative,closure,44,eval:44,eval:44:0:0,verified,not_converged,False,True,False,False,False,False,False,False,False,False,False,False,0.282735129622802,0.24315907600341724,,False,False,False,False,verification_changed,False,False,False,verification_changed,neither,neither,neither,neither,False,False,False
k4,native,cooperative,closure,45,eval:45,eval:45:0:0,not_converged,verified,False,True,False,False,False,False,False,False,False,False,False,False,0.29960544586222326,0.4603791999820963,,False,False,False,False,verification_changed,False,False,False,verification_changed,neither,neither,neither,neither,False,False,False
k4,native,cooperative,closure,46,eval:46,eval:46:0:0,invalid_terminal,invalid_terminal,False,False,False,False,False,False,False,False,False,False,False,False,0.38444537760253894,0.18986529947753894,,False,False,False,False,not_both_verified,False,False,False,not_both_verified,neither,neither,neither,neither,False,False,False
k4,native,cooperative,closure,47,eval:47,eval:47:0:0,invalid_terminal,verified,False,True,False,False,False,False,False,False,False,False,False,False,0.698510292021278,0.09244644924784051,,False,False,False,False,verification_changed,True,False,True,verification_changed,neither,gained,neither,gained,False,False,False
k4,native,cooperative,closure,48,eval:48,eval:48:0:0,invalid_terminal,invalid_terminal,False,False,False,False,False,False,False,False,False,False,False,False,1.2074721593385522,0.8229230184083764,,False,False,False,False,not_both_verified,False,False,False,not_both_verified,neither,neither,neither,neither,False,False,False
k4,native,cooperative,closure,49,eval:49,eval:49:0:0,not_converged,not_converged,False,False,False,False,False,False,False,False,False,False,False,False,2.4571339817922926,1.0674462052267408,,False,False,False,False,not_both_verified,False,False,False,not_both_verified,neither,neither,neither,neither,False,False,False
k4,native,cooperative,closure,50,eval:50,eval:50:0:0,not_converged,not_converged,False,False,False,False,False,False,False,False,False,False,False,False,0.24212596690470445,0.5650272158365892,,False,False,False,False,not_both_verified,False,False,False,not_both_verified,neither,neither,neither,neither,False,False,False
k4,native,cooperative,closure,51,eval:51,eval:51:0:0,not_converged,verified,False,True,False,False,False,False,False,False,False,False,False,False,0.11655468507837163,0.07060379549096929,,False,False,False,False,verification_changed,True,False,True,verification_changed,neither,gained,neither,gained,False,False,False
k4,native,cooperative,closure,52,eval:52,eval:52:0:0,not_converged,invalid_terminal,False,False,False,False,False,False,False,False,False,False,False,False,0.6045486567627965,0.6128208277833043,,False,False,False,False,not_both_verified,False,False,False,not_both_verified,neither,neither,neither,neither,False,False,False
k4,native,cooperative,closure,53,eval:53,eval:53:0:0,invalid_terminal,invalid_terminal,False,False,False,False,False,False,False,False,False,False,False,False,6.537770532915039,2.7120752566546633,,False,False,False,False,not_both_verified,False,False,False,not_both_verified,neither,neither,neither,neither,False,False,False
k4,native,cooperative,closure,54,eval:54,eval:54:0:0,verified,invalid_terminal,False,True,False,False,False,False,False,False,False,False,False,False,0.058810153769281115,6.975101152228143,,False,False,False,False,verification_changed,True,False,True,verification_changed,neither,lost,neither,lost,False,False,False
k4,native,cooperative,closure,55,eval:55,eval:55:0:0,invalid_terminal,not_converged,False,False,False,False,False,False,False,False,False,False,False,False,5.137236983798828,0.13059368851074193,,False,False,False,False,not_both_verified,False,False,False,not_both_verified,neither,neither,neither,neither,False,False,False
k4,native,cooperative,closure,56,eval:56,eval:56:0:0,invalid_terminal,invalid_terminal,False,False,False,False,False,False,False,False,False,False,False,False,2.048292579960588,4.41752022774196,,False,False,False,False,not_both_verified,False,False,False,not_both_verified,neither,neither,neither,neither,False,False,False
k4,native,cooperative,closure,57,eval:57,eval:57:0:0,invalid_terminal,not_converged,False,False,False,False,False,False,False,False,False,False,False,False,3.243616698192791,0.724181769298748,,False,False,False,False,not_both_verified,False,False,False,not_both_verified,neither,neither,neither,neither,False,False,False
k4,native,cooperative,closure,58,eval:58,eval:58:0:0,not_converged,verified,False,True,False,False,False,False,False,False,False,False,False,False,9.187037120882161,0.07336486441243473,,False,False,False,False,verification_changed,True,False,True,verification_changed,neither,gained,neither,gained,False,False,False
k4,native,cooperative,closure,59,eval:59,eval:59:0:0,invalid_terminal,invalid_terminal,False,False,False,False,False,False,False,False,False,False,False,False,1.1235800881063964,0.41191088148713373,,False,False,False,False,not_both_verified,False,False,False,not_both_verified,neither,neither,neither,neither,False,False,False
k4,native,cooperative,closure,60,eval:60,eval:60:0:0,verified,verified,True,False,False,False,False,False,False,False,False,False,False,False,1.6571251973419185,1.546260558059692,-0.11086463928222656,False,False,False,False,no_threshold_or_NU_change,False,False,False,no_threshold_or_NU_change,neither,neither,neither,neither,False,False,False
k4,native,cooperative,closure,61,eval:61,eval:61:0:0,not_converged,invalid_terminal,False,False,False,False,False,False,False,False,False,False,False,False,7.072093059733076,1.6682205698038768,,False,False,False,False,not_both_verified,False,False,False,not_both_verified,neither,neither,neither,neither,False,False,False
k4,native,cooperative,closure,62,eval:62,eval:62:0:0,invalid_terminal,not_converged,False,False,False,False,False,False,False,False,False,False,False,False,0.937677745804967,0.20662630079764277,,False,False,False,False,not_both_verified,False,False,False,not_both_verified,neither,neither,neither,neither,False,False,False
k4,native,cooperative,closure,63,eval:63,eval:63:0:0,not_converged,not_converged,False,False,False,False,False,False,False,False,False,False,False,False,5.872608282627631,0.09004674202399343,,False,False,False,False,not_both_verified,True,False,True,not_both_verified,neither,gained,neither,neither,False,False,False
k4,native,cooperative,closure,64,eval:64,eval:64:0:0,not_converged,invalid_terminal,False,False,False,False,False,False,False,False,False,False,False,False,0.11024411044311577,1.6717031749267584,,False,False,False,False,not_both_verified,False,False,False,not_both_verified,neither,neither,neither,neither,False,False,False
k4,native,cooperative,closure,65,eval:65,eval:65:0:0,verified,verified,True,False,False,False,False,False,False,False,False,False,False,False,0.01902189702858248,0.30457225293983736,0.2855503559112549,False,False,False,False,no_threshold_or_NU_change,True,True,False,verified_threshold_only,neither,lost,neither,lost,False,False,False
k4,native,cooperative,closure,66,eval:66,eval:66:0:0,not_converged,not_converged,False,False,False,False,False,False,False,False,False,False,False,False,1.2245985140922029,7.733878718865152,,False,False,False,False,not_both_verified,False,False,False,not_both_verified,neither,neither,neither,neither,False,False,False
k4,native,cooperative,closure,67,eval:67,eval:67:0:0,invalid_terminal,invalid_terminal,False,False,False,False,False,False,False,False,False,False,False,False,3.997948540612793,2.569937123223877,,False,False,False,False,not_both_verified,False,False,False,not_both_verified,neither,neither,neither,neither,False,False,False
k4,native,cooperative,closure,68,eval:68,eval:68:0:0,verified,verified,True,False,False,False,False,False,False,False,False,False,False,False,0.053941216446058426,0.1416146421204969,0.08767342567443848,False,False,False,False,no_threshold_or_NU_change,True,True,False,verified_threshold_only,neither,lost,neither,lost,False,False,False
k4,native,cooperative,closure,69,eval:69,eval:69:0:0,generation_failure,generation_failure,False,False,False,False,False,True,False,False,True,True,False,True,,,,,False,False,False,generation_or_parse_unavailable,False,False,False,generation_or_parse_unavailable,neither,neither,neither,neither,False,False,False
k4,native,cooperative,closure,70,eval:70,eval:70:0:0,not_converged,not_converged,False,False,False,False,False,False,False,False,False,False,False,False,0.14304660400573743,0.14304731926147474,,False,False,False,False,not_both_verified,False,False,False,not_both_verified,neither,neither,neither,neither,False,False,False
k4,native,cooperative,closure,71,eval:71,eval:71:0:0,verified,verified,True,False,False,False,False,False,False,False,False,False,False,False,0.25878562531880656,0.1846181353133134,-0.07416749000549316,False,False,False,False,no_threshold_or_NU_change,False,False,False,no_threshold_or_NU_change,neither,neither,neither,neither,False,False,False
k4,native,cooperative,closure,72,eval:72,eval:72:0:0,invalid_terminal,invalid_terminal,False,False,False,False,False,False,False,False,False,False,False,False,1.8311769760620118,0.14738867650146492,,False,False,False,False,not_both_verified,False,False,False,not_both_verified,neither,neither,neither,neither,False,False,False
k4,native,cooperative,closure,73,eval:73,eval:73:0:0,not_converged,invalid_terminal,False,False,False,False,False,False,False,False,False,False,False,False,6.456073040602545,1.2358510442951722,,False,False,False,False,not_both_verified,False,False,False,not_both_verified,neither,neither,neither,neither,False,False,False
k4,native,cooperative,closure,74,eval:74,eval:74:0:0,verified,verified,True,False,False,False,False,False,False,False,False,False,False,False,0.06219235472656237,0.02402678542114245,-0.03816556930541992,False,False,False,False,no_threshold_or_NU_change,False,False,False,no_threshold_or_NU_change,neither,both,neither,both,False,False,False
k4,native,cooperative,closure,75,eval:75,eval:75:0:0,not_converged,verified,False,True,False,False,False,False,False,False,False,False,False,False,0.06519675590673835,0.8007814917770997,,False,False,False,False,verification_changed,True,False,True,verification_changed,neither,lost,neither,neither,False,False,False
k4,native,cooperative,closure,76,eval:76,eval:76:0:0,invalid_terminal,invalid_terminal,False,False,False,False,False,False,False,False,False,False,False,False,0.5221894897843438,6.611221662941082,,False,False,False,False,not_both_verified,False,False,False,not_both_verified,neither,neither,neither,neither,False,False,False
k4,native,cooperative,closure,77,eval:77,eval:77:0:0,not_converged,invalid_terminal,False,False,False,False,False,False,False,False,False,False,False,False,0.05220261280375116,1.1445941037400305,,False,False,False,False,not_both_verified,True,False,True,not_both_verified,neither,lost,neither,neither,False,False,False
k4,native,cooperative,closure,78,eval:78,eval:78:0:0,invalid_terminal,invalid_terminal,False,False,False,False,False,False,False,False,False,False,False,False,0.7979634522051722,4.8450668572039515,,False,False,False,False,not_both_verified,False,False,False,not_both_verified,neither,neither,neither,neither,False,False,False
k4,native,cooperative,closure,79,eval:79,eval:79:0:0,invalid_terminal,invalid_terminal,False,False,False,False,False,False,False,False,False,False,False,False,4.813652979060302,4.5693178044997556,,False,False,False,False,not_both_verified,False,False,False,not_both_verified,neither,neither,neither,neither,False,False,False
k4,native,cooperative,closure,80,eval:80,eval:80:0:0,verified,verified,True,False,False,False,False,False,False,False,False,False,False,False,0.1418872467102048,0.09812217865600559,-0.04376506805419922,False,False,False,False,no_threshold_or_NU_change,True,True,False,verified_threshold_only,neither,gained,neither,gained,False,False,False
k4,native,cooperative,closure,81,eval:81,eval:81:0:0,not_converged,not_converged,False,False,False,False,False,False,False,False,False,False,False,False,9.58524666574002,3.656504256987577,,False,False,False,False,not_both_verified,False,False,False,not_both_verified,neither,neither,neither,neither,False,False,False
k4,native,cooperative,closure,82,eval:82,eval:82:0:0,not_converged,verified,False,True,False,False,False,False,False,False,False,False,False,False,0.07018768351765958,-0.2715734286954752,,False,True,False,True,verification_changed,False,False,False,verification_changed,gained,both,gained,gained,False,False,False
k4,native,cooperative,closure,83,eval:83,eval:83:0:0,invalid_terminal,invalid_terminal,False,False,False,False,False,False,False,False,False,False,False,False,0.2137075043892782,0.5603004075264852,,False,False,False,False,not_both_verified,False,False,False,not_both_verified,neither,neither,neither,neither,False,False,False
k4,native,cooperative,closure,84,eval:84,eval:84:0:0,verified,not_converged,False,True,False,False,False,False,False,False,False,False,False,False,0.052700800321289876,0.114456934354493,,False,False,False,False,verification_changed,True,False,True,verification_changed,neither,lost,neither,lost,False,False,False
k4,native,cooperative,closure,85,eval:85,eval:85:0:0,verified,verified,True,False,False,False,False,False,False,False,False,False,False,False,0.14752244003824888,0.14720248230509458,-0.0003199577331542969,False,False,False,False,no_threshold_or_NU_change,False,False,False,no_threshold_or_NU_change,neither,neither,neither,neither,False,False,False
k4,native,cooperative,closure,86,eval:86,eval:86:0:0,not_converged,invalid_terminal,False,False,False,False,False,False,False,False,False,False,False,False,0.69763042933024,1.0612902880338533,,False,False,False,False,not_both_verified,False,False,False,not_both_verified,neither,neither,neither,neither,False,False,False
k4,native,cooperative,closure,87,eval:87,eval:87:0:0,verified,invalid_terminal,False,True,False,False,False,False,False,False,False,False,False,False,0.30197685113034467,2.4101378237255595,,False,False,False,False,verification_changed,False,False,False,verification_changed,neither,neither,neither,neither,False,False,False
k4,native,cooperative,closure,88,eval:88,eval:88:0:0,not_converged,not_converged,False,False,False,False,False,False,False,False,False,False,False,False,-0.031747784053955286,-0.003110851680908411,,False,False,False,False,not_both_verified,False,False,False,not_both_verified,both,both,neither,neither,False,False,False
k4,native,cooperative,closure,89,eval:89,eval:89:0:0,not_converged,not_converged,False,False,False,False,False,False,False,False,False,False,False,False,0.3074954543108417,0.2940090689653827,,False,False,False,False,not_both_verified,False,False,False,not_both_verified,neither,neither,neither,neither,False,False,False
k4,native,cooperative,closure,90,eval:90,eval:90:0:0,not_converged,verified,False,True,False,False,False,False,False,False,False,False,False,False,0.15124697626209382,0.11392826974964265,,False,False,False,False,verification_changed,False,False,False,verification_changed,neither,neither,neither,neither,False,False,False
k4,native,cooperative,closure,91,eval:91,eval:91:0:0,not_converged,invalid_terminal,False,False,False,False,False,False,False,False,False,False,False,False,5.4557324363684065,3.2843454791998274,,False,False,False,False,not_both_verified,False,False,False,not_both_verified,neither,neither,neither,neither,False,False,False
k4,native,cooperative,closure,92,eval:92,eval:92:0:0,not_converged,invalid_terminal,False,False,False,False,False,False,False,False,False,False,False,False,5.034861136384033,4.485938120789551,,False,False,False,False,not_both_verified,False,False,False,not_both_verified,neither,neither,neither,neither,False,False,False
k4,native,cooperative,closure,93,eval:93,eval:93:0:0,verified,not_converged,False,True,False,False,False,False,False,False,False,False,False,False,0.3295714044433593,0.10429159639892571,,False,False,False,False,verification_changed,False,False,False,verification_changed,neither,neither,neither,neither,False,False,False
k4,native,cooperative,closure,94,eval:94,eval:94:0:0,not_converged,verified,False,True,False,False,False,False,False,False,False,False,False,False,8.949998105328937,0.10631057099666297,,False,False,False,False,verification_changed,False,False,False,verification_changed,neither,neither,neither,neither,False,False,False
k4,native,cooperative,closure,95,eval:95,eval:95:0:0,invalid_terminal,invalid_terminal,False,False,False,False,False,False,False,False,False,False,False,False,1.2298573784028317,5.2513717941437985,,False,False,False,False,not_both_verified,False,False,False,not_both_verified,neither,neither,neither,neither,False,False,False
k4,native,cooperative,closure,96,eval:96,eval:96:0:0,verified,verified,True,False,False,False,False,False,False,False,False,False,False,False,0.03184066446960454,0.03627834948242192,0.004437685012817383,False,False,False,False,no_threshold_or_NU_change,False,False,False,no_threshold_or_NU_change,neither,both,neither,both,False,False,False
k4,native,cooperative,closure,97,eval:97,eval:97:0:0,verified,not_converged,False,True,False,False,False,False,False,False,False,False,False,False,0.08570371810852029,10.085282909316406,,False,False,False,False,verification_changed,True,False,True,verification_changed,neither,lost,neither,lost,False,False,False
k4,native,cooperative,closure,98,eval:98,eval:98:0:0,not_converged,invalid_terminal,False,False,False,False,False,False,False,False,False,False,False,False,0.05394752785563206,1.7889676885306809,,False,False,False,False,not_both_verified,True,False,True,not_both_verified,neither,lost,neither,neither,False,False,False
k4,native,cooperative,closure,99,eval:99,eval:99:0:0,invalid_terminal,invalid_terminal,False,False,False,False,False,False,False,False,False,False,False,False,5.088281010865591,2.943683480500601,,False,False,False,False,not_both_verified,False,False,False,not_both_verified,neither,neither,neither,neither,False,False,False
k4,native,cooperative,closure,100,eval:100,eval:100:0:0,invalid_terminal,verified,False,True,False,False,False,False,False,False,False,False,False,False,0.4262561869229824,0.3984828066434414,,False,False,False,False,verification_changed,False,False,False,verification_changed,neither,neither,neither,neither,False,False,False
k4,native,cooperative,closure,101,eval:101,eval:101:0:0,invalid_terminal,verified,False,True,False,False,False,False,False,False,False,False,False,False,0.6369388277731947,0.06622673823462044,,False,False,False,False,verification_changed,True,False,True,verification_changed,neither,gained,neither,gained,False,False,False
k4,native,cooperative,closure,102,eval:102,eval:102:0:0,not_converged,not_converged,False,False,False,False,False,False,False,False,False,False,False,False,0.1771799947290038,10.985747041848144,,False,False,False,False,not_both_verified,False,False,False,not_both_verified,neither,neither,neither,neither,False,False,False
k4,native,cooperative,closure,103,eval:103,eval:103:0:0,verified,not_converged,False,True,False,False,False,False,False,True,True,False,False,True,,,,False,False,False,False,unknown_hull,False,False,False,unknown_hull,neither,neither,neither,neither,False,False,False
k4,native,cooperative,closure,104,eval:104,eval:104:0:0,invalid_terminal,not_converged,False,False,False,False,False,False,False,False,False,False,False,False,2.707472776750217,9.246837591508518,,False,False,False,False,not_both_verified,False,False,False,not_both_verified,neither,neither,neither,neither,False,False,False
k4,native,cooperative,closure,105,eval:105,eval:105:0:0,verified,verified,True,False,False,False,False,False,False,False,False,False,False,False,0.10776002599975598,0.07958991720458997,-0.028170108795166016,False,False,False,False,no_threshold_or_NU_change,True,True,False,verified_threshold_only,neither,gained,neither,gained,False,False,False
k4,native,cooperative,closure,106,eval:106,eval:106:0:0,invalid_terminal,invalid_terminal,False,False,False,False,False,False,False,False,False,False,False,False,1.0379988154867892,5.611888071010471,,False,False,False,False,not_both_verified,False,False,False,not_both_verified,neither,neither,neither,neither,False,False,False
k4,native,cooperative,closure,107,eval:107,eval:107:0:0,verified,verified,True,False,False,False,False,False,False,False,False,False,False,False,0.04328969113708414,0.07510974995971598,0.031820058822631836,False,False,False,False,no_threshold_or_NU_change,False,False,False,no_threshold_or_NU_change,neither,both,neither,both,False,False,False
k4,native,cooperative,closure,108,eval:108,eval:108:0:0,verified,verified,True,False,False,False,False,False,False,False,False,False,False,False,0.09201888192382768,0.09655908692565873,0.004540205001831055,False,False,False,False,no_threshold_or_NU_change,False,False,False,no_threshold_or_NU_change,neither,both,neither,both,False,False,False
k4,native,cooperative,closure,109,eval:109,eval:109:0:0,verified,not_converged,False,True,False,False,False,False,False,False,False,False,False,False,0.12750219915832517,10.42201947782959,,False,False,False,False,verification_changed,False,False,False,verification_changed,neither,neither,neither,neither,False,False,False
k4,native,cooperative,closure,110,eval:110,eval:110:0:0,invalid_terminal,invalid_terminal,False,False,False,False,False,False,False,False,False,False,False,False,0.5062651961954758,1.3597569793375657,,False,False,False,False,not_both_verified,False,False,False,not_both_verified,neither,neither,neither,neither,False,False,False
k4,native,cooperative,closure,111,eval:111,eval:111:0:0,invalid_terminal,invalid_terminal,False,False,False,False,False,False,False,False,False,False,False,False,1.9202672851308895,1.8215195548757626,,False,False,False,False,not_both_verified,False,False,False,not_both_verified,neither,neither,neither,neither,False,False,False
k4,native,cooperative,closure,112,eval:112,eval:112:0:0,verified,verified,True,False,False,False,False,False,False,False,False,False,False,False,0.22645177567260744,0.3912066432263184,0.16475486755371094,False,False,False,False,no_threshold_or_NU_change,False,False,False,no_threshold_or_NU_change,neither,neither,neither,neither,False,False,False
k4,native,cooperative,closure,113,eval:113,eval:113:0:0,verified,not_converged,False,True,False,False,False,False,False,False,False,False,False,False,0.4125898630783693,0.5017646105454103,,False,False,False,False,verification_changed,False,False,False,verification_changed,neither,neither,neither,neither,False,False,False
k4,native,cooperative,closure,114,eval:114,eval:114:0:0,invalid_terminal,invalid_terminal,False,False,False,False,False,False,False,False,False,False,False,False,0.4780094870255871,1.4800040968583508,,False,False,False,False,not_both_verified,False,False,False,not_both_verified,neither,neither,neither,neither,False,False,False
k4,native,cooperative,closure,115,eval:115,eval:115:0:0,not_converged,not_converged,False,False,False,False,False,False,False,False,False,False,False,False,9.279590976266276,9.994016063241373,,False,False,False,False,not_both_verified,False,False,False,not_both_verified,neither,neither,neither,neither,False,False,False
k4,native,cooperative,closure,116,eval:116,eval:116:0:0,verified,verified,True,False,False,False,False,False,False,False,False,False,False,False,0.09538912954203882,0.09538960637919702,4.76837158203125e-07,False,False,False,False,no_threshold_or_NU_change,False,False,False,no_threshold_or_NU_change,neither,both,neither,both,False,False,False
k4,native,cooperative,closure,117,eval:117,eval:117:0:0,invalid_terminal,invalid_terminal,False,False,False,False,False,False,False,False,False,False,False,False,0.8658503659790036,6.173806584698486,,False,False,False,False,not_both_verified,False,False,False,not_both_verified,neither,neither,neither,neither,False,False,False
k4,native,cooperative,closure,118,eval:118,eval:118:0:0,not_converged,invalid_terminal,False,False,False,False,False,False,False,False,False,False,False,False,1.2527668951086426,6.812997150235596,,False,False,False,False,not_both_verified,False,False,False,not_both_verified,neither,neither,neither,neither,False,False,False
k4,native,cooperative,closure,119,eval:119,eval:119:0:0,invalid_terminal,invalid_terminal,False,False,False,False,False,False,False,False,False,False,False,False,1.0236401902812853,0.3430891381877794,,False,False,False,False,not_both_verified,False,False,False,not_both_verified,neither,neither,neither,neither,False,False,False
k4,native,cooperative,closure,120,eval:120,eval:120:0:0,not_converged,invalid_terminal,False,False,False,False,False,False,False,True,True,False,False,True,,,,False,False,False,False,unknown_hull,False,False,False,unknown_hull,neither,neither,neither,neither,False,False,False
k4,native,cooperative,closure,121,eval:121,eval:121:0:0,not_converged,not_converged,False,False,False,False,False,False,False,False,False,False,False,False,9.761023652923342,0.3738409403684102,,False,False,False,False,not_both_verified,False,False,False,not_both_verified,neither,neither,neither,neither,False,False,False
k4,native,cooperative,closure,122,eval:122,eval:122:0:0,verified,verified,True,False,False,False,False,False,False,False,False,False,False,False,0.09030868696166916,0.09494783567382736,0.004639148712158203,False,False,False,False,no_threshold_or_NU_change,False,False,False,no_threshold_or_NU_change,neither,both,neither,both,False,False,False
k4,native,cooperative,closure,123,eval:123,eval:123:0:0,invalid_terminal,invalid_terminal,False,False,False,False,False,False,False,False,False,False,False,False,5.9756924499095865,8.05852430949821,,False,False,False,False,not_both_verified,False,False,False,not_both_verified,neither,neither,neither,neither,False,False,False
k4,native,cooperative,closure,124,eval:124,eval:124:0:0,generation_failure,generation_failure,False,False,False,False,False,True,False,False,True,True,False,True,,,,,False,False,False,generation_or_parse_unavailable,False,False,False,generation_or_parse_unavailable,neither,neither,neither,neither,False,False,False
k4,native,cooperative,closure,125,eval:125,eval:125:0:0,not_converged,invalid_terminal,False,False,False,False,False,False,False,False,False,False,False,False,5.035703479272705,2.5218237032717283,,False,False,False,False,not_both_verified,False,False,False,not_both_verified,neither,neither,neither,neither,False,False,False
k4,native,cooperative,closure,126,eval:126,eval:126:0:0,invalid_terminal,invalid_terminal,False,False,False,False,False,False,False,False,False,False,False,False,1.3595524001196289,2.1653237509802246,,False,False,False,False,not_both_verified,False,False,False,not_both_verified,neither,neither,neither,neither,False,False,False
k4,native,cooperative,closure,127,eval:127,eval:127:0:0,invalid_terminal,invalid_terminal,False,False,False,False,False,False,False,False,False,False,False,False,1.7986876897445239,8.326712840043596,,False,False,False,False,not_both_verified,False,False,False,not_both_verified,neither,neither,neither,neither,False,False,False
k4,native,cooperative,closure,128,eval:128,eval:128:0:0,invalid_terminal,verified,False,True,False,False,False,False,False,False,False,False,False,False,2.925995106307983,0.1690359064025877,,False,False,False,False,verification_changed,False,False,False,verification_changed,neither,neither,neither,neither,False,False,False
k4,native,cooperative,closure,129,eval:129,eval:129:0:0,verified,invalid_terminal,False,True,False,False,False,False,False,False,False,False,False,False,0.16989483774365155,0.3543635839289543,,False,False,False,False,verification_changed,False,False,False,verification_changed,neither,neither,neither,neither,False,False,False
k4,native,cooperative,closure,130,eval:130,eval:130:0:0,invalid_terminal,invalid_terminal,False,False,False,False,False,False,False,False,False,False,False,False,2.695797766650757,1.4893570794711914,,False,False,False,False,not_both_verified,False,False,False,not_both_verified,neither,neither,neither,neither,False,False,False
k4,native,cooperative,closure,131,eval:131,eval:131:0:0,invalid_terminal,invalid_terminal,False,False,False,False,False,False,False,False,False,False,False,False,3.531260997702068,3.5404293841614187,,False,False,False,False,not_both_verified,False,False,False,not_both_verified,neither,neither,neither,neither,False,False,False
k4,native,cooperative,closure,132,eval:132,eval:132:0:0,invalid_terminal,invalid_terminal,False,False,False,False,False,False,False,False,False,False,False,False,2.6789523557869517,1.4141837553230845,,False,False,False,False,not_both_verified,False,False,False,not_both_verified,neither,neither,neither,neither,False,False,False
k4,native,cooperative,closure,133,eval:133,eval:133:0:0,invalid_terminal,invalid_terminal,False,False,False,False,False,False,False,False,False,False,False,False,2.055228667058241,1.0152053401844618,,False,False,False,False,not_both_verified,False,False,False,not_both_verified,neither,neither,neither,neither,False,False,False
k4,native,cooperative,closure,134,eval:134,eval:134:0:0,verified,verified,True,False,True,True,False,False,False,False,False,False,False,False,0.0033499398583982654,0.039939085518798656,0.03658914566040039,False,False,False,False,NU_only,False,False,False,NU_only,neither,gained,neither,gained,False,False,False
k4,native,cooperative,closure,135,eval:135,eval:135:0:0,invalid_terminal,not_converged,False,False,False,False,False,False,False,False,False,False,False,False,4.235265122219965,6.098330603405878,,False,False,False,False,not_both_verified,False,False,False,not_both_verified,neither,neither,neither,neither,False,False,False
k4,native,cooperative,closure,136,eval:136,eval:136:0:0,not_converged,invalid_terminal,False,False,False,False,False,False,False,False,False,False,False,False,0.04734339373684371,5.267685553008084,,False,False,False,False,not_both_verified,True,False,True,not_both_verified,neither,lost,neither,neither,False,False,False
k4,native,cooperative,closure,137,eval:137,eval:137:0:0,not_converged,not_converged,False,False,False,False,False,False,False,False,False,False,False,False,0.3002404284810396,0.8940624308919283,,False,False,False,False,not_both_verified,False,False,False,not_both_verified,neither,neither,neither,neither,False,False,False
k4,native,cooperative,closure,138,eval:138,eval:138:0:0,verified,verified,True,False,False,False,False,False,False,False,False,False,False,False,0.6075663300431309,0.19916388711100197,-0.4084024429321289,False,False,False,False,no_threshold_or_NU_change,False,False,False,no_threshold_or_NU_change,neither,neither,neither,neither,False,False,False
k4,native,cooperative,closure,139,eval:139,eval:139:0:0,not_converged,not_converged,False,False,False,False,False,False,False,False,False,False,False,False,0.05512080199933411,0.05512223251080872,,False,False,False,False,not_both_verified,False,False,False,not_both_verified,neither,both,neither,neither,False,False,False
k4,native,cooperative,closure,140,eval:140,eval:140:0:0,invalid_terminal,invalid_terminal,False,False,False,False,False,False,False,False,False,False,False,False,1.932008459779527,1.246172859880235,,False,False,False,False,not_both_verified,False,False,False,not_both_verified,neither,neither,neither,neither,False,False,False
k4,native,cooperative,closure,141,eval:141,eval:141:0:0,verified,not_converged,False,True,False,False,False,False,False,False,False,False,False,False,0.07467135936279323,0.042669387164306904,,False,False,False,False,verification_changed,False,False,False,verification_changed,neither,both,neither,lost,False,False,False
k4,native,cooperative,closure,142,eval:142,eval:142:0:0,invalid_terminal,invalid_terminal,False,False,False,False,False,False,False,False,False,False,False,False,1.3679496009025058,0.5819522101554355,,False,False,False,False,not_both_verified,False,False,False,not_both_verified,neither,neither,neither,neither,False,False,False
k4,native,cooperative,closure,143,eval:143,eval:143:0:0,verified,verified,True,False,False,False,False,False,False,False,False,False,False,False,0.12220317875203479,0.1312523559218346,0.009049177169799805,False,False,False,False,no_threshold_or_NU_change,False,False,False,no_threshold_or_NU_change,neither,neither,neither,neither,False,False,False
k4,native,cooperative,closure,144,eval:144,eval:144:0:0,verified,verified,True,False,False,False,False,False,False,False,False,False,False,False,0.11508455894653302,0.11508455894653302,0.0,False,False,False,False,no_threshold_or_NU_change,False,False,False,no_threshold_or_NU_change,neither,neither,neither,neither,False,False,False
k4,native,cooperative,closure,145,eval:145,eval:145:0:0,invalid_terminal,invalid_terminal,False,False,False,False,False,False,False,False,False,False,False,False,0.3737102229034015,2.953064032260091,,False,False,False,False,not_both_verified,False,False,False,not_both_verified,neither,neither,neither,neither,False,False,False
k4,native,cooperative,closure,146,eval:146,eval:146:0:0,invalid_terminal,not_converged,False,False,False,False,False,False,False,False,False,False,False,False,0.12579922400256338,0.05017475806018057,,False,False,False,False,not_both_verified,True,False,True,not_both_verified,neither,gained,neither,neither,False,False,False
k4,native,cooperative,closure,147,eval:147,eval:147:0:0,not_converged,not_converged,False,False,False,False,False,False,False,False,False,False,False,False,0.14432133207316156,0.08487070569987054,,False,False,False,False,not_both_verified,True,False,True,not_both_verified,neither,gained,neither,neither,False,False,False
k4,native,cooperative,closure,148,eval:148,eval:148:0:0,verified,not_converged,False,True,False,False,False,False,False,False,False,False,False,False,0.0033762953135170193,0.003913690790811941,,False,False,False,False,verification_changed,False,False,False,verification_changed,neither,both,neither,lost,False,False,False
k4,native,cooperative,closure,149,eval:149,eval:149:0:0,invalid_terminal,invalid_terminal,False,False,False,False,False,False,False,False,False,False,False,False,0.41320800192003126,1.666383737393664,,False,False,False,False,not_both_verified,False,False,False,not_both_verified,neither,neither,neither,neither,False,False,False
k4,native,cooperative,closure,150,eval:150,eval:150:0:0,verified,verified,False,False,False,False,False,False,False,True,True,False,False,True,,,,False,False,False,False,unknown_hull,False,False,False,unknown_hull,neither,neither,neither,neither,False,False,False
k4,native,cooperative,closure,151,eval:151,eval:151:0:0,not_converged,not_converged,False,False,False,False,False,False,False,False,False,False,False,False,0.14745796105810438,0.15937030694433485,,False,False,False,False,not_both_verified,False,False,False,not_both_verified,neither,neither,neither,neither,False,False,False
k4,native,cooperative,closure,152,eval:152,eval:152:0:0,not_converged,not_converged,False,False,False,False,False,False,False,False,False,False,False,False,0.02577815961751284,0.025205001353352685,,False,False,False,False,not_both_verified,False,False,False,not_both_verified,neither,both,neither,neither,False,False,False
k4,native,cooperative,closure,153,eval:153,eval:153:0:0,not_converged,not_converged,False,False,True,True,False,False,False,False,False,False,False,False,-0.00894936453287798,-0.02169236074869829,,False,False,False,False,not_both_verified,False,False,False,not_both_verified,gained,gained,neither,neither,False,False,False
k4,native,cooperative,closure,154,eval:154,eval:154:0:0,verified,invalid_terminal,False,True,False,False,False,False,False,False,False,False,False,False,0.05291547422241205,0.5856241190893554,,False,False,False,False,verification_changed,True,False,True,verification_changed,neither,lost,neither,lost,False,False,False
k4,native,cooperative,closure,155,eval:155,eval:155:0:0,not_converged,verified,False,True,False,False,False,False,False,False,False,False,False,False,-0.0044606660164374645,0.10343518511881644,,False,True,False,True,verification_changed,True,False,True,verification_changed,lost,lost,neither,neither,False,False,False
k4,native,cooperative,closure,156,eval:156,eval:156:0:0,verified,invalid_terminal,False,True,False,False,False,False,False,False,False,False,False,False,0.46052500347412106,-0.7450042094775391,,False,True,False,True,verification_changed,True,False,True,verification_changed,gained,gained,neither,neither,False,False,False
k4,native,cooperative,closure,157,eval:157,eval:157:0:0,not_converged,not_converged,False,False,False,False,False,False,False,False,False,False,False,False,0.2575735315744545,0.2809504732553627,,False,False,False,False,not_both_verified,False,False,False,not_both_verified,neither,neither,neither,neither,False,False,False
k4,native,cooperative,closure,158,eval:158,eval:158:0:0,verified,verified,True,False,False,False,False,False,False,False,False,False,False,False,-0.11641342527343745,-0.14808971769287105,-0.031676292419433594,False,False,False,False,no_threshold_or_NU_change,False,False,False,no_threshold_or_NU_change,both,both,both,both,False,False,False
k4,native,cooperative,closure,159,eval:159,eval:159:0:0,verified,not_converged,False,True,False,False,False,False,False,False,False,False,False,False,-0.014597636474633191,-0.013599139465355847,,False,False,False,False,verification_changed,False,False,False,verification_changed,both,both,lost,lost,False,False,False
k4,native,cooperative,closure,160,eval:160,eval:160:0:0,verified,not_converged,False,True,False,False,False,False,False,False,False,False,False,False,0.43062631228759773,0.03493777850463875,,False,False,False,False,verification_changed,True,False,True,verification_changed,neither,gained,neither,neither,False,False,False
k4,native,cooperative,closure,161,eval:161,eval:161:0:0,not_converged,not_converged,False,False,False,False,False,False,False,True,True,False,False,True,,,,False,False,False,False,unknown_hull,False,False,False,unknown_hull,neither,neither,neither,neither,False,False,False
k4,native,cooperative,closure,162,eval:162,eval:162:0:0,not_converged,invalid_terminal,False,False,False,False,False,False,False,False,False,False,False,False,8.465046351899256,0.5188364443675173,,False,False,False,False,not_both_verified,False,False,False,not_both_verified,neither,neither,neither,neither,False,False,False
k4,native,cooperative,closure,163,eval:163,eval:163:0:0,verified,verified,False,False,False,False,False,False,False,True,True,False,False,True,,,,False,False,False,False,unknown_hull,False,False,False,unknown_hull,neither,neither,neither,neither,False,False,False
k4,native,cooperative,closure,164,eval:164,eval:164:0:0,invalid_terminal,verified,False,True,False,False,False,False,False,False,False,False,False,False,0.2988989575104979,0.054446719427612145,,False,False,False,False,verification_changed,True,False,True,verification_changed,neither,gained,neither,gained,False,False,False
k4,native,cooperative,closure,165,eval:165,eval:165:0:0,verified,not_converged,False,True,False,False,False,False,False,False,False,False,False,False,0.44781572855192264,0.8373010877438172,,False,False,False,False,verification_changed,False,False,False,verification_changed,neither,neither,neither,neither,False,False,False
k4,native,cooperative,closure,166,eval:166,eval:166:0:0,not_converged,not_converged,False,False,False,False,False,False,False,False,False,False,False,False,11.282126297152619,11.905497421420197,,False,False,False,False,not_both_verified,False,False,False,not_both_verified,neither,neither,neither,neither,False,False,False
k4,native,cooperative,closure,167,eval:167,eval:167:0:0,not_converged,not_converged,False,False,False,False,False,False,False,False,False,False,False,False,0.010407369055786209,0.017966072478332595,,False,False,False,False,not_both_verified,False,False,False,not_both_verified,neither,both,neither,neither,False,False,False
k4,native,cooperative,closure,168,eval:168,eval:168:0:0,verified,verified,True,False,False,False,False,False,False,False,False,False,False,False,0.032507712174072445,0.03318005256713885,0.0006723403930664062,False,False,False,False,no_threshold_or_NU_change,False,False,False,no_threshold_or_NU_change,neither,both,neither,both,False,False,False
k4,native,cooperative,closure,169,eval:169,eval:169:0:0,invalid_terminal,invalid_terminal,False,False,False,False,False,False,False,False,False,False,False,False,2.7452808182551394,2.9728599350764284,,False,False,False,False,not_both_verified,False,False,False,not_both_verified,neither,neither,neither,neither,False,False,False
k4,native,cooperative,closure,170,eval:170,eval:170:0:0,verified,not_converged,False,True,False,False,False,False,False,False,False,False,False,False,0.021109475659180532,0.18793477015380944,,False,False,False,False,verification_changed,True,False,True,verification_changed,neither,lost,neither,lost,False,False,False
k4,native,cooperative,closure,171,eval:171,eval:171:0:0,verified,invalid_terminal,False,True,False,False,False,False,False,False,False,False,False,False,0.15405288844339893,0.646444713165689,,False,False,False,False,verification_changed,False,False,False,verification_changed,neither,neither,neither,neither,False,False,False
k4,native,cooperative,closure,172,eval:172,eval:172:0:0,not_converged,invalid_terminal,False,False,False,False,False,False,False,False,False,False,False,False,0.07649022157080054,3.1578567605722654,,False,False,False,False,not_both_verified,True,False,True,not_both_verified,neither,lost,neither,neither,False,False,False
k4,native,cooperative,closure,173,eval:173,eval:173:0:0,not_converged,not_converged,False,False,True,False,True,False,False,False,False,False,False,False,0.12553397286946577,-0.02368029486124712,,False,True,False,True,not_both_verified,True,False,True,not_both_verified,neither,neither,neither,neither,False,False,False
k4,native,cooperative,closure,174,eval:174,eval:174:0:0,not_converged,verified,False,True,False,False,False,False,False,False,False,False,False,False,4.43679251051245,0.043895381453611826,,False,False,False,False,verification_changed,True,False,True,verification_changed,neither,gained,neither,gained,False,False,False
k4,native,cooperative,closure,175,eval:175,eval:175:0:0,verified,verified,True,False,False,False,False,False,False,False,False,False,False,False,0.10811577247070314,0.053698639139404314,-0.05441713333129883,False,False,False,False,no_threshold_or_NU_change,True,True,False,verified_threshold_only,neither,gained,neither,gained,False,False,False
k4,native,cooperative,closure,176,eval:176,eval:176:0:0,invalid_terminal,invalid_terminal,False,False,False,False,False,False,False,False,False,False,False,False,0.20575222789428693,0.3117369156994627,,False,False,False,False,not_both_verified,False,False,False,not_both_verified,neither,neither,neither,neither,False,False,False
k4,native,cooperative,closure,177,eval:177,eval:177:0:0,invalid_terminal,invalid_terminal,False,False,False,False,False,False,False,False,False,False,False,False,4.420216742611653,0.6328284178741042,,False,False,False,False,not_both_verified,False,False,False,not_both_verified,neither,neither,neither,neither,False,False,False
k4,native,cooperative,closure,178,eval:178,eval:178:0:0,invalid_terminal,invalid_terminal,False,False,False,False,False,False,False,False,False,False,False,False,8.221899929718425,3.991324845032146,,False,False,False,False,not_both_verified,False,False,False,not_both_verified,neither,neither,neither,neither,False,False,False
k4,native,cooperative,closure,179,eval:179,eval:179:0:0,invalid_terminal,invalid_terminal,False,False,False,False,False,False,False,False,False,False,False,False,9.18309253621582,3.710233868842163,,False,False,False,False,not_both_verified,False,False,False,not_both_verified,neither,neither,neither,neither,False,False,False
k4,native,cooperative,closure,180,eval:180,eval:180:0:0,verified,verified,True,False,False,False,False,False,False,False,False,False,False,False,0.15775888115990622,0.13017957360375387,-0.027579307556152344,False,False,False,False,no_threshold_or_NU_change,False,False,False,no_threshold_or_NU_change,neither,neither,neither,neither,False,False,False
k4,native,cooperative,closure,181,eval:181,eval:181:0:0,not_converged,invalid_terminal,False,False,False,False,False,False,False,False,False,False,False,False,8.519952820460205,4.100216911951904,,False,False,False,False,not_both_verified,False,False,False,not_both_verified,neither,neither,neither,neither,False,False,False
k4,native,cooperative,closure,182,eval:182,eval:182:0:0,not_converged,invalid_terminal,False,False,False,False,False,False,False,False,False,False,False,False,6.210095977226322,4.883648967186039,,False,False,False,False,not_both_verified,False,False,False,not_both_verified,neither,neither,neither,neither,False,False,False
k4,native,cooperative,closure,183,eval:183,eval:183:0:0,verified,invalid_terminal,False,True,False,False,False,False,False,False,False,False,False,False,0.10248551665649419,0.06926045714721685,,False,False,False,False,verification_changed,True,False,True,verification_changed,neither,gained,neither,neither,False,False,False
k4,native,cooperative,closure,184,eval:184,eval:184:0:0,invalid_terminal,verified,False,True,False,False,False,False,False,False,False,False,False,False,0.791933200435178,0.13002481229736063,,False,False,False,False,verification_changed,False,False,False,verification_changed,neither,neither,neither,neither,False,False,False
k4,native,cooperative,closure,185,eval:185,eval:185:0:0,not_converged,verified,False,True,False,False,False,False,False,False,False,False,False,False,0.03235949846313613,0.041119473896485736,,False,False,False,False,verification_changed,False,False,False,verification_changed,neither,both,neither,gained,False,False,False
k4,native,cooperative,closure,186,eval:186,eval:186:0:0,not_converged,not_converged,False,False,False,False,False,False,False,False,False,False,False,False,0.1327627683601884,7.4758304143868,,False,False,False,False,not_both_verified,False,False,False,not_both_verified,neither,neither,neither,neither,False,False,False
k4,native,cooperative,closure,187,eval:187,eval:187:0:0,verified,not_converged,False,True,False,False,False,False,False,False,False,False,False,False,1.0182391811108382,0.07328430897949056,,False,False,False,False,verification_changed,True,False,True,verification_changed,neither,gained,neither,neither,False,False,False
k4,native,cooperative,closure,188,eval:188,eval:188:0:0,verified,invalid_terminal,False,True,False,False,False,False,False,False,False,False,False,False,0.15686001115083315,1.23212780289888,,False,False,False,False,verification_changed,False,False,False,verification_changed,neither,neither,neither,neither,False,False,False
k4,native,cooperative,closure,189,eval:189,eval:189:0:0,not_converged,not_converged,False,False,False,False,False,False,False,False,False,False,False,False,0.4683783143787634,0.42427433431437134,,False,False,False,False,not_both_verified,False,False,False,not_both_verified,neither,neither,neither,neither,False,False,False
k4,native,cooperative,closure,190,eval:190,eval:190:0:0,invalid_terminal,verified,False,True,False,False,False,False,False,False,False,False,False,False,4.269175594254396,0.010047262116333666,,False,False,False,False,verification_changed,True,False,True,verification_changed,neither,gained,neither,gained,False,False,False
k4,native,cooperative,closure,191,eval:191,eval:191:0:0,invalid_terminal,invalid_terminal,False,False,False,False,False,False,False,False,False,False,False,False,1.3951225615893534,5.431591544285887,,False,False,False,False,not_both_verified,False,False,False,not_both_verified,neither,neither,neither,neither,False,False,False
k4,native,cooperative,closure,192,eval:192,eval:192:0:0,verified,verified,True,False,False,False,False,False,False,False,False,False,False,False,0.127734929812664,0.07482031036686321,-0.05291461944580078,False,False,False,False,no_threshold_or_NU_change,True,True,False,verified_threshold_only,neither,gained,neither,gained,False,False,False
k4,native,cooperative,closure,193,eval:193,eval:193:0:0,verified,not_converged,False,True,False,False,False,False,False,False,False,False,False,False,0.025562662561034344,0.0222906059814445,,False,False,False,False,verification_changed,False,False,False,verification_changed,neither,both,neither,lost,False,False,False
k4,native,cooperative,closure,194,eval:194,eval:194:0:0,not_converged,verified,False,True,False,False,False,False,False,False,False,False,False,False,8.355527524024659,0.3906089105908208,,False,False,False,False,verification_changed,False,False,False,verification_changed,neither,neither,neither,neither,False,False,False
k4,native,cooperative,closure,195,eval:195,eval:195:0:0,not_converged,verified,False,True,False,False,False,False,False,False,False,False,False,False,7.4772300593384955,0.0702643267640326,,False,False,False,False,verification_changed,True,False,True,verification_changed,neither,gained,neither,gained,False,False,False
k4,native,cooperative,closure,196,eval:196,eval:196:0:0,invalid_terminal,invalid_terminal,False,False,False,False,False,False,False,False,False,False,False,False,2.409416497704264,4.9561546454398595,,False,False,False,False,not_both_verified,False,False,False,not_both_verified,neither,neither,neither,neither,False,False,False
k4,native,cooperative,closure,197,eval:197,eval:197:0:0,invalid_terminal,not_converged,False,False,False,False,False,False,False,False,False,False,False,False,1.1230511286828637,7.393723450002444,,False,False,False,False,not_both_verified,False,False,False,not_both_verified,neither,neither,neither,neither,False,False,False
k4,native,cooperative,closure,198,eval:198,eval:198:0:0,not_converged,verified,False,True,False,False,False,False,False,False,False,False,False,False,0.06796473475113807,0.08930272074356971,,False,False,False,False,verification_changed,False,False,False,verification_changed,neither,both,neither,gained,False,False,False
k4,native,cooperative,closure,199,eval:199,eval:199:0:0,not_converged,invalid_terminal,False,False,False,False,False,False,False,False,False,False,False,False,1.7370431392846681,2.2795298069177248,,False,False,False,False,not_both_verified,False,False,False,not_both_verified,neither,neither,neither,neither,False,False,False
k4,native,cooperative,closure,200,eval:200,eval:200:0:0,invalid_terminal,verified,False,True,False,False,False,False,False,False,False,False,False,False,1.7004478313756453,0.13497117541556225,,False,False,False,False,verification_changed,False,False,False,verification_changed,neither,neither,neither,neither,False,False,False
k4,native,cooperative,closure,201,eval:201,eval:201:0:0,verified,not_converged,False,True,False,False,False,False,False,False,False,False,False,False,0.7215439369287111,0.7605978538598634,,False,False,False,False,verification_changed,False,False,False,verification_changed,neither,neither,neither,neither,False,False,False
k4,native,cooperative,closure,202,eval:202,eval:202:0:0,not_converged,not_converged,False,False,False,False,False,False,False,False,False,False,False,False,0.057092605848910516,9.756181179304722,,False,False,False,False,not_both_verified,True,False,True,not_both_verified,neither,lost,neither,neither,False,False,False
k4,native,cooperative,closure,203,eval:203,eval:203:0:0,invalid_terminal,invalid_terminal,False,False,False,False,False,False,False,False,False,False,False,False,1.212881357877909,1.0433196141416419,,False,False,False,False,not_both_verified,False,False,False,not_both_verified,neither,neither,neither,neither,False,False,False
k4,native,cooperative,closure,204,eval:204,eval:204:0:0,not_converged,not_converged,False,False,False,False,False,False,False,False,False,False,False,False,0.5158001524804696,0.5506087881921395,,False,False,False,False,not_both_verified,False,False,False,not_both_verified,neither,neither,neither,neither,False,False,False
k4,native,cooperative,closure,205,eval:205,eval:205:0:0,invalid_terminal,invalid_terminal,False,False,False,False,False,False,False,False,False,False,False,False,2.1887987956645514,2.7757476672771,,False,False,False,False,not_both_verified,False,False,False,not_both_verified,neither,neither,neither,neither,False,False,False
k4,native,cooperative,closure,206,eval:206,eval:206:0:0,not_converged,not_converged,False,False,False,False,False,False,False,False,False,False,False,False,0.11503267029337927,0.1520538304191117,,False,False,False,False,not_both_verified,False,False,False,not_both_verified,neither,neither,neither,neither,False,False,False
k4,native,cooperative,closure,207,eval:207,eval:207:0:0,invalid_terminal,not_converged,False,False,False,False,False,False,False,False,False,False,False,False,10.362343261853466,8.69306511701704,,False,False,False,False,not_both_verified,False,False,False,not_both_verified,neither,neither,neither,neither,False,False,False
k4,native,cooperative,closure,208,eval:208,eval:208:0:0,invalid_terminal,invalid_terminal,False,False,False,False,False,False,False,False,False,False,False,False,1.242555536350796,3.235475219807217,,False,False,False,False,not_both_verified,False,False,False,not_both_verified,neither,neither,neither,neither,False,False,False
k4,native,cooperative,closure,209,eval:209,eval:209:0:0,invalid_terminal,invalid_terminal,False,False,False,False,False,False,False,False,False,False,False,False,4.518557352903075,9.139866633298583,,False,False,False,False,not_both_verified,False,False,False,not_both_verified,neither,neither,neither,neither,False,False,False
k4,native,cooperative,closure,210,eval:210,eval:210:0:0,invalid_terminal,not_converged,False,False,False,False,False,False,False,False,False,False,False,False,1.6912794808737797,0.062340329109863646,,False,False,False,False,not_both_verified,True,False,True,not_both_verified,neither,gained,neither,neither,False,False,False
k4,native,cooperative,closure,211,eval:211,eval:211:0:0,invalid_terminal,invalid_terminal,False,False,False,False,False,False,False,False,False,False,False,False,0.2931330066361495,1.1288826327958175,,False,False,False,False,not_both_verified,False,False,False,not_both_verified,neither,neither,neither,neither,False,False,False
k4,native,cooperative,closure,212,eval:212,eval:212:0:0,invalid_terminal,invalid_terminal,False,False,False,False,False,False,False,False,False,False,False,False,0.13571246311197882,1.1885393445206702,,False,False,False,False,not_both_verified,False,False,False,not_both_verified,neither,neither,neither,neither,False,False,False
k4,native,cooperative,closure,213,eval:213,eval:213:0:0,not_converged,verified,False,True,False,False,False,False,False,False,False,False,False,False,6.958260590771484,0.05526595805053702,,False,False,False,False,verification_changed,True,False,True,verification_changed,neither,gained,neither,gained,False,False,False
k4,native,cooperative,closure,214,eval:214,eval:214:0:0,verified,verified,True,False,False,False,False,False,False,False,False,False,False,False,0.00024180849609400923,0.01994424303588893,0.019702434539794922,False,False,False,False,no_threshold_or_NU_change,False,False,False,no_threshold_or_NU_change,neither,both,neither,both,False,False,False
k4,native,cooperative,closure,215,eval:215,eval:215:0:0,not_converged,not_converged,False,False,False,False,False,False,False,False,False,False,False,False,0.031595323446044876,0.03159627712036128,,False,False,False,False,not_both_verified,False,False,False,not_both_verified,neither,both,neither,neither,False,False,False
k4,native,cooperative,closure,216,eval:216,eval:216:0:0,invalid_terminal,invalid_terminal,False,False,False,False,False,False,False,False,False,False,False,False,2.4327844349615475,5.826778527902832,,False,False,False,False,not_both_verified,False,False,False,not_both_verified,neither,neither,neither,neither,False,False,False
k4,native,cooperative,closure,217,eval:217,eval:217:0:0,verified,not_converged,False,True,False,False,False,False,False,False,False,False,False,False,0.10761375692187425,0.2002121951848137,,False,False,False,False,verification_changed,False,False,False,verification_changed,neither,neither,neither,neither,False,False,False
k4,native,cooperative,closure,218,eval:218,eval:218:0:0,verified,verified,True,False,False,False,False,False,False,False,False,False,False,False,0.23600282326782196,0.1564644779309079,-0.07953834533691406,False,False,False,False,no_threshold_or_NU_change,False,False,False,no_threshold_or_NU_change,neither,neither,neither,neither,False,False,False
k4,native,cooperative,closure,219,eval:219,eval:219:0:0,invalid_terminal,invalid_terminal,False,False,False,False,False,False,False,False,False,False,False,False,3.1296796943121343,3.2459542895727544,,False,False,False,False,not_both_verified,False,False,False,not_both_verified,neither,neither,neither,neither,False,False,False
k4,native,cooperative,closure,220,eval:220,eval:220:0:0,verified,not_converged,False,True,False,False,False,False,False,False,False,False,False,False,0.2646271376208498,0.14883724733154313,,False,False,False,False,verification_changed,False,False,False,verification_changed,neither,neither,neither,neither,False,False,False
k4,native,cooperative,closure,221,eval:221,eval:221:0:0,not_converged,verified,False,True,False,False,False,False,False,False,False,False,False,False,0.1411776256442394,0.16622540472749137,,False,False,False,False,verification_changed,False,False,False,verification_changed,neither,neither,neither,neither,False,False,False
k4,native,cooperative,closure,222,eval:222,eval:222:0:0,invalid_terminal,invalid_terminal,False,False,False,False,False,False,False,False,False,False,False,False,4.6914495785949715,3.07086842854004,,False,False,False,False,not_both_verified,False,False,False,not_both_verified,neither,neither,neither,neither,False,False,False
k4,native,cooperative,closure,223,eval:223,eval:223:0:0,not_converged,not_converged,False,False,False,False,False,False,False,False,False,False,False,False,0.11628798503417936,0.6022127057983395,,False,False,False,False,not_both_verified,False,False,False,not_both_verified,neither,neither,neither,neither,False,False,False
k4,native,cooperative,closure,224,eval:224,eval:224:0:0,invalid_terminal,not_converged,False,False,False,False,False,False,False,False,False,False,False,False,0.4612988136505125,0.19997035486450176,,False,False,False,False,not_both_verified,False,False,False,not_both_verified,neither,neither,neither,neither,False,False,False
k4,native,cooperative,closure,225,eval:225,eval:225:0:0,not_converged,not_converged,False,False,False,False,False,False,False,False,False,False,False,False,0.0042976680057780214,0.1941603961246745,,False,False,False,False,not_both_verified,True,False,True,not_both_verified,neither,lost,neither,neither,False,False,False
k4,native,cooperative,closure,226,eval:226,eval:226:0:0,not_converged,not_converged,False,False,False,False,False,False,False,False,False,False,False,False,0.5100627136468727,0.19760276796816179,,False,False,False,False,not_both_verified,False,False,False,not_both_verified,neither,neither,neither,neither,False,False,False
k4,native,cooperative,closure,227,eval:227,eval:227:0:0,invalid_terminal,invalid_terminal,False,False,False,False,False,False,False,False,False,False,False,False,4.335229742689456,2.890354502363528,,False,False,False,False,not_both_verified,False,False,False,not_both_verified,neither,neither,neither,neither,False,False,False
k4,native,cooperative,closure,228,eval:228,eval:228:0:0,invalid_terminal,verified,False,True,False,False,False,False,False,False,False,False,False,False,4.70281272276001,0.07966094358520515,,False,False,False,False,verification_changed,True,False,True,verification_changed,neither,gained,neither,gained,False,False,False
k4,native,cooperative,closure,229,eval:229,eval:229:0:0,invalid_terminal,invalid_terminal,False,False,False,False,False,False,False,False,False,False,False,False,5.13904656887111,6.623673338890641,,False,False,False,False,not_both_verified,False,False,False,not_both_verified,neither,neither,neither,neither,False,False,False
k4,native,cooperative,closure,230,eval:230,eval:230:0:0,not_converged,verified,False,True,False,False,False,False,False,False,False,False,False,False,0.1416968558581546,0.12911169274169954,,False,False,False,False,verification_changed,False,False,False,verification_changed,neither,neither,neither,neither,False,False,False
k4,native,cooperative,closure,231,eval:231,eval:231:0:0,not_converged,not_converged,False,False,False,False,False,False,False,False,False,False,False,False,0.8382702436328113,0.25351005457641484,,False,False,False,False,not_both_verified,False,False,False,not_both_verified,neither,neither,neither,neither,False,False,False
k4,native,cooperative,closure,232,eval:232,eval:232:0:0,not_converged,invalid_terminal,False,False,False,False,False,False,False,False,False,False,False,False,8.478644221146647,3.6093636444407142,,False,False,False,False,not_both_verified,False,False,False,not_both_verified,neither,neither,neither,neither,False,False,False
k4,native,cooperative,closure,233,eval:233,eval:233:0:0,not_converged,verified,False,True,False,False,False,False,False,False,False,False,False,False,-0.028976766909177165,0.14224878088135018,,False,True,False,True,verification_changed,True,False,True,verification_changed,lost,lost,neither,neither,False,False,False
k4,native,cooperative,closure,234,eval:234,eval:234:0:0,not_converged,verified,False,True,False,False,False,False,False,False,False,False,False,False,6.47158887265503,0.018634103520508205,,False,False,False,False,verification_changed,True,False,True,verification_changed,neither,gained,neither,gained,False,False,False
k4,native,cooperative,closure,235,eval:235,eval:235:0:0,not_converged,not_converged,False,False,False,False,False,False,False,False,False,False,False,False,0.1408898838525392,0.20320010266357436,,False,False,False,False,not_both_verified,False,False,False,not_both_verified,neither,neither,neither,neither,False,False,False
k4,native,cooperative,closure,236,eval:236,eval:236:0:0,invalid_terminal,invalid_terminal,False,False,False,False,False,False,False,False,False,False,False,False,1.1927171329326036,1.372720299131334,,False,False,False,False,not_both_verified,False,False,False,not_both_verified,neither,neither,neither,neither,False,False,False
k4,native,cooperative,closure,237,eval:237,eval:237:0:0,not_converged,invalid_terminal,False,False,False,False,False,False,False,False,False,False,False,False,0.13929125071370052,1.6295990586360638,,False,False,False,False,not_both_verified,False,False,False,not_both_verified,neither,neither,neither,neither,False,False,False
k4,native,cooperative,closure,238,eval:238,eval:238:0:0,verified,invalid_terminal,False,True,False,False,False,False,False,False,False,False,False,False,0.13241119206190355,7.484808633925917,,False,False,False,False,verification_changed,False,False,False,verification_changed,neither,neither,neither,neither,False,False,False
k4,native,cooperative,closure,239,eval:239,eval:239:0:0,invalid_terminal,not_converged,False,False,False,False,False,False,False,False,False,False,False,False,0.5446581531241863,4.320998399324748,,False,False,False,False,not_both_verified,False,False,False,not_both_verified,neither,neither,neither,neither,False,False,False
k4,native,cooperative,closure,240,eval:240,eval:240:0:0,not_converged,not_converged,False,False,False,False,False,False,False,False,False,False,False,False,0.17022408356133845,0.1496943365520611,,False,False,False,False,not_both_verified,False,False,False,not_both_verified,neither,neither,neither,neither,False,False,False
k4,native,cooperative,closure,241,eval:241,eval:241:0:0,not_converged,verified,False,True,False,False,False,False,False,False,False,False,False,False,0.21173308060601315,0.1752116458220776,,False,False,False,False,verification_changed,False,False,False,verification_changed,neither,neither,neither,neither,False,False,False
k4,native,cooperative,closure,242,eval:242,eval:242:0:0,invalid_terminal,invalid_terminal,False,False,False,False,False,False,False,False,False,False,False,False,8.557648778906739,5.961811185828125,,False,False,False,False,not_both_verified,False,False,False,not_both_verified,neither,neither,neither,neither,False,False,False
k4,native,cooperative,closure,243,eval:243,eval:243:0:0,not_converged,not_converged,False,False,False,False,False,False,False,False,False,False,False,False,0.3633798818466687,0.42797796534276245,,False,False,False,False,not_both_verified,False,False,False,not_both_verified,neither,neither,neither,neither,False,False,False
k4,native,cooperative,closure,244,eval:244,eval:244:0:0,invalid_terminal,not_converged,False,False,False,False,False,False,False,False,False,False,False,False,5.5782107363270415,0.0928663263844145,,False,False,False,False,not_both_verified,True,False,True,not_both_verified,neither,gained,neither,neither,False,False,False
k4,native,cooperative,closure,245,eval:245,eval:245:0:0,invalid_terminal,verified,False,True,False,False,False,False,False,True,True,False,False,True,,,,False,False,False,False,unknown_hull,False,False,False,unknown_hull,neither,neither,neither,neither,False,False,False
k4,native,cooperative,closure,246,eval:246,eval:246:0:0,invalid_terminal,invalid_terminal,False,False,False,False,False,False,False,False,False,False,False,False,0.7915991341225954,2.9199658428780886,,False,False,False,False,not_both_verified,False,False,False,not_both_verified,neither,neither,neither,neither,False,False,False
k4,native,cooperative,closure,247,eval:247,eval:247:0:0,invalid_terminal,relaxation_energy_increased,False,False,False,False,False,False,False,False,False,False,False,False,0.3972956102400724,11.044464246562093,,False,False,False,False,not_both_verified,False,False,False,not_both_verified,neither,neither,neither,neither,False,False,False
k4,native,cooperative,closure,248,eval:248,eval:248:0:0,invalid_terminal,not_converged,False,False,False,False,False,False,False,False,False,False,False,False,1.297337735951797,0.2998554361471095,,False,False,False,False,not_both_verified,False,False,False,not_both_verified,neither,neither,neither,neither,False,False,False
k4,native,cooperative,closure,249,eval:249,eval:249:0:0,invalid_terminal,not_converged,False,False,False,False,False,False,False,False,False,False,False,False,1.161976083873288,0.7725207654223603,,False,False,False,False,not_both_verified,False,False,False,not_both_verified,neither,neither,neither,neither,False,False,False
k4,native,cooperative,closure,250,eval:250,eval:250:0:0,invalid_terminal,verified,False,True,False,False,False,False,False,False,False,False,False,False,2.5039093572387694,-0.04358147795104994,,False,True,False,True,verification_changed,True,False,True,verification_changed,gained,gained,gained,gained,False,False,False
k4,native,cooperative,closure,251,eval:251,eval:251:0:0,invalid_terminal,invalid_terminal,False,False,False,False,False,False,False,False,False,False,False,False,7.558283649671223,6.603945099103596,,False,False,False,False,not_both_verified,False,False,False,not_both_verified,neither,neither,neither,neither,False,False,False
k4,native,cooperative,closure,252,eval:252,eval:252:0:0,verified,not_converged,False,True,False,False,False,False,False,False,False,False,False,False,0.024386787951156563,0.023173952639266915,,False,False,False,False,verification_changed,False,False,False,verification_changed,neither,both,neither,lost,False,False,False
k4,native,cooperative,closure,253,eval:253,eval:253:0:0,not_converged,not_converged,False,False,True,True,False,False,False,True,True,False,False,True,,,,False,False,False,False,unknown_hull,False,False,False,unknown_hull,neither,neither,neither,neither,False,False,False
k4,native,cooperative,closure,254,eval:254,eval:254:0:0,verified,not_converged,False,True,False,False,False,False,False,False,False,False,False,False,0.06851201534573725,0.0427160787612646,,False,False,False,False,verification_changed,False,False,False,verification_changed,neither,both,neither,lost,False,False,False
k4,native,cooperative,closure,255,eval:255,eval:255:0:0,verified,not_converged,False,True,False,False,False,False,False,False,False,False,False,False,-0.02591679979638606,0.0009668023459479258,,False,True,False,True,verification_changed,False,False,False,verification_changed,lost,both,lost,lost,False,False,False
k4,tau800,construct,cooperative,0,eval:0,eval:0:0:0,not_converged,not_converged,False,False,False,False,False,False,False,False,False,False,False,False,0.008490940538085745,0.10443296095434551,,True,False,False,False,not_both_verified,True,False,True,not_both_verified,neither,lost,neither,neither,True,True,False
k4,tau800,construct,cooperative,1,eval:1,eval:1:0:0,verified,verified,True,False,False,False,False,False,False,False,False,False,False,False,0.2686852825512691,0.2686700237622066,-1.52587890625e-05,False,False,False,False,no_threshold_or_NU_change,False,False,False,no_threshold_or_NU_change,neither,neither,neither,neither,False,False,False
k4,tau800,construct,cooperative,2,eval:2,eval:2:0:0,not_converged,not_converged,False,False,False,False,False,False,False,False,False,False,False,False,0.2536471635637563,0.4076450616655629,,False,False,False,False,not_both_verified,False,False,False,not_both_verified,neither,neither,neither,neither,False,False,False
k4,tau800,construct,cooperative,3,eval:3,eval:3:0:0,not_converged,not_converged,False,False,False,False,False,False,False,False,False,False,False,False,0.19087635728610586,0.15011965486301015,,False,False,False,False,not_both_verified,False,False,False,not_both_verified,neither,neither,neither,neither,False,False,False
k4,tau800,construct,cooperative,4,eval:4,eval:4:0:0,verified,verified,True,False,False,False,False,False,False,False,False,False,False,False,0.05110345381347692,0.09169850843994176,0.040595054626464844,False,False,False,False,no_threshold_or_NU_change,False,False,False,no_threshold_or_NU_change,neither,both,neither,both,False,False,False
k4,tau800,construct,cooperative,5,eval:5,eval:5:0:0,verified,not_converged,False,True,False,False,False,False,False,False,False,False,False,False,0.40737667597776994,0.2297896436596547,,False,False,False,False,verification_changed,False,False,False,verification_changed,neither,neither,neither,neither,False,False,False
k4,tau800,construct,cooperative,6,eval:6,eval:6:0:0,not_converged,not_converged,False,False,False,False,False,False,False,False,False,False,False,False,-0.018150666779513713,-0.018277982300753948,,True,False,False,False,not_both_verified,False,False,False,not_both_verified,neither,neither,neither,neither,False,False,False
k4,tau800,construct,cooperative,7,eval:7,eval:7:0:0,verified,verified,True,False,False,False,False,False,False,False,False,False,False,False,0.07407038586180548,0.02136080639403204,-0.05270957946777344,False,False,False,False,no_threshold_or_NU_change,False,False,False,no_threshold_or_NU_change,neither,both,neither,both,False,False,False
k4,tau800,construct,cooperative,8,eval:8,eval:8:0:0,not_converged,verified,False,True,False,False,False,False,False,False,False,False,False,False,0.08748095962076796,0.022170958247476946,,False,False,False,False,verification_changed,False,False,False,verification_changed,neither,both,neither,gained,False,False,False
k4,tau800,construct,cooperative,9,eval:9,eval:9:0:0,verified,verified,True,False,False,False,False,False,False,False,False,False,False,False,0.09193885206416219,0.11122596143916219,0.019287109375,False,False,False,False,no_threshold_or_NU_change,True,True,False,verified_threshold_only,neither,lost,neither,lost,False,False,False
k4,tau800,construct,cooperative,10,eval:10,eval:10:0:0,not_converged,not_converged,False,False,False,False,False,False,False,False,False,False,False,False,0.0929812550042044,0.09306184048394073,,False,False,False,False,not_both_verified,False,False,False,not_both_verified,neither,both,neither,neither,False,False,False
k4,tau800,construct,cooperative,11,eval:11,eval:11:0:0,not_converged,not_converged,False,False,False,False,False,False,False,False,False,False,False,False,0.49405733514453143,0.37775627542163104,,False,False,False,False,not_both_verified,False,False,False,not_both_verified,neither,neither,neither,neither,False,False,False
k4,tau800,construct,cooperative,12,eval:12,eval:12:0:0,verified,verified,True,False,False,False,False,False,False,False,False,False,False,False,-0.008186307883300437,-0.008190122580566062,-3.814697265625e-06,False,False,False,False,no_threshold_or_NU_change,False,False,False,no_threshold_or_NU_change,neither,neither,neither,neither,False,False,False
k4,tau800,construct,cooperative,13,eval:13,eval:13:0:0,not_converged,not_converged,False,False,False,False,False,False,False,False,False,False,False,False,0.028463165885620256,0.028460066444091936,,False,False,False,False,not_both_verified,False,False,False,not_both_verified,neither,both,neither,neither,False,False,False
k4,tau800,construct,cooperative,14,eval:14,eval:14:0:0,verified,verified,True,False,False,False,False,False,False,False,False,False,False,False,0.0916442538985196,0.032146420646566476,-0.059497833251953125,False,False,False,False,no_threshold_or_NU_change,False,False,False,no_threshold_or_NU_change,neither,both,neither,both,False,False,False
k4,tau800,construct,cooperative,15,eval:15,eval:15:0:0,not_converged,not_converged,False,False,False,False,False,False,False,False,False,False,False,False,0.24079637287855427,0.12230424641371052,,False,False,False,False,not_both_verified,False,False,False,not_both_verified,neither,neither,neither,neither,False,False,False
k4,tau800,construct,cooperative,16,eval:16,eval:16:0:0,verified,verified,False,False,True,True,False,False,False,True,True,False,False,True,,,,False,False,False,False,unknown_hull,False,False,False,unknown_hull,neither,neither,neither,neither,False,False,False
k4,tau800,construct,cooperative,17,eval:17,eval:17:0:0,not_converged,not_converged,False,False,True,True,False,False,False,False,False,False,False,False,0.10068444536458099,0.027565758688555597,,False,False,False,False,not_both_verified,True,False,True,not_both_verified,neither,neither,neither,neither,False,False,False
k4,tau800,construct,cooperative,18,eval:18,eval:18:0:0,not_converged,not_converged,False,False,False,False,False,False,False,False,False,False,False,False,0.17577449363403375,0.2636922983520513,,False,False,False,False,not_both_verified,False,False,False,not_both_verified,neither,neither,neither,neither,False,False,False
k4,tau800,construct,cooperative,19,eval:19,eval:19:0:0,not_converged,not_converged,False,False,False,False,False,False,False,False,False,False,False,False,0.10672390896849127,0.05914891202024908,,False,False,False,False,not_both_verified,True,False,True,not_both_verified,neither,gained,neither,neither,False,False,False
k4,tau800,construct,cooperative,20,eval:20,eval:20:0:0,not_converged,not_converged,False,False,False,False,False,False,False,False,False,False,False,False,0.056013509431883435,0.05596391836743031,,False,False,False,False,not_both_verified,False,False,False,not_both_verified,neither,both,neither,neither,False,False,False
k4,tau800,construct,cooperative,21,eval:21,eval:21:0:0,verified,verified,True,False,False,False,False,False,False,False,False,False,False,False,0.03544633603759806,0.0354072353906254,-3.910064697265625e-05,False,False,False,False,no_threshold_or_NU_change,False,False,False,no_threshold_or_NU_change,neither,neither,neither,neither,False,False,False
k4,tau800,construct,cooperative,22,eval:22,eval:22:0:0,verified,not_converged,False,True,False,False,False,False,False,False,False,False,False,False,0.1360312839355462,0.4708215137329095,,False,False,False,False,verification_changed,False,False,False,verification_changed,neither,neither,neither,neither,False,False,False
k4,tau800,construct,cooperative,23,eval:23,eval:23:0:0,not_converged,not_converged,False,False,False,False,False,False,False,False,False,False,False,False,0.3389945029133301,0.2775020598286133,,False,False,False,False,not_both_verified,False,False,False,not_both_verified,neither,neither,neither,neither,False,False,False
k4,tau800,construct,cooperative,24,eval:24,eval:24:0:0,not_converged,not_converged,False,False,False,False,False,False,False,False,False,False,False,False,0.22150910004917534,0.24276173219028863,,False,False,False,False,not_both_verified,False,False,False,not_both_verified,neither,neither,neither,neither,False,False,False
k4,tau800,construct,cooperative,25,eval:25,eval:25:0:0,not_converged,not_converged,False,False,False,False,False,False,False,False,False,False,False,False,0.11455532038752558,0.09847780192439082,,False,False,False,False,not_both_verified,True,False,True,not_both_verified,neither,gained,neither,neither,False,False,False
k4,tau800,construct,cooperative,26,eval:26,eval:26:0:0,not_converged,not_converged,False,False,False,False,False,False,False,False,False,False,False,False,0.01868579929980463,0.01866005009326166,,False,False,False,False,not_both_verified,False,False,False,not_both_verified,neither,neither,neither,neither,False,False,False
k4,tau800,construct,cooperative,27,eval:27,eval:27:0:0,verified,verified,True,False,False,False,False,False,False,False,False,False,False,False,0.05592812342596121,0.07736743731451101,0.021439313888549805,False,False,False,False,no_threshold_or_NU_change,False,False,False,no_threshold_or_NU_change,neither,both,neither,both,False,False,False
k4,tau800,construct,cooperative,28,eval:28,eval:28:0:0,not_converged,not_converged,False,False,False,False,False,False,False,False,False,False,False,False,0.021492745540847125,0.021534707210769,,False,False,False,False,not_both_verified,False,False,False,not_both_verified,neither,both,neither,neither,False,False,False
k4,tau800,construct,cooperative,29,eval:29,eval:29:0:0,verified,not_converged,False,True,True,True,False,False,False,False,False,False,False,False,0.02455468643450054,0.0011963414027622576,,False,False,False,False,verification_changed,False,False,False,verification_changed,neither,lost,neither,lost,False,False,False
k4,tau800,construct,cooperative,30,eval:30,eval:30:0:0,not_converged,not_converged,False,False,False,False,False,False,False,False,False,False,False,False,0.18285591012139246,0.1926115215410702,,False,False,False,False,not_both_verified,False,False,False,not_both_verified,neither,neither,neither,neither,False,False,False
k4,tau800,construct,cooperative,31,eval:31,eval:31:0:0,not_converged,not_converged,False,False,False,False,False,False,False,False,False,False,False,False,0.34887844516438804,0.3488426823775228,,False,False,False,False,not_both_verified,False,False,False,not_both_verified,neither,neither,neither,neither,False,False,False
k4,tau800,construct,cooperative,32,eval:32,eval:32:0:0,not_converged,verified,False,True,False,False,False,False,False,False,False,False,False,False,0.2325009615104161,0.12454216787027939,,False,False,False,False,verification_changed,False,False,False,verification_changed,neither,neither,neither,neither,False,False,False
k4,tau800,construct,cooperative,33,eval:33,eval:33:0:0,verified,verified,True,False,False,False,False,False,False,False,False,False,False,False,0.09694212473002128,0.09695428407755546,1.2159347534179688e-05,False,False,False,False,no_threshold_or_NU_change,False,False,False,no_threshold_or_NU_change,neither,both,neither,both,False,False,False
k4,tau800,construct,cooperative,34,eval:34,eval:34:0:0,verified,not_converged,False,True,False,False,False,False,False,False,False,False,False,False,0.05016959339965821,0.05393994480957032,,False,False,False,False,verification_changed,False,False,False,verification_changed,neither,neither,neither,neither,False,False,False
k4,tau800,construct,cooperative,35,eval:35,eval:35:0:0,not_converged,verified,False,True,True,True,False,False,False,False,False,False,False,False,0.051924632941154236,-0.0032649765864336544,,False,True,False,True,verification_changed,False,False,False,verification_changed,gained,gained,gained,gained,False,False,False
k4,tau800,construct,cooperative,36,eval:36,eval:36:0:0,not_converged,verified,False,True,True,True,False,False,False,False,False,False,False,False,0.21767160332925073,0.009453505642483151,,False,False,False,False,verification_changed,True,False,True,verification_changed,neither,neither,neither,neither,False,False,False
k4,tau800,construct,cooperative,37,eval:37,eval:37:0:0,not_converged,not_converged,False,False,False,False,False,False,False,False,False,False,False,False,0.3176225811613662,0.26988545957933496,,False,False,False,False,not_both_verified,False,False,False,not_both_verified,neither,neither,neither,neither,False,False,False
k4,tau800,construct,cooperative,38,eval:38,eval:38:0:0,not_converged,not_converged,False,False,False,False,False,False,False,False,False,False,False,False,-0.007192376066143424,0.18173908908278236,,False,True,False,True,not_both_verified,True,False,True,not_both_verified,lost,lost,neither,neither,False,False,False
k4,tau800,construct,cooperative,39,eval:39,eval:39:0:0,verified,verified,True,False,False,False,False,False,False,False,False,False,False,False,0.13789454946516955,0.13793841848372423,4.38690185546875e-05,False,False,False,False,no_threshold_or_NU_change,False,False,False,no_threshold_or_NU_change,neither,neither,neither,neither,False,False,False
k4,tau800,construct,cooperative,40,eval:40,eval:40:0:0,not_converged,not_converged,False,False,False,False,False,False,False,False,False,False,False,False,0.05122235682885723,0.05121282008569317,,False,False,False,False,not_both_verified,False,False,False,not_both_verified,neither,neither,neither,neither,False,False,False
k4,tau800,construct,cooperative,41,eval:41,eval:41:0:0,verified,verified,True,False,False,False,False,False,False,False,False,False,False,False,0.11170958086385152,0.10393641992940328,-0.007773160934448242,False,False,False,False,no_threshold_or_NU_change,False,False,False,no_threshold_or_NU_change,neither,neither,neither,neither,False,False,False
k4,tau800,construct,cooperative,42,eval:42,eval:42:0:0,not_converged,not_converged,False,False,False,False,False,False,False,False,False,False,False,False,0.29583210870958077,0.32523627207017647,,False,False,False,False,not_both_verified,False,False,False,not_both_verified,neither,neither,neither,neither,False,False,False
k4,tau800,construct,cooperative,43,eval:43,eval:43:0:0,not_converged,not_converged,False,False,False,False,False,False,False,False,False,False,False,False,0.1752784654931645,0.09080294822021528,,False,False,False,False,not_both_verified,True,False,True,not_both_verified,neither,gained,neither,neither,False,False,False
k4,tau800,construct,cooperative,44,eval:44,eval:44:0:0,verified,not_converged,False,True,False,False,False,False,False,False,False,False,False,False,0.29049327018676685,0.28005959632812427,,False,False,False,False,verification_changed,False,False,False,verification_changed,neither,neither,neither,neither,False,False,False
k4,tau800,construct,cooperative,45,eval:45,eval:45:0:0,not_converged,not_converged,False,False,False,False,False,False,False,False,False,False,False,False,0.16061170578043615,0.142216281891276,,False,False,False,False,not_both_verified,False,False,False,not_both_verified,neither,neither,neither,neither,False,False,False
k4,tau800,construct,cooperative,46,eval:46,eval:46:0:0,not_converged,verified,False,True,False,False,False,False,False,False,False,False,False,False,-0.0048888242102052,-0.015469840750732544,,False,False,False,False,verification_changed,False,False,False,verification_changed,both,both,gained,gained,False,False,False
k4,tau800,construct,cooperative,47,eval:47,eval:47:0:0,not_converged,not_converged,False,False,False,False,False,False,False,False,False,False,False,False,0.1751304893174206,0.1749488143601452,,False,False,False,False,not_both_verified,False,False,False,not_both_verified,neither,neither,neither,neither,False,False,False
k4,tau800,construct,cooperative,48,eval:48,eval:48:0:0,not_converged,verified,False,True,False,False,False,False,False,False,False,False,False,False,0.06607659049089598,0.12108309454973387,,False,False,False,False,verification_changed,True,False,True,verification_changed,neither,lost,neither,neither,False,False,False
k4,tau800,construct,cooperative,49,eval:49,eval:49:0:0,not_converged,verified,False,True,False,False,False,False,False,False,False,False,False,False,0.4753970833700514,0.4747614594381666,,False,False,False,False,verification_changed,False,False,False,verification_changed,neither,neither,neither,neither,False,False,False
k4,tau800,construct,cooperative,50,eval:50,eval:50:0:0,not_converged,not_converged,False,False,False,False,False,False,False,False,False,False,False,False,1.2147769716959642,1.071576097367351,,False,False,False,False,not_both_verified,False,False,False,not_both_verified,neither,neither,neither,neither,False,False,False
k4,tau800,construct,cooperative,51,eval:51,eval:51:0:0,not_converged,not_converged,False,False,False,False,False,False,False,False,False,False,False,False,-0.029017023600827585,0.06558079286645757,,False,True,False,True,not_both_verified,False,False,False,not_both_verified,lost,both,neither,neither,False,False,False
k4,tau800,construct,cooperative,52,eval:52,eval:52:0:0,not_converged,not_converged,False,False,False,False,False,False,False,False,False,False,False,False,0.04106255751963239,0.17394515258188825,,False,False,False,False,not_both_verified,True,False,True,not_both_verified,neither,lost,neither,neither,False,False,False
k4,tau800,construct,cooperative,53,eval:53,eval:53:0:0,not_converged,verified,False,True,False,False,False,False,False,False,False,False,False,False,0.07289102012817406,0.10202100212280296,,False,False,False,False,verification_changed,True,False,True,verification_changed,neither,lost,neither,neither,False,False,False
k4,tau800,construct,cooperative,54,eval:54,eval:54:0:0,verified,not_converged,False,True,False,False,False,False,False,False,False,False,False,False,0.060119787024286,0.07590595798375865,,False,False,False,False,verification_changed,False,False,False,verification_changed,neither,both,neither,lost,False,False,False
k4,tau800,construct,cooperative,55,eval:55,eval:55:0:0,not_converged,not_converged,False,False,False,False,False,False,False,False,False,False,False,False,0.04561033966430639,-0.006142704464111581,,False,True,False,True,not_both_verified,False,False,False,not_both_verified,gained,both,neither,neither,False,False,False
k4,tau800,construct,cooperative,56,eval:56,eval:56:0:0,not_converged,not_converged,False,False,False,False,False,False,False,False,False,False,False,False,0.14542621643519738,0.29439682037806847,,False,False,False,False,not_both_verified,False,False,False,not_both_verified,neither,neither,neither,neither,False,False,False
k4,tau800,construct,cooperative,57,eval:57,eval:57:0:0,not_converged,verified,False,True,False,False,False,False,False,False,False,False,False,False,0.04360306065006636,0.043353674816326127,,False,False,False,False,verification_changed,False,False,False,verification_changed,neither,both,neither,gained,False,False,False
k4,tau800,construct,cooperative,58,eval:58,eval:58:0:0,not_converged,verified,False,True,False,False,False,False,False,False,False,False,False,False,0.0891844139729816,0.07678235632527652,,False,False,False,False,verification_changed,False,False,False,verification_changed,neither,both,neither,gained,False,False,False
k4,tau800,construct,cooperative,59,eval:59,eval:59:0:0,not_converged,verified,False,True,False,False,False,False,False,False,False,False,False,False,0.19288670012116693,0.13017975279450678,,True,False,False,False,verification_changed,False,False,False,verification_changed,neither,neither,neither,neither,False,True,False
k4,tau800,construct,cooperative,60,eval:60,eval:60:0:0,verified,not_converged,False,True,False,False,False,False,False,False,False,False,False,False,1.4139489754943844,-0.1002512350769047,,False,True,False,True,verification_changed,True,False,True,verification_changed,gained,gained,neither,neither,False,False,False
k4,tau800,construct,cooperative,61,eval:61,eval:61:0:0,not_converged,not_converged,False,False,False,False,False,False,False,False,False,False,False,False,0.1813593408610057,0.18066506595866194,,False,False,False,False,not_both_verified,False,False,False,not_both_verified,neither,neither,neither,neither,False,False,False
k4,tau800,construct,cooperative,62,eval:62,eval:62:0:0,not_converged,verified,False,True,False,False,False,False,False,False,False,False,False,False,0.06760299681204707,0.07595098494070918,,False,False,False,False,verification_changed,False,False,False,verification_changed,neither,both,neither,gained,False,False,False
k4,tau800,construct,cooperative,63,eval:63,eval:63:0:0,not_converged,verified,False,True,False,False,False,False,False,False,False,False,False,False,0.08875522858100027,0.11445460564093679,,False,False,False,False,verification_changed,True,False,True,verification_changed,neither,lost,neither,neither,False,False,False
k4,tau800,construct,cooperative,64,eval:64,eval:64:0:0,not_converged,verified,False,True,False,False,False,False,False,False,False,False,False,False,0.13137085757446343,0.19842083773803765,,False,False,False,False,verification_changed,False,False,False,verification_changed,neither,neither,neither,neither,False,False,False
k4,tau800,construct,cooperative,65,eval:65,eval:65:0:0,not_converged,verified,False,True,True,True,False,False,False,False,False,False,False,False,0.050031332682269,0.04925575704445162,,False,False,False,False,verification_changed,False,False,False,verification_changed,neither,lost,neither,neither,False,False,False
k4,tau800,construct,cooperative,66,eval:66,eval:66:0:0,verified,verified,True,False,False,False,False,False,False,False,False,False,False,False,0.0036631693961579614,-0.026333702552084226,-0.029996871948242188,False,True,True,False,verified_threshold_only,False,False,False,no_threshold_or_NU_change,gained,both,gained,both,False,False,False
k4,tau800,construct,cooperative,67,eval:67,eval:67:0:0,not_converged,not_converged,False,False,False,False,False,False,False,False,False,False,False,False,0.10076416866455062,0.0709604157653807,,False,False,False,False,not_both_verified,True,False,True,not_both_verified,neither,gained,neither,neither,False,False,False
k4,tau800,construct,cooperative,68,eval:68,eval:68:0:0,verified,verified,True,False,False,False,False,False,False,False,False,False,False,False,0.008441891647474442,0.016793217636243973,0.008351325988769531,False,False,False,False,no_threshold_or_NU_change,False,False,False,no_threshold_or_NU_change,neither,both,neither,both,False,False,False
k4,tau800,construct,cooperative,69,eval:69,eval:69:0:0,generation_failure,generation_failure,False,False,False,False,False,True,False,False,True,True,False,True,,,,,False,False,False,generation_or_parse_unavailable,False,False,False,generation_or_parse_unavailable,neither,neither,neither,neither,False,False,False
k4,tau800,construct,cooperative,70,eval:70,eval:70:0:0,not_converged,not_converged,False,False,False,False,False,False,False,False,False,False,False,False,0.14027284225646985,0.1404480799121095,,False,False,False,False,not_both_verified,False,False,False,not_both_verified,neither,neither,neither,neither,False,False,False
k4,tau800,construct,cooperative,71,eval:71,eval:71:0:0,verified,verified,True,False,False,False,False,False,False,False,False,False,False,False,0.03217329583577433,0.03218712411336222,1.3828277587890625e-05,False,False,False,False,no_threshold_or_NU_change,False,False,False,no_threshold_or_NU_change,neither,neither,neither,neither,False,False,False
k4,tau800,construct,cooperative,72,eval:72,eval:72:0:0,not_converged,not_converged,False,False,False,False,False,False,False,False,False,False,False,False,0.017239312030029375,0.017001370288086015,,False,False,False,False,not_both_verified,False,False,False,not_both_verified,neither,neither,neither,neither,False,False,False
k4,tau800,construct,cooperative,73,eval:73,eval:73:0:0,not_converged,not_converged,False,False,False,False,False,False,False,False,False,False,False,False,0.3192946859577699,0.31873917066846325,,False,False,False,False,not_both_verified,False,False,False,not_both_verified,neither,neither,neither,neither,False,False,False
k4,tau800,construct,cooperative,74,eval:74,eval:74:0:0,verified,verified,True,False,False,False,False,False,False,False,False,False,False,False,0.10211840682006823,0.10210505537963854,-1.33514404296875e-05,False,False,False,False,no_threshold_or_NU_change,False,False,False,no_threshold_or_NU_change,neither,neither,neither,neither,False,False,False
k4,tau800,construct,cooperative,75,eval:75,eval:75:0:0,verified,verified,True,False,False,False,False,False,False,False,False,False,False,False,0.07399702407995612,0.07393074371496589,-6.628036499023438e-05,False,False,False,False,no_threshold_or_NU_change,False,False,False,no_threshold_or_NU_change,neither,neither,neither,neither,False,False,False
k4,tau800,construct,cooperative,76,eval:76,eval:76:0:0,not_converged,not_converged,False,False,False,False,False,False,False,False,False,False,False,False,0.3609865822220879,0.3255861915970879,,False,False,False,False,not_both_verified,False,False,False,not_both_verified,neither,neither,neither,neither,False,False,False
k4,tau800,construct,cooperative,77,eval:77,eval:77:0:0,not_converged,not_converged,False,False,False,False,False,False,False,False,False,False,False,False,0.04573169414835565,0.045612008021646666,,False,False,False,False,not_both_verified,False,False,False,not_both_verified,neither,neither,neither,neither,False,False,False
k4,tau800,construct,cooperative,78,eval:78,eval:78:0:0,verified,verified,True,False,False,False,False,False,False,False,False,False,False,False,0.39854795919369757,0.4330547569842249,0.034506797790527344,False,False,False,False,no_threshold_or_NU_change,False,False,False,no_threshold_or_NU_change,neither,neither,neither,neither,False,False,False
k4,tau800,construct,cooperative,79,eval:79,eval:79:0:0,verified,not_converged,False,True,False,False,False,False,False,False,False,False,False,False,0.24306677453149383,0.045810209437499694,,False,False,False,False,verification_changed,True,False,True,verification_changed,neither,gained,neither,neither,False,False,False
k4,tau800,construct,cooperative,80,eval:80,eval:80:0:0,verified,verified,True,False,False,False,False,False,False,False,False,False,False,False,0.031132279974364963,0.031134187322997775,1.9073486328125e-06,False,False,False,False,no_threshold_or_NU_change,False,False,False,no_threshold_or_NU_change,neither,both,neither,both,False,False,False
k4,tau800,construct,cooperative,81,eval:81,eval:81:0:0,verified,verified,True,False,False,False,False,False,False,False,False,False,False,False,0.01554928567410041,0.07671366479397346,0.06116437911987305,False,False,False,False,no_threshold_or_NU_change,False,False,False,no_threshold_or_NU_change,neither,both,neither,both,False,False,False
k4,tau800,construct,cooperative,82,eval:82,eval:82:0:0,verified,verified,True,False,False,False,False,False,False,False,False,False,False,False,0.0666570619890341,0.0666418031999716,-1.52587890625e-05,False,False,False,False,no_threshold_or_NU_change,False,False,False,no_threshold_or_NU_change,neither,both,neither,both,False,False,False
k4,tau800,construct,cooperative,83,eval:83,eval:83:0:0,not_converged,not_converged,False,False,False,False,False,False,False,False,False,False,False,False,0.27033954632043056,0.2887607194161337,,False,False,False,False,not_both_verified,False,False,False,not_both_verified,neither,neither,neither,neither,False,False,False
k4,tau800,construct,cooperative,84,eval:84,eval:84:0:0,not_converged,not_converged,False,False,False,False,False,False,False,False,False,False,False,False,0.01677779617089925,0.017102045438477376,,False,False,False,False,not_both_verified,False,False,False,not_both_verified,neither,both,neither,neither,False,False,False
k4,tau800,construct,cooperative,85,eval:85,eval:85:0:0,not_converged,not_converged,False,False,False,False,False,False,False,False,False,False,False,False,0.05217980392985044,0.052201261601969584,,False,False,False,False,not_both_verified,False,False,False,not_both_verified,neither,both,neither,neither,False,False,False
k4,tau800,construct,cooperative,86,eval:86,eval:86:0:0,not_converged,not_converged,False,False,False,False,False,False,False,False,False,False,False,False,0.14128544336832594,0.14102842814005445,,False,False,False,False,not_both_verified,False,False,False,not_both_verified,neither,neither,neither,neither,False,False,False
k4,tau800,construct,cooperative,87,eval:87,eval:87:0:0,not_converged,not_converged,False,False,False,False,False,False,False,False,False,False,False,False,0.17964380135617475,0.15803830971799115,,False,False,False,False,not_both_verified,False,False,False,not_both_verified,neither,neither,neither,neither,False,False,False
k4,tau800,construct,cooperative,88,eval:88,eval:88:0:0,verified,verified,True,False,False,False,False,False,False,False,False,False,False,False,-0.005289043819580286,-0.005282844936523645,6.198883056640625e-06,False,False,False,False,no_threshold_or_NU_change,False,False,False,no_threshold_or_NU_change,both,both,both,both,False,False,False
k4,tau800,construct,cooperative,89,eval:89,eval:89:0:0,not_converged,not_converged,False,False,False,False,False,False,False,False,False,False,False,False,0.0719626936907245,0.0976894888872577,,False,False,False,False,not_both_verified,False,False,False,not_both_verified,neither,both,neither,neither,False,False,False
k4,tau800,construct,cooperative,90,eval:90,eval:90:0:0,verified,not_converged,False,True,False,False,False,False,False,False,False,False,False,False,0.07948632181263093,0.10543341577625398,,False,False,False,False,verification_changed,True,False,True,verification_changed,neither,lost,neither,lost,False,False,False
k4,tau800,construct,cooperative,91,eval:91,eval:91:0:0,verified,not_converged,False,True,False,False,False,False,False,False,False,False,False,False,0.07253989715331866,0.16503343124145342,,False,False,False,False,verification_changed,True,False,True,verification_changed,neither,lost,neither,lost,False,False,False
k4,tau800,construct,cooperative,92,eval:92,eval:92:0:0,not_converged,not_converged,False,False,False,False,False,False,False,False,False,False,False,False,0.04806046576025391,0.04790310949804688,,False,False,False,False,not_both_verified,False,False,False,not_both_verified,neither,both,neither,neither,False,False,False
k4,tau800,construct,cooperative,93,eval:93,eval:93:0:0,not_converged,not_converged,False,False,False,False,False,False,False,False,False,False,False,False,0.17228857515869134,0.17229334353027337,,False,False,False,False,not_both_verified,False,False,False,not_both_verified,neither,neither,neither,neither,False,False,False
k4,tau800,construct,cooperative,94,eval:94,eval:94:0:0,verified,not_converged,False,True,False,False,False,False,False,False,False,False,False,False,0.08728333787288367,0.14426680878963172,,False,False,False,False,verification_changed,True,False,True,verification_changed,neither,lost,neither,lost,False,False,False
k4,tau800,construct,cooperative,95,eval:95,eval:95:0:0,not_converged,not_converged,False,False,False,False,False,False,False,False,False,False,False,False,0.06313126603710906,0.10357564012158171,,False,False,False,False,not_both_verified,True,False,True,not_both_verified,neither,lost,neither,neither,False,False,False
k4,tau800,construct,cooperative,96,eval:96,eval:96:0:0,verified,verified,True,False,False,False,False,False,False,False,False,False,False,False,0.030349117838745165,0.030355555140380908,6.4373016357421875e-06,False,False,False,False,no_threshold_or_NU_change,False,False,False,no_threshold_or_NU_change,neither,neither,neither,neither,False,False,False
k4,tau800,construct,cooperative,97,eval:97,eval:97:0:0,not_converged,not_converged,False,False,False,False,False,False,False,False,False,False,False,False,0.06790863220153787,0.05513964836059548,,False,False,False,False,not_both_verified,False,False,False,not_both_verified,neither,both,neither,neither,False,False,False
k4,tau800,construct,cooperative,98,eval:98,eval:98:0:0,not_converged,not_converged,False,False,False,False,False,False,False,False,False,False,False,False,0.10653408333658909,0.044521410912272685,,False,False,False,False,not_both_verified,True,False,True,not_both_verified,neither,gained,neither,neither,False,False,False
k4,tau800,construct,cooperative,99,eval:99,eval:99:0:0,verified,not_converged,False,True,False,False,False,False,False,False,False,False,False,False,0.1927340977186187,0.1285828106397613,,False,False,False,False,verification_changed,False,False,False,verification_changed,neither,neither,neither,neither,False,False,False
k4,tau800,construct,cooperative,100,eval:100,eval:100:0:0,verified,not_converged,False,True,False,False,False,False,False,False,False,False,False,False,0.28069639917273825,0.26789284463782614,,False,False,False,False,verification_changed,False,False,False,verification_changed,neither,neither,neither,neither,False,False,False
k4,tau800,construct,cooperative,101,eval:101,eval:101:0:0,not_converged,not_converged,False,False,False,False,False,False,False,False,False,False,False,False,0.011639374037843098,0.011672752638917316,,False,False,False,False,not_both_verified,False,False,False,not_both_verified,neither,both,neither,neither,False,False,False
k4,tau800,construct,cooperative,102,eval:102,eval:102:0:0,not_converged,not_converged,False,False,False,False,False,False,False,False,False,False,False,False,0.14065999045654287,0.11441678061767568,,False,False,False,False,not_both_verified,False,False,False,not_both_verified,neither,neither,neither,neither,False,False,False
k4,tau800,construct,cooperative,103,eval:103,eval:103:0:0,not_converged,verified,False,True,False,False,False,False,False,True,True,False,False,True,,,,False,False,False,False,unknown_hull,False,False,False,unknown_hull,neither,neither,neither,neither,False,False,False
k4,tau800,construct,cooperative,104,eval:104,eval:104:0:0,not_converged,not_converged,False,False,False,False,False,False,False,False,False,False,False,False,0.09914157328952378,0.10922810969699448,,True,False,False,False,not_both_verified,True,False,True,not_both_verified,neither,lost,neither,neither,True,True,False
k4,tau800,construct,cooperative,105,eval:105,eval:105:0:0,verified,verified,True,False,False,False,False,False,False,False,False,False,False,False,0.030180050871582154,0.034374787352295044,0.004194736480712891,False,False,False,False,no_threshold_or_NU_change,False,False,False,no_threshold_or_NU_change,neither,both,neither,both,False,False,False
k4,tau800,construct,cooperative,106,eval:106,eval:106:0:0,verified,not_converged,False,True,False,False,False,False,False,False,False,False,False,False,0.05313076586520715,0.10311712832248254,,False,False,False,False,verification_changed,True,False,True,verification_changed,neither,lost,neither,lost,False,False,False
k4,tau800,construct,cooperative,107,eval:107,eval:107:0:0,verified,verified,True,False,False,False,False,False,False,False,False,False,False,False,0.0763950645196525,0.03940609090209879,-0.03698897361755371,False,False,False,False,no_threshold_or_NU_change,False,False,False,no_threshold_or_NU_change,neither,both,neither,both,False,False,False
k4,tau800,construct,cooperative,108,eval:108,eval:108:0:0,not_converged,verified,False,True,False,False,False,False,False,False,False,False,False,False,0.10898546326843217,0.10968641389099076,,False,False,False,False,verification_changed,False,False,False,verification_changed,neither,neither,neither,neither,False,False,False
k4,tau800,construct,cooperative,109,eval:109,eval:109:0:0,not_converged,not_converged,False,False,False,False,False,False,False,False,False,False,False,False,0.02177261923278806,0.020697351441040013,,False,False,False,False,not_both_verified,False,False,False,not_both_verified,neither,both,neither,neither,False,False,False
k4,tau800,construct,cooperative,110,eval:110,eval:110:0:0,not_converged,not_converged,False,False,False,False,False,False,False,False,False,False,False,False,0.0899386733683274,0.09349826275431372,,True,False,False,False,not_both_verified,False,False,False,not_both_verified,neither,both,neither,neither,False,False,False
k4,tau800,construct,cooperative,111,eval:111,eval:111:0:0,not_converged,not_converged,False,False,False,False,False,False,False,False,False,False,False,False,0.20597714307156334,0.19815510632839928,,False,False,False,False,not_both_verified,False,False,False,not_both_verified,neither,neither,neither,neither,False,False,False
k4,tau800,construct,cooperative,112,eval:112,eval:112:0:0,verified,verified,True,False,False,False,False,False,False,False,False,False,False,False,0.024140975120239272,0.024129292609863295,-1.1682510375976562e-05,False,False,False,False,no_threshold_or_NU_change,False,False,False,no_threshold_or_NU_change,neither,neither,neither,neither,False,False,False
k4,tau800,construct,cooperative,113,eval:113,eval:113:0:0,not_converged,not_converged,False,False,False,False,False,False,False,False,False,False,False,False,0.04335291697241228,0.04327614618994158,,False,False,False,False,not_both_verified,False,False,False,not_both_verified,neither,neither,neither,neither,False,False,False
k4,tau800,construct,cooperative,114,eval:114,eval:114:0:0,not_converged,not_converged,False,False,False,False,False,False,False,False,False,False,False,False,0.16996219240888788,0.33582189165815546,,False,False,False,False,not_both_verified,False,False,False,not_both_verified,neither,neither,neither,neither,False,False,False
k4,tau800,construct,cooperative,115,eval:115,eval:115:0:0,verified,not_converged,False,True,False,False,False,False,False,False,False,False,False,False,0.025539767770181854,0.01927222016275998,,False,False,False,False,verification_changed,False,False,False,verification_changed,neither,both,neither,lost,False,False,False
k4,tau800,construct,cooperative,116,eval:116,eval:116:0:0,verified,not_converged,False,True,False,False,False,False,False,False,False,False,False,False,0.13193559827678003,0.1351182478892068,,False,False,False,False,verification_changed,False,False,False,verification_changed,neither,neither,neither,neither,False,False,False
k4,tau800,construct,cooperative,117,eval:117,eval:117:0:0,not_converged,not_converged,False,False,False,False,False,False,False,False,False,False,False,False,0.04938021979980434,0.05008117042236293,,False,False,False,False,not_both_verified,False,False,False,not_both_verified,neither,neither,neither,neither,False,False,False
k4,tau800,construct,cooperative,118,eval:118,eval:118:0:0,not_converged,not_converged,False,False,False,False,False,False,False,False,False,False,False,False,0.12838726025146485,0.12877016048950196,,False,False,False,False,not_both_verified,False,False,False,not_both_verified,neither,neither,neither,neither,False,False,False
k4,tau800,construct,cooperative,119,eval:119,eval:119:0:0,verified,not_converged,False,True,False,False,False,False,False,False,False,False,False,False,0.17973712555350208,0.12625268570364856,,False,False,False,False,verification_changed,False,False,False,verification_changed,neither,neither,neither,neither,False,False,False
k4,tau800,construct,cooperative,120,eval:120,eval:120:0:0,verified,not_converged,False,True,True,True,False,False,False,True,True,False,False,True,,,,False,False,False,False,unknown_hull,False,False,False,unknown_hull,neither,neither,neither,neither,False,False,False
k4,tau800,construct,cooperative,121,eval:121,eval:121:0:0,verified,not_converged,False,True,False,False,False,False,False,False,False,False,False,False,0.08373035229467973,0.08447850979590044,,False,False,False,False,verification_changed,False,False,False,verification_changed,neither,both,neither,lost,False,False,False
k4,tau800,construct,cooperative,122,eval:122,eval:122:0:0,verified,not_converged,False,True,False,False,False,False,False,False,False,False,False,False,0.028354188670653535,0.023181459178466035,,False,False,False,False,verification_changed,False,False,False,verification_changed,neither,both,neither,lost,False,False,False
k4,tau800,construct,cooperative,123,eval:123,eval:123:0:0,not_converged,verified,False,True,False,False,False,False,False,False,False,False,False,False,0.07475107799186187,0.11643999705924468,,False,False,False,False,verification_changed,True,False,True,verification_changed,neither,lost,neither,neither,False,False,False
k4,tau800,construct,cooperative,124,eval:124,eval:124:0:0,generation_failure,generation_failure,False,False,False,False,False,True,False,False,True,True,False,True,,,,,False,False,False,generation_or_parse_unavailable,False,False,False,generation_or_parse_unavailable,neither,neither,neither,neither,False,False,False
k4,tau800,construct,cooperative,125,eval:125,eval:125:0:0,not_converged,verified,False,True,False,False,False,False,False,False,False,False,False,False,0.051845370752197084,0.04529982708154279,,False,False,False,False,verification_changed,False,False,False,verification_changed,neither,both,neither,gained,False,False,False
k4,tau800,construct,cooperative,126,eval:126,eval:126:0:0,not_converged,not_converged,False,False,False,False,False,False,False,False,False,False,False,False,0.03554488898071284,0.14867021322998042,,False,False,False,False,not_both_verified,True,False,True,not_both_verified,neither,lost,neither,neither,False,False,False
k4,tau800,construct,cooperative,127,eval:127,eval:127:0:0,not_converged,not_converged,False,False,False,False,False,False,False,False,False,False,False,False,0.13796018882899652,0.12892889305262933,,False,False,False,False,not_both_verified,False,False,False,not_both_verified,neither,neither,neither,neither,False,False,False
k4,tau800,construct,cooperative,128,eval:128,eval:128:0:0,not_converged,not_converged,False,False,False,False,False,False,False,False,False,False,False,False,0.20792149981689434,0.13309907397460918,,False,False,False,False,not_both_verified,False,False,False,not_both_verified,neither,neither,neither,neither,False,False,False
k4,tau800,construct,cooperative,129,eval:129,eval:129:0:0,not_converged,not_converged,False,False,False,False,False,False,False,False,False,False,False,False,0.16815485895336835,0.18569912851513592,,False,False,False,False,not_both_verified,False,False,False,not_both_verified,neither,neither,neither,neither,False,False,False
k4,tau800,construct,cooperative,130,eval:130,eval:130:0:0,verified,verified,True,False,False,False,False,False,False,False,False,False,False,False,0.056557978595336955,0.08187493225439457,0.025316953659057617,False,False,False,False,no_threshold_or_NU_change,False,False,False,no_threshold_or_NU_change,neither,both,neither,both,False,False,False
k4,tau800,construct,cooperative,131,eval:131,eval:131:0:0,not_converged,verified,False,True,False,False,False,False,False,False,False,False,False,False,0.09989312355656033,0.07300666039127712,,False,False,False,False,verification_changed,False,False,False,verification_changed,neither,both,neither,gained,False,False,False
k4,tau800,construct,cooperative,132,eval:132,eval:132:0:0,not_converged,not_converged,False,False,False,False,False,False,False,False,False,False,False,False,0.08481707136312355,0.09128822843709816,,False,False,False,False,not_both_verified,False,False,False,not_both_verified,neither,both,neither,neither,False,False,False
k4,tau800,construct,cooperative,133,eval:133,eval:133:0:0,not_converged,not_converged,False,False,False,False,False,False,False,False,False,False,False,False,0.13588710287977435,0.16350741843153216,,False,False,False,False,not_both_verified,False,False,False,not_both_verified,neither,neither,neither,neither,False,False,False
k4,tau800,construct,cooperative,134,eval:134,eval:134:0:0,not_converged,verified,False,True,False,False,False,False,False,False,False,False,False,False,0.06584660199829084,0.06499783185668928,,False,False,False,False,verification_changed,False,False,False,verification_changed,neither,neither,neither,neither,False,False,False
k4,tau800,construct,cooperative,135,eval:135,eval:135:0:0,verified,verified,True,False,False,False,False,False,False,False,False,False,False,False,0.01617585258190335,0.00767074660961331,-0.008505105972290039,False,False,False,False,no_threshold_or_NU_change,False,False,False,no_threshold_or_NU_change,neither,both,neither,both,False,False,False
k4,tau800,construct,cooperative,136,eval:136,eval:136:0:0,not_converged,not_converged,False,False,False,False,False,False,False,False,False,False,False,False,-0.017516473359103557,-0.017487386292453166,,False,False,False,False,not_both_verified,False,False,False,not_both_verified,neither,neither,neither,neither,False,False,False
k4,tau800,construct,cooperative,137,eval:137,eval:137:0:0,not_converged,verified,False,True,False,False,False,False,False,False,False,False,False,False,-0.09564170118814985,-0.09559592482096235,,False,False,False,False,verification_changed,False,False,False,verification_changed,both,both,gained,gained,False,False,False
k4,tau800,construct,cooperative,138,eval:138,eval:138:0:0,not_converged,verified,False,True,False,False,False,False,False,False,False,False,False,False,-0.026514079960531234,-0.026559856327718734,,True,False,False,False,verification_changed,False,False,False,verification_changed,neither,neither,neither,neither,False,True,False
k4,tau800,construct,cooperative,139,eval:139,eval:139:0:0,verified,verified,True,False,False,False,False,False,False,False,False,False,False,False,0.11398229606366517,0.11398158080792786,-7.152557373046875e-07,False,False,False,False,no_threshold_or_NU_change,False,False,False,no_threshold_or_NU_change,neither,neither,neither,neither,False,False,False
k4,tau800,construct,cooperative,140,eval:140,eval:140:0:0,verified,not_converged,False,True,False,False,False,False,False,False,False,False,False,False,0.1510524298875593,0.2077559973924421,,False,False,False,False,verification_changed,False,False,False,verification_changed,neither,neither,neither,neither,False,False,False
k4,tau800,construct,cooperative,141,eval:141,eval:141:0:0,not_converged,not_converged,False,False,False,False,False,False,False,False,False,False,False,False,0.07583221942443874,0.07582959682006862,,False,False,False,False,not_both_verified,False,False,False,not_both_verified,neither,both,neither,neither,False,False,False
k4,tau800,construct,cooperative,142,eval:142,eval:142:0:0,not_converged,verified,False,True,False,False,False,False,False,False,False,False,False,False,0.05462276527018162,0.19769537040323826,,False,False,False,False,verification_changed,True,False,True,verification_changed,neither,lost,neither,neither,False,False,False
k4,tau800,construct,cooperative,143,eval:143,eval:143:0:0,not_converged,verified,False,True,False,False,False,False,False,False,False,False,False,False,0.0030995086317955334,-0.010257177006632201,,False,True,False,True,verification_changed,False,False,False,verification_changed,gained,both,gained,gained,False,False,False
k4,tau800,construct,cooperative,144,eval:144,eval:144:0:0,not_converged,not_converged,False,False,False,False,False,False,False,False,False,False,False,False,0.0030526223010252096,0.0030454697436521627,,False,False,False,False,not_both_verified,False,False,False,not_both_verified,neither,both,neither,neither,False,False,False
k4,tau800,construct,cooperative,145,eval:145,eval:145:0:0,not_converged,not_converged,False,False,False,False,False,False,False,False,False,False,False,False,0.016235895815999157,0.016606398287922985,,False,False,False,False,not_both_verified,False,False,False,not_both_verified,neither,neither,neither,neither,False,False,False
k4,tau800,construct,cooperative,146,eval:146,eval:146:0:0,not_converged,not_converged,False,False,False,False,False,False,False,False,False,False,False,False,0.034503504855834866,0.04434470854541006,,False,False,False,False,not_both_verified,False,False,False,not_both_verified,neither,both,neither,neither,False,False,False
k4,tau800,construct,cooperative,147,eval:147,eval:147:0:0,not_converged,not_converged,False,False,False,False,False,False,False,False,False,False,False,False,0.14478147993082757,0.14447010526652093,,False,False,False,False,not_both_verified,False,False,False,not_both_verified,neither,neither,neither,neither,False,False,False
k4,tau800,construct,cooperative,148,eval:148,eval:148:0:0,not_converged,not_converged,False,False,False,False,False,False,False,False,False,False,False,False,0.0001380941721595974,-7.576729329450416e-05,,False,True,False,True,not_both_verified,False,False,False,not_both_verified,gained,both,neither,neither,False,False,False
k4,tau800,construct,cooperative,149,eval:149,eval:149:0:0,not_converged,not_converged,False,False,False,False,False,False,False,False,False,False,False,False,0.28174876577501173,0.2931289613926875,,False,False,False,False,not_both_verified,False,False,False,not_both_verified,neither,neither,neither,neither,False,False,False
k4,tau800,construct,cooperative,150,eval:150,eval:150:0:0,not_converged,not_converged,False,False,False,False,False,False,False,True,True,False,False,True,,,,False,False,False,False,unknown_hull,False,False,False,unknown_hull,neither,neither,neither,neither,False,False,False
k4,tau800,construct,cooperative,151,eval:151,eval:151:0:0,not_converged,not_converged,False,False,False,False,False,False,False,False,False,False,False,False,-0.011313076997315541,-0.011254426026856557,,False,False,False,False,not_both_verified,False,False,False,not_both_verified,neither,neither,neither,neither,False,False,False
k4,tau800,construct,cooperative,152,eval:152,eval:152:0:0,not_converged,not_converged,False,False,False,False,False,False,False,False,False,False,False,False,-0.005176201344401221,-0.005187645436198096,,False,False,False,False,not_both_verified,False,False,False,not_both_verified,both,both,neither,neither,False,False,False
k4,tau800,construct,cooperative,153,eval:153,eval:153:0:0,verified,not_converged,False,True,False,False,False,False,False,False,False,False,False,False,-0.008955086578776417,-0.008616055359293995,,False,False,False,False,verification_changed,False,False,False,verification_changed,neither,neither,neither,neither,False,False,False
k4,tau800,construct,cooperative,154,eval:154,eval:154:0:0,not_converged,not_converged,False,False,False,False,False,False,False,False,False,False,False,False,0.04483928327392572,0.043376346872558535,,False,False,False,False,not_both_verified,False,False,False,not_both_verified,neither,both,neither,neither,False,False,False
k4,tau800,construct,cooperative,155,eval:155,eval:155:0:0,not_converged,verified,False,True,False,False,False,False,False,False,False,False,False,False,0.06275811450114066,0.032018330260418004,,False,False,False,False,verification_changed,False,False,False,verification_changed,neither,both,neither,gained,False,False,False
k4,tau800,construct,cooperative,156,eval:156,eval:156:0:0,verified,not_converged,False,True,False,False,False,False,False,False,False,False,False,False,0.21645590404785153,0.23570391277587888,,False,False,False,False,verification_changed,False,False,False,verification_changed,neither,neither,neither,neither,False,False,False
k4,tau800,construct,cooperative,157,eval:157,eval:157:0:0,not_converged,not_converged,False,False,False,False,False,False,False,False,False,False,False,False,0.25758259148046037,0.2575883135263588,,False,False,False,False,not_both_verified,False,False,False,not_both_verified,neither,neither,neither,neither,False,False,False
k4,tau800,construct,cooperative,158,eval:158,eval:158:0:0,verified,not_converged,False,True,False,False,False,False,False,False,False,False,False,False,0.11457126253173833,0.11323659532592778,,False,False,False,False,verification_changed,False,False,False,verification_changed,neither,neither,neither,neither,False,False,False
k4,tau800,construct,cooperative,159,eval:159,eval:159:0:0,not_converged,not_converged,False,False,False,False,False,False,False,False,False,False,False,False,-0.01363013388063905,-0.013631802810692761,,False,False,False,False,not_both_verified,False,False,False,not_both_verified,both,both,neither,neither,False,False,False
k4,tau800,construct,cooperative,160,eval:160,eval:160:0:0,verified,not_converged,False,True,False,False,False,False,False,False,False,False,False,False,0.0019547138531494923,0.002386489899902422,,False,False,False,False,verification_changed,False,False,False,verification_changed,neither,neither,neither,neither,False,False,False
k4,tau800,construct,cooperative,161,eval:161,eval:161:0:0,verified,verified,False,False,False,False,False,False,False,True,True,False,False,True,,,,False,False,False,False,unknown_hull,False,False,False,unknown_hull,neither,neither,neither,neither,False,False,False
k4,tau800,construct,cooperative,162,eval:162,eval:162:0:0,not_converged,not_converged,False,False,False,False,False,False,False,False,False,False,False,False,0.0615910944834841,0.07285875653182394,,False,False,False,False,not_both_verified,False,False,False,not_both_verified,neither,both,neither,neither,False,False,False
k4,tau800,construct,cooperative,163,eval:163,eval:163:0:0,not_converged,not_converged,False,False,False,False,False,False,False,True,True,False,False,True,,,,False,False,False,False,unknown_hull,False,False,False,unknown_hull,neither,neither,neither,neither,False,False,False
k4,tau800,construct,cooperative,164,eval:164,eval:164:0:0,verified,verified,True,False,False,False,False,False,False,False,False,False,False,False,0.016476414938476402,0.015152476568725426,-0.0013239383697509766,False,False,False,False,no_threshold_or_NU_change,False,False,False,no_threshold_or_NU_change,neither,both,neither,both,False,False,False
k4,tau800,construct,cooperative,165,eval:165,eval:165:0:0,verified,verified,True,False,False,False,False,False,False,False,False,False,False,False,0.20663745439725956,0.30125458276945194,0.09461712837219238,False,False,False,False,no_threshold_or_NU_change,False,False,False,no_threshold_or_NU_change,neither,neither,neither,neither,False,False,False
k4,tau800,construct,cooperative,166,eval:166,eval:166:0:0,not_converged,not_converged,False,False,False,False,False,False,False,False,False,False,False,False,0.22237860122976638,0.3291138307219539,,False,False,False,False,not_both_verified,False,False,False,not_both_verified,neither,neither,neither,neither,False,False,False
k4,tau800,construct,cooperative,167,eval:167,eval:167:0:0,verified,verified,True,False,False,False,False,False,False,False,False,False,False,False,0.006697456755676345,0.00668899289611824,-8.463859558105469e-06,False,False,False,False,no_threshold_or_NU_change,False,False,False,no_threshold_or_NU_change,neither,both,neither,both,False,False,False
k4,tau800,construct,cooperative,168,eval:168,eval:168:0:0,verified,verified,True,False,False,False,False,False,False,False,False,False,False,False,0.032776171494140804,0.03277378730834979,-2.384185791015625e-06,False,False,False,False,no_threshold_or_NU_change,False,False,False,no_threshold_or_NU_change,neither,both,neither,both,False,False,False
k4,tau800,construct,cooperative,169,eval:169,eval:169:0:0,verified,verified,True,False,False,False,False,False,False,False,False,False,False,False,0.2049434941126833,0.13541253021497823,-0.06953096389770508,False,False,False,False,no_threshold_or_NU_change,False,False,False,no_threshold_or_NU_change,neither,neither,neither,neither,False,False,False
k4,tau800,construct,cooperative,170,eval:170,eval:170:0:0,verified,verified,True,False,False,False,False,False,False,False,False,False,False,False,0.02092446284179772,0.020923509167481313,-9.5367431640625e-07,False,False,False,False,no_threshold_or_NU_change,False,False,False,no_threshold_or_NU_change,neither,neither,neither,neither,False,False,False
k4,tau800,construct,cooperative,171,eval:171,eval:171:0:0,not_converged,not_converged,False,False,False,False,False,False,False,False,False,False,False,False,0.1323341479801421,0.13229313998453662,,False,False,False,False,not_both_verified,False,False,False,not_both_verified,neither,neither,neither,neither,False,False,False
k4,tau800,construct,cooperative,172,eval:172,eval:172:0:0,not_converged,not_converged,False,False,False,False,False,False,False,False,False,False,False,False,-0.027577580858398676,-0.027508916307617426,,False,False,False,False,not_both_verified,False,False,False,not_both_verified,both,both,neither,neither,False,False,False
k4,tau800,construct,cooperative,173,eval:173,eval:173:0:0,not_converged,not_converged,False,False,False,False,False,False,False,False,False,False,False,False,-0.008728588928629932,-0.008737648834635792,,False,False,False,False,not_both_verified,False,False,False,not_both_verified,neither,neither,neither,neither,False,False,False
k4,tau800,construct,cooperative,174,eval:174,eval:174:0:0,not_converged,not_converged,False,False,False,False,False,False,False,False,False,False,False,False,0.002056258681395029,0.002064364913084482,,False,False,False,False,not_both_verified,False,False,False,not_both_verified,neither,neither,neither,neither,False,False,False
k4,tau800,construct,cooperative,175,eval:175,eval:175:0:0,verified,verified,True,False,False,False,False,False,False,False,False,False,False,False,0.06066570685791017,0.060826400980224626,0.00016069412231445312,False,False,False,False,no_threshold_or_NU_change,False,False,False,no_threshold_or_NU_change,neither,neither,neither,neither,False,False,False
k4,tau800,construct,cooperative,176,eval:176,eval:176:0:0,not_converged,not_converged,False,False,False,False,False,False,False,False,False,False,False,False,0.029188488117675604,0.02890381633422834,,False,False,False,False,not_both_verified,False,False,False,not_both_verified,neither,both,neither,neither,False,False,False
k4,tau800,construct,cooperative,177,eval:177,eval:177:0:0,not_converged,not_converged,False,False,False,False,False,False,False,False,False,False,False,False,0.05622738943172134,0.05232256994319595,,False,False,False,False,not_both_verified,False,False,False,not_both_verified,neither,both,neither,neither,False,False,False
k4,tau800,construct,cooperative,178,eval:178,eval:178:0:0,verified,not_converged,False,True,False,False,False,False,False,False,False,False,False,False,0.014958325104167614,0.014891567902019176,,False,False,False,False,verification_changed,False,False,False,verification_changed,neither,both,neither,lost,False,False,False
k4,tau800,construct,cooperative,179,eval:179,eval:179:0:0,verified,verified,True,False,False,False,False,False,False,False,False,False,False,False,0.12693590093139662,0.07811016011718763,-0.048825740814208984,False,False,False,False,no_threshold_or_NU_change,True,True,False,verified_threshold_only,neither,gained,neither,gained,False,False,False
k4,tau800,construct,cooperative,180,eval:180,eval:180:0:0,verified,verified,True,False,False,False,False,False,False,False,False,False,False,False,0.0522569909774111,0.16209261567223532,0.10983562469482422,False,False,False,False,no_threshold_or_NU_change,True,True,False,verified_threshold_only,neither,lost,neither,lost,False,False,False
k4,tau800,construct,cooperative,181,eval:181,eval:181:0:0,not_converged,verified,False,True,False,False,False,False,False,False,False,False,False,False,0.08146624437988237,0.1424928175610347,,False,False,False,False,verification_changed,True,False,True,verification_changed,neither,lost,neither,neither,False,False,False
k4,tau800,construct,cooperative,182,eval:182,eval:182:0:0,not_converged,not_converged,False,False,False,False,False,False,False,False,False,False,False,False,0.022845839897220444,0.023069953361575912,,False,False,False,False,not_both_verified,False,False,False,not_both_verified,neither,both,neither,neither,False,False,False
k4,tau800,construct,cooperative,183,eval:183,eval:183:0:0,verified,verified,True,False,False,False,False,False,False,False,False,False,False,False,0.04744563399658208,0.047409632791137746,-3.600120544433594e-05,False,False,False,False,no_threshold_or_NU_change,False,False,False,no_threshold_or_NU_change,neither,both,neither,both,False,False,False
k4,tau800,construct,cooperative,184,eval:184,eval:184:0:0,not_converged,verified,False,True,False,False,False,False,False,False,False,False,False,False,0.08044852979613992,0.0750583625598118,,True,False,False,False,verification_changed,False,False,False,verification_changed,neither,both,neither,gained,True,True,False
k4,tau800,construct,cooperative,185,eval:185,eval:185:0:0,verified,verified,True,False,False,False,False,False,False,False,False,False,False,False,0.18757857652710097,0.1875695166210951,-9.059906005859375e-06,False,False,False,False,no_threshold_or_NU_change,False,False,False,no_threshold_or_NU_change,neither,neither,neither,neither,False,False,False
k4,tau800,construct,cooperative,186,eval:186,eval:186:0:0,verified,not_converged,False,True,False,False,False,False,False,False,False,False,False,False,0.05570159206013958,0.0006235624275712226,,True,False,False,False,verification_changed,False,False,False,verification_changed,neither,both,neither,lost,True,True,False
k4,tau800,construct,cooperative,187,eval:187,eval:187:0:0,not_converged,not_converged,False,False,False,False,False,False,False,False,False,False,False,False,0.048232476780393885,0.04821817166564779,,False,False,False,False,not_both_verified,False,False,False,not_both_verified,neither,both,neither,neither,False,False,False
k4,tau800,construct,cooperative,188,eval:188,eval:188:0:0,not_converged,not_converged,False,False,False,False,False,False,False,False,False,False,False,False,0.06976904206513979,0.077431815197464,,False,False,False,False,not_both_verified,False,False,False,not_both_verified,neither,both,neither,neither,False,False,False
k4,tau800,construct,cooperative,189,eval:189,eval:189:0:0,not_converged,not_converged,False,False,False,False,False,False,False,False,False,False,False,False,0.34774030149271606,0.24054897725870727,,False,False,False,False,not_both_verified,False,False,False,not_both_verified,neither,neither,neither,neither,False,False,False
k4,tau800,construct,cooperative,190,eval:190,eval:190:0:0,verified,verified,True,False,False,False,False,False,False,False,False,False,False,False,-0.007369930342772779,-0.0074934311667473885,-0.00012350082397460938,False,False,False,False,no_threshold_or_NU_change,False,False,False,no_threshold_or_NU_change,both,both,both,both,False,False,False
k4,tau800,construct,cooperative,191,eval:191,eval:191:0:0,not_converged,not_converged,False,False,False,False,False,False,False,False,False,False,False,False,0.18212989343749797,0.1753907538806132,,False,False,False,False,not_both_verified,False,False,False,not_both_verified,neither,neither,neither,neither,False,False,False
k4,tau800,construct,cooperative,192,eval:192,eval:192:0:0,verified,verified,True,False,False,False,False,False,False,False,False,False,False,False,0.050437957537883715,0.05046966720890422,3.170967102050781e-05,False,False,False,False,no_threshold_or_NU_change,False,False,False,no_threshold_or_NU_change,neither,both,neither,both,False,False,False
k4,tau800,construct,cooperative,193,eval:193,eval:193:0:0,verified,not_converged,False,True,False,False,False,False,False,False,False,False,False,False,0.028732199151610516,0.02883948751220622,,False,False,False,False,verification_changed,False,False,False,verification_changed,neither,both,neither,lost,False,False,False
k4,tau800,construct,cooperative,194,eval:194,eval:194:0:0,not_converged,verified,False,True,False,False,False,False,False,False,False,False,False,False,0.1457182207409673,0.050913456947021984,,False,False,False,False,verification_changed,True,False,True,verification_changed,neither,gained,neither,gained,False,False,False
k4,tau800,construct,cooperative,195,eval:195,eval:195:0:0,not_converged,not_converged,False,False,False,False,False,False,False,False,False,False,False,False,0.0732250086793158,0.058478819561884166,,False,False,False,False,not_both_verified,False,False,False,not_both_verified,neither,both,neither,neither,False,False,False
k4,tau800,construct,cooperative,196,eval:196,eval:196:0:0,not_converged,not_converged,False,False,False,False,False,False,False,False,False,False,False,False,0.0862506041495763,0.07508307790445912,,False,False,False,False,not_both_verified,False,False,False,not_both_verified,neither,both,neither,neither,False,False,False
k4,tau800,construct,cooperative,197,eval:197,eval:197:0:0,not_converged,verified,False,True,False,False,False,False,False,False,False,False,False,False,0.026738128957521923,0.17090316802002192,,False,False,False,False,verification_changed,True,False,True,verification_changed,neither,lost,neither,neither,False,False,False
k4,tau800,construct,cooperative,198,eval:198,eval:198:0:0,not_converged,not_converged,False,False,False,False,False,False,False,False,False,False,False,False,0.04733818979874549,0.004563512522134161,,False,False,False,False,not_both_verified,False,False,False,not_both_verified,neither,both,neither,neither,False,False,False
k4,tau800,construct,cooperative,199,eval:199,eval:199:0:0,not_converged,not_converged,False,False,False,False,False,False,False,False,False,False,False,False,0.0943672626672365,0.08694767648559587,,False,False,False,False,not_both_verified,False,False,False,not_both_verified,neither,both,neither,neither,False,False,False
k4,tau800,construct,cooperative,200,eval:200,eval:200:0:0,verified,not_converged,False,True,False,False,False,False,False,False,False,False,False,False,0.13626578830008373,0.09731439135794506,,False,False,False,False,verification_changed,True,False,True,verification_changed,neither,gained,neither,neither,False,False,False
k4,tau800,construct,cooperative,201,eval:201,eval:201:0:0,verified,verified,True,False,False,False,False,False,False,False,False,False,False,False,0.26067462464233415,0.26065793534179704,-1.6689300537109375e-05,False,False,False,False,no_threshold_or_NU_change,False,False,False,no_threshold_or_NU_change,neither,neither,neither,neither,False,False,False
k4,tau800,construct,cooperative,202,eval:202,eval:202:0:0,not_converged,verified,False,True,False,False,False,False,False,False,False,False,False,False,0.2556385386186859,0.26902669550955505,,False,False,False,False,verification_changed,False,False,False,verification_changed,neither,neither,neither,neither,False,False,False
k4,tau800,construct,cooperative,203,eval:203,eval:203:0:0,verified,not_converged,False,True,False,False,False,False,False,False,False,False,False,False,0.00633517047709109,0.006862790792642848,,False,False,False,False,verification_changed,False,False,False,verification_changed,neither,both,neither,lost,False,False,False
k4,tau800,construct,cooperative,204,eval:204,eval:204:0:0,not_converged,not_converged,False,False,False,False,False,False,False,False,False,False,False,False,0.028001461684571183,0.02799478596435634,,False,False,False,False,not_both_verified,False,False,False,not_both_verified,neither,neither,neither,neither,False,False,False
k4,tau800,construct,cooperative,205,eval:205,eval:205:0:0,not_converged,not_converged,False,False,False,False,False,False,False,False,False,False,False,False,0.0340169772746588,0.03391445728564513,,False,False,False,False,not_both_verified,False,False,False,not_both_verified,neither,both,neither,neither,False,False,False
k4,tau800,construct,cooperative,206,eval:206,eval:206:0:0,not_converged,verified,False,True,False,False,False,False,False,False,False,False,False,False,0.00805949905924841,0.048184869084883175,,False,False,False,False,verification_changed,False,False,False,verification_changed,neither,both,neither,gained,False,False,False
k4,tau800,construct,cooperative,207,eval:207,eval:207:0:0,verified,not_converged,False,True,False,False,False,False,False,False,False,False,False,False,-0.04301505266069405,-0.029176761492481162,,False,False,False,False,verification_changed,False,False,False,verification_changed,both,both,lost,lost,False,False,False
k4,tau800,construct,cooperative,208,eval:208,eval:208:0:0,verified,verified,True,False,False,False,False,False,False,False,False,False,False,False,0.06498185547311053,0.15139476211983904,0.08641290664672852,False,False,False,False,no_threshold_or_NU_change,True,True,False,verified_threshold_only,neither,lost,neither,lost,False,False,False
k4,tau800,construct,cooperative,209,eval:209,eval:209:0:0,verified,verified,True,False,False,False,False,False,False,False,False,False,False,False,0.20165376174706928,0.04567079055566303,-0.15598297119140625,False,False,False,False,no_threshold_or_NU_change,True,True,False,verified_threshold_only,neither,gained,neither,gained,False,False,False
k4,tau800,construct,cooperative,210,eval:210,eval:210:0:0,not_converged,not_converged,False,False,True,True,False,False,False,False,False,False,False,False,-0.005978037894530885,0.03704030316992224,,False,True,False,True,not_both_verified,False,False,False,not_both_verified,neither,gained,neither,neither,False,False,False
k4,tau800,construct,cooperative,211,eval:211,eval:211:0:0,not_converged,not_converged,False,False,False,False,False,False,False,False,False,False,False,False,0.028457389418131918,0.15906690174723348,,False,False,False,False,not_both_verified,True,False,True,not_both_verified,neither,lost,neither,neither,False,False,False
k4,tau800,construct,cooperative,212,eval:212,eval:212:0:0,not_converged,not_converged,False,False,False,False,False,False,False,False,False,False,False,False,0.09885581180582648,0.10595591709147101,,False,False,False,False,not_both_verified,True,False,True,not_both_verified,neither,lost,neither,neither,False,False,False
k4,tau800,construct,cooperative,213,eval:213,eval:213:0:0,not_converged,verified,False,True,False,False,False,False,False,False,False,False,False,False,0.05851989481811515,0.016977364758300695,,False,False,False,False,verification_changed,False,False,False,verification_changed,neither,both,neither,gained,False,False,False
k4,tau800,construct,cooperative,214,eval:214,eval:214:0:0,verified,verified,True,False,False,False,False,False,False,False,False,False,False,False,-0.028059430517577866,-0.05075783292236302,-0.022698402404785156,False,False,False,False,no_threshold_or_NU_change,False,False,False,no_threshold_or_NU_change,both,both,both,both,False,False,False
k4,tau800,construct,cooperative,215,eval:215,eval:215:0:0,not_converged,not_converged,False,False,False,False,False,False,False,False,False,False,False,False,-0.011880542871704147,-0.011878397104492233,,False,False,False,False,not_both_verified,False,False,False,not_both_verified,both,both,neither,neither,False,False,False
k4,tau800,construct,cooperative,216,eval:216,eval:216:0:0,not_converged,not_converged,False,False,False,False,False,False,False,False,False,False,False,False,0.053765412973632465,0.06156217734741176,,False,False,False,False,not_both_verified,False,False,False,not_both_verified,neither,both,neither,neither,False,False,False
k4,tau800,construct,cooperative,217,eval:217,eval:217:0:0,not_converged,verified,False,True,False,False,False,False,False,False,False,False,False,False,0.007290079858885967,0.006934836176024639,,False,False,False,False,verification_changed,False,False,False,verification_changed,neither,both,neither,gained,False,False,False
k4,tau800,construct,cooperative,218,eval:218,eval:218:0:0,verified,not_converged,False,True,False,False,False,False,False,False,False,False,False,False,0.029616733942870788,0.030864139948730163,,False,False,False,False,verification_changed,False,False,False,verification_changed,neither,both,neither,lost,False,False,False
k4,tau800,construct,cooperative,219,eval:219,eval:219:0:0,not_converged,verified,False,True,False,False,False,False,False,False,False,False,False,False,0.6673448230200201,0.6234595920019537,,False,False,False,False,verification_changed,False,False,False,verification_changed,neither,neither,neither,neither,False,False,False
k4,tau800,construct,cooperative,220,eval:220,eval:220:0:0,verified,verified,True,False,True,True,False,False,False,False,False,False,False,False,0.06151501222412126,0.015130677659912273,-0.046384334564208984,False,False,False,False,NU_only,False,False,False,NU_only,neither,lost,neither,lost,False,False,False
k4,tau800,construct,cooperative,221,eval:221,eval:221:0:0,not_converged,not_converged,False,False,False,False,False,False,False,False,False,False,False,False,0.07514187811616324,0.006667585361036288,,False,False,False,False,not_both_verified,False,False,False,not_both_verified,neither,both,neither,neither,False,False,False
k4,tau800,construct,cooperative,222,eval:222,eval:222:0:0,not_converged,not_converged,False,False,False,False,False,False,False,False,False,False,False,False,0.11588090260009842,0.19362824757080155,,False,False,False,False,not_both_verified,False,False,False,not_both_verified,neither,neither,neither,neither,False,False,False
k4,tau800,construct,cooperative,223,eval:223,eval:223:0:0,not_converged,not_converged,False,False,False,False,False,False,False,False,False,False,False,False,0.042325773425292645,0.04243639964599577,,False,False,False,False,not_both_verified,False,False,False,not_both_verified,neither,both,neither,neither,False,False,False
k4,tau800,construct,cooperative,224,eval:224,eval:224:0:0,not_converged,not_converged,False,False,False,False,False,False,False,False,False,False,False,False,-0.009183297326660345,0.005645384619140437,,False,True,False,True,not_both_verified,False,False,False,not_both_verified,lost,both,neither,neither,False,False,False
k4,tau800,construct,cooperative,225,eval:225,eval:225:0:0,not_converged,not_converged,False,False,False,False,False,False,False,False,False,False,False,False,0.005689555670572943,0.020683461691691107,,False,False,False,False,not_both_verified,False,False,False,not_both_verified,neither,both,neither,neither,False,False,False
k4,tau800,construct,cooperative,226,eval:226,eval:226:0:0,verified,not_converged,False,True,False,False,False,False,False,False,False,False,False,False,0.20002605440615007,0.20103218080995866,,False,False,False,False,verification_changed,False,False,False,verification_changed,neither,neither,neither,neither,False,False,False
k4,tau800,construct,cooperative,227,eval:227,eval:227:0:0,not_converged,not_converged,False,False,False,False,False,False,False,False,False,False,False,False,0.05247913615259048,0.08230720774682876,,False,False,False,False,not_both_verified,False,False,False,not_both_verified,neither,both,neither,neither,False,False,False
k4,tau800,construct,cooperative,228,eval:228,eval:228:0:0,not_converged,not_converged,False,False,False,False,False,False,False,False,False,False,False,False,0.02270346029357917,0.022680333691406318,,False,False,False,False,not_both_verified,False,False,False,not_both_verified,neither,neither,neither,neither,False,False,False
k4,tau800,construct,cooperative,229,eval:229,eval:229:0:0,not_converged,not_converged,False,False,False,False,False,False,False,False,False,False,False,False,0.117076773644059,0.11697854518946915,,False,False,False,False,not_both_verified,False,False,False,not_both_verified,neither,neither,neither,neither,False,False,False
k4,tau800,construct,cooperative,230,eval:230,eval:230:0:0,verified,verified,True,False,False,False,False,False,False,False,False,False,False,False,0.10334675057251008,0.10751406891662629,0.004167318344116211,False,False,False,False,no_threshold_or_NU_change,False,False,False,no_threshold_or_NU_change,neither,neither,neither,neither,False,False,False
k4,tau800,construct,cooperative,231,eval:231,eval:231:0:0,not_converged,not_converged,False,False,False,False,False,False,False,False,False,False,False,False,0.2210636701464832,0.21068244837524297,,False,False,False,False,not_both_verified,False,False,False,not_both_verified,neither,neither,neither,neither,False,False,False
k4,tau800,construct,cooperative,232,eval:232,eval:232:0:0,not_converged,not_converged,False,False,False,False,False,False,False,False,False,False,False,False,0.06922086985880505,0.06703457148844372,,False,False,False,False,not_both_verified,False,False,False,not_both_verified,neither,both,neither,neither,False,False,False
k4,tau800,construct,cooperative,233,eval:233,eval:233:0:0,verified,verified,True,False,False,False,False,False,False,False,False,False,False,False,0.0266667915930201,0.026668698941652913,1.9073486328125e-06,False,False,False,False,no_threshold_or_NU_change,False,False,False,no_threshold_or_NU_change,neither,both,neither,both,False,False,False
k4,tau800,construct,cooperative,234,eval:234,eval:234:0:0,not_converged,not_converged,False,False,False,False,False,False,False,False,False,False,False,False,0.031140588505859768,0.032135270817871486,,False,False,False,False,not_both_verified,False,False,False,not_both_verified,neither,both,neither,neither,False,False,False
k4,tau800,construct,cooperative,235,eval:235,eval:235:0:0,not_converged,not_converged,False,False,False,False,False,False,False,False,False,False,False,False,0.024250746584472793,0.0243737705712892,,False,False,False,False,not_both_verified,False,False,False,not_both_verified,neither,both,neither,neither,False,False,False
k4,tau800,construct,cooperative,236,eval:236,eval:236:0:0,verified,verified,True,False,False,False,False,False,False,False,False,False,False,False,0.005482969648301861,0.0008895973033311577,-0.004593372344970703,False,False,False,False,no_threshold_or_NU_change,False,False,False,no_threshold_or_NU_change,neither,both,neither,both,False,False,False
k4,tau800,construct,cooperative,237,eval:237,eval:237:0:0,not_converged,not_converged,False,False,False,False,False,False,False,False,False,False,False,False,0.17941042185627865,0.1683706879695599,,False,False,False,False,not_both_verified,False,False,False,not_both_verified,neither,neither,neither,neither,False,False,False
k4,tau800,construct,cooperative,238,eval:238,eval:238:0:0,verified,verified,True,False,True,True,False,False,False,False,False,False,False,False,0.09078593075514085,0.000873754622938705,-0.08991217613220215,False,False,False,False,NU_only,False,False,False,NU_only,neither,lost,neither,lost,False,False,False
k4,tau800,construct,cooperative,239,eval:239,eval:239:0:0,verified,not_converged,False,True,False,False,False,False,False,False,False,False,False,False,0.10619780308756521,0.0643415141776531,,False,False,False,False,verification_changed,True,False,True,verification_changed,neither,gained,neither,neither,False,False,False
k4,tau800,construct,cooperative,240,eval:240,eval:240:0:0,not_converged,not_converged,False,False,False,False,False,False,False,False,False,False,False,False,0.14028538574639704,0.14035977234307673,,False,False,False,False,not_both_verified,False,False,False,not_both_verified,neither,neither,neither,neither,False,False,False
k4,tau800,construct,cooperative,241,eval:241,eval:241:0:0,verified,not_converged,False,True,False,False,False,False,False,False,False,False,False,False,0.010653712014704553,0.011211134652644006,,False,False,False,False,verification_changed,False,False,False,verification_changed,neither,neither,neither,neither,False,False,False
k4,tau800,construct,cooperative,242,eval:242,eval:242:0:0,verified,not_converged,False,True,False,False,False,False,False,False,False,False,False,False,0.05418598746386749,0.054906965247070616,,False,False,False,False,verification_changed,False,False,False,verification_changed,neither,both,neither,lost,False,False,False
k4,tau800,construct,cooperative,243,eval:243,eval:243:0:0,not_converged,not_converged,False,False,False,False,False,False,False,False,False,False,False,False,0.1782302121994519,0.24235336588597534,,False,False,False,False,not_both_verified,False,False,False,not_both_verified,neither,neither,neither,neither,False,False,False
k4,tau800,construct,cooperative,244,eval:244,eval:244:0:0,verified,not_converged,False,True,False,False,False,False,False,False,False,False,False,False,0.08658399682508833,0.03800335031019575,,False,False,False,False,verification_changed,False,False,False,verification_changed,neither,both,neither,lost,False,False,False
k4,tau800,construct,cooperative,245,eval:245,eval:245:0:0,verified,verified,False,False,True,True,True,False,False,True,True,False,False,True,,,,False,False,False,False,unknown_hull,False,False,False,unknown_hull,neither,neither,neither,neither,False,False,False
k4,tau800,construct,cooperative,246,eval:246,eval:246:0:0,not_converged,not_converged,False,False,False,False,False,False,False,False,False,False,False,False,0.06760964742825948,0.07946524969266378,,False,False,False,False,not_both_verified,False,False,False,not_both_verified,neither,both,neither,neither,False,False,False
k4,tau800,construct,cooperative,247,eval:247,eval:247:0:0,not_converged,not_converged,False,False,False,False,False,False,False,False,False,False,False,False,0.13721527271565837,0.15521539860066813,,False,False,False,False,not_both_verified,False,False,False,not_both_verified,neither,neither,neither,neither,False,False,False
k4,tau800,construct,cooperative,248,eval:248,eval:248:0:0,not_converged,not_converged,False,False,False,False,False,False,False,False,False,False,False,False,0.09819718724574233,0.0978552950033107,,True,False,False,False,not_both_verified,False,False,False,not_both_verified,neither,both,neither,neither,False,False,False
k4,tau800,construct,cooperative,249,eval:249,eval:249:0:0,not_converged,not_converged,False,False,False,False,False,False,False,False,False,False,False,False,0.6822120991931122,0.9653942433581513,,True,False,False,False,not_both_verified,False,False,False,not_both_verified,neither,neither,neither,neither,False,False,False
k4,tau800,construct,cooperative,250,eval:250,eval:250:0:0,verified,verified,True,False,False,False,False,False,False,False,False,False,False,False,-0.07285808737182631,-0.0721247118225099,0.0007333755493164062,False,False,False,False,no_threshold_or_NU_change,False,False,False,no_threshold_or_NU_change,both,both,both,both,False,False,False
k4,tau800,construct,cooperative,251,eval:251,eval:251:0:0,not_converged,not_converged,False,False,False,False,False,False,False,False,False,False,False,False,0.1978095400215647,0.16106876014485572,,False,False,False,False,not_both_verified,False,False,False,not_both_verified,neither,neither,neither,neither,False,False,False
k4,tau800,construct,cooperative,252,eval:252,eval:252:0:0,not_converged,not_converged,False,False,False,False,False,False,False,False,False,False,False,False,0.04701056534068293,0.04699363762156672,,False,False,False,False,not_both_verified,False,False,False,not_both_verified,neither,both,neither,neither,False,False,False
k4,tau800,construct,cooperative,253,eval:253,eval:253:0:0,not_converged,not_converged,False,False,False,False,False,False,False,True,True,False,False,True,,,,False,False,False,False,unknown_hull,False,False,False,unknown_hull,neither,neither,neither,neither,False,False,False
k4,tau800,construct,cooperative,254,eval:254,eval:254:0:0,verified,not_converged,False,True,False,False,False,False,False,False,False,False,False,False,0.0484533834487646,0.045518927577182566,,False,False,False,False,verification_changed,False,False,False,verification_changed,neither,both,neither,lost,False,False,False
k4,tau800,construct,cooperative,255,eval:255,eval:255:0:0,verified,verified,True,False,False,False,False,False,False,False,False,False,False,False,-0.005205854666991527,-0.004722341788573559,0.00048351287841796875,False,False,False,False,no_threshold_or_NU_change,False,False,False,no_threshold_or_NU_change,both,both,both,both,False,False,False
k4,tau800,cooperative,closure,0,eval:0,eval:0:0:0,not_converged,not_converged,False,False,False,False,False,False,False,False,False,False,False,False,0.10443296095434551,0.07988586088720684,,False,False,False,False,not_both_verified,True,False,True,not_both_verified,neither,gained,neither,neither,False,False,False
k4,tau800,cooperative,closure,1,eval:1,eval:1:0:0,verified,verified,True,False,False,False,False,False,False,False,False,False,False,False,0.2686700237622066,0.2686700237622066,0.0,True,False,False,False,no_threshold_or_NU_change,False,False,False,no_threshold_or_NU_change,neither,neither,neither,neither,False,False,False
k4,tau800,cooperative,closure,2,eval:2,eval:2:0:0,not_converged,not_converged,False,False,False,False,False,False,False,False,False,False,False,False,0.4076450616655629,0.23102791612723284,,False,False,False,False,not_both_verified,False,False,False,not_both_verified,neither,neither,neither,neither,False,False,False
k4,tau800,cooperative,closure,3,eval:3,eval:3:0:0,not_converged,verified,False,True,False,False,False,False,False,False,False,False,False,False,0.15011965486301015,0.09591662141574453,,False,False,False,False,verification_changed,True,False,True,verification_changed,neither,gained,neither,gained,False,False,False
k4,tau800,cooperative,closure,4,eval:4,eval:4:0:0,verified,verified,True,False,False,False,False,False,False,False,False,False,False,False,0.09169850843994176,0.0923150588854984,0.0006165504455566406,False,False,False,False,no_threshold_or_NU_change,False,False,False,no_threshold_or_NU_change,neither,both,neither,both,False,False,False
k4,tau800,cooperative,closure,5,eval:5,eval:5:0:0,not_converged,not_converged,False,False,False,False,False,False,False,False,False,False,False,False,0.2297896436596547,0.4230889371777211,,False,False,False,False,not_both_verified,False,False,False,not_both_verified,neither,neither,neither,neither,False,False,False
k4,tau800,cooperative,closure,6,eval:6,eval:6:0:0,not_converged,not_converged,False,False,False,False,False,False,False,False,False,False,False,False,-0.018277982300753948,-0.0180419479074434,,False,False,False,False,not_both_verified,False,False,False,not_both_verified,neither,neither,neither,neither,False,False,False
k4,tau800,cooperative,closure,7,eval:7,eval:7:0:0,verified,verified,True,False,False,False,False,False,False,False,False,False,False,False,0.02136080639403204,0.04100029842894415,0.01963949203491211,False,False,False,False,no_threshold_or_NU_change,False,False,False,no_threshold_or_NU_change,neither,both,neither,both,False,False,False
k4,tau800,cooperative,closure,8,eval:8,eval:8:0:0,verified,not_converged,False,True,False,False,False,False,False,False,False,False,False,False,0.022170958247476946,0.06991713973551406,,False,False,False,False,verification_changed,False,False,False,verification_changed,neither,both,neither,lost,False,False,False
k4,tau800,cooperative,closure,9,eval:9,eval:9:0:0,verified,verified,True,False,False,False,False,False,False,False,False,False,False,False,0.11122596143916219,0.08325326322749227,-0.027972698211669922,False,False,False,False,no_threshold_or_NU_change,True,True,False,verified_threshold_only,neither,gained,neither,gained,False,False,False
k4,tau800,cooperative,closure,10,eval:10,eval:10:0:0,not_converged,verified,False,True,False,False,False,False,False,False,False,False,False,False,0.09306184048394073,0.09264794583062042,,False,False,False,False,verification_changed,False,False,False,verification_changed,neither,both,neither,gained,False,False,False
k4,tau800,cooperative,closure,11,eval:11,eval:11:0:0,not_converged,not_converged,False,False,False,False,False,False,False,False,False,False,False,False,0.37775627542163104,0.5014487879338381,,False,False,False,False,not_both_verified,False,False,False,not_both_verified,neither,neither,neither,neither,False,False,False
k4,tau800,cooperative,closure,12,eval:12,eval:12:0:0,verified,verified,True,False,False,False,False,False,False,False,False,False,False,False,-0.008190122580566062,-0.008190122580566062,0.0,False,False,False,False,no_threshold_or_NU_change,False,False,False,no_threshold_or_NU_change,neither,neither,neither,neither,False,False,False
k4,tau800,cooperative,closure,13,eval:13,eval:13:0:0,not_converged,not_converged,False,False,False,False,False,False,False,False,False,False,False,False,0.028460066444091936,0.028459589606933733,,False,False,False,False,not_both_verified,False,False,False,not_both_verified,neither,both,neither,neither,False,False,False
k4,tau800,cooperative,closure,14,eval:14,eval:14:0:0,verified,not_converged,False,True,False,False,False,False,False,False,False,False,False,False,0.032146420646566476,0.09152075307454499,,False,False,False,False,verification_changed,False,False,False,verification_changed,neither,both,neither,lost,False,False,False
k4,tau800,cooperative,closure,15,eval:15,eval:15:0:0,not_converged,not_converged,False,False,False,False,False,False,False,False,False,False,False,False,0.12230424641371052,0.18482236622572223,,False,False,False,False,not_both_verified,False,False,False,not_both_verified,neither,neither,neither,neither,False,False,False
k4,tau800,cooperative,closure,16,eval:16,eval:16:0:0,verified,verified,False,False,False,False,False,False,False,True,True,False,False,True,,,,False,False,False,False,unknown_hull,False,False,False,unknown_hull,neither,neither,neither,neither,False,False,False
k4,tau800,cooperative,closure,17,eval:17,eval:17:0:0,not_converged,not_converged,False,False,True,True,False,False,False,False,False,False,False,False,0.027565758688555597,0.1024563722444638,,False,False,False,False,not_both_verified,True,False,True,not_both_verified,neither,neither,neither,neither,False,False,False
k4,tau800,cooperative,closure,18,eval:18,eval:18:0:0,not_converged,not_converged,False,False,False,False,False,False,False,False,False,False,False,False,0.2636922983520513,0.15744844955139214,,False,False,False,False,not_both_verified,False,False,False,not_both_verified,neither,neither,neither,neither,False,False,False
k4,tau800,cooperative,closure,19,eval:19,eval:19:0:0,not_converged,not_converged,False,False,False,False,False,False,False,False,False,False,False,False,0.05914891202024908,0.06591952282957525,,False,False,False,False,not_both_verified,False,False,False,not_both_verified,neither,both,neither,neither,False,False,False
k4,tau800,cooperative,closure,20,eval:20,eval:20:0:0,not_converged,not_converged,False,False,False,False,False,False,False,False,False,False,False,False,0.05596391836743031,0.05571262518505726,,False,False,False,False,not_both_verified,False,False,False,not_both_verified,neither,both,neither,neither,False,False,False
k4,tau800,cooperative,closure,21,eval:21,eval:21:0:0,verified,verified,True,False,False,False,False,False,False,False,False,False,False,False,0.0354072353906254,0.035407712227783605,4.76837158203125e-07,False,False,False,False,no_threshold_or_NU_change,False,False,False,no_threshold_or_NU_change,neither,neither,neither,neither,False,False,False
k4,tau800,cooperative,closure,22,eval:22,eval:22:0:0,not_converged,not_converged,False,False,False,False,False,False,False,False,False,False,False,False,0.4708215137329095,0.47087921102905206,,False,False,False,False,not_both_verified,False,False,False,not_both_verified,neither,neither,neither,neither,False,False,False
k4,tau800,cooperative,closure,23,eval:23,eval:23:0:0,not_converged,invalid_raw,False,False,False,False,False,False,True,False,False,False,False,True,0.2775020598286133,,,False,False,False,False,terminal_energy_unavailable,False,False,False,terminal_energy_unavailable,neither,neither,neither,neither,False,False,False
k4,tau800,cooperative,closure,24,eval:24,eval:24:0:0,not_converged,not_converged,False,False,False,False,False,False,False,False,False,False,False,False,0.24276173219028863,0.17782509431187066,,False,False,False,False,not_both_verified,False,False,False,not_both_verified,neither,neither,neither,neither,False,False,False
k4,tau800,cooperative,closure,25,eval:25,eval:25:0:0,not_converged,not_converged,False,False,False,False,False,False,False,False,False,False,False,False,0.09847780192439082,0.06928249323908808,,False,False,False,False,not_both_verified,False,False,False,not_both_verified,neither,both,neither,neither,False,False,False
k4,tau800,cooperative,closure,26,eval:26,eval:26:0:0,not_converged,verified,False,True,False,False,False,False,False,False,False,False,False,False,0.01866005009326166,0.01841877049121088,,False,False,False,False,verification_changed,False,False,False,verification_changed,neither,neither,neither,neither,False,False,False
k4,tau800,cooperative,closure,27,eval:27,eval:27:0:0,verified,verified,True,False,False,False,False,False,False,False,False,False,False,False,0.07736743731451101,0.01467336459112234,-0.06269407272338867,False,False,False,False,no_threshold_or_NU_change,False,False,False,no_threshold_or_NU_change,neither,both,neither,both,False,False,False
k4,tau800,cooperative,closure,28,eval:28,eval:28:0:0,not_converged,not_converged,False,False,False,False,False,False,False,False,False,False,False,False,0.021534707210769,0.021565224788894,,False,False,False,False,not_both_verified,False,False,False,not_both_verified,neither,both,neither,neither,False,False,False
k4,tau800,cooperative,closure,29,eval:29,eval:29:0:0,not_converged,verified,False,True,True,True,False,False,False,False,False,False,False,False,0.0011963414027622576,0.3115629719569615,,False,False,False,False,verification_changed,True,False,True,verification_changed,neither,neither,neither,neither,False,False,False
k4,tau800,cooperative,closure,30,eval:30,eval:30:0:0,not_converged,verified,False,True,False,False,False,False,False,False,False,False,False,False,0.1926115215410702,0.18250591164727137,,False,False,False,False,verification_changed,False,False,False,verification_changed,neither,neither,neither,neither,False,False,False
k4,tau800,cooperative,closure,31,eval:31,eval:31:0:0,not_converged,not_converged,False,False,False,False,False,False,False,False,False,False,False,False,0.3488426823775228,0.34887892200154624,,False,False,False,False,not_both_verified,False,False,False,not_both_verified,neither,neither,neither,neither,False,False,False
k4,tau800,cooperative,closure,32,eval:32,eval:32:0:0,verified,verified,True,False,False,False,False,False,False,False,False,False,False,False,0.12454216787027939,0.1986579210441075,0.07411575317382812,False,False,False,False,no_threshold_or_NU_change,False,False,False,no_threshold_or_NU_change,neither,neither,neither,neither,False,False,False
k4,tau800,cooperative,closure,33,eval:33,eval:33:0:0,verified,verified,True,False,False,False,False,False,False,False,False,False,False,False,0.09695428407755546,0.0969442704972332,-1.0013580322265625e-05,False,False,False,False,no_threshold_or_NU_change,False,False,False,no_threshold_or_NU_change,neither,both,neither,both,False,False,False
k4,tau800,cooperative,closure,34,eval:34,eval:34:0:0,not_converged,verified,False,True,False,False,False,False,False,False,False,False,False,False,0.05393994480957032,0.050158626145019536,,False,False,False,False,verification_changed,False,False,False,verification_changed,neither,neither,neither,neither,False,False,False
k4,tau800,cooperative,closure,35,eval:35,eval:35:0:0,verified,verified,True,False,False,False,False,False,False,False,False,False,False,False,-0.0032649765864336544,-0.0030971299067461544,0.0001678466796875,False,False,False,False,no_threshold_or_NU_change,False,False,False,no_threshold_or_NU_change,both,both,both,both,False,False,False
k4,tau800,cooperative,closure,36,eval:36,eval:36:0:0,verified,verified,True,False,False,False,False,False,False,False,False,False,False,False,0.009453505642483151,0.009358615048000729,-9.489059448242188e-05,False,False,False,False,no_threshold_or_NU_change,False,False,False,no_threshold_or_NU_change,neither,neither,neither,neither,False,False,False
k4,tau800,cooperative,closure,37,eval:37,eval:37:0:0,not_converged,not_converged,False,False,False,False,False,False,False,False,False,False,False,False,0.26988545957933496,0.2698463589323623,,False,False,False,False,not_both_verified,False,False,False,not_both_verified,neither,neither,neither,neither,False,False,False
k4,tau800,cooperative,closure,38,eval:38,eval:38:0:0,not_converged,not_converged,False,False,False,False,False,False,False,False,False,False,False,False,0.18173908908278236,-0.0073874024638485025,,False,True,False,True,not_both_verified,True,False,True,not_both_verified,gained,gained,neither,neither,False,False,False
k4,tau800,cooperative,closure,39,eval:39,eval:39:0:0,verified,verified,True,False,False,False,False,False,False,False,False,False,False,False,0.13793841848372423,0.13795701513289416,1.8596649169921875e-05,False,False,False,False,no_threshold_or_NU_change,False,False,False,no_threshold_or_NU_change,neither,neither,neither,neither,False,False,False
k4,tau800,cooperative,closure,40,eval:40,eval:40:0:0,not_converged,verified,False,True,False,False,False,False,False,False,False,False,False,False,0.05121282008569317,0.05113509562890606,,False,False,False,False,verification_changed,False,False,False,verification_changed,neither,neither,neither,neither,False,False,False
k4,tau800,cooperative,closure,41,eval:41,eval:41:0:0,verified,verified,True,False,False,False,False,False,False,False,False,False,False,False,0.10393641992940328,0.02439259096516988,-0.0795438289642334,False,False,False,False,no_threshold_or_NU_change,True,True,False,verified_threshold_only,neither,gained,neither,gained,False,False,False
k4,tau800,cooperative,closure,42,eval:42,eval:42:0:0,not_converged,not_converged,False,False,False,False,False,False,False,False,False,False,False,False,0.32523627207017647,0.29778475687242256,,False,False,False,False,not_both_verified,False,False,False,not_both_verified,neither,neither,neither,neither,False,False,False
k4,tau800,cooperative,closure,43,eval:43,eval:43:0:0,not_converged,not_converged,False,False,True,True,False,False,False,False,False,False,False,False,0.09080294822021528,0.0491483614282231,,False,False,False,False,not_both_verified,False,False,False,not_both_verified,neither,lost,neither,neither,False,False,False
k4,tau800,cooperative,closure,44,eval:44,eval:44:0:0,not_converged,verified,False,True,False,False,False,False,False,False,False,False,False,False,0.28005959632812427,0.2763068878930657,,False,False,False,False,verification_changed,False,False,False,verification_changed,neither,neither,neither,neither,False,False,False
k4,tau800,cooperative,closure,45,eval:45,eval:45:0:0,not_converged,not_converged,False,False,False,False,False,False,False,False,False,False,False,False,0.142216281891276,0.14684446334879553,,False,False,False,False,not_both_verified,False,False,False,not_both_verified,neither,neither,neither,neither,False,False,False
k4,tau800,cooperative,closure,46,eval:46,eval:46:0:0,verified,verified,True,False,False,False,False,False,False,False,False,False,False,False,-0.015469840750732544,-0.015453151450195435,1.6689300537109375e-05,False,False,False,False,no_threshold_or_NU_change,False,False,False,no_threshold_or_NU_change,both,both,both,both,False,False,False
k4,tau800,cooperative,closure,47,eval:47,eval:47:0:0,not_converged,not_converged,False,False,False,False,False,False,False,False,False,False,False,False,0.1749488143601452,0.17500126644754754,,False,False,False,False,not_both_verified,False,False,False,not_both_verified,neither,neither,neither,neither,False,False,False
k4,tau800,cooperative,closure,48,eval:48,eval:48:0:0,verified,not_converged,False,True,False,False,False,False,False,False,False,False,False,False,0.12108309454973387,0.06611139960344481,,False,False,False,False,verification_changed,True,False,True,verification_changed,neither,gained,neither,neither,False,False,False
k4,tau800,cooperative,closure,49,eval:49,eval:49:0:0,verified,verified,True,False,False,False,False,False,False,False,False,False,False,False,0.4747614594381666,0.7357053490560865,0.2609438896179199,False,False,False,False,no_threshold_or_NU_change,False,False,False,no_threshold_or_NU_change,neither,neither,neither,neither,False,False,False
k4,tau800,cooperative,closure,50,eval:50,eval:50:0:0,not_converged,not_converged,False,False,False,False,False,False,False,False,False,False,False,False,1.071576097367351,0.48844955241495835,,False,False,False,False,not_both_verified,False,False,False,not_both_verified,neither,neither,neither,neither,False,False,False
k4,tau800,cooperative,closure,51,eval:51,eval:51:0:0,not_converged,not_converged,False,False,False,False,False,False,False,False,False,False,False,False,0.06558079286645757,-0.0336118264572729,,False,True,False,True,not_both_verified,False,False,False,not_both_verified,gained,both,neither,neither,False,False,False
k4,tau800,cooperative,closure,52,eval:52,eval:52:0:0,not_converged,not_converged,False,False,False,False,False,False,False,False,False,False,False,False,0.17394515258188825,0.09424515944834333,,False,False,False,False,not_both_verified,True,False,True,not_both_verified,neither,gained,neither,neither,False,False,False
k4,tau800,cooperative,closure,53,eval:53,eval:53:0:0,verified,verified,True,False,False,False,False,False,False,False,False,False,False,False,0.10202100212280296,0.08762004310791038,-0.014400959014892578,False,False,False,False,no_threshold_or_NU_change,True,True,False,verified_threshold_only,neither,gained,neither,gained,False,False,False
k4,tau800,cooperative,closure,54,eval:54,eval:54:0:0,not_converged,verified,False,True,False,False,False,False,False,False,False,False,False,False,0.07590595798375865,0.062275329397943224,,False,False,False,False,verification_changed,False,False,False,verification_changed,neither,both,neither,gained,False,False,False
k4,tau800,cooperative,closure,55,eval:55,eval:55:0:0,not_converged,verified,False,True,False,False,False,False,False,False,False,False,False,False,-0.006142704464111581,-0.0021873402368166595,,False,False,False,False,verification_changed,False,False,False,verification_changed,both,both,gained,gained,False,False,False
k4,tau800,cooperative,closure,56,eval:56,eval:56:0:0,not_converged,verified,False,True,False,False,False,False,False,False,False,False,False,False,0.29439682037806847,0.2622084048507247,,False,False,False,False,verification_changed,False,False,False,verification_changed,neither,neither,neither,neither,False,False,False
k4,tau800,cooperative,closure,57,eval:57,eval:57:0:0,verified,verified,True,False,False,False,False,False,False,False,False,False,False,False,0.043353674816326127,0.04329645435734175,-5.7220458984375e-05,False,False,False,False,no_threshold_or_NU_change,False,False,False,no_threshold_or_NU_change,neither,both,neither,both,False,False,False
k4,tau800,cooperative,closure,58,eval:58,eval:58:0:0,verified,verified,True,False,False,False,False,False,False,False,False,False,False,False,0.07678235632527652,0.07771266562093082,0.0009303092956542969,False,False,False,False,no_threshold_or_NU_change,False,False,False,no_threshold_or_NU_change,neither,both,neither,both,False,False,False
k4,tau800,cooperative,closure,59,eval:59,eval:59:0:0,verified,not_converged,False,True,False,False,False,False,False,False,False,False,False,False,0.13017975279450678,0.16711389013886713,,False,False,False,False,verification_changed,False,False,False,verification_changed,neither,neither,neither,neither,False,False,False
k4,tau800,cooperative,closure,60,eval:60,eval:60:0:0,not_converged,not_converged,False,False,False,False,False,False,False,False,False,False,False,False,-0.1002512350769047,-0.06067613513183634,,False,False,False,False,not_both_verified,False,False,False,not_both_verified,both,both,neither,neither,False,False,False
k4,tau800,cooperative,closure,61,eval:61,eval:61:0:0,not_converged,verified,False,True,False,False,False,False,False,False,False,False,False,False,0.18066506595866194,0.04087929935709944,,False,False,False,False,verification_changed,True,False,True,verification_changed,neither,gained,neither,gained,False,False,False
k4,tau800,cooperative,closure,62,eval:62,eval:62:0:0,verified,not_converged,False,True,False,False,False,False,False,False,False,False,False,False,0.07595098494070918,0.05789077757376582,,False,False,False,False,verification_changed,False,False,False,verification_changed,neither,both,neither,lost,False,False,False
k4,tau800,cooperative,closure,63,eval:63,eval:63:0:0,verified,not_converged,False,True,False,False,False,False,False,False,False,False,False,False,0.11445460564093679,0.10512743240790456,,False,False,False,False,verification_changed,False,False,False,verification_changed,neither,neither,neither,neither,False,False,False
k4,tau800,cooperative,closure,64,eval:64,eval:64:0:0,verified,not_converged,False,True,False,False,False,False,False,False,False,False,False,False,0.19842083773803765,0.12409575305175835,,False,False,False,False,verification_changed,False,False,False,verification_changed,neither,neither,neither,neither,False,False,False
k4,tau800,cooperative,closure,65,eval:65,eval:65:0:0,verified,not_converged,False,True,True,True,False,False,False,False,False,False,False,False,0.04925575704445162,0.050153402994769,,False,False,False,False,verification_changed,False,False,False,verification_changed,neither,gained,neither,neither,False,False,False
k4,tau800,cooperative,closure,66,eval:66,eval:66:0:0,verified,verified,True,False,False,False,False,False,False,False,False,False,False,False,-0.026333702552084226,-0.026294125067953367,3.9577484130859375e-05,False,False,False,False,no_threshold_or_NU_change,False,False,False,no_threshold_or_NU_change,both,both,both,both,False,False,False
k4,tau800,cooperative,closure,67,eval:67,eval:67:0:0,not_converged,verified,False,True,False,False,False,False,False,False,False,False,False,False,0.0709604157653807,0.09241570369873031,,False,False,False,False,verification_changed,False,False,False,verification_changed,neither,both,neither,gained,False,False,False
k4,tau800,cooperative,closure,68,eval:68,eval:68:0:0,verified,verified,True,False,False,False,False,False,False,False,False,False,False,False,0.016793217636243973,-0.004356894515855636,-0.02115011215209961,False,True,True,False,verified_threshold_only,False,False,False,no_threshold_or_NU_change,gained,both,gained,both,False,False,False
k4,tau800,cooperative,closure,69,eval:69,eval:69:0:0,generation_failure,generation_failure,False,False,False,False,False,True,False,False,True,True,False,True,,,,,False,False,False,generation_or_parse_unavailable,False,False,False,generation_or_parse_unavailable,neither,neither,neither,neither,False,False,False
k4,tau800,cooperative,closure,70,eval:70,eval:70:0:0,not_converged,not_converged,False,False,False,False,False,False,False,False,False,False,False,False,0.1404480799121095,0.14045523246948255,,False,False,False,False,not_both_verified,False,False,False,not_both_verified,neither,neither,neither,neither,False,False,False
k4,tau800,cooperative,closure,71,eval:71,eval:71:0:0,verified,verified,True,False,False,False,False,False,False,False,False,False,False,False,0.03218712411336222,0.032175680021565345,-1.1444091796875e-05,False,False,False,False,no_threshold_or_NU_change,False,False,False,no_threshold_or_NU_change,neither,neither,neither,neither,False,False,False
k4,tau800,cooperative,closure,72,eval:72,eval:72:0:0,not_converged,not_converged,False,False,False,False,False,False,False,False,False,False,False,False,0.017001370288086015,0.016950825549316484,,False,False,False,False,not_both_verified,False,False,False,not_both_verified,neither,neither,neither,neither,False,False,False
k4,tau800,cooperative,closure,73,eval:73,eval:73:0:0,not_converged,not_converged,False,False,False,False,False,False,False,False,False,False,False,False,0.31873917066846325,0.26149057829175426,,False,False,False,False,not_both_verified,False,False,False,not_both_verified,neither,neither,neither,neither,False,False,False
k4,tau800,cooperative,closure,74,eval:74,eval:74:0:0,verified,verified,True,False,False,False,False,False,False,False,False,False,False,False,0.10210505537963854,0.10210457854248034,-4.76837158203125e-07,False,False,False,False,no_threshold_or_NU_change,False,False,False,no_threshold_or_NU_change,neither,neither,neither,neither,False,False,False
k4,tau800,cooperative,closure,75,eval:75,eval:75:0:0,verified,verified,True,False,False,False,False,False,False,False,False,False,False,False,0.07393074371496589,0.07393122055212409,4.76837158203125e-07,False,False,False,False,no_threshold_or_NU_change,False,False,False,no_threshold_or_NU_change,neither,neither,neither,neither,False,False,False
k4,tau800,cooperative,closure,76,eval:76,eval:76:0:0,not_converged,not_converged,False,False,False,False,False,False,False,False,False,False,False,False,0.3255861915970879,0.39071976322184376,,False,False,False,False,not_both_verified,False,False,False,not_both_verified,neither,neither,neither,neither,False,False,False
k4,tau800,cooperative,closure,77,eval:77,eval:77:0:0,not_converged,not_converged,False,False,False,False,False,False,False,False,False,False,False,False,0.045612008021646666,0.04560819332438104,,False,False,False,False,not_both_verified,False,False,False,not_both_verified,neither,neither,neither,neither,False,False,False
k4,tau800,cooperative,closure,78,eval:78,eval:78:0:0,verified,not_converged,False,True,False,False,False,False,False,False,False,False,False,False,0.4330547569842249,0.3661888359637171,,False,False,False,False,verification_changed,False,False,False,verification_changed,neither,neither,neither,neither,False,False,False
k4,tau800,cooperative,closure,79,eval:79,eval:79:0:0,not_converged,not_converged,False,False,False,False,False,False,False,False,False,False,False,False,0.045810209437499694,0.10200451485742157,,False,False,False,False,not_both_verified,True,False,True,not_both_verified,neither,lost,neither,neither,False,False,False
k4,tau800,cooperative,closure,80,eval:80,eval:80:0:0,verified,verified,True,False,False,False,False,False,False,False,False,False,False,False,0.031134187322997775,0.031134187322997775,0.0,False,False,False,False,no_threshold_or_NU_change,False,False,False,no_threshold_or_NU_change,neither,both,neither,both,False,False,False
k4,tau800,cooperative,closure,81,eval:81,eval:81:0:0,verified,verified,True,False,False,False,False,False,False,False,False,False,False,False,0.07671366479397346,0.12672100808620979,0.05000734329223633,False,False,False,False,no_threshold_or_NU_change,True,True,False,verified_threshold_only,neither,lost,neither,lost,False,False,False
k4,tau800,cooperative,closure,82,eval:82,eval:82:0:0,verified,verified,True,False,False,False,False,False,False,False,False,False,False,False,0.0666418031999716,0.0666352466890463,-6.556510925292969e-06,False,False,False,False,no_threshold_or_NU_change,False,False,False,no_threshold_or_NU_change,neither,both,neither,both,False,False,False
k4,tau800,cooperative,closure,83,eval:83,eval:83:0:0,not_converged,not_converged,False,False,False,False,False,False,False,False,False,False,False,False,0.2887607194161337,0.28056293499230556,,False,False,False,False,not_both_verified,False,False,False,not_both_verified,neither,neither,neither,neither,False,False,False
k4,tau800,cooperative,closure,84,eval:84,eval:84:0:0,not_converged,not_converged,False,False,False,False,False,False,False,False,False,False,False,False,0.017102045438477376,0.016963285825440266,,False,False,False,False,not_both_verified,False,False,False,not_both_verified,neither,both,neither,neither,False,False,False
k4,tau800,cooperative,closure,85,eval:85,eval:85:0:0,not_converged,not_converged,False,False,False,False,False,False,False,False,False,False,False,False,0.052201261601969584,0.05220078476481138,,False,False,False,False,not_both_verified,False,False,False,not_both_verified,neither,both,neither,neither,False,False,False
k4,tau800,cooperative,closure,86,eval:86,eval:86:0:0,not_converged,not_converged,False,False,False,False,False,False,False,False,False,False,False,False,0.14102842814005445,0.25788166529215406,,False,False,False,False,not_both_verified,False,False,False,not_both_verified,neither,neither,neither,neither,False,False,False
k4,tau800,cooperative,closure,87,eval:87,eval:87:0:0,not_converged,not_converged,False,False,False,False,False,False,False,False,False,False,False,False,0.15803830971799115,0.16906469216428022,,False,False,False,False,not_both_verified,False,False,False,not_both_verified,neither,neither,neither,neither,False,False,False
k4,tau800,cooperative,closure,88,eval:88,eval:88:0:0,verified,verified,True,False,False,False,False,False,False,False,False,False,False,False,-0.005282844936523645,-0.005282844936523645,0.0,False,False,False,False,no_threshold_or_NU_change,False,False,False,no_threshold_or_NU_change,both,both,both,both,False,False,False
k4,tau800,cooperative,closure,89,eval:89,eval:89:0:0,not_converged,not_converged,False,False,False,False,False,False,False,False,False,False,False,False,0.0976894888872577,0.08749280309624208,,False,False,False,False,not_both_verified,False,False,False,not_both_verified,neither,both,neither,neither,False,False,False
k4,tau800,cooperative,closure,90,eval:90,eval:90:0:0,not_converged,not_converged,False,False,False,False,False,False,False,False,False,False,False,False,0.10543341577625398,0.10366005838489656,,False,False,False,False,not_both_verified,False,False,False,not_both_verified,neither,neither,neither,neither,False,False,False
k4,tau800,cooperative,closure,91,eval:91,eval:91:0:0,not_converged,not_converged,False,False,False,False,False,False,False,False,False,False,False,False,0.16503343124145342,0.1135474159216292,,False,False,False,False,not_both_verified,False,False,False,not_both_verified,neither,neither,neither,neither,False,False,False
k4,tau800,cooperative,closure,92,eval:92,eval:92:0:0,not_converged,not_converged,False,False,False,False,False,False,False,False,False,False,False,False,0.04790310949804688,0.04780964941503907,,False,False,False,False,not_both_verified,False,False,False,not_both_verified,neither,both,neither,neither,False,False,False
k4,tau800,cooperative,closure,93,eval:93,eval:93:0:0,not_converged,not_converged,False,False,False,False,False,False,False,False,False,False,False,False,0.17229334353027337,0.3067852640014648,,False,False,False,False,not_both_verified,False,False,False,not_both_verified,neither,neither,neither,neither,False,False,False
k4,tau800,cooperative,closure,94,eval:94,eval:94:0:0,not_converged,not_converged,False,False,False,False,False,False,False,False,False,False,False,False,0.14426680878963172,0.09441539124812781,,False,False,False,False,not_both_verified,True,False,True,not_both_verified,neither,gained,neither,neither,False,False,False
k4,tau800,cooperative,closure,95,eval:95,eval:95:0:0,not_converged,not_converged,False,False,False,False,False,False,False,False,False,False,False,False,0.10357564012158171,0.07183402101147429,,False,False,False,False,not_both_verified,True,False,True,not_both_verified,neither,gained,neither,neither,False,False,False
k4,tau800,cooperative,closure,96,eval:96,eval:96:0:0,verified,verified,True,False,False,False,False,False,False,False,False,False,False,False,0.030355555140380908,0.03035722407043462,1.6689300537109375e-06,False,False,False,False,no_threshold_or_NU_change,False,False,False,no_threshold_or_NU_change,neither,neither,neither,neither,False,False,False
k4,tau800,cooperative,closure,97,eval:97,eval:97:0:0,not_converged,verified,False,True,False,False,False,False,False,False,False,False,False,False,0.05513964836059548,0.05496655647216775,,False,False,False,False,verification_changed,False,False,False,verification_changed,neither,both,neither,gained,False,False,False
k4,tau800,cooperative,closure,98,eval:98,eval:98:0:0,not_converged,not_converged,False,False,False,False,False,False,False,False,False,False,False,False,0.044521410912272685,0.044699748009440654,,False,False,False,False,not_both_verified,False,False,False,not_both_verified,neither,both,neither,neither,False,False,False
k4,tau800,cooperative,closure,99,eval:99,eval:99:0:0,not_converged,not_converged,False,False,False,False,False,False,False,False,False,False,False,False,0.1285828106397613,0.15433487820567926,,False,False,False,False,not_both_verified,False,False,False,not_both_verified,neither,neither,neither,neither,False,False,False
k4,tau800,cooperative,closure,100,eval:100,eval:100:0:0,not_converged,verified,False,True,False,False,False,False,False,False,False,False,False,False,0.26789284463782614,0.2757763933743984,,False,False,False,False,verification_changed,False,False,False,verification_changed,neither,neither,neither,neither,False,False,False
k4,tau800,cooperative,closure,101,eval:101,eval:101:0:0,not_converged,not_converged,False,False,False,False,False,False,False,False,False,False,False,False,0.011672752638917316,0.011610286971192707,,False,False,False,False,not_both_verified,False,False,False,not_both_verified,neither,both,neither,neither,False,False,False
k4,tau800,cooperative,closure,102,eval:102,eval:102:0:0,not_converged,not_converged,False,False,True,True,False,False,False,False,False,False,False,False,0.11441678061767568,0.020828905251464747,,False,False,False,False,not_both_verified,True,False,True,not_both_verified,neither,neither,neither,neither,False,False,False
k4,tau800,cooperative,closure,103,eval:103,eval:103:0:0,verified,not_converged,False,True,False,False,False,False,False,True,True,False,False,True,,,,False,False,False,False,unknown_hull,False,False,False,unknown_hull,neither,neither,neither,neither,False,False,False
k4,tau800,cooperative,closure,104,eval:104,eval:104:0:0,not_converged,not_converged,False,False,False,False,False,False,False,False,False,False,False,False,0.10922810969699448,0.1057214492355687,,False,False,False,False,not_both_verified,False,False,False,not_both_verified,neither,neither,neither,neither,False,False,False
k4,tau800,cooperative,closure,105,eval:105,eval:105:0:0,verified,verified,True,False,False,False,False,False,False,False,False,False,False,False,0.034374787352295044,0.03464706136962903,0.0002722740173339844,False,False,False,False,no_threshold_or_NU_change,False,False,False,no_threshold_or_NU_change,neither,both,neither,both,False,False,False
k4,tau800,cooperative,closure,106,eval:106,eval:106:0:0,not_converged,verified,False,True,False,False,False,False,False,False,False,False,False,False,0.10311712832248254,0.04467119784152551,,False,False,False,False,verification_changed,True,False,True,verification_changed,neither,gained,neither,gained,False,False,False
k4,tau800,cooperative,closure,107,eval:107,eval:107:0:0,verified,verified,True,False,False,False,False,False,False,False,False,False,False,False,0.03940609090209879,0.07669451825500406,0.03728842735290527,False,False,False,False,no_threshold_or_NU_change,False,False,False,no_threshold_or_NU_change,neither,both,neither,both,False,False,False
k4,tau800,cooperative,closure,108,eval:108,eval:108:0:0,verified,not_converged,False,True,False,False,False,False,False,False,False,False,False,False,0.10968641389099076,0.10995558846679643,,False,False,False,False,verification_changed,False,False,False,verification_changed,neither,neither,neither,neither,False,False,False
k4,tau800,cooperative,closure,109,eval:109,eval:109:0:0,not_converged,not_converged,False,False,False,False,False,False,False,False,False,False,False,False,0.020697351441040013,0.021719690308227513,,False,False,False,False,not_both_verified,False,False,False,not_both_verified,neither,both,neither,neither,False,False,False
k4,tau800,cooperative,closure,110,eval:110,eval:110:0:0,not_converged,verified,False,True,False,False,False,False,False,False,False,False,False,False,0.09349826275431372,0.06608489452921606,,False,False,False,False,verification_changed,False,False,False,verification_changed,neither,both,neither,gained,False,False,False
k4,tau800,cooperative,closure,111,eval:111,eval:111:0:0,not_converged,verified,False,True,False,False,False,False,False,False,False,False,False,False,0.19815510632839928,0.19115752103176842,,False,False,False,False,verification_changed,False,False,False,verification_changed,neither,neither,neither,neither,False,False,False
k4,tau800,cooperative,closure,112,eval:112,eval:112:0:0,verified,verified,True,False,False,False,False,False,False,False,False,False,False,False,0.024129292609863295,0.024135253074340834,5.9604644775390625e-06,False,False,False,False,no_threshold_or_NU_change,False,False,False,no_threshold_or_NU_change,neither,neither,neither,neither,False,False,False
k4,tau800,cooperative,closure,113,eval:113,eval:113:0:0,not_converged,not_converged,False,False,False,False,False,False,False,False,False,False,False,False,0.04327614618994158,0.04318650080419939,,False,False,False,False,not_both_verified,False,False,False,not_both_verified,neither,neither,neither,neither,False,False,False
k4,tau800,cooperative,closure,114,eval:114,eval:114:0:0,not_converged,not_converged,False,False,False,False,False,False,False,False,False,False,False,False,0.33582189165815546,0.19287612520918085,,False,False,False,False,not_both_verified,False,False,False,not_both_verified,neither,neither,neither,neither,False,False,False
k4,tau800,cooperative,closure,115,eval:115,eval:115:0:0,not_converged,not_converged,False,False,False,False,False,False,False,False,False,False,False,False,0.01927222016275998,0.025600802926431854,,False,False,False,False,not_both_verified,False,False,False,not_both_verified,neither,both,neither,neither,False,False,False
k4,tau800,cooperative,closure,116,eval:116,eval:116:0:0,not_converged,verified,False,True,False,False,False,False,False,False,False,False,False,False,0.1351182478892068,0.1319303530680398,,False,False,False,False,verification_changed,False,False,False,verification_changed,neither,neither,neither,neither,False,False,False
k4,tau800,cooperative,closure,117,eval:117,eval:117:0:0,not_converged,not_converged,False,False,False,False,False,False,False,False,False,False,False,False,0.05008117042236293,0.04940310798339809,,False,False,False,False,not_both_verified,False,False,False,not_both_verified,neither,neither,neither,neither,False,False,False
k4,tau800,cooperative,closure,118,eval:118,eval:118:0:0,not_converged,not_converged,False,False,False,False,False,False,False,False,False,False,False,False,0.12877016048950196,0.12863140087646485,,False,False,False,False,not_both_verified,False,False,False,not_both_verified,neither,neither,neither,neither,False,False,False
k4,tau800,cooperative,closure,119,eval:119,eval:119:0:0,not_converged,not_converged,False,False,False,False,False,False,False,False,False,False,False,False,0.12625268570364856,0.14869741074026965,,False,False,False,False,not_both_verified,False,False,False,not_both_verified,neither,neither,neither,neither,False,False,False
k4,tau800,cooperative,closure,120,eval:120,eval:120:0:0,not_converged,not_converged,False,False,False,False,False,False,False,True,True,False,False,True,,,,False,False,False,False,unknown_hull,False,False,False,unknown_hull,neither,neither,neither,neither,False,False,False
k4,tau800,cooperative,closure,121,eval:121,eval:121:0:0,not_converged,not_converged,False,False,False,False,False,False,False,False,False,False,False,False,0.08447850979590044,0.08447946347021684,,False,False,False,False,not_both_verified,False,False,False,not_both_verified,neither,both,neither,neither,False,False,False
k4,tau800,cooperative,closure,122,eval:122,eval:122:0:0,not_converged,verified,False,True,False,False,False,False,False,False,False,False,False,False,0.023181459178466035,0.02196600126220627,,False,False,False,False,verification_changed,False,False,False,verification_changed,neither,both,neither,gained,False,False,False
k4,tau800,cooperative,closure,123,eval:123,eval:123:0:0,verified,not_converged,False,True,False,False,False,False,False,False,False,False,False,False,0.11643999705924468,0.053125559193033745,,False,False,False,False,verification_changed,True,False,True,verification_changed,neither,gained,neither,neither,False,False,False
k4,tau800,cooperative,closure,124,eval:124,eval:124:0:0,generation_failure,generation_failure,False,False,False,False,False,True,False,False,True,True,False,True,,,,,False,False,False,generation_or_parse_unavailable,False,False,False,generation_or_parse_unavailable,neither,neither,neither,neither,False,False,False
k4,tau800,cooperative,closure,125,eval:125,eval:125:0:0,verified,not_converged,False,True,False,False,False,False,False,False,False,False,False,False,0.04529982708154279,0.04793101452050763,,False,False,False,False,verification_changed,False,False,False,verification_changed,neither,both,neither,lost,False,False,False
k4,tau800,cooperative,closure,126,eval:126,eval:126:0:0,not_converged,not_converged,False,False,True,True,False,False,False,False,False,False,False,False,0.14867021322998042,0.03645087958129878,,False,False,False,False,not_both_verified,True,False,True,not_both_verified,neither,neither,neither,neither,False,False,False
k4,tau800,cooperative,closure,127,eval:127,eval:127:0:0,not_converged,not_converged,False,False,False,False,False,False,False,False,False,False,False,False,0.12892889305262933,0.06445144935756097,,False,False,False,False,not_both_verified,True,False,True,not_both_verified,neither,gained,neither,neither,False,False,False
k4,tau800,cooperative,closure,128,eval:128,eval:128:0:0,not_converged,not_converged,False,False,False,False,False,False,False,False,False,False,False,False,0.13309907397460918,0.1777324624938963,,False,False,False,False,not_both_verified,False,False,False,not_both_verified,neither,neither,neither,neither,False,False,False
k4,tau800,cooperative,closure,129,eval:129,eval:129:0:0,not_converged,verified,False,True,False,False,False,False,False,False,False,False,False,False,0.18569912851513592,0.16576399744213788,,False,False,False,False,verification_changed,False,False,False,verification_changed,neither,neither,neither,neither,False,False,False
k4,tau800,cooperative,closure,130,eval:130,eval:130:0:0,verified,verified,True,False,False,False,False,False,False,False,False,False,False,False,0.08187493225439457,0.043830479587158244,-0.03804445266723633,False,False,False,False,no_threshold_or_NU_change,False,False,False,no_threshold_or_NU_change,neither,both,neither,both,False,False,False
k4,tau800,cooperative,closure,131,eval:131,eval:131:0:0,verified,verified,True,False,False,False,False,False,False,False,False,False,False,False,0.07300666039127712,0.04663184349674587,-0.02637481689453125,False,False,False,False,no_threshold_or_NU_change,False,False,False,no_threshold_or_NU_change,neither,both,neither,both,False,False,False
k4,tau800,cooperative,closure,132,eval:132,eval:132:0:0,not_converged,not_converged,False,False,False,False,False,False,False,False,False,False,False,False,0.09128822843709816,0.08785213987508644,,False,False,False,False,not_both_verified,False,False,False,not_both_verified,neither,both,neither,neither,False,False,False
k4,tau800,cooperative,closure,133,eval:133,eval:133:0:0,not_converged,not_converged,False,False,False,False,False,False,False,False,False,False,False,False,0.16350741843153216,0.2707566783802626,,False,False,False,False,not_both_verified,False,False,False,not_both_verified,neither,neither,neither,neither,False,False,False
k4,tau800,cooperative,closure,134,eval:134,eval:134:0:0,verified,verified,True,False,False,False,False,False,False,False,False,False,False,False,0.06499783185668928,0.06518618253417952,0.00018835067749023438,False,False,False,False,no_threshold_or_NU_change,False,False,False,no_threshold_or_NU_change,neither,neither,neither,neither,False,False,False
k4,tau800,cooperative,closure,135,eval:135,eval:135:0:0,verified,verified,True,False,False,False,False,False,False,False,False,False,False,False,0.00767074660961331,0.012915478512689482,0.005244731903076172,False,False,False,False,no_threshold_or_NU_change,False,False,False,no_threshold_or_NU_change,neither,both,neither,both,False,False,False
k4,tau800,cooperative,closure,136,eval:136,eval:136:0:0,not_converged,not_converged,False,False,False,False,False,False,False,False,False,False,False,False,-0.017487386292453166,-0.017248967713351604,,False,False,False,False,not_both_verified,False,False,False,not_both_verified,neither,neither,neither,neither,False,False,False
k4,tau800,cooperative,closure,137,eval:137,eval:137:0:0,verified,verified,True,False,False,False,False,False,False,False,False,False,False,False,-0.09559592482096235,-0.09559592482096235,0.0,False,False,False,False,no_threshold_or_NU_change,False,False,False,no_threshold_or_NU_change,both,both,both,both,False,False,False
k4,tau800,cooperative,closure,138,eval:138,eval:138:0:0,verified,verified,True,False,False,False,False,False,False,False,False,False,False,False,-0.026559856327718734,-0.026637580784505843,-7.772445678710938e-05,False,False,False,False,no_threshold_or_NU_change,False,False,False,no_threshold_or_NU_change,neither,neither,neither,neither,False,False,False
k4,tau800,cooperative,closure,139,eval:139,eval:139:0:0,verified,verified,True,False,False,False,False,False,False,False,False,False,False,False,0.11398158080792786,0.11398205764508607,4.76837158203125e-07,False,False,False,False,no_threshold_or_NU_change,False,False,False,no_threshold_or_NU_change,neither,neither,neither,neither,False,False,False
k4,tau800,cooperative,closure,140,eval:140,eval:140:0:0,not_converged,not_converged,False,False,False,False,False,False,False,False,False,False,False,False,0.2077559973924421,0.2338189627855085,,False,False,False,False,not_both_verified,False,False,False,not_both_verified,neither,neither,neither,neither,False,False,False
k4,tau800,cooperative,closure,141,eval:141,eval:141:0:0,not_converged,not_converged,False,False,False,False,False,False,False,False,False,False,False,False,0.07582959682006862,0.07583007365722683,,False,False,False,False,not_both_verified,False,False,False,not_both_verified,neither,both,neither,neither,False,False,False
k4,tau800,cooperative,closure,142,eval:142,eval:142:0:0,verified,not_converged,False,True,False,False,False,False,False,False,False,False,False,False,0.19769537040323826,0.18542635032267185,,False,False,False,False,verification_changed,False,False,False,verification_changed,neither,neither,neither,neither,False,False,False
k4,tau800,cooperative,closure,143,eval:143,eval:143:0:0,verified,not_converged,False,True,False,False,False,False,False,False,False,False,False,False,-0.010257177006632201,0.005310125697225221,,False,True,False,True,verification_changed,False,False,False,verification_changed,lost,both,lost,lost,False,False,False
k4,tau800,cooperative,closure,144,eval:144,eval:144:0:0,not_converged,not_converged,False,False,False,False,False,False,False,False,False,False,False,False,0.0030454697436521627,0.003023535234374819,,False,False,False,False,not_both_verified,False,False,False,not_both_verified,neither,both,neither,neither,False,False,False
k4,tau800,cooperative,closure,145,eval:145,eval:145:0:0,not_converged,not_converged,False,False,False,False,False,False,False,False,False,False,False,False,0.016606398287922985,0.01644665783992494,,False,False,False,False,not_both_verified,False,False,False,not_both_verified,neither,neither,neither,neither,False,False,False
k4,tau800,cooperative,closure,146,eval:146,eval:146:0:0,not_converged,not_converged,False,False,False,False,False,False,False,False,False,False,False,False,0.04434470854541006,0.018194481952392483,,False,False,False,False,not_both_verified,False,False,False,not_both_verified,neither,both,neither,neither,False,False,False
k4,tau800,cooperative,closure,147,eval:147,eval:147:0:0,not_converged,not_converged,False,False,False,False,False,False,False,False,False,False,False,False,0.14447010526652093,0.14447391996378656,,False,False,False,False,not_both_verified,False,False,False,not_both_verified,neither,neither,neither,neither,False,False,False
k4,tau800,cooperative,closure,148,eval:148,eval:148:0:0,not_converged,not_converged,False,False,False,False,False,False,False,False,False,False,False,False,-7.576729329450416e-05,-7.624413045270728e-05,,False,False,False,False,not_both_verified,False,False,False,not_both_verified,both,both,neither,neither,False,False,False
k4,tau800,cooperative,closure,149,eval:149,eval:149:0:0,not_converged,not_converged,False,False,False,False,False,False,False,False,False,False,False,False,0.2931289613926875,0.29575681097154494,,False,False,False,False,not_both_verified,False,False,False,not_both_verified,neither,neither,neither,neither,False,False,False
k4,tau800,cooperative,closure,150,eval:150,eval:150:0:0,not_converged,not_converged,False,False,False,False,False,False,False,True,True,False,False,True,,,,False,False,False,False,unknown_hull,False,False,False,unknown_hull,neither,neither,neither,neither,False,False,False
k4,tau800,cooperative,closure,151,eval:151,eval:151:0:0,not_converged,not_converged,False,False,False,False,False,False,False,False,False,False,False,False,-0.011254426026856557,-0.011312600160157338,,False,False,False,False,not_both_verified,False,False,False,not_both_verified,neither,neither,neither,neither,False,False,False
k4,tau800,cooperative,closure,152,eval:152,eval:152:0:0,not_converged,not_converged,False,False,False,False,False,False,False,False,False,False,False,False,-0.005187645436198096,-0.005136147023112159,,False,False,False,False,not_both_verified,False,False,False,not_both_verified,both,both,neither,neither,False,False,False
k4,tau800,cooperative,closure,153,eval:153,eval:153:0:0,not_converged,not_converged,False,False,False,False,False,False,False,False,False,False,False,False,-0.008616055359293995,-0.008616055359293995,,False,False,False,False,not_both_verified,False,False,False,not_both_verified,neither,neither,neither,neither,False,False,False
k4,tau800,cooperative,closure,154,eval:154,eval:154:0:0,not_converged,not_converged,False,False,False,False,False,False,False,False,False,False,False,False,0.043376346872558535,0.04495944623779291,,False,False,False,False,not_both_verified,False,False,False,not_both_verified,neither,both,neither,neither,False,False,False
k4,tau800,cooperative,closure,155,eval:155,eval:155:0:0,verified,verified,True,False,False,False,False,False,False,False,False,False,False,False,0.032018330260418004,0.03200545565714652,-1.2874603271484375e-05,False,False,False,False,no_threshold_or_NU_change,False,False,False,no_threshold_or_NU_change,neither,both,neither,both,False,False,False
k4,tau800,cooperative,closure,156,eval:156,eval:156:0:0,not_converged,verified,False,True,False,False,False,False,False,False,False,False,False,False,0.23570391277587888,0.2164520893505859,,False,False,False,False,verification_changed,False,False,False,verification_changed,neither,neither,neither,neither,False,False,False
k4,tau800,cooperative,closure,157,eval:157,eval:157:0:0,not_converged,not_converged,False,False,False,False,False,False,False,False,False,False,False,False,0.2575883135263588,0.2576045259897377,,False,False,False,False,not_both_verified,False,False,False,not_both_verified,neither,neither,neither,neither,False,False,False
k4,tau800,cooperative,closure,158,eval:158,eval:158:0:0,not_converged,verified,False,True,False,False,False,False,False,False,False,False,False,False,0.11323659532592778,1.6834818612866211,,False,False,False,False,verification_changed,False,False,False,verification_changed,neither,neither,neither,neither,False,False,False
k4,tau800,cooperative,closure,159,eval:159,eval:159:0:0,not_converged,not_converged,False,False,False,False,False,False,False,False,False,False,False,False,-0.013631802810692761,0.012763518081641223,,False,True,False,True,not_both_verified,False,False,False,not_both_verified,lost,both,neither,neither,False,False,False
k4,tau800,cooperative,closure,160,eval:160,eval:160:0:0,not_converged,not_converged,False,False,False,False,False,False,False,False,False,False,False,False,0.002386489899902422,0.0023414287884522267,,False,False,False,False,not_both_verified,False,False,False,not_both_verified,neither,neither,neither,neither,False,False,False
k4,tau800,cooperative,closure,161,eval:161,eval:161:0:0,verified,verified,False,False,False,False,False,False,False,True,True,False,False,True,,,,False,False,False,False,unknown_hull,False,False,False,unknown_hull,neither,neither,neither,neither,False,False,False
k4,tau800,cooperative,closure,162,eval:162,eval:162:0:0,not_converged,not_converged,False,False,False,False,False,False,False,False,False,False,False,False,0.07285875653182394,0.06576771115218527,,False,False,False,False,not_both_verified,False,False,False,not_both_verified,neither,both,neither,neither,False,False,False
k4,tau800,cooperative,closure,163,eval:163,eval:163:0:0,not_converged,verified,False,True,False,False,False,False,False,True,True,False,False,True,,,,False,False,False,False,unknown_hull,False,False,False,unknown_hull,neither,neither,neither,neither,False,False,False
k4,tau800,cooperative,closure,164,eval:164,eval:164:0:0,verified,verified,True,False,False,False,False,False,False,False,False,False,False,False,0.015152476568725426,0.023397706289794762,0.008245229721069336,False,False,False,False,no_threshold_or_NU_change,False,False,False,no_threshold_or_NU_change,neither,both,neither,both,False,False,False
k4,tau800,cooperative,closure,165,eval:165,eval:165:0:0,verified,verified,True,False,False,False,False,False,False,False,False,False,False,False,0.30125458276945194,0.2313183072872742,-0.06993627548217773,False,False,False,False,no_threshold_or_NU_change,False,False,False,no_threshold_or_NU_change,neither,neither,neither,neither,False,False,False
k4,tau800,cooperative,closure,166,eval:166,eval:166:0:0,not_converged,verified,False,True,False,False,False,False,False,False,False,False,False,False,0.3291138307219539,0.3644684449797664,,False,False,False,False,verification_changed,False,False,False,verification_changed,neither,neither,neither,neither,False,False,False
k4,tau800,cooperative,closure,167,eval:167,eval:167:0:0,verified,verified,True,False,False,False,False,False,False,False,False,False,False,False,0.00668899289611824,0.00668899289611824,0.0,False,False,False,False,no_threshold_or_NU_change,False,False,False,no_threshold_or_NU_change,neither,both,neither,both,False,False,False
k4,tau800,cooperative,closure,168,eval:168,eval:168:0:0,verified,verified,True,False,False,False,False,False,False,False,False,False,False,False,0.03277378730834979,0.03276377372802752,-1.0013580322265625e-05,False,False,False,False,no_threshold_or_NU_change,False,False,False,no_threshold_or_NU_change,neither,both,neither,both,False,False,False
k4,tau800,cooperative,closure,169,eval:169,eval:169:0:0,verified,verified,True,False,False,False,False,False,False,False,False,False,False,False,0.13541253021497823,0.14384229591627218,0.008429765701293945,False,False,False,False,no_threshold_or_NU_change,False,False,False,no_threshold_or_NU_change,neither,neither,neither,neither,False,False,False
k4,tau800,cooperative,closure,170,eval:170,eval:170:0:0,verified,verified,True,False,False,False,False,False,False,False,False,False,False,False,0.020923509167481313,0.020923509167481313,0.0,False,False,False,False,no_threshold_or_NU_change,False,False,False,no_threshold_or_NU_change,neither,neither,neither,neither,False,False,False
k4,tau800,cooperative,closure,171,eval:171,eval:171:0:0,not_converged,not_converged,False,False,False,False,False,False,False,False,False,False,False,False,0.13229313998453662,0.132383262207437,,False,False,False,False,not_both_verified,False,False,False,not_both_verified,neither,neither,neither,neither,False,False,False
k4,tau800,cooperative,closure,172,eval:172,eval:172:0:0,not_converged,not_converged,False,False,False,False,False,False,False,False,False,False,False,False,-0.027508916307617426,-0.02765625898950219,,False,False,False,False,not_both_verified,False,False,False,not_both_verified,both,both,neither,neither,False,False,False
k4,tau800,cooperative,closure,173,eval:173,eval:173:0:0,not_converged,not_converged,False,False,False,False,False,False,False,False,False,False,False,False,-0.008737648834635792,-0.008737648834635792,,False,False,False,False,not_both_verified,False,False,False,not_both_verified,neither,neither,neither,neither,False,False,False
k4,tau800,cooperative,closure,174,eval:174,eval:174:0:0,not_converged,verified,False,True,False,False,False,False,False,False,False,False,False,False,0.002064364913084482,0.0021509108572983493,,False,False,False,False,verification_changed,False,False,False,verification_changed,neither,neither,neither,neither,False,False,False
k4,tau800,cooperative,closure,175,eval:175,eval:175:0:0,verified,verified,True,False,False,False,False,False,False,False,False,False,False,False,0.060826400980224626,0.06082687781738283,4.76837158203125e-07,False,False,False,False,no_threshold_or_NU_change,False,False,False,no_threshold_or_NU_change,neither,neither,neither,neither,False,False,False
k4,tau800,cooperative,closure,176,eval:176,eval:176:0:0,not_converged,not_converged,False,False,False,False,False,False,False,False,False,False,False,False,0.02890381633422834,0.029084537617187323,,False,False,False,False,not_both_verified,False,False,False,not_both_verified,neither,both,neither,neither,False,False,False
k4,tau800,cooperative,closure,177,eval:177,eval:177:0:0,not_converged,verified,False,True,False,False,False,False,False,False,False,False,False,False,0.05232256994319595,0.05191058263850845,,False,False,False,False,verification_changed,False,False,False,verification_changed,neither,both,neither,gained,False,False,False
k4,tau800,cooperative,closure,178,eval:178,eval:178:0:0,not_converged,not_converged,False,False,False,False,False,False,False,False,False,False,False,False,0.014891567902019176,0.01522630758707777,,False,False,False,False,not_both_verified,False,False,False,not_both_verified,neither,both,neither,neither,False,False,False
k4,tau800,cooperative,closure,179,eval:179,eval:179:0:0,verified,not_converged,False,True,True,True,False,False,False,False,False,False,False,False,0.07811016011718763,-0.003984747643432485,,False,True,False,True,verification_changed,False,False,False,verification_changed,neither,lost,neither,lost,False,False,False
k4,tau800,cooperative,closure,180,eval:180,eval:180:0:0,verified,verified,True,False,False,False,False,False,False,False,False,False,False,False,0.16209261567223532,0.1364413991652773,-0.025651216506958008,False,False,False,False,no_threshold_or_NU_change,False,False,False,no_threshold_or_NU_change,neither,neither,neither,neither,False,False,False
k4,tau800,cooperative,closure,181,eval:181,eval:181:0:0,verified,verified,True,False,False,False,False,False,False,False,False,False,False,False,0.1424928175610347,0.14007620684326128,-0.0024166107177734375,False,False,False,False,no_threshold_or_NU_change,False,False,False,no_threshold_or_NU_change,neither,neither,neither,neither,False,False,False
k4,tau800,cooperative,closure,182,eval:182,eval:182:0:0,not_converged,not_converged,False,False,False,False,False,False,False,False,False,False,False,False,0.023069953361575912,0.022917365470950912,,False,False,False,False,not_both_verified,False,False,False,not_both_verified,neither,both,neither,neither,False,False,False
k4,tau800,cooperative,closure,183,eval:183,eval:183:0:0,verified,verified,True,False,False,False,False,False,False,False,False,False,False,False,0.047409632791137746,0.0474175006042481,7.867813110351562e-06,False,False,False,False,no_threshold_or_NU_change,False,False,False,no_threshold_or_NU_change,neither,both,neither,both,False,False,False
k4,tau800,cooperative,closure,184,eval:184,eval:184:0:0,verified,not_converged,False,True,False,False,False,False,False,False,False,False,False,False,0.0750583625598118,0.09250535734130594,,False,False,False,False,verification_changed,False,False,False,verification_changed,neither,both,neither,lost,False,False,False
k4,tau800,cooperative,closure,185,eval:185,eval:185:0:0,verified,not_converged,False,True,False,False,False,False,False,False,False,False,False,False,0.1875695166210951,0.009097474537354877,,False,False,False,False,verification_changed,True,False,True,verification_changed,neither,gained,neither,neither,False,False,False
k4,tau800,cooperative,closure,186,eval:186,eval:186:0:0,not_converged,not_converged,False,False,False,False,False,False,False,False,False,False,False,False,0.0006235624275712226,0.0006235624275712226,,False,False,False,False,not_both_verified,False,False,False,not_both_verified,neither,both,neither,neither,False,False,False
k4,tau800,cooperative,closure,187,eval:187,eval:187:0:0,not_converged,verified,False,True,False,False,False,False,False,False,False,False,False,False,0.04821817166564779,0.055053393909910486,,False,False,False,False,verification_changed,False,False,False,verification_changed,neither,both,neither,gained,False,False,False
k4,tau800,cooperative,closure,188,eval:188,eval:188:0:0,not_converged,not_converged,False,False,False,False,False,False,False,False,False,False,False,False,0.077431815197464,0.0426560812497101,,False,False,False,False,not_both_verified,False,False,False,not_both_verified,neither,both,neither,neither,False,False,False
k4,tau800,cooperative,closure,189,eval:189,eval:189:0:0,not_converged,verified,False,True,False,False,False,False,False,False,False,False,False,False,0.24054897725870727,0.39673222005655884,,False,False,False,False,verification_changed,False,False,False,verification_changed,neither,neither,neither,neither,False,False,False
k4,tau800,cooperative,closure,190,eval:190,eval:190:0:0,verified,verified,True,False,False,False,False,False,False,False,False,False,False,False,-0.0074934311667473885,0.030316417618653002,0.03780984878540039,False,True,True,False,verified_threshold_only,False,False,False,no_threshold_or_NU_change,lost,both,lost,both,False,False,False
k4,tau800,cooperative,closure,191,eval:191,eval:191:0:0,not_converged,not_converged,False,False,False,False,False,False,False,False,False,False,False,False,0.1753907538806132,0.1754060126696757,,False,False,False,False,not_both_verified,False,False,False,not_both_verified,neither,neither,neither,neither,False,False,False
k4,tau800,cooperative,closure,192,eval:192,eval:192:0:0,verified,verified,True,False,False,False,False,False,False,False,False,False,False,False,0.05046966720890422,0.05206993271183391,0.0016002655029296875,False,False,False,False,no_threshold_or_NU_change,False,False,False,no_threshold_or_NU_change,neither,both,neither,both,False,False,False
k4,tau800,cooperative,closure,193,eval:193,eval:193:0:0,not_converged,not_converged,False,False,False,False,False,False,False,False,False,False,False,False,0.02883948751220622,0.029140848596190594,,False,False,False,False,not_both_verified,False,False,False,not_both_verified,neither,both,neither,neither,False,False,False
k4,tau800,cooperative,closure,194,eval:194,eval:194:0:0,verified,not_converged,False,True,False,False,False,False,False,False,False,False,False,False,0.050913456947021984,0.126843575507813,,False,False,False,False,verification_changed,True,False,True,verification_changed,neither,lost,neither,lost,False,False,False
k4,tau800,cooperative,closure,195,eval:195,eval:195:0:0,not_converged,not_converged,False,False,False,False,False,False,False,False,False,False,False,False,0.058478819561884166,0.004617201519891978,,False,False,False,False,not_both_verified,False,False,False,not_both_verified,neither,both,neither,neither,False,False,False
k4,tau800,cooperative,closure,196,eval:196,eval:196:0:0,not_converged,not_converged,False,False,False,False,False,False,False,False,False,False,False,False,0.07508307790445912,0.0403059134452306,,False,False,False,False,not_both_verified,False,False,False,not_both_verified,neither,both,neither,neither,False,False,False
k4,tau800,cooperative,closure,197,eval:197,eval:197:0:0,verified,not_converged,False,True,False,False,False,False,False,False,False,False,False,False,0.17090316802002192,0.018982849416506298,,False,False,False,False,verification_changed,True,False,True,verification_changed,neither,gained,neither,neither,False,False,False
k4,tau800,cooperative,closure,198,eval:198,eval:198:0:0,not_converged,verified,False,True,False,False,False,False,False,False,False,False,False,False,0.004563512522134161,0.005796136576089239,,False,False,False,False,verification_changed,False,False,False,verification_changed,neither,both,neither,gained,False,False,False
k4,tau800,cooperative,closure,199,eval:199,eval:199:0:0,not_converged,not_converged,False,False,False,False,False,False,False,False,False,False,False,False,0.08694767648559587,0.08175587350708025,,False,False,False,False,not_both_verified,False,False,False,not_both_verified,neither,both,neither,neither,False,False,False
k4,tau800,cooperative,closure,200,eval:200,eval:200:0:0,not_converged,not_converged,False,False,False,False,False,False,False,False,False,False,False,False,0.09731439135794506,0.1478557922673689,,False,False,False,False,not_both_verified,True,False,True,not_both_verified,neither,lost,neither,neither,False,False,False
k4,tau800,cooperative,closure,201,eval:201,eval:201:0:0,verified,verified,True,False,False,False,False,False,False,False,False,False,False,False,0.26065793534179704,0.2606364776696779,-2.1457672119140625e-05,False,False,False,False,no_threshold_or_NU_change,False,False,False,no_threshold_or_NU_change,neither,neither,neither,neither,False,False,False
k4,tau800,cooperative,closure,202,eval:202,eval:202:0:0,verified,not_converged,False,True,False,False,False,False,False,False,False,False,False,False,0.26902669550955505,0.2752489435869476,,False,False,False,False,verification_changed,False,False,False,verification_changed,neither,neither,neither,neither,False,False,False
k4,tau800,cooperative,closure,203,eval:203,eval:203:0:0,not_converged,verified,False,True,False,False,False,False,False,False,False,False,False,False,0.006862790792642848,0.014341981619058863,,False,False,False,False,verification_changed,False,False,False,verification_changed,neither,both,neither,gained,False,False,False
k4,tau800,cooperative,closure,204,eval:204,eval:204:0:0,not_converged,not_converged,False,False,False,False,False,False,False,False,False,False,False,False,0.02799478596435634,0.02798143452392665,,False,False,False,False,not_both_verified,False,False,False,not_both_verified,neither,neither,neither,neither,False,False,False
k4,tau800,cooperative,closure,205,eval:205,eval:205:0:0,not_converged,verified,False,True,False,False,False,False,False,False,False,False,False,False,0.03391445728564513,0.10856999012255919,,False,False,False,False,verification_changed,True,False,True,verification_changed,neither,lost,neither,neither,False,False,False
k4,tau800,cooperative,closure,206,eval:206,eval:206:0:0,verified,verified,True,False,False,False,False,False,False,False,False,False,False,False,0.048184869084883175,0.0351114247184281,-0.013073444366455078,False,False,False,False,no_threshold_or_NU_change,False,False,False,no_threshold_or_NU_change,neither,both,neither,both,False,False,False
k4,tau800,cooperative,closure,207,eval:207,eval:207:0:0,not_converged,not_converged,False,False,False,False,False,False,False,False,False,False,False,False,-0.029176761492481162,-0.00750737367509835,,False,False,False,False,not_both_verified,False,False,False,not_both_verified,both,both,neither,neither,False,False,False
k4,tau800,cooperative,closure,208,eval:208,eval:208:0:0,verified,not_converged,False,True,False,False,False,False,False,False,False,False,False,False,0.15139476211983904,0.14759246262032732,,False,False,False,False,verification_changed,False,False,False,verification_changed,neither,neither,neither,neither,False,False,False
k4,tau800,cooperative,closure,209,eval:209,eval:209:0:0,verified,not_converged,False,True,False,False,False,False,False,False,False,False,False,False,0.04567079055566303,0.04585008132714741,,False,False,False,False,verification_changed,False,False,False,verification_changed,neither,both,neither,lost,False,False,False
k4,tau800,cooperative,closure,210,eval:210,eval:210:0:0,not_converged,not_converged,False,False,True,True,False,False,False,False,False,False,False,False,0.03704030316992224,-0.005979468406005495,,False,True,False,True,not_both_verified,False,False,False,not_both_verified,neither,lost,neither,neither,False,False,False
k4,tau800,cooperative,closure,211,eval:211,eval:211:0:0,not_converged,verified,False,True,False,False,False,False,False,False,False,False,False,False,0.15906690174723348,0.02834199482584676,,False,False,False,False,verification_changed,True,False,True,verification_changed,neither,gained,neither,gained,False,False,False
k4,tau800,cooperative,closure,212,eval:212,eval:212:0:0,not_converged,not_converged,False,False,False,False,False,False,False,False,False,False,False,False,0.10595591709147101,0.09750540897379523,,False,False,False,False,not_both_verified,True,False,True,not_both_verified,neither,gained,neither,neither,False,False,False
k4,tau800,cooperative,closure,213,eval:213,eval:213:0:0,verified,not_converged,False,True,False,False,False,False,False,False,False,False,False,False,0.016977364758300695,0.01412921641235343,,False,False,False,False,verification_changed,False,False,False,verification_changed,neither,both,neither,lost,False,False,False
k4,tau800,cooperative,closure,214,eval:214,eval:214:0:0,verified,verified,True,False,False,False,False,False,False,False,False,False,False,False,-0.05075783292236302,-0.02841276685180638,0.02234506607055664,False,False,False,False,no_threshold_or_NU_change,False,False,False,no_threshold_or_NU_change,both,both,both,both,False,False,False
k4,tau800,cooperative,closure,215,eval:215,eval:215:0:0,not_converged,not_converged,False,False,False,False,False,False,False,False,False,False,False,False,-0.011878397104492233,-0.01187935077880864,,False,False,False,False,not_both_verified,False,False,False,not_both_verified,both,both,neither,neither,False,False,False
k4,tau800,cooperative,closure,216,eval:216,eval:216:0:0,not_converged,not_converged,False,False,False,False,False,False,False,False,False,False,False,False,0.06156217734741176,0.033315774606933246,,False,False,False,False,not_both_verified,False,False,False,not_both_verified,neither,both,neither,neither,False,False,False
k4,tau800,cooperative,closure,217,eval:217,eval:217:0:0,verified,not_converged,False,True,False,False,False,False,False,False,False,False,False,False,0.006934836176024639,0.007245734003173077,,False,False,False,False,verification_changed,False,False,False,verification_changed,neither,both,neither,lost,False,False,False
k4,tau800,cooperative,closure,218,eval:218,eval:218:0:0,not_converged,verified,False,True,False,False,False,False,False,False,False,False,False,False,0.030864139948730163,0.17847146645629852,,False,False,False,False,verification_changed,True,False,True,verification_changed,neither,lost,neither,neither,False,False,False
k4,tau800,cooperative,closure,219,eval:219,eval:219:0:0,verified,not_converged,False,True,False,False,False,False,False,False,False,False,False,False,0.6234595920019537,0.6165435458593755,,False,False,False,False,verification_changed,False,False,False,verification_changed,neither,neither,neither,neither,False,False,False
k4,tau800,cooperative,closure,220,eval:220,eval:220:0:0,verified,verified,True,False,True,True,False,False,False,False,False,False,False,False,0.015130677659912273,0.06154934449951188,0.04641866683959961,False,False,False,False,NU_only,False,False,False,NU_only,neither,gained,neither,gained,False,False,False
k4,tau800,cooperative,closure,221,eval:221,eval:221:0:0,not_converged,not_converged,False,False,False,False,False,False,False,False,False,False,False,False,0.006667585361036288,0.07536932944062613,,False,False,False,False,not_both_verified,False,False,False,not_both_verified,neither,both,neither,neither,False,False,False
k4,tau800,cooperative,closure,222,eval:222,eval:222:0:0,not_converged,verified,False,True,False,False,False,False,False,False,False,False,False,False,0.19362824757080155,0.15367787678222733,,False,False,False,False,verification_changed,False,False,False,verification_changed,neither,neither,neither,neither,False,False,False
k4,tau800,cooperative,closure,223,eval:223,eval:223:0:0,not_converged,not_converged,False,False,False,False,False,False,False,False,False,False,False,False,0.04243639964599577,0.042435445971679364,,False,False,False,False,not_both_verified,False,False,False,not_both_verified,neither,both,neither,neither,False,False,False
k4,tau800,cooperative,closure,224,eval:224,eval:224:0:0,not_converged,not_converged,False,False,False,False,False,False,False,False,False,False,False,False,0.005645384619140437,-0.008993992974853704,,False,True,False,True,not_both_verified,False,False,False,not_both_verified,gained,both,neither,neither,False,False,False
k4,tau800,cooperative,closure,225,eval:225,eval:225:0:0,not_converged,not_converged,False,False,False,False,False,False,False,False,False,False,False,False,0.020683461691691107,0.0208043399112956,,False,False,False,False,not_both_verified,False,False,False,not_both_verified,neither,both,neither,neither,False,False,False
k4,tau800,cooperative,closure,226,eval:226,eval:226:0:0,not_converged,not_converged,False,False,False,False,False,False,False,False,False,False,False,False,0.20103218080995866,0.20102121355532,,False,False,False,False,not_both_verified,False,False,False,not_both_verified,neither,neither,neither,neither,False,False,False
k4,tau800,cooperative,closure,227,eval:227,eval:227:0:0,not_converged,not_converged,False,False,False,False,False,False,False,False,False,False,False,False,0.08230720774682876,0.060620653791750634,,False,False,False,False,not_both_verified,False,False,False,not_both_verified,neither,both,neither,neither,False,False,False
k4,tau800,cooperative,closure,228,eval:228,eval:228:0:0,not_converged,not_converged,False,False,False,False,False,False,False,False,False,False,False,False,0.022680333691406318,0.02275543554382331,,False,False,False,False,not_both_verified,False,False,False,not_both_verified,neither,neither,neither,neither,False,False,False
k4,tau800,cooperative,closure,229,eval:229,eval:229:0:0,not_converged,not_converged,False,False,False,False,False,False,False,False,False,False,False,False,0.11697854518946915,0.1170629453664711,,False,False,False,False,not_both_verified,False,False,False,not_both_verified,neither,neither,neither,neither,False,False,False
k4,tau800,cooperative,closure,230,eval:230,eval:230:0:0,verified,not_converged,False,True,False,False,False,False,False,False,False,False,False,False,0.10751406891662629,0.07248608811218293,,False,False,False,False,verification_changed,True,False,True,verification_changed,neither,gained,neither,neither,False,False,False
k4,tau800,cooperative,closure,231,eval:231,eval:231:0:0,not_converged,not_converged,False,False,False,False,False,False,False,False,False,False,False,False,0.21068244837524297,0.255545672404784,,False,False,False,False,not_both_verified,False,False,False,not_both_verified,neither,neither,neither,neither,False,False,False
k4,tau800,cooperative,closure,232,eval:232,eval:232:0:0,not_converged,verified,False,True,False,False,False,False,False,False,False,False,False,False,0.06703457148844372,0.06013044627482067,,False,False,False,False,verification_changed,False,False,False,verification_changed,neither,both,neither,gained,False,False,False
k4,tau800,cooperative,closure,233,eval:233,eval:233:0:0,verified,verified,True,False,False,False,False,False,False,False,False,False,False,False,0.026668698941652913,0.026668698941652913,0.0,False,False,False,False,no_threshold_or_NU_change,False,False,False,no_threshold_or_NU_change,neither,both,neither,both,False,False,False
k4,tau800,cooperative,closure,234,eval:234,eval:234:0:0,not_converged,not_converged,False,False,False,False,False,False,False,False,False,False,False,False,0.032135270817871486,0.03215005276977578,,False,False,False,False,not_both_verified,False,False,False,not_both_verified,neither,both,neither,neither,False,False,False
k4,tau800,cooperative,closure,235,eval:235,eval:235:0:0,not_converged,not_converged,False,False,False,False,False,False,False,False,False,False,False,False,0.0243737705712892,0.024372816896972793,,False,False,False,False,not_both_verified,False,False,False,not_both_verified,neither,both,neither,neither,False,False,False
k4,tau800,cooperative,closure,236,eval:236,eval:236:0:0,verified,verified,True,False,False,False,False,False,False,False,False,False,False,False,0.0008895973033311577,0.0060651878184678765,0.005175590515136719,False,False,False,False,no_threshold_or_NU_change,False,False,False,no_threshold_or_NU_change,neither,both,neither,both,False,False,False
k4,tau800,cooperative,closure,237,eval:237,eval:237:0:0,not_converged,not_converged,False,False,False,False,False,False,False,False,False,False,False,False,0.1683706879695599,0.17448374033772396,,False,False,False,False,not_both_verified,False,False,False,not_both_verified,neither,neither,neither,neither,False,False,False
k4,tau800,cooperative,closure,238,eval:238,eval:238:0:0,verified,not_converged,False,True,True,True,False,False,False,False,False,False,False,False,0.000873754622938705,0.09107632458448656,,False,False,False,False,verification_changed,False,False,False,verification_changed,neither,gained,neither,neither,False,False,False
k4,tau800,cooperative,closure,239,eval:239,eval:239:0:0,not_converged,not_converged,False,False,False,False,False,False,False,False,False,False,False,False,0.0643415141776531,0.06023165471110037,,False,False,False,False,not_both_verified,False,False,False,not_both_verified,neither,both,neither,neither,False,False,False
k4,tau800,cooperative,closure,240,eval:240,eval:240:0:0,not_converged,not_converged,False,False,False,False,False,False,False,False,False,False,False,False,0.14035977234307673,0.14028157104913141,,False,False,False,False,not_both_verified,False,False,False,not_both_verified,neither,neither,neither,neither,False,False,False
k4,tau800,cooperative,closure,241,eval:241,eval:241:0:0,not_converged,not_converged,False,False,False,False,False,False,False,False,False,False,False,False,0.011211134652644006,0.010817743997126428,,False,False,False,False,not_both_verified,False,False,False,not_both_verified,neither,neither,neither,neither,False,False,False
k4,tau800,cooperative,closure,242,eval:242,eval:242:0:0,not_converged,verified,False,True,False,False,False,False,False,False,False,False,False,False,0.054906965247070616,0.05422699545947296,,False,False,False,False,verification_changed,False,False,False,verification_changed,neither,both,neither,gained,False,False,False
k4,tau800,cooperative,closure,243,eval:243,eval:243:0:0,not_converged,not_converged,False,False,False,False,False,False,False,False,False,False,False,False,0.24235336588597534,0.2880448560593152,,False,False,False,False,not_both_verified,False,False,False,not_both_verified,neither,neither,neither,neither,False,False,False
k4,tau800,cooperative,closure,244,eval:244,eval:244:0:0,not_converged,not_converged,False,False,False,False,False,False,False,False,False,False,False,False,0.03800335031019575,0.07718792062269575,,False,False,False,False,not_both_verified,False,False,False,not_both_verified,neither,both,neither,neither,False,False,False
k4,tau800,cooperative,closure,245,eval:245,eval:245:0:0,verified,verified,False,False,True,True,True,False,False,True,True,False,False,True,,,,False,False,False,False,unknown_hull,False,False,False,unknown_hull,neither,neither,neither,neither,False,False,False
k4,tau800,cooperative,closure,246,eval:246,eval:246:0:0,not_converged,not_converged,False,False,False,False,False,False,False,False,False,False,False,False,0.07946524969266378,0.11979518285916768,,False,False,False,False,not_both_verified,True,False,True,not_both_verified,neither,lost,neither,neither,False,False,False
k4,tau800,cooperative,closure,247,eval:247,eval:247:0:0,not_converged,not_converged,False,False,False,False,False,False,False,False,False,False,False,False,0.15521539860066813,0.14499677830037516,,False,False,False,False,not_both_verified,False,False,False,not_both_verified,neither,neither,neither,neither,False,False,False
k4,tau800,cooperative,closure,248,eval:248,eval:248:0:0,not_converged,not_converged,False,False,False,False,False,False,False,False,False,False,False,False,0.0978552950033107,0.09784528142298843,,False,False,False,False,not_both_verified,False,False,False,not_both_verified,neither,both,neither,neither,False,False,False
k4,tau800,cooperative,closure,249,eval:249,eval:249:0:0,not_converged,not_converged,False,False,False,False,False,False,False,False,False,False,False,False,0.9653942433581513,0.981901392100827,,False,False,False,False,not_both_verified,False,False,False,not_both_verified,neither,neither,neither,neither,False,False,False
k4,tau800,cooperative,closure,250,eval:250,eval:250:0:0,verified,verified,True,False,False,False,False,False,False,False,False,False,False,False,-0.0721247118225099,-0.08118199522399916,-0.009057283401489258,False,False,False,False,no_threshold_or_NU_change,False,False,False,no_threshold_or_NU_change,both,both,both,both,False,False,False
k4,tau800,cooperative,closure,251,eval:251,eval:251:0:0,not_converged,verified,False,True,False,False,False,False,False,False,False,False,False,False,0.16106876014485572,0.2540105211617014,,False,False,False,False,verification_changed,False,False,False,verification_changed,neither,neither,neither,neither,False,False,False
k4,tau800,cooperative,closure,252,eval:252,eval:252:0:0,not_converged,verified,False,True,False,False,False,False,False,False,False,False,False,False,0.04699363762156672,0.050983334124252266,,False,False,False,False,verification_changed,False,False,False,verification_changed,neither,both,neither,gained,False,False,False
k4,tau800,cooperative,closure,253,eval:253,eval:253:0:0,not_converged,not_converged,False,False,False,False,False,False,False,True,True,False,False,True,,,,False,False,False,False,unknown_hull,False,False,False,unknown_hull,neither,neither,neither,neither,False,False,False
k4,tau800,cooperative,closure,254,eval:254,eval:254:0:0,not_converged,not_converged,False,False,False,False,False,False,False,False,False,False,False,False,0.045518927577182566,0.047044806483432566,,False,False,False,False,not_both_verified,False,False,False,not_both_verified,neither,both,neither,neither,False,False,False
k4,tau800,cooperative,closure,255,eval:255,eval:255:0:0,verified,not_converged,False,True,False,False,False,False,False,False,False,False,False,False,-0.004722341788573559,-0.05379794527368098,,False,False,False,False,verification_changed,False,False,False,verification_changed,both,both,lost,lost,False,False,False
k8,native,construct,cooperative,0,eval:0,eval:0:0:0,generation_failure,generation_failure,False,False,False,False,False,True,False,False,True,True,False,True,,,,,False,False,False,generation_or_parse_unavailable,False,False,False,generation_or_parse_unavailable,neither,neither,neither,neither,False,False,False
k8,native,construct,cooperative,1,eval:1,eval:1:0:0,verified,verified,True,False,False,False,False,False,False,False,False,False,False,False,0.30172819026611286,0.29840272792480427,-0.0033254623413085938,False,False,False,False,no_threshold_or_NU_change,False,False,False,no_threshold_or_NU_change,neither,neither,neither,neither,False,False,False
k8,native,construct,cooperative,2,eval:2,eval:2:0:0,not_converged,not_converged,False,False,False,False,False,False,False,False,False,False,False,False,0.42266447847464494,0.407692268544225,,False,False,False,False,not_both_verified,False,False,False,not_both_verified,neither,neither,neither,neither,False,False,False
k8,native,construct,cooperative,3,eval:3,eval:3:0:0,not_converged,verified,False,True,False,False,False,False,False,False,False,False,False,False,0.2216762230087621,0.3906363174606664,,False,False,False,False,verification_changed,False,False,False,verification_changed,neither,neither,neither,neither,False,False,False
k8,native,construct,cooperative,4,eval:4,eval:4:0:0,not_converged,not_converged,False,False,False,False,False,False,False,False,False,False,False,False,8.780189852891846,2.2118285705432132,,False,False,False,False,not_both_verified,False,False,False,not_both_verified,neither,neither,neither,neither,False,False,False
k8,native,construct,cooperative,5,eval:5,eval:5:0:0,invalid_terminal,invalid_terminal,False,False,False,False,False,False,False,False,False,False,False,False,3.3428103021526967,0.6558941892529164,,False,False,False,False,not_both_verified,False,False,False,not_both_verified,neither,neither,neither,neither,False,False,False
k8,native,construct,cooperative,6,eval:6,eval:6:0:0,verified,verified,True,False,False,False,False,False,False,False,False,False,False,False,0.6259740795431181,0.6259843315420195,1.0251998901367188e-05,True,False,False,False,no_threshold_or_NU_change,False,False,False,no_threshold_or_NU_change,neither,neither,neither,neither,False,False,False
k8,native,construct,cooperative,7,eval:7,eval:7:0:0,invalid_terminal,invalid_terminal,False,False,False,False,False,False,False,False,False,False,False,False,1.1359428681616102,8.529150418210438,,False,False,False,False,not_both_verified,False,False,False,not_both_verified,neither,neither,neither,neither,False,False,False
k8,native,construct,cooperative,8,eval:8,eval:8:0:0,not_converged,invalid_terminal,False,False,False,False,False,False,False,False,False,False,False,False,0.04197591277628554,6.738504824366862,,False,False,False,False,not_both_verified,True,False,True,not_both_verified,neither,lost,neither,neither,False,False,False
k8,native,construct,cooperative,9,eval:9,eval:9:0:0,invalid_terminal,not_converged,False,False,False,False,False,False,False,False,False,False,False,False,2.5657185304088888,0.17489659666255086,,False,False,False,False,not_both_verified,False,False,False,not_both_verified,neither,neither,neither,neither,False,False,False
k8,native,construct,cooperative,10,eval:10,eval:10:0:0,verified,not_converged,False,True,False,False,False,False,False,False,False,False,False,False,0.19505063290337432,0.05788747067192901,,False,False,False,False,verification_changed,True,False,True,verification_changed,neither,gained,neither,neither,False,False,False
k8,native,construct,cooperative,11,eval:11,eval:11:0:0,not_converged,not_converged,False,False,False,False,False,False,False,False,False,False,False,False,0.4422017710270998,0.5461899416508791,,False,False,False,False,not_both_verified,False,False,False,not_both_verified,neither,neither,neither,neither,False,False,False
k8,native,construct,cooperative,12,eval:12,eval:12:0:0,not_converged,not_converged,False,False,False,False,False,False,False,False,False,False,False,False,-0.006570306754150046,-0.007015672659911765,,False,False,False,False,not_both_verified,False,False,False,not_both_verified,both,both,neither,neither,False,False,False
k8,native,construct,cooperative,13,eval:13,eval:13:0:0,verified,not_converged,False,True,False,False,False,False,False,False,False,False,False,False,0.028601687080078264,0.029909174567871233,,False,False,False,False,verification_changed,False,False,False,verification_changed,neither,both,neither,lost,False,False,False
k8,native,construct,cooperative,14,eval:14,eval:14:0:0,not_converged,not_converged,False,False,False,False,False,False,False,False,False,False,False,False,0.5951971675642911,0.6189193393477384,,False,False,False,False,not_both_verified,False,False,False,not_both_verified,neither,neither,neither,neither,False,False,False
k8,native,construct,cooperative,15,eval:15,eval:15:0:0,verified,not_converged,False,True,False,False,False,False,False,False,False,False,False,False,0.2009294485926656,0.16869764088392536,,False,False,False,False,verification_changed,False,False,False,verification_changed,neither,neither,neither,neither,False,False,False
k8,native,construct,cooperative,16,eval:16,eval:16:0:0,not_converged,not_converged,False,False,False,False,False,False,False,True,True,False,False,True,,,,False,False,False,False,unknown_hull,False,False,False,unknown_hull,neither,neither,neither,neither,False,False,False
k8,native,construct,cooperative,17,eval:17,eval:17:0:0,verified,invalid_terminal,False,True,False,False,False,False,False,False,False,False,False,False,0.2275479249788388,1.3032410554720029,,False,False,False,False,verification_changed,False,False,False,verification_changed,neither,neither,neither,neither,False,False,False
k8,native,construct,cooperative,18,eval:18,eval:18:0:0,not_converged,verified,False,True,False,False,False,False,False,False,False,False,False,False,0.19877544921569879,0.31504360717468316,,False,False,False,False,verification_changed,False,False,False,verification_changed,neither,neither,neither,neither,False,False,False
k8,native,construct,cooperative,19,eval:19,eval:19:0:0,not_converged,not_converged,False,False,False,False,False,False,False,False,False,False,False,False,0.2984720512109229,1.4594613357263038,,False,False,False,False,not_both_verified,False,False,False,not_both_verified,neither,neither,neither,neither,False,False,False
k8,native,construct,cooperative,20,eval:20,eval:20:0:0,not_converged,invalid_terminal,False,False,False,False,False,False,False,False,False,False,False,False,0.16242687384228383,1.4769443718586412,,False,False,False,False,not_both_verified,False,False,False,not_both_verified,neither,neither,neither,neither,False,False,False
k8,native,construct,cooperative,21,eval:21,eval:21:0:0,verified,not_converged,False,True,False,False,False,False,False,False,False,False,False,False,0.033195187813721105,0.03688876844116251,,False,False,False,False,verification_changed,False,False,False,verification_changed,neither,both,neither,lost,False,False,False
k8,native,construct,cooperative,22,eval:22,eval:22:0:0,not_converged,invalid_terminal,False,False,False,False,False,False,False,False,False,False,False,False,0.20655216177368096,0.8057679076995843,,False,False,False,False,not_both_verified,False,False,False,not_both_verified,neither,neither,neither,neither,False,False,False
k8,native,construct,cooperative,23,eval:23,eval:23:0:0,invalid_terminal,invalid_terminal,False,False,False,False,False,False,False,False,False,False,False,False,0.7866291998737793,1.5905189513081055,,False,False,False,False,not_both_verified,False,False,False,not_both_verified,neither,neither,neither,neither,False,False,False
k8,native,construct,cooperative,24,eval:24,eval:24:0:0,invalid_terminal,invalid_terminal,False,False,False,False,False,False,False,False,False,False,False,False,3.132579923718609,0.5403033505374566,,False,False,False,False,not_both_verified,False,False,False,not_both_verified,neither,neither,neither,neither,False,False,False
k8,native,construct,cooperative,25,eval:25,eval:25:0:0,invalid_terminal,verified,False,True,False,False,False,False,False,False,False,False,False,False,0.4064273449236584,0.1780180546099377,,False,False,False,False,verification_changed,False,False,False,verification_changed,neither,neither,neither,neither,False,False,False
k8,native,construct,cooperative,26,eval:26,eval:26:0:0,not_converged,not_converged,False,False,False,False,False,False,False,False,False,False,False,False,0.12342117375048822,0.20645092075976557,,False,False,False,False,not_both_verified,False,False,False,not_both_verified,neither,neither,neither,neither,False,False,False
k8,native,construct,cooperative,27,eval:27,eval:27:0:0,invalid_terminal,invalid_terminal,False,False,False,False,False,False,False,False,False,False,False,False,3.9203297023291594,3.0174068336005218,,False,False,False,False,not_both_verified,False,False,False,not_both_verified,neither,neither,neither,neither,False,False,False
k8,native,construct,cooperative,28,eval:28,eval:28:0:0,invalid_terminal,invalid_terminal,False,False,False,False,False,False,False,False,False,False,False,False,0.6805141231043237,0.6118486186487573,,False,False,False,False,not_both_verified,False,False,False,not_both_verified,neither,neither,neither,neither,False,False,False
k8,native,construct,cooperative,29,eval:29,eval:29:0:0,invalid_terminal,invalid_terminal,False,False,False,False,False,False,False,False,False,False,False,False,1.247174696810477,3.568233685381644,,False,False,False,False,not_both_verified,False,False,False,not_both_verified,neither,neither,neither,neither,False,False,False
k8,native,construct,cooperative,30,eval:30,eval:30:0:0,invalid_terminal,invalid_terminal,False,False,False,False,False,False,False,False,False,False,False,False,1.794269865809869,0.7734444797625057,,False,False,False,False,not_both_verified,False,False,False,not_both_verified,neither,neither,neither,neither,False,False,False
k8,native,construct,cooperative,31,eval:31,eval:31:0:0,not_converged,not_converged,False,False,False,False,False,False,False,False,False,False,False,False,0.2598691601912435,0.1529479642073568,,False,False,False,False,not_both_verified,False,False,False,not_both_verified,neither,neither,neither,neither,False,False,False
k8,native,construct,cooperative,32,eval:32,eval:32:0:0,invalid_terminal,not_converged,False,False,False,False,False,False,False,False,False,False,False,False,0.5237669260184727,-4.410306045325521,,False,True,False,True,not_both_verified,True,False,True,not_both_verified,gained,gained,neither,neither,False,False,False
k8,native,construct,cooperative,33,eval:33,eval:33:0:0,verified,verified,True,False,False,False,False,False,False,False,False,False,False,False,0.1405240873154705,0.09229892290201835,-0.04822516441345215,False,False,False,False,no_threshold_or_NU_change,True,True,False,verified_threshold_only,neither,gained,neither,gained,False,False,False
k8,native,construct,cooperative,34,eval:34,eval:34:0:0,not_converged,verified,False,True,False,False,False,False,False,False,False,False,False,False,0.04549492031921387,0.04868209988464356,,False,False,False,False,verification_changed,False,False,False,verification_changed,neither,both,neither,gained,False,False,False
k8,native,construct,cooperative,35,eval:35,eval:35:0:0,invalid_terminal,verified,False,True,False,False,False,False,False,False,False,False,False,False,0.37711946860399603,0.04669945136156439,,False,False,False,False,verification_changed,True,False,True,verification_changed,neither,gained,neither,gained,False,False,False
k8,native,construct,cooperative,36,eval:36,eval:36:0:0,invalid_terminal,not_converged,False,False,False,False,False,False,False,False,False,False,False,False,3.2096960250211453,2.7701618377042507,,False,False,False,False,not_both_verified,False,False,False,not_both_verified,neither,neither,neither,neither,False,False,False
k8,native,construct,cooperative,37,eval:37,eval:37:0:0,invalid_terminal,invalid_terminal,False,False,False,False,False,False,False,False,False,False,False,False,2.865147033370839,0.9037298351896865,,False,False,False,False,not_both_verified,False,False,False,not_both_verified,neither,neither,neither,neither,False,False,False
k8,native,construct,cooperative,38,eval:38,eval:38:0:0,invalid_terminal,not_converged,False,False,False,False,False,False,False,False,False,False,False,False,1.4833443136921574,0.14872336108595618,,False,False,False,False,not_both_verified,False,False,False,not_both_verified,neither,neither,neither,neither,False,False,False
k8,native,construct,cooperative,39,eval:39,eval:39:0:0,verified,not_converged,False,True,False,False,False,False,False,False,False,False,False,False,0.19216052541731798,8.96061126241683,,False,False,False,False,verification_changed,False,False,False,verification_changed,neither,neither,neither,neither,False,False,False
k8,native,construct,cooperative,40,eval:40,eval:40:0:0,verified,not_converged,False,True,False,False,False,False,False,False,False,False,False,False,0.350294145616699,0.14815333751123028,,False,False,False,False,verification_changed,False,False,False,verification_changed,neither,neither,neither,neither,False,False,False
k8,native,construct,cooperative,41,eval:41,eval:41:0:0,not_converged,verified,False,True,False,False,False,False,False,False,False,False,False,False,6.437327847923178,0.15751551195516011,,False,False,False,False,verification_changed,False,False,False,verification_changed,neither,neither,neither,neither,False,False,False
k8,native,construct,cooperative,42,eval:42,eval:42:0:0,not_converged,not_converged,False,False,False,False,False,False,False,False,False,False,False,False,0.5480389110777448,0.29070277139878975,,False,False,False,False,not_both_verified,False,False,False,not_both_verified,neither,neither,neither,neither,False,False,False
k8,native,construct,cooperative,43,eval:43,eval:43:0:0,invalid_terminal,invalid_terminal,False,False,False,False,False,False,False,False,False,False,False,False,0.9832351610498051,2.9319522783593754,,False,False,False,False,not_both_verified,False,False,False,not_both_verified,neither,neither,neither,neither,False,False,False
k8,native,construct,cooperative,44,eval:44,eval:44:0:0,verified,verified,True,False,False,False,False,False,False,False,False,False,False,False,0.31346060874877857,0.30199505927978443,-0.01146554946899414,False,False,False,False,no_threshold_or_NU_change,False,False,False,no_threshold_or_NU_change,neither,neither,neither,neither,False,False,False
k8,native,construct,cooperative,45,eval:45,eval:45:0:0,verified,verified,True,False,False,False,False,False,False,False,False,False,False,False,0.11385543823282873,0.056136684418131466,-0.057718753814697266,False,False,False,False,no_threshold_or_NU_change,True,True,False,verified_threshold_only,neither,gained,neither,gained,False,False,False
k8,native,construct,cooperative,46,eval:46,eval:46:0:0,verified,invalid_terminal,False,True,False,False,False,False,False,False,False,False,False,False,0.0740897143029784,0.6608693087243651,,False,False,False,False,verification_changed,True,False,True,verification_changed,neither,lost,neither,lost,False,False,False
k8,native,construct,cooperative,47,eval:47,eval:47:0:0,verified,invalid_terminal,False,True,False,False,False,False,False,False,False,False,False,False,0.14052069470072137,0.9353929786362682,,False,False,False,False,verification_changed,False,False,False,verification_changed,neither,neither,neither,neither,False,False,False
k8,native,construct,cooperative,48,eval:48,eval:48:0:0,invalid_terminal,invalid_terminal,False,False,False,False,False,False,False,False,False,False,False,False,3.787331416082937,1.358892752600271,,False,False,False,False,not_both_verified,False,False,False,not_both_verified,neither,neither,neither,neither,False,False,False
k8,native,construct,cooperative,49,eval:49,eval:49:0:0,verified,verified,True,False,False,False,False,False,False,False,False,False,False,False,0.7894611092489576,0.8671240540426588,0.07766294479370117,False,False,False,False,no_threshold_or_NU_change,False,False,False,no_threshold_or_NU_change,neither,neither,neither,neither,False,False,False
k8,native,construct,cooperative,50,eval:50,eval:50:0:0,not_converged,not_converged,False,False,False,False,False,False,False,False,False,False,False,False,0.8019614008646654,0.2421951082926439,,False,False,False,False,not_both_verified,False,False,False,not_both_verified,neither,neither,neither,neither,False,False,False
k8,native,construct,cooperative,51,eval:51,eval:51:0:0,verified,verified,True,False,False,False,False,False,False,False,False,False,False,False,0.10808462663720952,0.10808319612573491,-1.430511474609375e-06,True,False,False,False,no_threshold_or_NU_change,False,False,False,no_threshold_or_NU_change,neither,neither,neither,neither,False,False,False
k8,native,construct,cooperative,52,eval:52,eval:52:0:0,invalid_terminal,invalid_terminal,False,False,False,False,False,False,False,False,False,False,False,False,2.0041486857544957,1.6171342967164097,,False,False,False,False,not_both_verified,False,False,False,not_both_verified,neither,neither,neither,neither,False,False,False
k8,native,construct,cooperative,53,eval:53,eval:53:0:0,invalid_terminal,invalid_terminal,False,False,False,False,False,False,False,False,False,False,False,False,1.0188782447070315,0.6813228362292483,,False,False,False,False,not_both_verified,False,False,False,not_both_verified,neither,neither,neither,neither,False,False,False
k8,native,construct,cooperative,54,eval:54,eval:54:0:0,verified,not_converged,False,True,False,False,False,False,False,False,False,False,False,False,0.24140564517858287,0.07514587955358287,,False,False,False,False,verification_changed,True,False,True,verification_changed,neither,gained,neither,neither,False,False,False
k8,native,construct,cooperative,55,eval:55,eval:55:0:0,invalid_terminal,invalid_terminal,False,False,False,False,False,False,False,False,False,False,False,False,1.691302688144531,7.193662555240478,,False,False,False,False,not_both_verified,False,False,False,not_both_verified,neither,neither,neither,neither,False,False,False
k8,native,construct,cooperative,56,eval:56,eval:56:0:0,invalid_terminal,invalid_terminal,False,False,False,False,False,False,False,False,False,False,False,False,6.164817753147844,1.2737254527328048,,False,False,False,False,not_both_verified,False,False,False,not_both_verified,neither,neither,neither,neither,False,False,False
k8,native,construct,cooperative,57,eval:57,eval:57:0:0,invalid_terminal,invalid_terminal,False,False,False,False,False,False,False,False,False,False,False,False,0.6892520169488945,2.6128293256036796,,False,False,False,False,not_both_verified,False,False,False,not_both_verified,neither,neither,neither,neither,False,False,False
k8,native,construct,cooperative,58,eval:58,eval:58:0:0,not_converged,not_converged,False,False,False,False,False,False,False,False,False,False,False,False,0.09775031668294254,0.10011542898763004,,False,False,False,False,not_both_verified,True,False,True,not_both_verified,neither,lost,neither,neither,False,False,False
k8,native,construct,cooperative,59,eval:59,eval:59:0:0,invalid_terminal,invalid_terminal,False,False,False,False,False,False,False,False,False,False,False,False,3.307811846224072,5.9584261078512695,,False,False,False,False,not_both_verified,False,False,False,not_both_verified,neither,neither,neither,neither,False,False,False
k8,native,construct,cooperative,60,eval:60,eval:60:0:0,not_converged,verified,False,True,False,False,False,False,False,False,False,False,False,False,1.544178448608398,1.6571254357604976,,False,False,False,False,verification_changed,False,False,False,verification_changed,neither,neither,neither,neither,False,False,False
k8,native,construct,cooperative,61,eval:61,eval:61:0:0,invalid_terminal,invalid_terminal,False,False,False,False,False,False,False,False,False,False,False,False,3.121153881266279,2.7768559953715037,,False,False,False,False,not_both_verified,False,False,False,not_both_verified,neither,neither,neither,neither,False,False,False
k8,native,construct,cooperative,62,eval:62,eval:62:0:0,verified,not_converged,False,True,False,False,False,False,False,False,False,False,False,False,0.28529489515799433,7.464507942185582,,False,False,False,False,verification_changed,False,False,False,verification_changed,neither,neither,neither,neither,False,False,False
k8,native,construct,cooperative,63,eval:63,eval:63:0:0,invalid_terminal,invalid_terminal,False,False,False,False,False,False,False,False,False,False,False,False,6.14519415146308,0.28165397888617605,,False,False,False,False,not_both_verified,False,False,False,not_both_verified,neither,neither,neither,neither,False,False,False
k8,native,construct,cooperative,64,eval:64,eval:64:0:0,not_converged,invalid_terminal,False,False,False,False,False,False,False,False,False,False,False,False,0.2519911082763677,0.5795291217346197,,False,False,False,False,not_both_verified,False,False,False,not_both_verified,neither,neither,neither,neither,False,False,False
k8,native,construct,cooperative,65,eval:65,eval:65:0:0,invalid_terminal,verified,False,True,False,False,False,False,False,False,False,False,False,False,1.682650356005328,0.04911818952431002,,False,False,False,False,verification_changed,True,False,True,verification_changed,neither,gained,neither,gained,False,False,False
k8,native,construct,cooperative,66,eval:66,eval:66:0:0,invalid_terminal,not_converged,False,False,False,False,False,False,False,False,False,False,False,False,0.6239203086020906,0.04850588942789624,,False,False,False,False,not_both_verified,True,False,True,not_both_verified,neither,gained,neither,neither,False,False,False
k8,native,construct,cooperative,67,eval:67,eval:67:0:0,invalid_terminal,invalid_terminal,False,False,False,False,False,False,False,False,False,False,False,False,2.5212072266784666,2.057835949822998,,False,False,False,False,not_both_verified,False,False,False,not_both_verified,neither,neither,neither,neither,False,False,False
k8,native,construct,cooperative,68,eval:68,eval:68:0:0,verified,verified,True,False,False,False,False,False,False,False,False,False,False,False,0.05430170533765999,-0.021942887328965988,-0.07624459266662598,False,True,True,False,verified_threshold_only,False,False,False,no_threshold_or_NU_change,gained,both,gained,both,False,False,False
k8,native,construct,cooperative,69,eval:69,eval:69:0:0,generation_failure,generation_failure,False,False,False,False,False,True,False,False,True,True,False,True,,,,,False,False,False,generation_or_parse_unavailable,False,False,False,generation_or_parse_unavailable,neither,neither,neither,neither,False,False,False
k8,native,construct,cooperative,70,eval:70,eval:70:0:0,not_converged,not_converged,False,False,False,False,False,False,False,False,False,False,False,False,0.15029429039184583,0.14304684242431653,,False,False,False,False,not_both_verified,False,False,False,not_both_verified,neither,neither,neither,neither,False,False,False
k8,native,construct,cooperative,71,eval:71,eval:71:0:0,not_converged,verified,False,True,False,False,False,False,False,False,False,False,False,False,9.982418199400227,0.11250414452962199,,False,False,False,False,verification_changed,False,False,False,verification_changed,neither,neither,neither,neither,False,False,False
k8,native,construct,cooperative,72,eval:72,eval:72:0:0,invalid_terminal,invalid_terminal,False,False,False,False,False,False,False,False,False,False,False,False,0.1645352638732911,-1.6753099166381835,,False,True,False,True,not_both_verified,True,False,True,not_both_verified,gained,gained,neither,neither,False,False,False
k8,native,construct,cooperative,73,eval:73,eval:73:0:0,verified,invalid_terminal,False,True,False,False,False,False,False,False,False,False,False,False,0.3932068296650453,0.5629184194782777,,False,False,False,False,verification_changed,False,False,False,verification_changed,neither,neither,neither,neither,False,False,False
k8,native,construct,cooperative,74,eval:74,eval:74:0:0,verified,verified,True,False,False,False,False,False,False,False,False,False,False,False,0.07914296202636706,0.02403775267578112,-0.05510520935058594,False,False,False,False,no_threshold_or_NU_change,False,False,False,no_threshold_or_NU_change,neither,both,neither,both,False,False,False
k8,native,construct,cooperative,75,eval:75,eval:75:0:0,verified,not_converged,False,True,False,False,False,False,False,False,False,False,False,False,0.5375175509659424,0.06519389488378913,,False,False,False,False,verification_changed,True,False,True,verification_changed,neither,gained,neither,neither,False,False,False
k8,native,construct,cooperative,76,eval:76,eval:76:0:0,invalid_terminal,invalid_terminal,False,False,False,False,False,False,False,False,False,False,False,False,4.11987864154826,1.9097827591324883,,False,False,False,False,not_both_verified,False,False,False,not_both_verified,neither,neither,neither,neither,False,False,False
k8,native,construct,cooperative,77,eval:77,eval:77:0:0,verified,not_converged,False,True,False,False,False,False,False,False,False,False,False,False,0.0435415810807287,0.04853883449869745,,False,False,False,False,verification_changed,False,False,False,verification_changed,neither,both,neither,lost,False,False,False
k8,native,construct,cooperative,78,eval:78,eval:78:0:0,invalid_terminal,invalid_terminal,False,False,False,False,False,False,False,False,False,False,False,False,2.3341458557696253,1.934881520137301,,False,False,False,False,not_both_verified,False,False,False,not_both_verified,neither,neither,neither,neither,False,False,False
k8,native,construct,cooperative,79,eval:79,eval:79:0:0,invalid_terminal,invalid_terminal,False,False,False,False,False,False,False,False,False,False,False,False,5.950227724238525,3.7670719491683347,,False,False,False,False,not_both_verified,False,False,False,not_both_verified,neither,neither,neither,neither,False,False,False
k8,native,construct,cooperative,80,eval:80,eval:80:0:0,verified,verified,True,False,False,False,False,False,False,False,False,False,False,False,-0.01029867019042996,0.09811741028442356,0.10841608047485352,False,True,True,False,verified_threshold_only,False,False,False,no_threshold_or_NU_change,lost,both,lost,both,False,False,False
k8,native,construct,cooperative,81,eval:81,eval:81:0:0,not_converged,not_converged,False,False,False,False,False,False,False,False,False,False,False,False,8.7259403302908,7.70225582864285,,False,False,False,False,not_both_verified,False,False,False,not_both_verified,neither,neither,neither,neither,False,False,False
k8,native,construct,cooperative,82,eval:82,eval:82:0:0,verified,not_converged,False,True,False,False,False,False,False,False,False,False,False,False,0.06054997008534757,-0.03840387303141268,,False,True,False,True,verification_changed,False,False,False,verification_changed,gained,both,neither,lost,False,False,False
k8,native,construct,cooperative,83,eval:83,eval:83:0:0,invalid_terminal,invalid_terminal,False,False,False,False,False,False,False,False,False,False,False,False,0.5904398537850302,0.29569726955651454,,False,False,False,False,not_both_verified,False,False,False,not_both_verified,neither,neither,neither,neither,False,False,False
k8,native,construct,cooperative,84,eval:84,eval:84:0:0,invalid_terminal,invalid_terminal,False,False,False,False,False,False,False,False,False,False,False,False,2.2662742561318368,0.20958356323022542,,False,False,False,False,not_both_verified,False,False,False,not_both_verified,neither,neither,neither,neither,False,False,False
k8,native,construct,cooperative,85,eval:85,eval:85:0:0,verified,verified,True,False,False,False,False,False,False,False,False,False,False,False,0.22121428497843443,0.14712523468546568,-0.07408905029296875,False,False,False,False,no_threshold_or_NU_change,False,False,False,no_threshold_or_NU_change,neither,neither,neither,neither,False,False,False
k8,native,construct,cooperative,86,eval:86,eval:86:0:0,invalid_terminal,invalid_terminal,False,False,False,False,False,False,False,False,False,False,False,False,1.3572459459928377,1.3385286570218904,,False,False,False,False,not_both_verified,False,False,False,not_both_verified,neither,neither,neither,neither,False,False,False
k8,native,construct,cooperative,87,eval:87,eval:87:0:0,not_converged,not_converged,False,False,False,False,False,False,False,False,False,False,False,False,0.3743526255138896,0.41136281838498334,,False,False,False,False,not_both_verified,False,False,False,not_both_verified,neither,neither,neither,neither,False,False,False
k8,native,construct,cooperative,88,eval:88,eval:88:0:0,verified,not_converged,False,True,False,False,False,False,False,False,False,False,False,False,-0.03471895638671896,-0.031747784053955286,,False,False,False,False,verification_changed,False,False,False,verification_changed,both,both,lost,lost,False,False,False
k8,native,construct,cooperative,89,eval:89,eval:89:0:0,invalid_terminal,invalid_terminal,False,False,False,False,False,False,False,False,False,False,False,False,2.004677155970998,0.6290086302751972,,False,False,False,False,not_both_verified,False,False,False,not_both_verified,neither,neither,neither,neither,False,False,False
k8,native,construct,cooperative,90,eval:90,eval:90:0:0,verified,invalid_terminal,False,True,False,False,False,False,False,False,False,False,False,False,0.12175936639881257,0.814293336277963,,False,False,False,False,verification_changed,False,False,False,verification_changed,neither,neither,neither,neither,False,False,False
k8,native,construct,cooperative,91,eval:91,eval:91:0:0,invalid_terminal,verified,False,True,False,False,False,False,False,False,False,False,False,False,1.2208543731665022,0.29632720489257647,,False,False,False,False,verification_changed,False,False,False,verification_changed,neither,neither,neither,neither,False,False,False
k8,native,construct,cooperative,92,eval:92,eval:92:0:0,invalid_terminal,invalid_terminal,False,False,False,False,False,False,False,False,False,False,False,False,5.2595439443063965,5.216293860383057,,False,False,False,False,not_both_verified,False,False,False,not_both_verified,neither,neither,neither,neither,False,False,False
k8,native,construct,cooperative,93,eval:93,eval:93:0:0,not_converged,verified,False,True,False,False,False,False,False,False,False,False,False,False,0.09953657625732415,0.3296033525329589,,False,False,False,False,verification_changed,True,False,True,verification_changed,neither,lost,neither,neither,False,False,False
k8,native,construct,cooperative,94,eval:94,eval:94:0:0,invalid_terminal,not_converged,False,False,False,False,False,False,False,False,False,False,False,False,0.6864764340337723,8.944606984418293,,False,False,False,False,not_both_verified,False,False,False,not_both_verified,neither,neither,neither,neither,False,False,False
k8,native,construct,cooperative,95,eval:95,eval:95:0:0,verified,not_converged,False,True,False,False,False,False,False,False,False,False,False,False,0.13699858705151335,0.17453473130810515,,False,False,False,False,verification_changed,False,False,False,verification_changed,neither,neither,neither,neither,False,False,False
k8,native,construct,cooperative,96,eval:96,eval:96:0:0,verified,verified,True,False,False,False,False,False,False,False,False,False,False,False,0.01843557985961919,0.031841141306762744,0.013405561447143555,False,False,False,False,no_threshold_or_NU_change,False,False,False,no_threshold_or_NU_change,neither,both,neither,both,False,False,False
k8,native,construct,cooperative,97,eval:97,eval:97:0:0,not_converged,not_converged,False,False,False,False,False,False,False,False,False,False,False,False,10.218062030715332,10.744491207045899,,False,False,False,False,not_both_verified,False,False,False,not_both_verified,neither,neither,neither,neither,False,False,False
k8,native,construct,cooperative,98,eval:98,eval:98:0:0,invalid_terminal,not_converged,False,False,False,False,False,False,False,False,False,False,False,False,0.5688448743522141,0.05347736641764378,,False,False,False,False,not_both_verified,True,False,True,not_both_verified,neither,gained,neither,neither,False,False,False
k8,native,construct,cooperative,99,eval:99,eval:99:0:0,not_converged,invalid_terminal,False,False,False,False,False,False,False,False,False,False,False,False,-7.505779410124399,2.1798742763990386,,False,True,False,True,not_both_verified,True,False,True,not_both_verified,lost,lost,neither,neither,False,False,False
k8,native,construct,cooperative,100,eval:100,eval:100:0:0,not_converged,invalid_terminal,False,False,False,False,False,False,False,False,False,False,False,False,8.149222381075814,7.5871615480985195,,False,False,False,False,not_both_verified,False,False,False,not_both_verified,neither,neither,neither,neither,False,False,False
k8,native,construct,cooperative,101,eval:101,eval:101:0:0,not_converged,not_converged,False,False,False,False,False,False,False,False,False,False,False,False,0.06563879801855599,0.11791254832373177,,False,False,False,False,not_both_verified,True,False,True,not_both_verified,neither,lost,neither,neither,False,False,False
k8,native,construct,cooperative,102,eval:102,eval:102:0:0,not_converged,not_converged,False,False,False,False,False,False,False,False,False,False,False,False,0.08248871817871084,0.14088219657226553,,False,False,False,False,not_both_verified,True,False,True,not_both_verified,neither,lost,neither,neither,False,False,False
k8,native,construct,cooperative,103,eval:103,eval:103:0:0,verified,verified,False,False,False,False,False,False,False,True,True,False,False,True,,,,False,False,False,False,unknown_hull,False,False,False,unknown_hull,neither,neither,neither,neither,False,False,False
k8,native,construct,cooperative,104,eval:104,eval:104:0:0,invalid_terminal,invalid_terminal,False,False,False,False,False,False,False,False,False,False,False,False,1.987734293321262,4.761610006669651,,False,False,False,False,not_both_verified,False,False,False,not_both_verified,neither,neither,neither,neither,False,False,False
k8,native,construct,cooperative,105,eval:105,eval:105:0:0,verified,verified,True,False,False,False,False,False,False,False,False,False,False,False,0.11562783911010754,0.05160482122680676,-0.06402301788330078,False,False,False,False,no_threshold_or_NU_change,True,True,False,verified_threshold_only,neither,gained,neither,gained,False,False,False
k8,native,construct,cooperative,106,eval:106,eval:106:0:0,invalid_terminal,invalid_terminal,False,False,False,False,False,False,False,False,False,False,False,False,0.6993013820151095,4.283513685176731,,False,False,False,False,not_both_verified,False,False,False,not_both_verified,neither,neither,neither,neither,False,False,False
k8,native,construct,cooperative,107,eval:107,eval:107:0:0,verified,verified,True,False,False,False,False,False,False,False,False,False,False,False,0.06839421384216227,0.04328945271850504,-0.025104761123657227,False,False,False,False,no_threshold_or_NU_change,False,False,False,no_threshold_or_NU_change,neither,both,neither,both,False,False,False
k8,native,construct,cooperative,108,eval:108,eval:108:0:0,verified,verified,True,False,False,False,False,False,False,False,False,False,False,False,0.07768086541381791,0.07354811776367143,-0.004132747650146484,False,False,False,False,no_threshold_or_NU_change,False,False,False,no_threshold_or_NU_change,neither,both,neither,both,False,False,False
k8,native,construct,cooperative,109,eval:109,eval:109:0:0,verified,not_converged,False,True,False,False,False,False,False,False,False,False,False,False,0.1274292430731201,0.1277067622991943,,False,False,False,False,verification_changed,False,False,False,verification_changed,neither,neither,neither,neither,False,False,False
k8,native,construct,cooperative,110,eval:110,eval:110:0:0,invalid_terminal,invalid_terminal,False,False,False,False,False,False,False,False,False,False,False,False,0.48365167080485083,0.6061272948893235,,False,False,False,False,not_both_verified,False,False,False,not_both_verified,neither,neither,neither,neither,False,False,False
k8,native,construct,cooperative,111,eval:111,eval:111:0:0,invalid_terminal,not_converged,False,False,False,False,False,False,False,False,False,False,False,False,5.907086552403839,0.2744194877370907,,False,False,False,False,not_both_verified,False,False,False,not_both_verified,neither,neither,neither,neither,False,False,False
k8,native,construct,cooperative,112,eval:112,eval:112:0:0,verified,verified,True,False,False,False,False,False,False,False,False,False,False,False,0.22582545006530763,0.22645177567260744,0.0006263256072998047,False,False,False,False,no_threshold_or_NU_change,False,False,False,no_threshold_or_NU_change,neither,neither,neither,neither,False,False,False
k8,native,construct,cooperative,113,eval:113,eval:113:0:0,invalid_terminal,verified,False,True,False,False,False,False,False,False,False,False,False,False,1.2604373247788088,0.1632278711960451,,False,False,False,False,verification_changed,False,False,False,verification_changed,neither,neither,neither,neither,False,False,False
k8,native,construct,cooperative,114,eval:114,eval:114:0:0,invalid_terminal,invalid_terminal,False,False,False,False,False,False,False,False,False,False,False,False,5.533169055812208,5.5276062735246105,,True,False,False,False,not_both_verified,False,False,False,not_both_verified,neither,neither,neither,neither,False,False,False
k8,native,construct,cooperative,115,eval:115,eval:115:0:0,invalid_terminal,verified,False,True,False,False,False,False,False,False,False,False,False,False,0.49122179749430295,0.03212012055338498,,False,False,False,False,verification_changed,True,False,True,verification_changed,neither,gained,neither,gained,False,False,False
k8,native,construct,cooperative,116,eval:116,eval:116:0:0,verified,verified,True,False,False,False,False,False,False,False,False,False,False,False,0.1750206965433816,0.09538984479777612,-0.07963085174560547,False,False,False,False,no_threshold_or_NU_change,True,True,False,verified_threshold_only,neither,gained,neither,gained,False,False,False
k8,native,construct,cooperative,117,eval:117,eval:117:0:0,not_converged,not_converged,False,False,False,False,False,False,False,False,False,False,False,False,0.22324172340087856,0.2530335553710934,,False,False,False,False,not_both_verified,False,False,False,not_both_verified,neither,neither,neither,neither,False,False,False
k8,native,construct,cooperative,118,eval:118,eval:118:0:0,invalid_terminal,invalid_terminal,False,False,False,False,False,False,False,False,False,False,False,False,1.1577632902197266,1.5756395338110352,,True,False,False,False,not_both_verified,False,False,False,not_both_verified,neither,neither,neither,neither,False,False,False
k8,native,construct,cooperative,119,eval:119,eval:119:0:0,not_converged,invalid_terminal,False,False,False,False,False,False,False,False,False,False,False,False,0.1274166452068224,0.9916601525920763,,False,False,False,False,not_both_verified,False,False,False,not_both_verified,neither,neither,neither,neither,False,False,False
k8,native,construct,cooperative,120,eval:120,eval:120:0:0,not_converged,not_converged,False,False,False,False,False,False,False,True,True,False,False,True,,,,False,False,False,False,unknown_hull,False,False,False,unknown_hull,neither,neither,neither,neither,False,False,False
k8,native,construct,cooperative,121,eval:121,eval:121:0:0,verified,not_converged,False,True,False,False,False,False,False,False,False,False,False,False,0.9786301974179707,14.003056657684084,,False,False,False,False,verification_changed,False,False,False,verification_changed,neither,neither,neither,neither,False,False,False
k8,native,construct,cooperative,122,eval:122,eval:122:0:0,verified,verified,True,False,False,False,False,False,False,False,False,False,False,False,0.008502027263182832,0.0033545701403800976,-0.005147457122802734,False,False,False,False,no_threshold_or_NU_change,False,False,False,no_threshold_or_NU_change,neither,both,neither,both,False,False,False
k8,native,construct,cooperative,123,eval:123,eval:123:0:0,invalid_terminal,invalid_terminal,False,False,False,False,False,False,False,False,False,False,False,False,9.354166208607097,4.395387588840861,,False,False,False,False,not_both_verified,False,False,False,not_both_verified,neither,neither,neither,neither,False,False,False
k8,native,construct,cooperative,124,eval:124,eval:124:0:0,not_converged,invalid_terminal,False,False,False,False,False,False,False,False,False,False,False,False,10.519295566520018,5.006749980887694,,False,False,False,False,not_both_verified,False,False,False,not_both_verified,neither,neither,neither,neither,False,False,False
k8,native,construct,cooperative,125,eval:125,eval:125:0:0,not_converged,not_converged,False,False,False,False,False,False,False,False,False,False,False,False,0.5757172694033201,0.18674307964501935,,False,False,False,False,not_both_verified,False,False,False,not_both_verified,neither,neither,neither,neither,False,False,False
k8,native,construct,cooperative,126,eval:126,eval:126:0:0,not_converged,invalid_terminal,False,False,False,False,False,False,False,False,False,False,False,False,0.05745317221435542,1.7625785040930175,,False,False,False,False,not_both_verified,True,False,True,not_both_verified,neither,lost,neither,neither,False,False,False
k8,native,construct,cooperative,127,eval:127,eval:127:0:0,invalid_terminal,not_converged,False,False,False,False,False,False,False,False,False,False,False,False,1.0246956281295336,4.027291052781633,,False,False,False,False,not_both_verified,False,False,False,not_both_verified,neither,neither,neither,neither,False,False,False
k8,native,construct,cooperative,128,eval:128,eval:128:0:0,invalid_terminal,invalid_terminal,False,False,False,False,False,False,False,False,False,False,False,False,3.8702149339599607,6.644271845428467,,False,False,False,False,not_both_verified,False,False,False,not_both_verified,neither,neither,neither,neither,False,False,False
k8,native,construct,cooperative,129,eval:129,eval:129:0:0,not_converged,not_converged,False,False,False,False,False,False,False,False,False,False,False,False,7.386559152013671,3.5208043092554924,,False,False,False,False,not_both_verified,False,False,False,not_both_verified,neither,neither,neither,neither,False,False,False
k8,native,construct,cooperative,130,eval:130,eval:130:0:0,verified,verified,True,False,False,False,False,False,False,False,False,False,False,False,0.1821609391818848,0.2772687329898682,0.0951077938079834,False,False,False,False,no_threshold_or_NU_change,False,False,False,no_threshold_or_NU_change,neither,neither,neither,neither,False,False,False
k8,native,construct,cooperative,131,eval:131,eval:131:0:0,invalid_terminal,invalid_terminal,False,False,False,False,False,False,False,False,False,False,False,False,4.4646582907928885,4.994017631460613,,False,False,False,False,not_both_verified,False,False,False,not_both_verified,neither,neither,neither,neither,False,False,False
k8,native,construct,cooperative,132,eval:132,eval:132:0:0,invalid_terminal,invalid_terminal,False,False,False,False,False,False,False,False,False,False,False,False,2.316021581098231,0.2870985464302622,,False,False,False,False,not_both_verified,False,False,False,not_both_verified,neither,neither,neither,neither,False,False,False
k8,native,construct,cooperative,133,eval:133,eval:133:0:0,invalid_terminal,invalid_terminal,False,False,False,False,False,False,False,False,False,False,False,False,8.142823176182997,0.5121097133534072,,False,False,False,False,not_both_verified,False,False,False,not_both_verified,neither,neither,neither,neither,False,False,False
k8,native,construct,cooperative,134,eval:134,eval:134:0:0,invalid_terminal,verified,False,True,False,False,False,False,False,False,False,False,False,False,1.628375212227783,0.011728922402343578,,False,False,False,False,verification_changed,True,False,True,verification_changed,neither,gained,neither,gained,False,False,False
k8,native,construct,cooperative,135,eval:135,eval:135:0:0,not_converged,verified,False,True,False,False,False,False,False,False,False,False,False,False,4.856391535565302,0.029116497799798857,,False,False,False,False,verification_changed,True,False,True,verification_changed,neither,gained,neither,gained,False,False,False
k8,native,construct,cooperative,136,eval:136,eval:136:0:0,generation_failure,generation_failure,False,False,False,False,False,True,False,False,True,True,False,True,,,,,False,False,False,generation_or_parse_unavailable,False,False,False,generation_or_parse_unavailable,neither,neither,neither,neither,False,False,False
k8,native,construct,cooperative,137,eval:137,eval:137:0:0,verified,not_converged,False,True,False,False,False,False,False,False,False,False,False,False,0.22685471299642046,0.30725470307820757,,False,False,False,False,verification_changed,False,False,False,verification_changed,neither,neither,neither,neither,False,False,False
k8,native,construct,cooperative,138,eval:138,eval:138:0:0,verified,verified,True,False,False,False,False,False,False,False,False,False,False,False,0.6075663300431309,0.6075653763688145,-9.5367431640625e-07,True,False,False,False,no_threshold_or_NU_change,False,False,False,no_threshold_or_NU_change,neither,neither,neither,neither,False,False,False
k8,native,construct,cooperative,139,eval:139,eval:139:0:0,not_converged,verified,False,True,False,False,False,False,False,False,False,False,False,False,0.04856524474835755,0.05151019103742005,,False,False,False,False,verification_changed,False,False,False,verification_changed,neither,both,neither,gained,False,False,False
k8,native,construct,cooperative,140,eval:140,eval:140:0:0,not_converged,invalid_terminal,False,False,False,False,False,False,False,False,False,False,False,False,0.3193735625474714,1.3754596259324812,,False,False,False,False,not_both_verified,False,False,False,not_both_verified,neither,neither,neither,neither,False,False,False
k8,native,construct,cooperative,141,eval:141,eval:141:0:0,not_converged,verified,False,True,False,False,False,False,False,False,False,False,False,False,0.07390818149108913,0.07467112094421413,,False,False,False,False,verification_changed,False,False,False,verification_changed,neither,both,neither,gained,False,False,False
k8,native,construct,cooperative,142,eval:142,eval:142:0:0,invalid_terminal,invalid_terminal,False,False,False,False,False,False,False,False,False,False,False,False,2.8530956465873203,0.5058480460319004,,False,False,False,False,not_both_verified,False,False,False,not_both_verified,neither,neither,neither,neither,False,False,False
k8,native,construct,cooperative,143,eval:143,eval:143:0:0,verified,not_converged,False,True,False,False,False,False,False,False,False,False,False,False,0.07085735355672229,10.215736217845052,,False,False,False,False,verification_changed,True,False,True,verification_changed,neither,lost,neither,lost,False,False,False
k8,native,construct,cooperative,144,eval:144,eval:144:0:0,verified,verified,True,False,False,False,False,False,False,False,False,False,False,False,0.11407223365966779,0.11508455894653302,0.0010123252868652344,False,False,False,False,no_threshold_or_NU_change,False,False,False,no_threshold_or_NU_change,neither,neither,neither,neither,False,False,False
k8,native,construct,cooperative,145,eval:145,eval:145:0:0,not_converged,verified,False,True,False,False,False,False,False,False,False,False,False,False,0.14540440625301088,0.15297419613948549,,False,False,False,False,verification_changed,False,False,False,verification_changed,neither,neither,neither,neither,False,False,False
k8,native,construct,cooperative,146,eval:146,eval:146:0:0,invalid_terminal,invalid_terminal,False,False,False,False,False,False,False,False,False,False,False,False,0.4544952364995116,0.5370657893254394,,False,False,False,False,not_both_verified,False,False,False,not_both_verified,neither,neither,neither,neither,False,False,False
k8,native,construct,cooperative,147,eval:147,eval:147:0:0,not_converged,not_converged,False,False,False,False,False,False,False,False,False,False,False,False,0.2987579203605151,0.1770142413138842,,False,False,False,False,not_both_verified,False,False,False,not_both_verified,neither,neither,neither,neither,False,False,False
k8,native,construct,cooperative,148,eval:148,eval:148:0:0,not_converged,not_converged,False,False,False,False,False,False,False,False,False,False,False,False,0.0009422800394691677,0.00034456466166155053,,False,False,False,False,not_both_verified,False,False,False,not_both_verified,neither,both,neither,neither,False,False,False
k8,native,construct,cooperative,149,eval:149,eval:149:0:0,invalid_terminal,invalid_terminal,False,False,False,False,False,False,False,False,False,False,False,False,4.8406352937901485,1.5913119257176387,,False,False,False,False,not_both_verified,False,False,False,not_both_verified,neither,neither,neither,neither,False,False,False
k8,native,construct,cooperative,150,eval:150,eval:150:0:0,verified,verified,False,False,False,False,False,False,False,True,True,False,False,True,,,,False,False,False,False,unknown_hull,False,False,False,unknown_hull,neither,neither,neither,neither,False,False,False
k8,native,construct,cooperative,151,eval:151,eval:151:0:0,not_converged,not_converged,False,False,False,False,False,False,False,False,False,False,False,False,0.09880483529516493,0.14745796105810438,,False,False,False,False,not_both_verified,True,False,True,not_both_verified,neither,lost,neither,neither,False,False,False
k8,native,construct,cooperative,152,eval:152,eval:152:0:0,not_converged,not_converged,False,False,False,False,False,False,False,False,False,False,False,False,0.027324065684407373,0.025780066966145654,,False,False,False,False,not_both_verified,False,False,False,not_both_verified,neither,both,neither,neither,False,False,False
k8,native,construct,cooperative,153,eval:153,eval:153:0:0,not_converged,not_converged,False,False,True,True,False,False,False,False,False,False,False,False,-0.02180632482950884,-0.008948887695719776,,False,False,False,False,not_both_verified,False,False,False,not_both_verified,lost,lost,neither,neither,False,False,False
k8,native,construct,cooperative,154,eval:154,eval:154:0:0,not_converged,not_converged,False,False,False,False,False,False,False,False,False,False,False,False,0.05556716565917963,0.06122054700683588,,False,False,False,False,not_both_verified,False,False,False,not_both_verified,neither,both,neither,neither,False,False,False
k8,native,construct,cooperative,155,eval:155,eval:155:0:0,not_converged,not_converged,False,False,False,False,False,False,False,False,False,False,False,False,0.1521669890128594,-0.0044606660164374645,,False,True,False,True,not_both_verified,True,False,True,not_both_verified,gained,gained,neither,neither,False,False,False
k8,native,construct,cooperative,156,eval:156,eval:156:0:0,not_converged,verified,False,True,False,False,False,False,False,False,False,False,False,False,0.45988031963623044,0.46052404979980466,,False,False,False,False,verification_changed,False,False,False,verification_changed,neither,neither,neither,neither,False,False,False
k8,native,construct,cooperative,157,eval:157,eval:157:0:0,verified,not_converged,False,True,False,False,False,False,False,False,False,False,False,False,0.20334904045506974,0.20366661400243302,,False,False,False,False,verification_changed,False,False,False,verification_changed,neither,neither,neither,neither,False,False,False
k8,native,construct,cooperative,158,eval:158,eval:158:0:0,not_converged,verified,False,True,False,False,False,False,False,False,False,False,False,False,1.5969962369732666,-0.11063511259033199,,False,True,False,True,verification_changed,True,False,True,verification_changed,gained,gained,gained,gained,False,False,False
k8,native,construct,cooperative,159,eval:159,eval:159:0:0,not_converged,not_converged,False,False,False,False,False,False,False,False,False,False,False,False,0.08296849130246642,-0.012823325408959363,,False,True,False,True,not_both_verified,False,False,False,not_both_verified,gained,both,neither,neither,False,False,False
k8,native,construct,cooperative,160,eval:160,eval:160:0:0,verified,verified,True,False,False,False,False,False,False,False,False,False,False,False,0.2637936268170167,0.43062750438049324,0.16683387756347656,False,False,False,False,no_threshold_or_NU_change,False,False,False,no_threshold_or_NU_change,neither,neither,neither,neither,False,False,False
k8,native,construct,cooperative,161,eval:161,eval:161:0:0,not_converged,not_converged,False,False,False,False,False,False,False,True,True,False,False,True,,,,False,False,False,False,unknown_hull,False,False,False,unknown_hull,neither,neither,neither,neither,False,False,False
k8,native,construct,cooperative,162,eval:162,eval:162:0:0,invalid_terminal,verified,False,True,False,False,False,False,False,False,False,False,False,False,2.569053596009363,0.09916776989852316,,False,False,False,False,verification_changed,True,False,True,verification_changed,neither,gained,neither,gained,False,False,False
k8,native,construct,cooperative,163,eval:163,eval:163:0:0,not_converged,invalid_terminal,False,False,False,False,False,False,False,True,True,False,False,True,,,,False,False,False,False,unknown_hull,False,False,False,unknown_hull,neither,neither,neither,neither,False,False,False
k8,native,construct,cooperative,164,eval:164,eval:164:0:0,not_converged,not_converged,False,False,False,False,False,False,False,False,False,False,False,False,4.671472333212402,0.02439858748486312,,False,False,False,False,not_both_verified,True,False,True,not_both_verified,neither,gained,neither,neither,False,False,False
k8,native,construct,cooperative,165,eval:165,eval:165:0:0,verified,verified,True,False,False,False,False,False,False,False,False,False,False,False,0.4185698751278504,0.44781549013334354,0.029245615005493164,False,False,False,False,no_threshold_or_NU_change,False,False,False,no_threshold_or_NU_change,neither,neither,neither,neither,False,False,False
k8,native,construct,cooperative,166,eval:166,eval:166:0:0,not_converged,invalid_terminal,False,False,False,False,False,False,False,False,False,False,False,False,10.740442146456818,1.26538883606253,,False,False,False,False,not_both_verified,False,False,False,not_both_verified,neither,neither,neither,neither,False,False,False
k8,native,construct,cooperative,167,eval:167,eval:167:0:0,not_converged,not_converged,False,False,False,False,False,False,False,False,False,False,False,False,0.07327405683044441,0.010407130637207107,,False,False,False,False,not_both_verified,False,False,False,not_both_verified,neither,both,neither,neither,False,False,False
k8,native,construct,cooperative,168,eval:168,eval:168:0:0,verified,verified,True,False,False,False,False,False,False,False,False,False,False,False,0.035336787033691586,0.03175955467285174,-0.0035772323608398438,False,False,False,False,no_threshold_or_NU_change,False,False,False,no_threshold_or_NU_change,neither,both,neither,both,False,False,False
k8,native,construct,cooperative,169,eval:169,eval:169:0:0,invalid_terminal,not_converged,False,False,False,False,False,False,False,False,False,False,False,False,10.880390958101941,7.950297192843152,,False,False,False,False,not_both_verified,False,False,False,not_both_verified,neither,neither,neither,neither,False,False,False
k8,native,construct,cooperative,170,eval:170,eval:170:0:0,not_converged,not_converged,False,False,False,False,False,False,False,False,False,False,False,False,0.023194207714844595,0.18794049219970788,,False,False,False,False,not_both_verified,True,False,True,not_both_verified,neither,lost,neither,neither,False,False,False
k8,native,construct,cooperative,171,eval:171,eval:171:0:0,not_converged,not_converged,False,False,False,False,False,False,False,False,False,False,False,False,0.15019146113627002,0.14571038394205615,,False,False,False,False,not_both_verified,False,False,False,not_both_verified,neither,neither,neither,neither,False,False,False
k8,native,construct,cooperative,172,eval:172,eval:172:0:0,verified,not_converged,False,True,False,False,False,False,False,False,False,False,False,False,0.3952248674143064,0.12965231950170875,,False,False,False,False,verification_changed,False,False,False,verification_changed,neither,neither,neither,neither,False,False,False
k8,native,construct,cooperative,173,eval:173,eval:173:0:0,verified,not_converged,False,True,True,True,False,False,False,False,False,False,False,False,-0.008609379639079151,0.12553444970662397,,False,True,False,True,verification_changed,True,False,True,verification_changed,neither,neither,neither,neither,False,False,False
k8,native,construct,cooperative,174,eval:174,eval:174:0:0,verified,not_converged,False,True,False,False,False,False,False,False,False,False,False,False,0.012781280043699716,2.394359487059691,,False,False,False,False,verification_changed,True,False,True,verification_changed,neither,lost,neither,lost,False,False,False
k8,native,construct,cooperative,175,eval:175,eval:175:0:0,verified,verified,True,False,False,False,False,False,False,False,False,False,False,False,0.08236036704467775,0.10811577247070314,0.02575540542602539,False,False,False,False,no_threshold_or_NU_change,True,True,False,verified_threshold_only,neither,lost,neither,lost,False,False,False
k8,native,construct,cooperative,176,eval:176,eval:176:0:0,invalid_terminal,invalid_terminal,False,False,False,False,False,False,False,False,False,False,False,False,1.573353145710449,5.8077252846875,,False,False,False,False,not_both_verified,False,False,False,not_both_verified,neither,neither,neither,neither,False,False,False
k8,native,construct,cooperative,177,eval:177,eval:177:0:0,invalid_terminal,invalid_terminal,False,False,False,False,False,False,False,False,False,False,False,False,0.6058642302520338,0.618975344753987,,True,False,False,False,not_both_verified,False,False,False,not_both_verified,neither,neither,neither,neither,False,False,False
k8,native,construct,cooperative,178,eval:178,eval:178:0:0,invalid_terminal,invalid_terminal,False,False,False,False,False,False,False,False,False,False,False,False,6.794959488586834,9.180393162445476,,False,False,False,False,not_both_verified,False,False,False,not_both_verified,neither,neither,neither,neither,False,False,False
k8,native,construct,cooperative,179,eval:179,eval:179:0:0,not_converged,verified,False,True,False,False,False,False,False,False,False,False,False,False,6.876309813742676,0.051124037985839976,,False,False,False,False,verification_changed,True,False,True,verification_changed,neither,gained,neither,gained,False,False,False
k8,native,construct,cooperative,180,eval:180,eval:180:0:0,verified,verified,True,False,False,False,False,False,False,False,False,False,False,False,0.02204744965661032,0.09354989678490622,0.0715024471282959,False,False,False,False,no_threshold_or_NU_change,False,False,False,no_threshold_or_NU_change,neither,both,neither,both,False,False,False
k8,native,construct,cooperative,181,eval:181,eval:181:0:0,invalid_terminal,invalid_terminal,False,False,False,False,False,False,False,False,False,False,False,False,2.350576924006347,1.347548054377441,,False,False,False,False,not_both_verified,False,False,False,not_both_verified,neither,neither,neither,neither,False,False,False
k8,native,construct,cooperative,182,eval:182,eval:182:0:0,invalid_terminal,invalid_terminal,False,False,False,False,False,False,False,False,False,False,False,False,1.3241902345810583,2.2195788377915076,,False,False,False,False,not_both_verified,False,False,False,not_both_verified,neither,neither,neither,neither,False,False,False
k8,native,construct,cooperative,183,eval:183,eval:183:0:0,not_converged,verified,False,True,False,False,False,False,False,False,False,False,False,False,8.450331547845458,0.08198771773681646,,False,False,False,False,verification_changed,True,False,True,verification_changed,neither,gained,neither,gained,False,False,False
k8,native,construct,cooperative,184,eval:184,eval:184:0:0,not_converged,invalid_terminal,False,False,False,False,False,False,False,False,False,False,False,False,0.1268638587756321,0.5931805587573216,,True,False,False,False,not_both_verified,False,False,False,not_both_verified,neither,neither,neither,neither,False,False,False
k8,native,construct,cooperative,185,eval:185,eval:185:0:0,not_converged,not_converged,False,False,False,False,False,False,False,False,False,False,False,False,0.05296696992920058,0.04474820467041152,,False,False,False,False,not_both_verified,False,False,False,not_both_verified,neither,both,neither,neither,False,False,False
k8,native,construct,cooperative,186,eval:186,eval:186:0:0,not_converged,not_converged,False,False,False,False,False,False,False,False,False,False,False,False,0.1342862630806474,7.7162474180183915,,False,False,False,False,not_both_verified,False,False,False,not_both_verified,neither,neither,neither,neither,False,False,False
k8,native,construct,cooperative,187,eval:187,eval:187:0:0,verified,verified,True,False,False,False,False,False,False,False,False,False,False,False,0.032526652882078455,0.030501525471189783,-0.002025127410888672,False,False,False,False,no_threshold_or_NU_change,False,False,False,no_threshold_or_NU_change,neither,both,neither,both,False,False,False
k8,native,construct,cooperative,188,eval:188,eval:188:0:0,not_converged,not_converged,False,False,False,False,False,False,False,False,False,False,False,False,0.02572216325044252,0.13876594834565736,,False,False,False,False,not_both_verified,True,False,True,not_both_verified,neither,lost,neither,neither,False,False,False
k8,native,construct,cooperative,189,eval:189,eval:189:0:0,not_converged,not_converged,False,False,False,False,False,False,False,False,False,False,False,False,0.25200785100748657,0.4683824867038977,,False,False,False,False,not_both_verified,False,False,False,not_both_verified,neither,neither,neither,neither,False,False,False
k8,native,construct,cooperative,190,eval:190,eval:190:0:0,not_converged,not_converged,False,False,False,False,False,False,False,False,False,False,False,False,2.359831636353394,3.0034762076577155,,False,False,False,False,not_both_verified,False,False,False,not_both_verified,neither,neither,neither,neither,False,False,False
k8,native,construct,cooperative,191,eval:191,eval:191:0:0,invalid_terminal,invalid_terminal,False,False,False,False,False,False,False,False,False,False,False,False,1.958121333256834,1.9696131087695292,,True,False,False,False,not_both_verified,False,False,False,not_both_verified,neither,neither,neither,neither,False,False,False
k8,native,construct,cooperative,192,eval:192,eval:192:0:0,verified,verified,True,False,False,False,False,False,False,False,False,False,False,False,0.10744598556827922,0.08903148819279094,-0.01841449737548828,False,False,False,False,no_threshold_or_NU_change,True,True,False,verified_threshold_only,neither,gained,neither,gained,False,False,False
k8,native,construct,cooperative,193,eval:193,eval:193:0:0,not_converged,invalid_terminal,False,False,False,False,False,False,False,False,False,False,False,False,0.049344438989257,0.12299289174804606,,True,False,False,False,not_both_verified,True,False,True,not_both_verified,neither,lost,neither,neither,True,True,False
k8,native,construct,cooperative,194,eval:194,eval:194:0:0,not_converged,not_converged,False,False,False,False,False,False,False,False,False,False,False,False,0.39378798392456105,8.32091772940796,,False,False,False,False,not_both_verified,False,False,False,not_both_verified,neither,neither,neither,neither,False,False,False
k8,native,construct,cooperative,195,eval:195,eval:195:0:0,invalid_terminal,not_converged,False,False,False,False,False,False,False,False,False,False,False,False,0.032761561108515025,10.339068400097773,,False,False,False,False,not_both_verified,True,False,True,not_both_verified,neither,lost,neither,neither,False,False,False
k8,native,construct,cooperative,196,eval:196,eval:196:0:0,not_converged,not_converged,False,False,False,False,False,False,False,False,False,False,False,False,0.11367637014078724,0.46701270436930287,,False,False,False,False,not_both_verified,False,False,False,not_both_verified,neither,neither,neither,neither,False,False,False
k8,native,construct,cooperative,197,eval:197,eval:197:0:0,verified,verified,True,False,False,False,False,False,False,False,False,False,False,False,0.6202759364221215,0.7110299685571313,0.09075403213500977,False,False,False,False,no_threshold_or_NU_change,False,False,False,no_threshold_or_NU_change,neither,neither,neither,neither,False,False,False
k8,native,construct,cooperative,198,eval:198,eval:198:0:0,invalid_terminal,not_converged,False,False,False,False,False,False,False,False,False,False,False,False,8.07637375803605,0.11585444422379432,,False,False,False,False,not_both_verified,False,False,False,not_both_verified,neither,neither,neither,neither,False,False,False
k8,native,construct,cooperative,199,eval:199,eval:199:0:0,not_converged,invalid_terminal,False,False,False,False,False,False,False,False,False,False,False,False,0.12647890741210954,0.7481124370751955,,False,False,False,False,not_both_verified,False,False,False,not_both_verified,neither,neither,neither,neither,False,False,False
k8,native,construct,cooperative,200,eval:200,eval:200:0:0,not_converged,invalid_terminal,False,False,False,False,False,False,False,False,False,False,False,False,1.997190985901402,2.064763818008946,,False,False,False,False,not_both_verified,False,False,False,not_both_verified,neither,neither,neither,neither,False,False,False
k8,native,construct,cooperative,201,eval:201,eval:201:0:0,not_converged,verified,False,True,False,False,False,False,False,False,False,False,False,False,0.7605415870751955,0.7215448906030275,,False,False,False,False,verification_changed,False,False,False,verification_changed,neither,neither,neither,neither,False,False,False
k8,native,construct,cooperative,202,eval:202,eval:202:0:0,invalid_terminal,invalid_terminal,False,False,False,False,False,False,False,False,False,False,False,False,0.36773627879202575,8.63969749095023,,False,False,False,False,not_both_verified,False,False,False,not_both_verified,neither,neither,neither,neither,False,False,False
k8,native,construct,cooperative,203,eval:203,eval:203:0:0,not_converged,not_converged,False,False,False,False,False,False,False,False,False,False,False,False,0.037030608862100856,7.631553800314127,,False,False,False,False,not_both_verified,True,False,True,not_both_verified,neither,lost,neither,neither,False,False,False
k8,native,construct,cooperative,204,eval:204,eval:204:0:0,not_converged,not_converged,False,False,False,False,False,False,False,False,False,False,False,False,0.6027905089257821,0.515798721968995,,False,False,False,False,not_both_verified,False,False,False,not_both_verified,neither,neither,neither,neither,False,False,False
k8,native,construct,cooperative,205,eval:205,eval:205:0:0,invalid_terminal,not_converged,False,False,False,False,False,False,False,False,False,False,False,False,0.8588804111125494,0.35835159870410216,,False,False,False,False,not_both_verified,False,False,False,not_both_verified,neither,neither,neither,neither,False,False,False
k8,native,construct,cooperative,206,eval:206,eval:206:0:0,generation_failure,generation_failure,False,False,False,False,False,True,False,False,True,True,False,True,,,,,False,False,False,generation_or_parse_unavailable,False,False,False,generation_or_parse_unavailable,neither,neither,neither,neither,False,False,False
k8,native,construct,cooperative,207,eval:207,eval:207:0:0,invalid_terminal,invalid_terminal,False,False,False,False,False,False,False,False,False,False,False,False,2.553821991101513,1.3074249726688958,,False,False,False,False,not_both_verified,False,False,False,not_both_verified,neither,neither,neither,neither,False,False,False
k8,native,construct,cooperative,208,eval:208,eval:208:0:0,invalid_terminal,invalid_terminal,False,False,False,False,False,False,False,False,False,False,False,False,2.529854692539761,0.7143434658857082,,False,False,False,False,not_both_verified,False,False,False,not_both_verified,neither,neither,neither,neither,False,False,False
k8,native,construct,cooperative,209,eval:209,eval:209:0:0,invalid_terminal,invalid_terminal,False,False,False,False,False,False,False,False,False,False,False,False,0.47348241317529194,1.630190176847167,,False,False,False,False,not_both_verified,False,False,False,not_both_verified,neither,neither,neither,neither,False,False,False
k8,native,construct,cooperative,210,eval:210,eval:210:0:0,not_converged,invalid_terminal,False,False,False,False,False,False,False,False,False,False,False,False,0.07490451139135779,0.7581496934287113,,False,False,False,False,not_both_verified,True,False,True,not_both_verified,neither,lost,neither,neither,False,False,False
k8,native,construct,cooperative,211,eval:211,eval:211:0:0,verified,not_converged,False,True,False,False,False,False,False,False,False,False,False,False,0.2234775882401534,10.47735856587077,,False,False,False,False,verification_changed,False,False,False,verification_changed,neither,neither,neither,neither,False,False,False
k8,native,construct,cooperative,212,eval:212,eval:212:0:0,invalid_terminal,invalid_terminal,False,False,False,False,False,False,False,False,False,False,False,False,8.769292670936686,2.545796233863932,,False,False,False,False,not_both_verified,False,False,False,not_both_verified,neither,neither,neither,neither,False,False,False
k8,native,construct,cooperative,213,eval:213,eval:213:0:0,verified,not_converged,False,True,False,False,False,False,False,False,False,False,False,False,0.02380519602661124,7.085166032055664,,False,False,False,False,verification_changed,True,False,True,verification_changed,neither,lost,neither,lost,False,False,False
k8,native,construct,cooperative,214,eval:214,eval:214:0:0,verified,verified,True,False,False,False,False,False,False,False,False,False,False,False,0.007026724420166275,0.014716200433349869,0.007689476013183594,False,False,False,False,no_threshold_or_NU_change,False,False,False,no_threshold_or_NU_change,neither,both,neither,both,False,False,False
k8,native,construct,cooperative,215,eval:215,eval:215:0:0,not_converged,not_converged,False,False,False,False,False,False,False,False,False,False,False,False,0.04009399211669917,0.03159627712036128,,False,False,False,False,not_both_verified,False,False,False,not_both_verified,neither,both,neither,neither,False,False,False
k8,native,construct,cooperative,216,eval:216,eval:216:0:0,invalid_terminal,invalid_terminal,False,False,False,False,False,False,False,False,False,False,False,False,1.1194535462133786,1.844451305078735,,False,False,False,False,not_both_verified,False,False,False,not_both_verified,neither,neither,neither,neither,False,False,False
k8,native,construct,cooperative,217,eval:217,eval:217:0:0,not_converged,not_converged,False,False,False,False,False,False,False,False,False,False,False,False,0.15999813344775315,0.00919790532885667,,False,False,False,False,not_both_verified,True,False,True,not_both_verified,neither,gained,neither,neither,False,False,False
k8,native,construct,cooperative,218,eval:218,eval:218:0:0,verified,verified,True,False,False,False,False,False,False,False,False,False,False,False,0.1552156414135739,0.3017477001293942,0.1465320587158203,False,False,False,False,no_threshold_or_NU_change,False,False,False,no_threshold_or_NU_change,neither,neither,neither,neither,False,False,False
k8,native,construct,cooperative,219,eval:219,eval:219:0:0,invalid_terminal,verified,False,True,False,False,False,False,False,False,False,False,False,False,5.958462014334717,0.7504446650915533,,False,False,False,False,verification_changed,False,False,False,verification_changed,neither,neither,neither,neither,False,False,False
k8,native,construct,cooperative,220,eval:220,eval:220:0:0,not_converged,verified,False,True,False,False,False,False,False,False,False,False,False,False,0.08038441224853532,0.052538075883789226,,False,False,False,False,verification_changed,False,False,False,verification_changed,neither,both,neither,gained,False,False,False
k8,native,construct,cooperative,221,eval:221,eval:221:0:0,not_converged,not_converged,False,False,False,False,False,False,False,False,False,False,False,False,0.0430459689975109,0.141176671969923,,False,False,False,False,not_both_verified,True,False,True,not_both_verified,neither,lost,neither,neither,False,False,False
k8,native,construct,cooperative,222,eval:222,eval:222:0:0,invalid_terminal,invalid_terminal,False,False,False,False,False,False,False,False,False,False,False,False,4.481387074780274,2.338052686047364,,False,False,False,False,not_both_verified,False,False,False,not_both_verified,neither,neither,neither,neither,False,False,False
k8,native,construct,cooperative,223,eval:223,eval:223:0:0,not_converged,not_converged,False,False,False,False,False,False,False,False,False,False,False,False,0.6021101858093258,0.11628798503417936,,False,False,False,False,not_both_verified,False,False,False,not_both_verified,neither,neither,neither,neither,False,False,False
k8,native,construct,cooperative,224,eval:224,eval:224:0:0,verified,not_converged,False,True,False,False,False,False,False,False,False,False,False,False,0.08103524667968731,0.15997945291748028,,False,False,False,False,verification_changed,True,False,True,verification_changed,neither,lost,neither,lost,False,False,False
k8,native,construct,cooperative,225,eval:225,eval:225:0:0,invalid_terminal,not_converged,False,False,False,False,False,False,False,False,False,False,False,False,0.761404806639506,0.009387427832438178,,False,False,False,False,not_both_verified,True,False,True,not_both_verified,neither,gained,neither,neither,False,False,False
k8,native,construct,cooperative,226,eval:226,eval:226:0:0,not_converged,invalid_terminal,False,False,False,False,False,False,False,False,False,False,False,False,0.19694616320131608,1.3777194214105446,,False,False,False,False,not_both_verified,False,False,False,not_both_verified,neither,neither,neither,neither,False,False,False
k8,native,construct,cooperative,227,eval:227,eval:227:0:0,not_converged,invalid_terminal,False,False,False,False,False,False,False,False,False,False,False,False,0.49688516871484634,2.3900393130019557,,False,False,False,False,not_both_verified,False,False,False,not_both_verified,neither,neither,neither,neither,False,False,False
k8,native,construct,cooperative,228,eval:228,eval:228:0:0,invalid_terminal,invalid_terminal,False,False,False,False,False,False,False,False,False,False,False,False,0.13219290121154792,0.3098422799880982,,False,False,False,False,not_both_verified,False,False,False,not_both_verified,neither,neither,neither,neither,False,False,False
k8,native,construct,cooperative,229,eval:229,eval:229:0:0,invalid_terminal,invalid_terminal,False,False,False,False,False,False,False,False,False,False,False,False,2.4554804754262856,1.4205550146108559,,False,False,False,False,not_both_verified,False,False,False,not_both_verified,neither,neither,neither,neither,False,False,False
k8,native,construct,cooperative,230,eval:230,eval:230:0:0,not_converged,not_converged,False,False,False,False,False,False,False,False,False,False,False,False,0.16303007347900422,0.15137474282104524,,False,False,False,False,not_both_verified,False,False,False,not_both_verified,neither,neither,neither,neither,False,False,False
k8,native,construct,cooperative,231,eval:231,eval:231:0:0,invalid_terminal,not_converged,False,False,False,False,False,False,False,False,False,False,False,False,0.22548585795165899,0.2753348913073719,,False,False,False,False,not_both_verified,False,False,False,not_both_verified,neither,neither,neither,neither,False,False,False
k8,native,construct,cooperative,232,eval:232,eval:232:0:0,verified,invalid_terminal,False,True,False,False,False,False,False,False,False,False,False,False,0.056040137131754264,2.5072318008738197,,False,False,False,False,verification_changed,True,False,True,verification_changed,neither,lost,neither,lost,False,False,False
k8,native,construct,cooperative,233,eval:233,eval:233:0:0,not_converged,not_converged,False,False,False,False,False,False,False,False,False,False,False,False,0.018339307462160725,-0.028979627932126384,,False,True,False,True,not_both_verified,False,False,False,not_both_verified,gained,both,neither,neither,False,False,False
k8,native,construct,cooperative,234,eval:234,eval:234:0:0,not_converged,not_converged,False,False,False,False,False,False,False,False,False,False,False,False,10.473407529576416,9.264091275914307,,False,False,False,False,not_both_verified,False,False,False,not_both_verified,neither,neither,neither,neither,False,False,False
k8,native,construct,cooperative,235,eval:235,eval:235:0:0,verified,not_converged,False,True,False,False,False,False,False,False,False,False,False,False,0.042731047487793106,0.619336844301758,,False,False,False,False,verification_changed,True,False,True,verification_changed,neither,lost,neither,lost,False,False,False
k8,native,construct,cooperative,236,eval:236,eval:236:0:0,not_converged,verified,False,True,False,False,False,False,False,False,False,False,False,False,7.267485437757433,0.015396891004503033,,False,False,False,False,verification_changed,True,False,True,verification_changed,neither,gained,neither,gained,False,False,False
k8,native,construct,cooperative,237,eval:237,eval:237:0:0,invalid_terminal,not_converged,False,False,False,False,False,False,False,False,False,False,False,False,3.7238649964412396,0.29700895548664974,,False,False,False,False,not_both_verified,False,False,False,not_both_verified,neither,neither,neither,neither,False,False,False
k8,native,construct,cooperative,238,eval:238,eval:238:0:0,invalid_terminal,verified,False,True,False,False,False,False,False,False,False,False,False,False,0.22285265743971117,0.13192052662611253,,False,False,False,False,verification_changed,False,False,False,verification_changed,neither,neither,neither,neither,False,False,False
k8,native,construct,cooperative,239,eval:239,eval:239:0:0,invalid_terminal,not_converged,False,False,False,False,False,False,False,False,False,False,False,False,5.8970169711783855,10.078699557848307,,False,False,False,False,not_both_verified,False,False,False,not_both_verified,neither,neither,neither,neither,False,False,False
k8,native,construct,cooperative,240,eval:240,eval:240:0:0,verified,not_converged,False,True,False,False,False,False,False,False,False,False,False,False,0.16895474304620173,0.17022312988702204,,False,False,False,False,verification_changed,False,False,False,verification_changed,neither,neither,neither,neither,False,False,False
k8,native,construct,cooperative,241,eval:241,eval:241:0:0,verified,not_converged,False,True,False,False,False,False,False,False,False,False,False,False,0.1321966426177319,0.02308914826348385,,False,False,False,False,verification_changed,True,False,True,verification_changed,neither,gained,neither,neither,False,False,False
k8,native,construct,cooperative,242,eval:242,eval:242:0:0,not_converged,invalid_terminal,False,False,False,False,False,False,False,False,False,False,False,False,7.678170801154053,8.387539983740723,,False,False,False,False,not_both_verified,False,False,False,not_both_verified,neither,neither,neither,neither,False,False,False
k8,native,construct,cooperative,243,eval:243,eval:243:0:0,verified,not_converged,False,True,False,False,False,False,False,False,False,False,False,False,0.682326720225575,0.3633808355209851,,False,False,False,False,verification_changed,False,False,False,verification_changed,neither,neither,neither,neither,False,False,False
k8,native,construct,cooperative,244,eval:244,eval:244:0:0,invalid_terminal,invalid_terminal,False,False,False,False,False,False,False,False,False,False,False,False,4.206050063185562,4.416443491988052,,False,False,False,False,not_both_verified,False,False,False,not_both_verified,neither,neither,neither,neither,False,False,False
k8,native,construct,cooperative,245,eval:245,eval:245:0:0,not_converged,not_converged,False,False,False,False,False,False,False,True,True,False,False,True,,,,False,False,False,False,unknown_hull,False,False,False,unknown_hull,neither,neither,neither,neither,False,False,False
k8,native,construct,cooperative,246,eval:246,eval:246:0:0,invalid_terminal,invalid_terminal,False,False,False,False,False,False,False,False,False,False,False,False,0.1878207718484255,2.5278714691750857,,False,False,False,False,not_both_verified,False,False,False,not_both_verified,neither,neither,neither,neither,False,False,False
k8,native,construct,cooperative,247,eval:247,eval:247:0:0,invalid_terminal,invalid_terminal,False,False,False,False,False,False,False,False,False,False,False,False,0.30898012333211344,0.3118559282332365,,False,False,False,False,not_both_verified,False,False,False,not_both_verified,neither,neither,neither,neither,False,False,False
k8,native,construct,cooperative,248,eval:248,eval:248:0:0,invalid_terminal,invalid_terminal,False,False,False,False,False,False,False,False,False,False,False,False,0.6604087007650294,0.6573507440694728,,True,False,False,False,not_both_verified,False,False,False,not_both_verified,neither,neither,neither,neither,False,False,False
k8,native,construct,cooperative,249,eval:249,eval:249:0:0,invalid_terminal,invalid_terminal,False,False,False,False,False,False,False,False,False,False,False,False,1.732121690867917,1.8173653928027313,,False,False,False,False,not_both_verified,False,False,False,not_both_verified,neither,neither,neither,neither,False,False,False
k8,native,construct,cooperative,250,eval:250,eval:250:0:0,invalid_terminal,not_converged,False,False,False,False,False,False,False,False,False,False,False,False,4.434612043548584,2.2958197671661376,,False,False,False,False,not_both_verified,False,False,False,not_both_verified,neither,neither,neither,neither,False,False,False
k8,native,construct,cooperative,251,eval:251,eval:251:0:0,verified,verified,True,False,False,False,False,False,False,False,False,False,False,False,0.2228473055244944,0.16522964118733618,-0.0576176643371582,False,False,False,False,no_threshold_or_NU_change,False,False,False,no_threshold_or_NU_change,neither,neither,neither,neither,False,False,False
k8,native,construct,cooperative,252,eval:252,eval:252:0:0,not_converged,not_converged,False,False,False,False,False,False,False,False,False,False,False,False,0.02524056488291926,0.023236179888412423,,False,False,False,False,not_both_verified,False,False,False,not_both_verified,neither,both,neither,neither,False,False,False
k8,native,construct,cooperative,253,eval:253,eval:253:0:0,not_converged,verified,False,True,False,False,False,False,False,True,True,False,False,True,,,,False,False,False,False,unknown_hull,False,False,False,unknown_hull,neither,neither,neither,neither,False,False,False
k8,native,construct,cooperative,254,eval:254,eval:254:0:0,invalid_terminal,not_converged,False,False,False,False,False,False,False,False,False,False,False,False,2.7594914960891455,0.1670594739944189,,False,False,False,False,not_both_verified,False,False,False,not_both_verified,neither,neither,neither,neither,False,False,False
k8,native,construct,cooperative,255,eval:255,eval:255:0:0,not_converged,not_converged,False,False,False,False,False,False,False,False,False,False,False,False,9.98080612729712,7.552106633888917,,False,False,False,False,not_both_verified,False,False,False,not_both_verified,neither,neither,neither,neither,False,False,False
k8,native,cooperative,closure,0,eval:0,eval:0:0:0,generation_failure,generation_failure,False,False,False,False,False,True,False,False,True,True,False,True,,,,,False,False,False,generation_or_parse_unavailable,False,False,False,generation_or_parse_unavailable,neither,neither,neither,neither,False,False,False
k8,native,cooperative,closure,1,eval:1,eval:1:0:0,verified,verified,True,False,False,False,False,False,False,False,False,False,False,False,0.29840272792480427,0.29840272792480427,0.0,True,False,False,False,no_threshold_or_NU_change,False,False,False,no_threshold_or_NU_change,neither,neither,neither,neither,False,False,False
k8,native,cooperative,closure,2,eval:2,eval:2:0:0,not_converged,not_converged,False,False,False,False,False,False,False,False,False,False,False,False,0.407692268544225,0.3827279359636586,,False,False,False,False,not_both_verified,False,False,False,not_both_verified,neither,neither,neither,neither,False,False,False
k8,native,cooperative,closure,3,eval:3,eval:3:0:0,verified,invalid_terminal,False,True,False,False,False,False,False,False,False,False,False,False,0.3906363174606664,3.0547677204300268,,False,False,False,False,verification_changed,False,False,False,verification_changed,neither,neither,neither,neither,False,False,False
k8,native,cooperative,closure,4,eval:4,eval:4:0:0,not_converged,not_converged,False,False,False,False,False,False,False,False,False,False,False,False,2.2118285705432132,2.6287888099536136,,False,False,False,False,not_both_verified,False,False,False,not_both_verified,neither,neither,neither,neither,False,False,False
k8,native,cooperative,closure,5,eval:5,eval:5:0:0,invalid_terminal,not_converged,False,False,False,False,False,False,False,False,False,False,False,False,0.6558941892529164,0.36237946070677385,,False,False,False,False,not_both_verified,False,False,False,not_both_verified,neither,neither,neither,neither,False,False,False
k8,native,cooperative,closure,6,eval:6,eval:6:0:0,verified,verified,True,False,False,False,False,False,False,False,False,False,False,False,0.6259843315420195,0.2114654983816191,-0.4145188331604004,False,False,False,False,no_threshold_or_NU_change,False,False,False,no_threshold_or_NU_change,neither,neither,neither,neither,False,False,False
k8,native,cooperative,closure,7,eval:7,eval:7:0:0,invalid_terminal,not_converged,False,False,False,False,False,False,False,False,False,False,False,False,8.529150418210438,4.544598988461903,,False,False,False,False,not_both_verified,False,False,False,not_both_verified,neither,neither,neither,neither,False,False,False
k8,native,cooperative,closure,8,eval:8,eval:8:0:0,invalid_terminal,verified,False,True,False,False,False,False,False,False,False,False,False,False,6.738504824366862,0.021305498805338274,,False,False,False,False,verification_changed,True,False,True,verification_changed,neither,gained,neither,gained,False,False,False
k8,native,cooperative,closure,9,eval:9,eval:9:0:0,not_converged,invalid_terminal,False,False,False,False,False,False,False,False,False,False,False,False,0.17489659666255086,4.805286763898879,,False,False,False,False,not_both_verified,False,False,False,not_both_verified,neither,neither,neither,neither,False,False,False
k8,native,cooperative,closure,10,eval:10,eval:10:0:0,not_converged,not_converged,False,False,False,False,False,False,False,False,False,False,False,False,0.05788747067192901,0.05777016873101104,,False,False,False,False,not_both_verified,False,False,False,not_both_verified,neither,both,neither,neither,False,False,False
k8,native,cooperative,closure,11,eval:11,eval:11:0:0,not_converged,verified,False,True,False,False,False,False,False,False,False,False,False,False,0.5461899416508791,0.5119377749028322,,False,False,False,False,verification_changed,False,False,False,verification_changed,neither,neither,neither,neither,False,False,False
k8,native,cooperative,closure,12,eval:12,eval:12:0:0,not_converged,not_converged,False,False,False,False,False,False,False,False,False,False,False,False,-0.007015672659911765,-0.007016149497069968,,True,False,False,False,not_both_verified,False,False,False,not_both_verified,both,both,neither,neither,False,False,False
k8,native,cooperative,closure,13,eval:13,eval:13:0:0,not_converged,not_converged,False,False,False,False,False,False,False,False,False,False,False,False,0.029909174567871233,0.02914718878906264,,False,False,False,False,not_both_verified,False,False,False,not_both_verified,neither,both,neither,neither,False,False,False
k8,native,cooperative,closure,14,eval:14,eval:14:0:0,not_converged,not_converged,False,False,False,False,False,False,False,False,False,False,False,False,0.6189193393477384,0.5118713046797696,,False,False,False,False,not_both_verified,False,False,False,not_both_verified,neither,neither,neither,neither,False,False,False
k8,native,cooperative,closure,15,eval:15,eval:15:0:0,not_converged,invalid_terminal,False,False,False,False,False,False,False,False,False,False,False,False,0.16869764088392536,5.8236897444605855,,False,False,False,False,not_both_verified,False,False,False,not_both_verified,neither,neither,neither,neither,False,False,False
k8,native,cooperative,closure,16,eval:16,eval:16:0:0,not_converged,verified,False,True,False,False,False,False,False,True,True,False,False,True,,,,False,False,False,False,unknown_hull,False,False,False,unknown_hull,neither,neither,neither,neither,False,False,False
k8,native,cooperative,closure,17,eval:17,eval:17:0:0,invalid_terminal,invalid_terminal,False,False,False,False,False,False,False,False,False,False,False,False,1.3032410554720029,2.6839256696535214,,False,False,False,False,not_both_verified,False,False,False,not_both_verified,neither,neither,neither,neither,False,False,False
k8,native,cooperative,closure,18,eval:18,eval:18:0:0,verified,verified,True,False,False,False,False,False,False,False,False,False,False,False,0.31504360717468316,0.4041296629302984,0.08908605575561523,False,False,False,False,no_threshold_or_NU_change,False,False,False,no_threshold_or_NU_change,neither,neither,neither,neither,False,False,False
k8,native,cooperative,closure,19,eval:19,eval:19:0:0,not_converged,invalid_terminal,False,False,False,False,False,False,False,False,False,False,False,False,1.4594613357263038,1.382994298525376,,False,False,False,False,not_both_verified,False,False,False,not_both_verified,neither,neither,neither,neither,False,False,False
k8,native,cooperative,closure,20,eval:20,eval:20:0:0,invalid_terminal,verified,False,True,False,False,False,False,False,False,False,False,False,False,1.4769443718586412,0.21895973364452992,,False,False,False,False,verification_changed,False,False,False,verification_changed,neither,neither,neither,neither,False,False,False
k8,native,cooperative,closure,21,eval:21,eval:21:0:0,not_converged,not_converged,False,False,False,False,False,False,False,False,False,False,False,False,0.03688876844116251,0.03451221204467814,,False,False,False,False,not_both_verified,False,False,False,not_both_verified,neither,both,neither,neither,False,False,False
k8,native,cooperative,closure,22,eval:22,eval:22:0:0,invalid_terminal,not_converged,False,False,False,False,False,False,False,False,False,False,False,False,0.8057679076995843,0.21742643316650323,,False,False,False,False,not_both_verified,False,False,False,not_both_verified,neither,neither,neither,neither,False,False,False
k8,native,cooperative,closure,23,eval:23,eval:23:0:0,invalid_terminal,not_converged,False,False,False,False,False,False,False,False,False,False,False,False,1.5905189513081055,0.4124145506733399,,False,False,False,False,not_both_verified,False,False,False,not_both_verified,neither,neither,neither,neither,False,False,False
k8,native,cooperative,closure,24,eval:24,eval:24:0:0,invalid_terminal,verified,False,True,False,False,False,False,False,False,False,False,False,False,0.5403033505374566,0.3352557431155816,,False,False,False,False,verification_changed,False,False,False,verification_changed,neither,neither,neither,neither,False,False,False
k8,native,cooperative,closure,25,eval:25,eval:25:0:0,verified,not_converged,False,True,False,False,False,False,False,False,False,False,False,False,0.1780180546099377,0.1416258426958752,,False,False,False,False,verification_changed,False,False,False,verification_changed,neither,neither,neither,neither,False,False,False
k8,native,cooperative,closure,26,eval:26,eval:26:0:0,not_converged,not_converged,False,False,False,False,False,False,False,False,False,False,False,False,0.20645092075976557,0.1972861105791015,,False,False,False,False,not_both_verified,False,False,False,not_both_verified,neither,neither,neither,neither,False,False,False
k8,native,cooperative,closure,27,eval:27,eval:27:0:0,invalid_terminal,invalid_terminal,False,False,False,False,False,False,False,False,False,False,False,False,3.0174068336005218,4.200594556760311,,False,False,False,False,not_both_verified,False,False,False,not_both_verified,neither,neither,neither,neither,False,False,False
k8,native,cooperative,closure,28,eval:28,eval:28:0:0,invalid_terminal,not_converged,False,False,False,False,False,False,False,False,False,False,False,False,0.6118486186487573,0.14733865465949947,,False,False,False,False,not_both_verified,False,False,False,not_both_verified,neither,neither,neither,neither,False,False,False
k8,native,cooperative,closure,29,eval:29,eval:29:0:0,invalid_terminal,invalid_terminal,False,False,False,False,False,False,False,False,False,False,False,False,3.568233685381644,1.5321831272914341,,False,False,False,False,not_both_verified,False,False,False,not_both_verified,neither,neither,neither,neither,False,False,False
k8,native,cooperative,closure,30,eval:30,eval:30:0:0,invalid_terminal,invalid_terminal,False,False,False,False,False,False,False,False,False,False,False,False,0.7734444797625057,0.49059039956231043,,False,False,False,False,not_both_verified,False,False,False,not_both_verified,neither,neither,neither,neither,False,False,False
k8,native,cooperative,closure,31,eval:31,eval:31:0:0,not_converged,not_converged,False,False,False,False,False,False,False,False,False,False,False,False,0.1529479642073568,0.1529198308150228,,True,False,False,False,not_both_verified,False,False,False,not_both_verified,neither,neither,neither,neither,False,False,False
k8,native,cooperative,closure,32,eval:32,eval:32:0:0,not_converged,invalid_terminal,False,False,False,False,False,False,False,False,False,False,False,False,-4.410306045325521,3.1204442293326817,,False,True,False,True,not_both_verified,True,False,True,not_both_verified,lost,lost,neither,neither,False,False,False
k8,native,cooperative,closure,33,eval:33,eval:33:0:0,verified,not_converged,False,True,False,False,False,False,False,False,False,False,False,False,0.09229892290201835,0.08882802522745781,,False,False,False,False,verification_changed,False,False,False,verification_changed,neither,both,neither,lost,False,False,False
k8,native,cooperative,closure,34,eval:34,eval:34:0:0,verified,verified,True,False,False,False,False,False,False,False,False,False,False,False,0.04868209988464356,0.057005054062500005,0.008322954177856445,False,False,False,False,no_threshold_or_NU_change,False,False,False,no_threshold_or_NU_change,neither,both,neither,both,False,False,False
k8,native,cooperative,closure,35,eval:35,eval:35:0:0,verified,verified,True,False,False,False,False,False,False,False,False,False,False,False,0.04669945136156439,0.025081561957267517,-0.021617889404296875,False,False,False,False,no_threshold_or_NU_change,False,False,False,no_threshold_or_NU_change,neither,both,neither,both,False,False,False
k8,native,cooperative,closure,36,eval:36,eval:36:0:0,not_converged,invalid_terminal,False,False,False,False,False,False,False,False,False,False,False,False,2.7701618377042507,3.6615869704557156,,False,False,False,False,not_both_verified,False,False,False,not_both_verified,neither,neither,neither,neither,False,False,False
k8,native,cooperative,closure,37,eval:37,eval:37:0:0,invalid_terminal,invalid_terminal,False,False,False,False,False,False,False,False,False,False,False,False,0.9037298351896865,2.864717879928456,,False,False,False,False,not_both_verified,False,False,False,not_both_verified,neither,neither,neither,neither,False,False,False
k8,native,cooperative,closure,38,eval:38,eval:38:0:0,not_converged,invalid_terminal,False,False,False,False,False,False,False,False,False,False,False,False,0.14872336108595618,3.0547440024128605,,False,False,False,False,not_both_verified,False,False,False,not_both_verified,neither,neither,neither,neither,False,False,False
k8,native,cooperative,closure,39,eval:39,eval:39:0:0,not_converged,not_converged,False,False,False,False,False,False,False,False,False,False,False,False,8.96061126241683,9.944223322963705,,False,False,False,False,not_both_verified,False,False,False,not_both_verified,neither,neither,neither,neither,False,False,False
k8,native,cooperative,closure,40,eval:40,eval:40:0:0,not_converged,not_converged,False,False,False,False,False,False,False,False,False,False,False,False,0.14815333751123028,0.2274728145925291,,False,False,False,False,not_both_verified,False,False,False,not_both_verified,neither,neither,neither,neither,False,False,False
k8,native,cooperative,closure,41,eval:41,eval:41:0:0,verified,invalid_terminal,False,True,False,False,False,False,False,False,False,False,False,False,0.15751551195516011,1.3045310835493984,,False,False,False,False,verification_changed,False,False,False,verification_changed,neither,neither,neither,neither,False,False,False
k8,native,cooperative,closure,42,eval:42,eval:42:0:0,not_converged,not_converged,False,False,False,False,False,False,False,False,False,False,False,False,0.29070277139878975,1.0221561901304792,,False,False,False,False,not_both_verified,False,False,False,not_both_verified,neither,neither,neither,neither,False,False,False
k8,native,cooperative,closure,43,eval:43,eval:43:0:0,invalid_terminal,invalid_terminal,False,False,False,False,False,False,False,False,False,False,False,False,2.9319522783593754,0.21837500785156294,,False,False,False,False,not_both_verified,False,False,False,not_both_verified,neither,neither,neither,neither,False,False,False
k8,native,cooperative,closure,44,eval:44,eval:44:0:0,verified,not_converged,False,True,False,False,False,False,False,False,False,False,False,False,0.30199505927978443,0.3507268631738274,,False,False,False,False,verification_changed,False,False,False,verification_changed,neither,neither,neither,neither,False,False,False
k8,native,cooperative,closure,45,eval:45,eval:45:0:0,verified,invalid_terminal,False,True,False,False,False,False,False,False,False,False,False,False,0.056136684418131466,0.3764510917667643,,False,False,False,False,verification_changed,True,False,True,verification_changed,neither,lost,neither,lost,False,False,False
k8,native,cooperative,closure,46,eval:46,eval:46:0:0,invalid_terminal,not_converged,False,False,False,False,False,False,False,False,False,False,False,False,0.6608693087243651,5.64042396189209,,False,False,False,False,not_both_verified,False,False,False,not_both_verified,neither,neither,neither,neither,False,False,False
k8,native,cooperative,closure,47,eval:47,eval:47:0:0,invalid_terminal,not_converged,False,False,False,False,False,False,False,False,False,False,False,False,0.9353929786362682,0.09970438763285028,,False,False,False,False,not_both_verified,True,False,True,not_both_verified,neither,gained,neither,neither,False,False,False
k8,native,cooperative,closure,48,eval:48,eval:48:0:0,invalid_terminal,invalid_terminal,False,False,False,False,False,False,False,False,False,False,False,False,1.358892752600271,2.0142234105592554,,False,False,False,False,not_both_verified,False,False,False,not_both_verified,neither,neither,neither,neither,False,False,False
k8,native,cooperative,closure,49,eval:49,eval:49:0:0,verified,verified,True,False,False,False,False,False,False,False,False,False,False,False,0.8671240540426588,0.9497127266805983,0.08258867263793945,False,False,False,False,no_threshold_or_NU_change,False,False,False,no_threshold_or_NU_change,neither,neither,neither,neither,False,False,False
k8,native,cooperative,closure,50,eval:50,eval:50:0:0,not_converged,verified,False,True,False,False,False,False,False,False,False,False,False,False,0.2421951082926439,0.5609621790629076,,False,False,False,False,verification_changed,False,False,False,verification_changed,neither,neither,neither,neither,False,False,False
k8,native,cooperative,closure,51,eval:51,eval:51:0:0,verified,not_converged,False,True,False,False,False,False,False,False,False,False,False,False,0.10808319612573491,0.034212537251223196,,False,False,False,False,verification_changed,True,False,True,verification_changed,neither,gained,neither,neither,False,False,False
k8,native,cooperative,closure,52,eval:52,eval:52:0:0,invalid_terminal,invalid_terminal,False,False,False,False,False,False,False,False,False,False,False,False,1.6171342967164097,0.8121115801941929,,False,False,False,False,not_both_verified,False,False,False,not_both_verified,neither,neither,neither,neither,False,False,False
k8,native,cooperative,closure,53,eval:53,eval:53:0:0,invalid_terminal,invalid_terminal,False,False,False,False,False,False,False,False,False,False,False,False,0.6813228362292483,2.784044765779419,,False,False,False,False,not_both_verified,False,False,False,not_both_verified,neither,neither,neither,neither,False,False,False
k8,native,cooperative,closure,54,eval:54,eval:54:0:0,not_converged,not_converged,False,False,False,False,False,False,False,False,False,False,False,False,0.07514587955358287,5.983200708197382,,False,False,False,False,not_both_verified,True,False,True,not_both_verified,neither,lost,neither,neither,False,False,False
k8,native,cooperative,closure,55,eval:55,eval:55:0:0,invalid_terminal,not_converged,False,False,False,False,False,False,False,False,False,False,False,False,7.193662555240478,0.5257228923071287,,False,False,False,False,not_both_verified,False,False,False,not_both_verified,neither,neither,neither,neither,False,False,False
k8,native,cooperative,closure,56,eval:56,eval:56:0:0,invalid_terminal,verified,False,True,False,False,False,False,False,False,False,False,False,False,1.2737254527328048,0.06289953262782433,,False,False,False,False,verification_changed,True,False,True,verification_changed,neither,gained,neither,gained,False,False,False
k8,native,cooperative,closure,57,eval:57,eval:57:0:0,invalid_terminal,invalid_terminal,False,False,False,False,False,False,False,False,False,False,False,False,2.6128293256036796,1.4082862118951835,,False,False,False,False,not_both_verified,False,False,False,not_both_verified,neither,neither,neither,neither,False,False,False
k8,native,cooperative,closure,58,eval:58,eval:58:0:0,not_converged,verified,False,True,False,False,False,False,False,False,False,False,False,False,0.10011542898763004,0.07336534124959293,,False,False,False,False,verification_changed,True,False,True,verification_changed,neither,gained,neither,gained,False,False,False
k8,native,cooperative,closure,59,eval:59,eval:59:0:0,invalid_terminal,invalid_terminal,False,False,False,False,False,False,False,False,False,False,False,False,5.9584261078512695,3.2074161667501953,,False,False,False,False,not_both_verified,False,False,False,not_both_verified,neither,neither,neither,neither,False,False,False
k8,native,cooperative,closure,60,eval:60,eval:60:0:0,verified,verified,True,False,False,False,False,False,False,False,False,False,False,False,1.6571254357604976,1.6821772679595943,0.02505183219909668,False,False,False,False,no_threshold_or_NU_change,False,False,False,no_threshold_or_NU_change,neither,neither,neither,neither,False,False,False
k8,native,cooperative,closure,61,eval:61,eval:61:0:0,invalid_terminal,invalid_terminal,False,False,False,False,False,False,False,False,False,False,False,False,2.7768559953715037,1.3812084695841502,,False,False,False,False,not_both_verified,False,False,False,not_both_verified,neither,neither,neither,neither,False,False,False
k8,native,cooperative,closure,62,eval:62,eval:62:0:0,not_converged,invalid_terminal,False,False,False,False,False,False,False,False,False,False,False,False,7.464507942185582,0.8059805679180041,,False,False,False,False,not_both_verified,False,False,False,not_both_verified,neither,neither,neither,neither,False,False,False
k8,native,cooperative,closure,63,eval:63,eval:63:0:0,invalid_terminal,invalid_terminal,False,False,False,False,False,False,False,False,False,False,False,False,0.28165397888617605,5.023538210453559,,False,False,False,False,not_both_verified,False,False,False,not_both_verified,neither,neither,neither,neither,False,False,False
k8,native,cooperative,closure,64,eval:64,eval:64:0:0,invalid_terminal,invalid_terminal,False,False,False,False,False,False,False,False,False,False,False,False,0.5795291217346197,0.32783158145141655,,False,False,False,False,not_both_verified,False,False,False,not_both_verified,neither,neither,neither,neither,False,False,False
k8,native,cooperative,closure,65,eval:65,eval:65:0:0,verified,verified,True,False,False,False,False,False,False,False,False,False,False,False,0.04911818952431002,0.3116084620462827,0.26249027252197266,False,False,False,False,no_threshold_or_NU_change,True,True,False,verified_threshold_only,neither,lost,neither,lost,False,False,False
k8,native,cooperative,closure,66,eval:66,eval:66:0:0,not_converged,verified,False,True,False,False,False,False,False,False,False,False,False,False,0.04850588942789624,0.03515969420694898,,False,False,False,False,verification_changed,False,False,False,verification_changed,neither,both,neither,gained,False,False,False
k8,native,cooperative,closure,67,eval:67,eval:67:0:0,invalid_terminal,invalid_terminal,False,False,False,False,False,False,False,False,False,False,False,False,2.057835949822998,0.07140935794982894,,False,False,False,False,not_both_verified,True,False,True,not_both_verified,neither,gained,neither,neither,False,False,False
k8,native,cooperative,closure,68,eval:68,eval:68:0:0,verified,verified,True,False,False,False,False,False,False,False,False,False,False,False,-0.021942887328965988,0.32607051370252815,0.34801340103149414,False,True,True,False,verified_threshold_only,True,True,False,verified_threshold_only,lost,lost,lost,lost,False,False,False
k8,native,cooperative,closure,69,eval:69,eval:69:0:0,generation_failure,generation_failure,False,False,False,False,False,True,False,False,True,True,False,True,,,,,False,False,False,generation_or_parse_unavailable,False,False,False,generation_or_parse_unavailable,neither,neither,neither,neither,False,False,False
k8,native,cooperative,closure,70,eval:70,eval:70:0:0,not_converged,not_converged,False,False,False,False,False,False,False,False,False,False,False,False,0.14304684242431653,0.14304636558715833,,True,False,False,False,not_both_verified,False,False,False,not_both_verified,neither,neither,neither,neither,False,False,False
k8,native,cooperative,closure,71,eval:71,eval:71:0:0,verified,verified,True,False,False,False,False,False,False,False,False,False,False,False,0.11250414452962199,0.18461718163899699,0.072113037109375,False,False,False,False,no_threshold_or_NU_change,False,False,False,no_threshold_or_NU_change,neither,neither,neither,neither,False,False,False
k8,native,cooperative,closure,72,eval:72,eval:72:0:0,invalid_terminal,not_converged,False,False,False,False,False,False,False,False,False,False,False,False,-1.6753099166381835,-25.315985461376954,,False,False,False,False,not_both_verified,False,False,False,not_both_verified,both,both,neither,neither,False,False,False
k8,native,cooperative,closure,73,eval:73,eval:73:0:0,invalid_terminal,not_converged,False,False,False,False,False,False,False,False,False,False,False,False,0.5629184194782777,0.3141124197224183,,False,False,False,False,not_both_verified,False,False,False,not_both_verified,neither,neither,neither,neither,False,False,False
k8,native,cooperative,closure,74,eval:74,eval:74:0:0,verified,verified,True,False,False,False,False,False,False,False,False,False,False,False,0.02403775267578112,0.15252295546508776,0.12848520278930664,False,False,False,False,no_threshold_or_NU_change,True,True,False,verified_threshold_only,neither,lost,neither,lost,False,False,False
k8,native,cooperative,closure,75,eval:75,eval:75:0:0,not_converged,verified,False,True,False,False,False,False,False,False,False,False,False,False,0.06519389488378913,0.7995219264237061,,False,False,False,False,verification_changed,True,False,True,verification_changed,neither,lost,neither,neither,False,False,False
k8,native,cooperative,closure,76,eval:76,eval:76:0:0,invalid_terminal,verified,False,True,False,False,False,False,False,False,False,False,False,False,1.9097827591324883,0.39209353107462697,,False,False,False,False,verification_changed,False,False,False,verification_changed,neither,neither,neither,neither,False,False,False
k8,native,cooperative,closure,77,eval:77,eval:77:0:0,not_converged,not_converged,False,False,False,False,False,False,False,False,False,False,False,False,0.04853883449869745,0.4269765919907629,,False,False,False,False,not_both_verified,True,False,True,not_both_verified,neither,lost,neither,neither,False,False,False
k8,native,cooperative,closure,78,eval:78,eval:78:0:0,invalid_terminal,invalid_terminal,False,False,False,False,False,False,False,False,False,False,False,False,1.934881520137301,4.152940583095065,,False,False,False,False,not_both_verified,False,False,False,not_both_verified,neither,neither,neither,neither,False,False,False
k8,native,cooperative,closure,79,eval:79,eval:79:0:0,invalid_terminal,invalid_terminal,False,False,False,False,False,False,False,False,False,False,False,False,3.7670719491683347,2.2579746114455563,,False,False,False,False,not_both_verified,False,False,False,not_both_verified,neither,neither,neither,neither,False,False,False
k8,native,cooperative,closure,80,eval:80,eval:80:0:0,verified,not_converged,False,True,False,False,False,False,False,False,False,False,False,False,0.09811741028442356,0.03173881683959934,,False,False,False,False,verification_changed,False,False,False,verification_changed,neither,both,neither,lost,False,False,False
k8,native,cooperative,closure,81,eval:81,eval:81:0:0,not_converged,verified,False,True,False,False,False,False,False,False,False,False,False,False,7.70225582864285,0.11810980584621955,,False,False,False,False,verification_changed,False,False,False,verification_changed,neither,neither,neither,neither,False,False,False
k8,native,cooperative,closure,82,eval:82,eval:82:0:0,not_converged,not_converged,False,False,False,False,False,False,False,False,False,False,False,False,-0.03840387303141268,-0.2295519157102457,,False,False,False,False,not_both_verified,False,False,False,not_both_verified,both,both,neither,neither,False,False,False
k8,native,cooperative,closure,83,eval:83,eval:83:0:0,invalid_terminal,not_converged,False,False,False,False,False,False,False,False,False,False,False,False,0.29569726955651454,0.1810651398873251,,False,False,False,False,not_both_verified,False,False,False,not_both_verified,neither,neither,neither,neither,False,False,False
k8,native,cooperative,closure,84,eval:84,eval:84:0:0,invalid_terminal,verified,False,True,False,False,False,False,False,False,False,False,False,False,0.20958356323022542,0.02045182647485433,,False,False,False,False,verification_changed,True,False,True,verification_changed,neither,gained,neither,gained,False,False,False
k8,native,cooperative,closure,85,eval:85,eval:85:0:0,verified,verified,True,False,False,False,False,False,False,False,False,False,False,False,0.14712523468546568,0.14713906296305357,1.3828277587890625e-05,True,False,False,False,no_threshold_or_NU_change,False,False,False,no_threshold_or_NU_change,neither,neither,neither,neither,False,False,False
k8,native,cooperative,closure,86,eval:86,eval:86:0:0,invalid_terminal,not_converged,False,False,False,False,False,False,False,False,False,False,False,False,1.3385286570218904,0.571372056069742,,False,False,False,False,not_both_verified,False,False,False,not_both_verified,neither,neither,neither,neither,False,False,False
k8,native,cooperative,closure,87,eval:87,eval:87:0:0,not_converged,invalid_terminal,False,False,False,False,False,False,False,False,False,False,False,False,0.41136281838498334,4.20543640008054,,False,False,False,False,not_both_verified,False,False,False,not_both_verified,neither,neither,neither,neither,False,False,False
k8,native,cooperative,closure,88,eval:88,eval:88:0:0,not_converged,not_converged,False,False,False,False,False,False,False,False,False,False,False,False,-0.031747784053955286,-0.003110851680908411,,False,False,False,False,not_both_verified,False,False,False,not_both_verified,both,both,neither,neither,False,False,False
k8,native,cooperative,closure,89,eval:89,eval:89:0:0,invalid_terminal,verified,False,True,False,False,False,False,False,False,False,False,False,False,0.6290086302751972,0.20738969182915223,,False,False,False,False,verification_changed,False,False,False,verification_changed,neither,neither,neither,neither,False,False,False
k8,native,cooperative,closure,90,eval:90,eval:90:0:0,invalid_terminal,verified,False,True,False,False,False,False,False,False,False,False,False,False,0.814293336277963,0.07762904108142976,,False,False,False,False,verification_changed,True,False,True,verification_changed,neither,gained,neither,gained,False,False,False
k8,native,cooperative,closure,91,eval:91,eval:91:0:0,verified,not_converged,False,True,False,False,False,False,False,False,False,False,False,False,0.29632720489257647,3.63586482543701,,False,False,False,False,verification_changed,False,False,False,verification_changed,neither,neither,neither,neither,False,False,False
k8,native,cooperative,closure,92,eval:92,eval:92:0:0,invalid_terminal,invalid_terminal,False,False,False,False,False,False,False,False,False,False,False,False,5.216293860383057,3.5402145871591797,,False,False,False,False,not_both_verified,False,False,False,not_both_verified,neither,neither,neither,neither,False,False,False
k8,native,cooperative,closure,93,eval:93,eval:93:0:0,verified,not_converged,False,True,False,False,False,False,False,False,False,False,False,False,0.3296033525329589,0.1243387842041015,,False,False,False,False,verification_changed,False,False,False,verification_changed,neither,neither,neither,neither,False,False,False
k8,native,cooperative,closure,94,eval:94,eval:94:0:0,not_converged,verified,False,True,False,False,False,False,False,False,False,False,False,False,8.944606984418293,0.1528255589422196,,False,False,False,False,verification_changed,False,False,False,verification_changed,neither,neither,neither,neither,False,False,False
k8,native,cooperative,closure,95,eval:95,eval:95:0:0,not_converged,not_converged,False,False,False,False,False,False,False,False,False,False,False,False,0.17453473130810515,0.1468943885957028,,False,False,False,False,not_both_verified,False,False,False,not_both_verified,neither,neither,neither,neither,False,False,False
k8,native,cooperative,closure,96,eval:96,eval:96:0:0,verified,verified,True,False,False,False,False,False,False,False,False,False,False,False,0.031841141306762744,0.03627739580810552,0.0044362545013427734,False,False,False,False,no_threshold_or_NU_change,False,False,False,no_threshold_or_NU_change,neither,both,neither,both,False,False,False
k8,native,cooperative,closure,97,eval:97,eval:97:0:0,not_converged,not_converged,False,False,False,False,False,False,False,False,False,False,False,False,10.744491207045899,10.08845292274414,,False,False,False,False,not_both_verified,False,False,False,not_both_verified,neither,neither,neither,neither,False,False,False
k8,native,cooperative,closure,98,eval:98,eval:98:0:0,not_converged,invalid_terminal,False,False,False,False,False,False,False,False,False,False,False,False,0.05347736641764378,0.2637124852836106,,False,False,False,False,not_both_verified,True,False,True,not_both_verified,neither,lost,neither,neither,False,False,False
k8,native,cooperative,closure,99,eval:99,eval:99:0:0,invalid_terminal,invalid_terminal,False,False,False,False,False,False,False,False,False,False,False,False,2.1798742763990386,3.0602444164747222,,False,False,False,False,not_both_verified,False,False,False,not_both_verified,neither,neither,neither,neither,False,False,False
k8,native,cooperative,closure,100,eval:100,eval:100:0:0,invalid_terminal,verified,False,True,False,False,False,False,False,False,False,False,False,False,7.5871615480985195,0.3888297152127773,,False,False,False,False,verification_changed,False,False,False,verification_changed,neither,neither,neither,neither,False,False,False
k8,native,cooperative,closure,101,eval:101,eval:101:0:0,not_converged,invalid_terminal,False,False,False,False,False,False,False,False,False,False,False,False,0.11791254832373177,0.42005135371313607,,False,False,False,False,not_both_verified,False,False,False,not_both_verified,neither,neither,neither,neither,False,False,False
k8,native,cooperative,closure,102,eval:102,eval:102:0:0,not_converged,not_converged,False,False,False,False,False,False,False,False,False,False,False,False,0.14088219657226553,0.09267777457519522,,False,False,False,False,not_both_verified,True,False,True,not_both_verified,neither,gained,neither,neither,False,False,False
k8,native,cooperative,closure,103,eval:103,eval:103:0:0,verified,not_converged,False,True,False,False,False,False,False,True,True,False,False,True,,,,False,False,False,False,unknown_hull,False,False,False,unknown_hull,neither,neither,neither,neither,False,False,False
k8,native,cooperative,closure,104,eval:104,eval:104:0:0,invalid_terminal,not_converged,False,False,False,False,False,False,False,False,False,False,False,False,4.761610006669651,11.315989469865452,,False,False,False,False,not_both_verified,False,False,False,not_both_verified,neither,neither,neither,neither,False,False,False
k8,native,cooperative,closure,105,eval:105,eval:105:0:0,verified,verified,True,False,False,False,False,False,False,False,False,False,False,False,0.05160482122680676,0.07468946172973645,0.023084640502929688,False,False,False,False,no_threshold_or_NU_change,False,False,False,no_threshold_or_NU_change,neither,both,neither,both,False,False,False
k8,native,cooperative,closure,106,eval:106,eval:106:0:0,invalid_terminal,invalid_terminal,False,False,False,False,False,False,False,False,False,False,False,False,4.283513685176731,3.031934638927341,,False,False,False,False,not_both_verified,False,False,False,not_both_verified,neither,neither,neither,neither,False,False,False
k8,native,cooperative,closure,107,eval:107,eval:107:0:0,verified,not_converged,False,True,False,False,False,False,False,False,False,False,False,False,0.04328945271850504,0.08026650540710367,,False,False,False,False,verification_changed,False,False,False,verification_changed,neither,both,neither,lost,False,False,False
k8,native,cooperative,closure,108,eval:108,eval:108:0:0,verified,verified,True,False,False,False,False,False,False,False,False,False,False,False,0.07354811776367143,0.09655932534423783,0.023011207580566406,False,False,False,False,no_threshold_or_NU_change,False,False,False,no_threshold_or_NU_change,neither,both,neither,both,False,False,False
k8,native,cooperative,closure,109,eval:109,eval:109:0:0,not_converged,not_converged,False,False,False,False,False,False,False,False,False,False,False,False,0.1277067622991943,10.384412284836426,,False,False,False,False,not_both_verified,False,False,False,not_both_verified,neither,neither,neither,neither,False,False,False
k8,native,cooperative,closure,110,eval:110,eval:110:0:0,invalid_terminal,verified,False,True,False,False,False,False,False,False,False,False,False,False,0.6061272948893235,0.1096077293070481,,False,False,False,False,verification_changed,False,False,False,verification_changed,neither,neither,neither,neither,False,False,False
k8,native,cooperative,closure,111,eval:111,eval:111:0:0,not_converged,not_converged,False,False,False,False,False,False,False,False,False,False,False,False,0.2744194877370907,0.15912026288357506,,False,False,False,False,not_both_verified,False,False,False,not_both_verified,neither,neither,neither,neither,False,False,False
k8,native,cooperative,closure,112,eval:112,eval:112:0:0,verified,verified,True,False,False,False,False,False,False,False,False,False,False,False,0.22645177567260744,0.3912066432263184,0.16475486755371094,False,False,False,False,no_threshold_or_NU_change,False,False,False,no_threshold_or_NU_change,neither,neither,neither,neither,False,False,False
k8,native,cooperative,closure,113,eval:113,eval:113:0:0,verified,not_converged,False,True,False,False,False,False,False,False,False,False,False,False,0.1632278711960451,0.5017679484055177,,False,False,False,False,verification_changed,False,False,False,verification_changed,neither,neither,neither,neither,False,False,False
k8,native,cooperative,closure,114,eval:114,eval:114:0:0,invalid_terminal,verified,False,True,False,False,False,False,False,False,False,False,False,False,5.5276062735246105,0.1885488279984875,,False,False,False,False,verification_changed,False,False,False,verification_changed,neither,neither,neither,neither,False,False,False
k8,native,cooperative,closure,115,eval:115,eval:115:0:0,verified,not_converged,False,True,False,False,False,False,False,False,False,False,False,False,0.03212012055338498,0.03758276703775998,,False,False,False,False,verification_changed,False,False,False,verification_changed,neither,both,neither,lost,False,False,False
k8,native,cooperative,closure,116,eval:116,eval:116:0:0,verified,verified,True,False,False,False,False,False,False,False,False,False,False,False,0.09538984479777612,0.09538960637919702,-2.384185791015625e-07,False,False,False,False,no_threshold_or_NU_change,False,False,False,no_threshold_or_NU_change,neither,both,neither,both,False,False,False
k8,native,cooperative,closure,117,eval:117,eval:117:0:0,not_converged,invalid_terminal,False,False,False,False,False,False,False,False,False,False,False,False,0.2530335553710934,5.945187486035156,,False,False,False,False,not_both_verified,False,False,False,not_both_verified,neither,neither,neither,neither,False,False,False
k8,native,cooperative,closure,118,eval:118,eval:118:0:0,invalid_terminal,not_converged,False,False,False,False,False,False,False,False,False,False,False,False,1.5756395338110352,0.08917217236083985,,False,False,False,False,not_both_verified,True,False,True,not_both_verified,neither,gained,neither,neither,False,False,False
k8,native,cooperative,closure,119,eval:119,eval:119:0:0,invalid_terminal,invalid_terminal,False,False,False,False,False,False,False,False,False,False,False,False,0.9916601525920763,0.14489844910086536,,False,False,False,False,not_both_verified,False,False,False,not_both_verified,neither,neither,neither,neither,False,False,False
k8,native,cooperative,closure,120,eval:120,eval:120:0:0,not_converged,invalid_terminal,False,False,False,False,False,False,False,True,True,False,False,True,,,,False,False,False,False,unknown_hull,False,False,False,unknown_hull,neither,neither,neither,neither,False,False,False
k8,native,cooperative,closure,121,eval:121,eval:121:0:0,not_converged,not_converged,False,False,False,False,False,False,False,False,False,False,False,False,14.003056657684084,0.373593938720461,,False,False,False,False,not_both_verified,False,False,False,not_both_verified,neither,neither,neither,neither,False,False,False
k8,native,cooperative,closure,122,eval:122,eval:122:0:0,verified,verified,True,False,False,False,False,False,False,False,False,False,False,False,0.0033545701403800976,0.009442826976317598,0.0060882568359375,False,False,False,False,no_threshold_or_NU_change,False,False,False,no_threshold_or_NU_change,neither,both,neither,both,False,False,False
k8,native,cooperative,closure,123,eval:123,eval:123:0:0,invalid_terminal,invalid_terminal,False,False,False,False,False,False,False,False,False,False,False,False,4.395387588840861,7.842834650379557,,False,False,False,False,not_both_verified,False,False,False,not_both_verified,neither,neither,neither,neither,False,False,False
k8,native,cooperative,closure,124,eval:124,eval:124:0:0,invalid_terminal,not_converged,False,False,False,False,False,False,False,False,False,False,False,False,5.006749980887694,1.8987191848366685,,False,False,False,False,not_both_verified,False,False,False,not_both_verified,neither,neither,neither,neither,False,False,False
k8,native,cooperative,closure,125,eval:125,eval:125:0:0,not_converged,invalid_terminal,False,False,False,False,False,False,False,False,False,False,False,False,0.18674307964501935,4.699919520837646,,False,False,False,False,not_both_verified,False,False,False,not_both_verified,neither,neither,neither,neither,False,False,False
k8,native,cooperative,closure,126,eval:126,eval:126:0:0,invalid_terminal,invalid_terminal,False,False,False,False,False,False,False,False,False,False,False,False,1.7625785040930175,1.0882973837927246,,False,False,False,False,not_both_verified,False,False,False,not_both_verified,neither,neither,neither,neither,False,False,False
k8,native,cooperative,closure,127,eval:127,eval:127:0:0,not_converged,invalid_terminal,False,False,False,False,False,False,False,False,False,False,False,False,4.027291052781633,1.7139942578902758,,False,False,False,False,not_both_verified,False,False,False,not_both_verified,neither,neither,neither,neither,False,False,False
k8,native,cooperative,closure,128,eval:128,eval:128:0:0,invalid_terminal,verified,False,True,False,False,False,False,False,False,False,False,False,False,6.644271845428467,0.28433703860473614,,False,False,False,False,verification_changed,False,False,False,verification_changed,neither,neither,neither,neither,False,False,False
k8,native,cooperative,closure,129,eval:129,eval:129:0:0,not_converged,invalid_terminal,False,False,False,False,False,False,False,False,False,False,False,False,3.5208043092554924,5.176530503637206,,False,False,False,False,not_both_verified,False,False,False,not_both_verified,neither,neither,neither,neither,False,False,False
k8,native,cooperative,closure,130,eval:130,eval:130:0:0,verified,invalid_terminal,False,True,False,False,False,False,False,False,False,False,False,False,0.2772687329898682,1.5691220416675415,,False,False,False,False,verification_changed,False,False,False,verification_changed,neither,neither,neither,neither,False,False,False
k8,native,cooperative,closure,131,eval:131,eval:131:0:0,invalid_terminal,invalid_terminal,False,False,False,False,False,False,False,False,False,False,False,False,4.994017631460613,0.28417161171574,,False,False,False,False,not_both_verified,False,False,False,not_both_verified,neither,neither,neither,neither,False,False,False
k8,native,cooperative,closure,132,eval:132,eval:132:0:0,invalid_terminal,invalid_terminal,False,False,False,False,False,False,False,False,False,False,False,False,0.2870985464302622,1.4940163091866099,,False,False,False,False,not_both_verified,False,False,False,not_both_verified,neither,neither,neither,neither,False,False,False
k8,native,cooperative,closure,133,eval:133,eval:133:0:0,invalid_terminal,not_converged,False,False,False,False,False,False,False,False,False,False,False,False,0.5121097133534072,0.204893545903456,,False,False,False,False,not_both_verified,False,False,False,not_both_verified,neither,neither,neither,neither,False,False,False
k8,native,cooperative,closure,134,eval:134,eval:134:0:0,verified,verified,True,False,False,False,False,False,False,False,False,False,False,False,0.011728922402343578,0.0200483003015135,0.008319377899169922,False,False,False,False,no_threshold_or_NU_change,False,False,False,no_threshold_or_NU_change,neither,both,neither,both,False,False,False
k8,native,cooperative,closure,135,eval:135,eval:135:0:0,verified,verified,True,False,False,False,False,False,False,False,False,False,False,False,0.029116497799798857,0.03500996665661038,0.0058934688568115234,False,False,False,False,no_threshold_or_NU_change,False,False,False,no_threshold_or_NU_change,neither,both,neither,both,False,False,False
k8,native,cooperative,closure,136,eval:136,eval:136:0:0,generation_failure,generation_failure,False,False,False,False,False,True,False,False,True,True,False,True,,,,,False,False,False,generation_or_parse_unavailable,False,False,False,generation_or_parse_unavailable,neither,neither,neither,neither,False,False,False
k8,native,cooperative,closure,137,eval:137,eval:137:0:0,not_converged,not_converged,False,False,False,False,False,False,False,False,False,False,False,False,0.30725470307820757,0.8940629077290865,,False,False,False,False,not_both_verified,False,False,False,not_both_verified,neither,neither,neither,neither,False,False,False
k8,native,cooperative,closure,138,eval:138,eval:138:0:0,verified,verified,True,False,False,False,False,False,False,False,False,False,False,False,0.6075653763688145,0.2529368134415684,-0.3546285629272461,False,False,False,False,no_threshold_or_NU_change,False,False,False,no_threshold_or_NU_change,neither,neither,neither,neither,False,False,False
k8,native,cooperative,closure,139,eval:139,eval:139:0:0,verified,verified,True,False,False,False,False,False,False,False,False,False,False,False,0.05151019103742005,0.05150995261884095,-2.384185791015625e-07,False,False,False,False,no_threshold_or_NU_change,False,False,False,no_threshold_or_NU_change,neither,both,neither,both,False,False,False
k8,native,cooperative,closure,140,eval:140,eval:140:0:0,invalid_terminal,invalid_terminal,False,False,False,False,False,False,False,False,False,False,False,False,1.3754596259324812,2.279899075242784,,False,False,False,False,not_both_verified,False,False,False,not_both_verified,neither,neither,neither,neither,False,False,False
k8,native,cooperative,closure,141,eval:141,eval:141:0:0,verified,verified,True,False,False,False,False,False,False,False,False,False,False,False,0.07467112094421413,0.037548632922363545,-0.037122488021850586,False,False,False,False,no_threshold_or_NU_change,False,False,False,no_threshold_or_NU_change,neither,both,neither,both,False,False,False
k8,native,cooperative,closure,142,eval:142,eval:142:0:0,invalid_terminal,invalid_terminal,False,False,False,False,False,False,False,False,False,False,False,False,0.5058480460319004,6.587833519664713,,False,False,False,False,not_both_verified,False,False,False,not_both_verified,neither,neither,neither,neither,False,False,False
k8,native,cooperative,closure,143,eval:143,eval:143:0:0,not_converged,not_converged,False,False,False,False,False,False,False,False,False,False,False,False,10.215736217845052,10.33820516620931,,False,False,False,False,not_both_verified,False,False,False,not_both_verified,neither,neither,neither,neither,False,False,False
k8,native,cooperative,closure,144,eval:144,eval:144:0:0,verified,verified,True,False,False,False,False,False,False,False,False,False,False,False,0.11508455894653302,0.11508455894653302,0.0,False,False,False,False,no_threshold_or_NU_change,False,False,False,no_threshold_or_NU_change,neither,neither,neither,neither,False,False,False
k8,native,cooperative,closure,145,eval:145,eval:145:0:0,verified,not_converged,False,True,False,False,False,False,False,False,False,False,False,False,0.15297419613948549,0.1466141421233722,,False,False,False,False,verification_changed,False,False,False,verification_changed,neither,neither,neither,neither,False,False,False
k8,native,cooperative,closure,146,eval:146,eval:146:0:0,invalid_terminal,not_converged,False,False,False,False,False,False,False,False,False,False,False,False,0.5370657893254394,0.03221683226367178,,False,False,False,False,not_both_verified,True,False,True,not_both_verified,neither,gained,neither,neither,False,False,False
k8,native,cooperative,closure,147,eval:147,eval:147:0:0,not_converged,not_converged,False,False,False,False,False,False,False,False,False,False,False,False,0.1770142413138842,0.08487165937418695,,False,False,False,False,not_both_verified,True,False,True,not_both_verified,neither,gained,neither,neither,False,False,False
k8,native,cooperative,closure,148,eval:148,eval:148:0:0,not_converged,not_converged,False,False,False,False,False,False,False,False,False,False,False,False,0.00034456466166155053,0.0039129755350746365,,False,False,False,False,not_both_verified,False,False,False,not_both_verified,neither,both,neither,neither,False,False,False
k8,native,cooperative,closure,149,eval:149,eval:149:0:0,invalid_terminal,invalid_terminal,False,False,False,False,False,False,False,False,False,False,False,False,1.5913119257176387,1.3694372118199336,,False,False,False,False,not_both_verified,False,False,False,not_both_verified,neither,neither,neither,neither,False,False,False
k8,native,cooperative,closure,150,eval:150,eval:150:0:0,verified,verified,False,False,False,False,False,False,False,True,True,False,False,True,,,,False,False,False,False,unknown_hull,False,False,False,unknown_hull,neither,neither,neither,neither,False,False,False
k8,native,cooperative,closure,151,eval:151,eval:151:0:0,not_converged,not_converged,False,False,False,False,False,False,False,False,False,False,False,False,0.14745796105810438,0.16814792535253797,,False,False,False,False,not_both_verified,False,False,False,not_both_verified,neither,neither,neither,neither,False,False,False
k8,native,cooperative,closure,152,eval:152,eval:152:0:0,not_converged,not_converged,False,False,False,False,False,False,False,False,False,False,False,False,0.025780066966145654,0.02520404767903628,,False,False,False,False,not_both_verified,False,False,False,not_both_verified,neither,both,neither,neither,False,False,False
k8,native,cooperative,closure,153,eval:153,eval:153:0:0,not_converged,not_converged,False,False,True,True,False,False,False,False,False,False,False,False,-0.008948887695719776,-0.021692837585856495,,False,False,False,False,not_both_verified,False,False,False,not_both_verified,gained,gained,neither,neither,False,False,False
k8,native,cooperative,closure,154,eval:154,eval:154:0:0,not_converged,invalid_terminal,False,False,False,False,False,False,False,False,False,False,False,False,0.06122054700683588,0.5189484560949706,,False,False,False,False,not_both_verified,True,False,True,not_both_verified,neither,lost,neither,neither,False,False,False
k8,native,cooperative,closure,155,eval:155,eval:155:0:0,not_converged,not_converged,False,False,False,False,False,False,False,False,False,False,False,False,-0.0044606660164374645,0.0582472349845391,,False,True,False,True,not_both_verified,False,False,False,not_both_verified,lost,both,neither,neither,False,False,False
k8,native,cooperative,closure,156,eval:156,eval:156:0:0,verified,invalid_terminal,False,True,False,False,False,False,False,False,False,False,False,False,0.46052404979980466,-0.7472024287768555,,False,True,False,True,verification_changed,True,False,True,verification_changed,gained,gained,neither,neither,False,False,False
k8,native,cooperative,closure,157,eval:157,eval:157:0:0,not_converged,not_converged,False,False,False,False,False,False,False,False,False,False,False,False,0.20366661400243302,0.28158371300145646,,False,False,False,False,not_both_verified,False,False,False,not_both_verified,neither,neither,neither,neither,False,False,False
k8,native,cooperative,closure,158,eval:158,eval:158:0:0,verified,verified,True,False,False,False,False,False,False,False,False,False,False,False,-0.11063511259033199,-0.13433773405029292,-0.023702621459960938,False,False,False,False,no_threshold_or_NU_change,False,False,False,no_threshold_or_NU_change,both,both,both,both,False,False,False
k8,native,cooperative,closure,159,eval:159,eval:159:0:0,not_converged,verified,False,True,False,False,False,False,False,False,False,False,False,False,-0.012823325408959363,-0.013942700637841199,,False,False,False,False,verification_changed,False,False,False,verification_changed,both,both,gained,gained,False,False,False
k8,native,cooperative,closure,160,eval:160,eval:160:0:0,verified,not_converged,False,True,False,False,False,False,False,False,False,False,False,False,0.43062750438049324,0.034477630646972734,,False,False,False,False,verification_changed,True,False,True,verification_changed,neither,gained,neither,neither,False,False,False
k8,native,cooperative,closure,161,eval:161,eval:161:0:0,not_converged,not_converged,False,False,False,False,False,False,False,True,True,False,False,True,,,,False,False,False,False,unknown_hull,False,False,False,unknown_hull,neither,neither,neither,neither,False,False,False
k8,native,cooperative,closure,162,eval:162,eval:162:0:0,verified,invalid_terminal,False,True,False,False,False,False,False,False,False,False,False,False,0.09916776989852316,1.7254409251109255,,False,False,False,False,verification_changed,True,False,True,verification_changed,neither,lost,neither,lost,False,False,False
k8,native,cooperative,closure,163,eval:163,eval:163:0:0,invalid_terminal,verified,False,True,False,False,False,False,False,True,True,False,False,True,,,,False,False,False,False,unknown_hull,False,False,False,unknown_hull,neither,neither,neither,neither,False,False,False
k8,native,cooperative,closure,164,eval:164,eval:164:0:0,not_converged,verified,False,True,False,False,False,False,False,False,False,False,False,False,0.02439858748486312,0.0744436009125975,,False,False,False,False,verification_changed,False,False,False,verification_changed,neither,both,neither,gained,False,False,False
k8,native,cooperative,closure,165,eval:165,eval:165:0:0,verified,not_converged,False,True,False,False,False,False,False,False,False,False,False,False,0.44781549013334354,0.8757000688381775,,False,False,False,False,verification_changed,False,False,False,verification_changed,neither,neither,neither,neither,False,False,False
k8,native,cooperative,closure,166,eval:166,eval:166:0:0,invalid_terminal,not_converged,False,False,False,False,False,False,False,False,False,False,False,False,1.26538883606253,11.909648765719513,,False,False,False,False,not_both_verified,False,False,False,not_both_verified,neither,neither,neither,neither,False,False,False
k8,native,cooperative,closure,167,eval:167,eval:167:0:0,not_converged,not_converged,False,False,False,False,False,False,False,False,False,False,False,False,0.010407130637207107,0.017966310896911697,,False,False,False,False,not_both_verified,False,False,False,not_both_verified,neither,both,neither,neither,False,False,False
k8,native,cooperative,closure,168,eval:168,eval:168:0:0,verified,not_converged,False,True,False,False,False,False,False,False,False,False,False,False,0.03175955467285174,0.03521376304687518,,False,False,False,False,verification_changed,False,False,False,verification_changed,neither,both,neither,lost,False,False,False
k8,native,cooperative,closure,169,eval:169,eval:169:0:0,not_converged,invalid_terminal,False,False,False,False,False,False,False,False,False,False,False,False,7.950297192843152,1.687817887575818,,False,False,False,False,not_both_verified,False,False,False,not_both_verified,neither,neither,neither,neither,False,False,False
k8,native,cooperative,closure,170,eval:170,eval:170:0:0,not_converged,not_converged,False,False,False,False,False,False,False,False,False,False,False,False,0.18794049219970788,0.18795193629150475,,False,False,False,False,not_both_verified,False,False,False,not_both_verified,neither,neither,neither,neither,False,False,False
k8,native,cooperative,closure,171,eval:171,eval:171:0:0,not_converged,verified,False,True,False,False,False,False,False,False,False,False,False,False,0.14571038394205615,0.148510610153604,,False,False,False,False,verification_changed,False,False,False,verification_changed,neither,neither,neither,neither,False,False,False
k8,native,cooperative,closure,172,eval:172,eval:172:0:0,not_converged,not_converged,False,False,False,False,False,False,False,False,False,False,False,False,0.12965231950170875,3.407140074323486,,False,False,False,False,not_both_verified,False,False,False,not_both_verified,neither,neither,neither,neither,False,False,False
k8,native,cooperative,closure,173,eval:173,eval:173:0:0,not_converged,not_converged,False,False,True,False,True,False,False,False,False,False,False,False,0.12553444970662397,-0.023679818024088917,,False,True,False,True,not_both_verified,True,False,True,not_both_verified,neither,neither,neither,neither,False,False,False
k8,native,cooperative,closure,174,eval:174,eval:174:0:0,not_converged,verified,False,True,False,False,False,False,False,False,False,False,False,False,2.394359487059691,0.1252361712485337,,False,False,False,False,verification_changed,False,False,False,verification_changed,neither,neither,neither,neither,False,False,False
k8,native,cooperative,closure,175,eval:175,eval:175:0:0,verified,verified,True,False,False,False,False,False,False,False,False,False,False,False,0.10811577247070314,0.053698639139404314,-0.05441713333129883,False,False,False,False,no_threshold_or_NU_change,True,True,False,verified_threshold_only,neither,gained,neither,gained,False,False,False
k8,native,cooperative,closure,176,eval:176,eval:176:0:0,invalid_terminal,invalid_terminal,False,False,False,False,False,False,False,False,False,False,False,False,5.8077252846875,0.22925123988769514,,False,False,False,False,not_both_verified,False,False,False,not_both_verified,neither,neither,neither,neither,False,False,False
k8,native,cooperative,closure,177,eval:177,eval:177:0:0,invalid_terminal,not_converged,False,False,False,False,False,False,False,False,False,False,False,False,0.618975344753987,0.2894174490935866,,False,False,False,False,not_both_verified,False,False,False,not_both_verified,neither,neither,neither,neither,False,False,False
k8,native,cooperative,closure,178,eval:178,eval:178:0:0,invalid_terminal,invalid_terminal,False,False,False,False,False,False,False,False,False,False,False,False,9.180393162445476,1.154495182709148,,False,False,False,False,not_both_verified,False,False,False,not_both_verified,neither,neither,neither,neither,False,False,False
k8,native,cooperative,closure,179,eval:179,eval:179:0:0,verified,invalid_terminal,False,True,False,False,False,False,False,False,False,False,False,False,0.051124037985839976,2.2734417336035158,,False,False,False,False,verification_changed,True,False,True,verification_changed,neither,lost,neither,lost,False,False,False
k8,native,cooperative,closure,180,eval:180,eval:180:0:0,verified,verified,True,False,False,False,False,False,False,False,False,False,False,False,0.09354989678490622,0.19360463769066794,0.10005474090576172,False,False,False,False,no_threshold_or_NU_change,True,True,False,verified_threshold_only,neither,lost,neither,lost,False,False,False
k8,native,cooperative,closure,181,eval:181,eval:181:0:0,invalid_terminal,invalid_terminal,False,False,False,False,False,False,False,False,False,False,False,False,1.347548054377441,4.11110334269226,,False,False,False,False,not_both_verified,False,False,False,not_both_verified,neither,neither,neither,neither,False,False,False
k8,native,cooperative,closure,182,eval:182,eval:182:0:0,invalid_terminal,invalid_terminal,False,False,False,False,False,False,False,False,False,False,False,False,2.2195788377915076,5.104469870964115,,False,False,False,False,not_both_verified,False,False,False,not_both_verified,neither,neither,neither,neither,False,False,False
k8,native,cooperative,closure,183,eval:183,eval:183:0:0,verified,invalid_terminal,False,True,False,False,False,False,False,False,False,False,False,False,0.08198771773681646,0.4485438853393555,,False,False,False,False,verification_changed,True,False,True,verification_changed,neither,lost,neither,lost,False,False,False
k8,native,cooperative,closure,184,eval:184,eval:184:0:0,invalid_terminal,invalid_terminal,False,False,False,False,False,False,False,False,False,False,False,False,0.5931805587573216,1.3049797035021946,,False,False,False,False,not_both_verified,False,False,False,not_both_verified,neither,neither,neither,neither,False,False,False
k8,native,cooperative,closure,185,eval:185,eval:185:0:0,not_converged,not_converged,False,False,False,False,False,False,False,False,False,False,False,False,0.04474820467041152,0.0812591490368666,,False,False,False,False,not_both_verified,False,False,False,not_both_verified,neither,both,neither,neither,False,False,False
k8,native,cooperative,closure,186,eval:186,eval:186:0:0,not_converged,not_converged,False,False,False,False,False,False,False,False,False,False,False,False,7.7162474180183915,7.7920435453377275,,False,False,False,False,not_both_verified,False,False,False,not_both_verified,neither,neither,neither,neither,False,False,False
k8,native,cooperative,closure,187,eval:187,eval:187:0:0,verified,not_converged,False,True,False,False,False,False,False,False,False,False,False,False,0.030501525471189783,0.06291548497436361,,False,False,False,False,verification_changed,False,False,False,verification_changed,neither,both,neither,lost,False,False,False
k8,native,cooperative,closure,188,eval:188,eval:188:0:0,not_converged,invalid_terminal,False,False,False,False,False,False,False,False,False,False,False,False,0.13876594834565736,1.183834689190384,,False,False,False,False,not_both_verified,False,False,False,not_both_verified,neither,neither,neither,neither,False,False,False
k8,native,cooperative,closure,189,eval:189,eval:189:0:0,not_converged,verified,False,True,False,False,False,False,False,False,False,False,False,False,0.4683824867038977,0.41925872266581177,,False,False,False,False,verification_changed,False,False,False,verification_changed,neither,neither,neither,neither,False,False,False
k8,native,cooperative,closure,190,eval:190,eval:190:0:0,not_converged,verified,False,True,False,False,False,False,False,False,False,False,False,False,3.0034762076577155,0.0017119101723639396,,False,False,False,False,verification_changed,True,False,True,verification_changed,neither,gained,neither,gained,False,False,False
k8,native,cooperative,closure,191,eval:191,eval:191:0:0,invalid_terminal,invalid_terminal,False,False,False,False,False,False,False,False,False,False,False,False,1.9696131087695292,4.823552642003172,,False,False,False,False,not_both_verified,False,False,False,not_both_verified,neither,neither,neither,neither,False,False,False
k8,native,cooperative,closure,192,eval:192,eval:192:0:0,verified,verified,True,False,False,False,False,False,False,False,False,False,False,False,0.08903148819279094,0.12615993667911907,0.037128448486328125,False,False,False,False,no_threshold_or_NU_change,True,True,False,verified_threshold_only,neither,lost,neither,lost,False,False,False
k8,native,cooperative,closure,193,eval:193,eval:193:0:0,invalid_terminal,verified,False,True,False,False,False,False,False,False,False,False,False,False,0.12299289174804606,0.06108560033569255,,False,False,False,False,verification_changed,True,False,True,verification_changed,neither,gained,neither,gained,False,False,False
k8,native,cooperative,closure,194,eval:194,eval:194:0:0,not_converged,not_converged,False,False,False,False,False,False,False,False,False,False,False,False,8.32091772940796,0.3926063814465337,,False,False,False,False,not_both_verified,False,False,False,not_both_verified,neither,neither,neither,neither,False,False,False
k8,native,cooperative,closure,195,eval:195,eval:195:0:0,not_converged,not_converged,False,False,False,False,False,False,False,False,False,False,False,False,10.339068400097773,0.08928774519054627,,False,False,False,False,not_both_verified,True,False,True,not_both_verified,neither,gained,neither,neither,False,False,False
k8,native,cooperative,closure,196,eval:196,eval:196:0:0,not_converged,invalid_terminal,False,False,False,False,False,False,False,False,False,False,False,False,0.46701270436930287,1.8392761359183751,,False,False,False,False,not_both_verified,False,False,False,not_both_verified,neither,neither,neither,neither,False,False,False
k8,native,cooperative,closure,197,eval:197,eval:197:0:0,verified,not_converged,False,True,False,False,False,False,False,False,False,False,False,False,0.7110299685571313,0.0878152468774438,,False,False,False,False,verification_changed,True,False,True,verification_changed,neither,gained,neither,neither,False,False,False
k8,native,cooperative,closure,198,eval:198,eval:198:0:0,not_converged,invalid_terminal,False,False,False,False,False,False,False,False,False,False,False,False,0.11585444422379432,0.3258411309303373,,False,False,False,False,not_both_verified,False,False,False,not_both_verified,neither,neither,neither,neither,False,False,False
k8,native,cooperative,closure,199,eval:199,eval:199:0:0,invalid_terminal,invalid_terminal,False,False,False,False,False,False,False,False,False,False,False,False,0.7481124370751955,0.5864798992333986,,False,False,False,False,not_both_verified,False,False,False,not_both_verified,neither,neither,neither,neither,False,False,False
k8,native,cooperative,closure,200,eval:200,eval:200:0:0,invalid_terminal,invalid_terminal,False,False,False,False,False,False,False,False,False,False,False,False,2.064763818008946,0.9456024505925642,,False,False,False,False,not_both_verified,False,False,False,not_both_verified,neither,neither,neither,neither,False,False,False
k8,native,cooperative,closure,201,eval:201,eval:201:0:0,verified,not_converged,False,True,False,False,False,False,False,False,False,False,False,False,0.7215448906030275,0.760596900185547,,False,False,False,False,verification_changed,False,False,False,verification_changed,neither,neither,neither,neither,False,False,False
k8,native,cooperative,closure,202,eval:202,eval:202:0:0,invalid_terminal,not_converged,False,False,False,False,False,False,False,False,False,False,False,False,8.63969749095023,0.21410840632498473,,False,False,False,False,not_both_verified,False,False,False,not_both_verified,neither,neither,neither,neither,False,False,False
k8,native,cooperative,closure,203,eval:203,eval:203:0:0,not_converged,not_converged,False,False,False,False,False,False,False,False,False,False,False,False,7.631553800314127,0.015094192236124293,,False,False,False,False,not_both_verified,True,False,True,not_both_verified,neither,gained,neither,neither,False,False,False
k8,native,cooperative,closure,204,eval:204,eval:204:0:0,not_converged,not_converged,False,False,False,False,False,False,False,False,False,False,False,False,0.515798721968995,0.5150171858667001,,False,False,False,False,not_both_verified,False,False,False,not_both_verified,neither,neither,neither,neither,False,False,False
k8,native,cooperative,closure,205,eval:205,eval:205:0:0,not_converged,not_converged,False,False,False,False,False,False,False,False,False,False,False,False,0.35835159870410216,0.20830572696948302,,False,False,False,False,not_both_verified,False,False,False,not_both_verified,neither,neither,neither,neither,False,False,False
k8,native,cooperative,closure,206,eval:206,eval:206:0:0,generation_failure,generation_failure,False,False,False,False,False,True,False,False,True,True,False,True,,,,,False,False,False,generation_or_parse_unavailable,False,False,False,generation_or_parse_unavailable,neither,neither,neither,neither,False,False,False
k8,native,cooperative,closure,207,eval:207,eval:207:0:0,invalid_terminal,not_converged,False,False,False,False,False,False,False,False,False,False,False,False,1.3074249726688958,-0.032410671099414756,,False,True,False,True,not_both_verified,True,False,True,not_both_verified,gained,gained,neither,neither,False,False,False
k8,native,cooperative,closure,208,eval:208,eval:208:0:0,invalid_terminal,invalid_terminal,False,False,False,False,False,False,False,False,False,False,False,False,0.7143434658857082,1.0034422055097316,,False,False,False,False,not_both_verified,False,False,False,not_both_verified,neither,neither,neither,neither,False,False,False
k8,native,cooperative,closure,209,eval:209,eval:209:0:0,invalid_terminal,invalid_terminal,False,False,False,False,False,False,False,False,False,False,False,False,1.630190176847167,2.540746016385741,,False,False,False,False,not_both_verified,False,False,False,not_both_verified,neither,neither,neither,neither,False,False,False
k8,native,cooperative,closure,210,eval:210,eval:210:0:0,invalid_terminal,invalid_terminal,False,False,False,False,False,False,False,False,False,False,False,False,0.7581496934287113,0.8053308228842777,,False,False,False,False,not_both_verified,False,False,False,not_both_verified,neither,neither,neither,neither,False,False,False
k8,native,cooperative,closure,211,eval:211,eval:211:0:0,not_converged,invalid_terminal,False,False,False,False,False,False,False,False,False,False,False,False,10.47735856587077,11.042203651014812,,False,False,False,False,not_both_verified,False,False,False,not_both_verified,neither,neither,neither,neither,False,False,False
k8,native,cooperative,closure,212,eval:212,eval:212:0:0,invalid_terminal,not_converged,False,False,False,False,False,False,False,False,False,False,False,False,2.545796233863932,2.252316314430338,,False,False,False,False,not_both_verified,False,False,False,not_both_verified,neither,neither,neither,neither,False,False,False
k8,native,cooperative,closure,213,eval:213,eval:213:0:0,not_converged,verified,False,True,False,False,False,False,False,False,False,False,False,False,7.085166032055664,0.19741874430541984,,False,False,False,False,verification_changed,False,False,False,verification_changed,neither,neither,neither,neither,False,False,False
k8,native,cooperative,closure,214,eval:214,eval:214:0:0,verified,verified,True,False,False,False,False,False,False,False,False,False,False,False,0.014716200433349869,0.020515970788574478,0.005799770355224609,False,False,False,False,no_threshold_or_NU_change,False,False,False,no_threshold_or_NU_change,neither,both,neither,both,False,False,False
k8,native,cooperative,closure,215,eval:215,eval:215:0:0,not_converged,not_converged,False,False,False,False,False,False,False,False,False,False,False,False,0.03159627712036128,0.031596753957519486,,False,False,False,False,not_both_verified,False,False,False,not_both_verified,neither,both,neither,neither,False,False,False
k8,native,cooperative,closure,216,eval:216,eval:216:0:0,invalid_terminal,verified,False,True,False,False,False,False,False,False,False,False,False,False,1.844451305078735,0.17616569678710903,,False,False,False,False,verification_changed,False,False,False,verification_changed,neither,neither,neither,neither,False,False,False
k8,native,cooperative,closure,217,eval:217,eval:217:0:0,not_converged,not_converged,False,False,False,False,False,False,False,False,False,False,False,False,0.00919790532885667,9.206931784418213,,False,False,False,False,not_both_verified,True,False,True,not_both_verified,neither,lost,neither,neither,False,False,False
k8,native,cooperative,closure,218,eval:218,eval:218:0:0,verified,verified,True,False,False,False,False,False,False,False,False,False,False,False,0.3017477001293942,0.030741115961913756,-0.27100658416748047,False,False,False,False,no_threshold_or_NU_change,True,True,False,verified_threshold_only,neither,gained,neither,gained,False,False,False
k8,native,cooperative,closure,219,eval:219,eval:219:0:0,verified,invalid_terminal,False,True,False,False,False,False,False,False,False,False,False,False,0.7504446650915533,1.8234756137304693,,False,False,False,False,verification_changed,False,False,False,verification_changed,neither,neither,neither,neither,False,False,False
k8,native,cooperative,closure,220,eval:220,eval:220:0:0,verified,verified,True,False,False,False,False,False,False,False,False,False,False,False,0.052538075883789226,0.05253759904663102,-4.76837158203125e-07,True,False,False,False,no_threshold_or_NU_change,False,False,False,no_threshold_or_NU_change,neither,both,neither,both,False,False,False
k8,native,cooperative,closure,221,eval:221,eval:221:0:0,not_converged,verified,False,True,False,False,False,False,False,False,False,False,False,False,0.141176671969923,0.19339844702485465,,False,False,False,False,verification_changed,False,False,False,verification_changed,neither,neither,neither,neither,False,False,False
k8,native,cooperative,closure,222,eval:222,eval:222:0:0,invalid_terminal,invalid_terminal,False,False,False,False,False,False,False,False,False,False,False,False,2.338052686047364,3.2345008214233406,,False,False,False,False,not_both_verified,False,False,False,not_both_verified,neither,neither,neither,neither,False,False,False
k8,native,cooperative,closure,223,eval:223,eval:223:0:0,not_converged,not_converged,False,False,False,False,False,False,False,False,False,False,False,False,0.11628798503417936,0.6022122289611813,,False,False,False,False,not_both_verified,False,False,False,not_both_verified,neither,neither,neither,neither,False,False,False
k8,native,cooperative,closure,224,eval:224,eval:224:0:0,not_converged,not_converged,False,False,False,False,False,False,False,False,False,False,False,False,0.15997945291748028,0.08923255426635723,,False,False,False,False,not_both_verified,True,False,True,not_both_verified,neither,gained,neither,neither,False,False,False
k8,native,cooperative,closure,225,eval:225,eval:225:0:0,not_converged,not_converged,False,False,False,False,False,False,False,False,False,False,False,False,0.009387427832438178,0.004452878500773139,,False,False,False,False,not_both_verified,False,False,False,not_both_verified,neither,both,neither,neither,False,False,False
k8,native,cooperative,closure,226,eval:226,eval:226:0:0,invalid_terminal,verified,False,True,False,False,False,False,False,False,False,False,False,False,1.3777194214105446,0.5011000824212868,,False,False,False,False,verification_changed,False,False,False,verification_changed,neither,neither,neither,neither,False,False,False
k8,native,cooperative,closure,227,eval:227,eval:227:0:0,invalid_terminal,invalid_terminal,False,False,False,False,False,False,False,False,False,False,False,False,2.3900393130019557,2.711237538023318,,False,False,False,False,not_both_verified,False,False,False,not_both_verified,neither,neither,neither,neither,False,False,False
k8,native,cooperative,closure,228,eval:228,eval:228:0:0,invalid_terminal,not_converged,False,False,False,False,False,False,False,False,False,False,False,False,0.3098422799880982,0.08118777616577155,,False,False,False,False,not_both_verified,True,False,True,not_both_verified,neither,gained,neither,neither,False,False,False
k8,native,cooperative,closure,229,eval:229,eval:229:0:0,invalid_terminal,not_converged,False,False,False,False,False,False,False,False,False,False,False,False,1.4205550146108559,0.3496369314199379,,False,False,False,False,not_both_verified,False,False,False,not_both_verified,neither,neither,neither,neither,False,False,False
k8,native,cooperative,closure,230,eval:230,eval:230:0:0,not_converged,not_converged,False,False,False,False,False,False,False,False,False,False,False,False,0.15137474282104524,0.13112799866516145,,False,False,False,False,not_both_verified,False,False,False,not_both_verified,neither,neither,neither,neither,False,False,False
k8,native,cooperative,closure,231,eval:231,eval:231:0:0,not_converged,not_converged,False,False,False,False,False,False,False,False,False,False,False,False,0.2753348913073719,0.24593788050414922,,False,False,False,False,not_both_verified,False,False,False,not_both_verified,neither,neither,neither,neither,False,False,False
k8,native,cooperative,closure,232,eval:232,eval:232:0:0,invalid_terminal,invalid_terminal,False,False,False,False,False,False,False,False,False,False,False,False,2.5072318008738197,1.0768767288523353,,False,False,False,False,not_both_verified,False,False,False,not_both_verified,neither,neither,neither,neither,False,False,False
k8,native,cooperative,closure,233,eval:233,eval:233:0:0,not_converged,verified,False,True,False,False,False,False,False,False,False,False,False,False,-0.028979627932126384,0.14224878088135018,,False,True,False,True,verification_changed,True,False,True,verification_changed,lost,lost,neither,neither,False,False,False
k8,native,cooperative,closure,234,eval:234,eval:234:0:0,not_converged,not_converged,False,False,False,False,False,False,False,False,False,False,False,False,9.264091275914307,8.251462720616455,,False,False,False,False,not_both_verified,False,False,False,not_both_verified,neither,neither,neither,neither,False,False,False
k8,native,cooperative,closure,235,eval:235,eval:235:0:0,not_converged,not_converged,False,False,False,False,False,False,False,False,False,False,False,False,0.619336844301758,0.20312285504394545,,False,False,False,False,not_both_verified,False,False,False,not_both_verified,neither,neither,neither,neither,False,False,False
k8,native,cooperative,closure,236,eval:236,eval:236:0:0,verified,verified,True,False,False,False,False,False,False,False,False,False,False,False,0.015396891004503033,0.020916281110704205,0.005519390106201172,False,False,False,False,no_threshold_or_NU_change,False,False,False,no_threshold_or_NU_change,neither,both,neither,both,False,False,False
k8,native,cooperative,closure,237,eval:237,eval:237:0:0,not_converged,verified,False,True,False,False,False,False,False,False,False,False,False,False,0.29700895548664974,0.37479826212727474,,False,False,False,False,verification_changed,False,False,False,verification_changed,neither,neither,neither,neither,False,False,False
k8,native,cooperative,closure,238,eval:238,eval:238:0:0,verified,invalid_terminal,False,True,False,False,False,False,False,False,False,False,False,False,0.13192052662611253,7.6824810010218645,,False,False,False,False,verification_changed,False,False,False,verification_changed,neither,neither,neither,neither,False,False,False
k8,native,cooperative,closure,239,eval:239,eval:239:0:0,not_converged,verified,False,True,False,False,False,False,False,False,False,False,False,False,10.078699557848307,0.11726042515787771,,False,False,False,False,verification_changed,False,False,False,verification_changed,neither,neither,neither,neither,False,False,False
k8,native,cooperative,closure,240,eval:240,eval:240:0:0,not_converged,verified,False,True,False,False,False,False,False,False,False,False,False,False,0.17022312988702204,0.14158142914239313,,False,False,False,False,verification_changed,False,False,False,verification_changed,neither,neither,neither,neither,False,False,False
k8,native,cooperative,closure,241,eval:241,eval:241:0:0,not_converged,verified,False,True,False,False,False,False,False,False,False,False,False,False,0.02308914826348385,0.13883707688286862,,False,False,False,False,verification_changed,True,False,True,verification_changed,neither,lost,neither,neither,False,False,False
k8,native,cooperative,closure,242,eval:242,eval:242:0:0,invalid_terminal,invalid_terminal,False,False,False,False,False,False,False,False,False,False,False,False,8.387539983740723,6.640061975470459,,False,False,False,False,not_both_verified,False,False,False,not_both_verified,neither,neither,neither,neither,False,False,False
k8,native,cooperative,closure,243,eval:243,eval:243:0:0,not_converged,not_converged,False,False,False,False,False,False,False,False,False,False,False,False,0.3633808355209851,0.35403148936009643,,False,False,False,False,not_both_verified,False,False,False,not_both_verified,neither,neither,neither,neither,False,False,False
k8,native,cooperative,closure,244,eval:244,eval:244:0:0,invalid_terminal,invalid_terminal,False,False,False,False,False,False,False,False,False,False,False,False,4.416443491988052,0.5501731882618559,,False,False,False,False,not_both_verified,False,False,False,not_both_verified,neither,neither,neither,neither,False,False,False
k8,native,cooperative,closure,245,eval:245,eval:245:0:0,not_converged,verified,False,True,False,False,False,False,False,True,True,False,False,True,,,,False,False,False,False,unknown_hull,False,False,False,unknown_hull,neither,neither,neither,neither,False,False,False
k8,native,cooperative,closure,246,eval:246,eval:246:0:0,invalid_terminal,invalid_terminal,False,False,False,False,False,False,False,False,False,False,False,False,2.5278714691750857,2.3059447800271364,,False,False,False,False,not_both_verified,False,False,False,not_both_verified,neither,neither,neither,neither,False,False,False
k8,native,cooperative,closure,247,eval:247,eval:247:0:0,invalid_terminal,verified,False,True,False,False,False,False,False,False,False,False,False,False,0.3118559282332365,0.1549354951888029,,False,False,False,False,verification_changed,False,False,False,verification_changed,neither,neither,neither,neither,False,False,False
k8,native,cooperative,closure,248,eval:248,eval:248:0:0,invalid_terminal,verified,False,True,False,False,False,False,False,False,False,False,False,False,0.6573507440694728,0.24253150349940444,,False,False,False,False,verification_changed,False,False,False,verification_changed,neither,neither,neither,neither,False,False,False
k8,native,cooperative,closure,249,eval:249,eval:249:0:0,invalid_terminal,not_converged,False,False,False,False,False,False,False,False,False,False,False,False,1.8173653928027313,1.6092831937060517,,False,False,False,False,not_both_verified,False,False,False,not_both_verified,neither,neither,neither,neither,False,False,False
k8,native,cooperative,closure,250,eval:250,eval:250:0:0,not_converged,verified,False,True,False,False,False,False,False,False,False,False,False,False,2.2958197671661376,-0.07886099035644545,,False,True,False,True,verification_changed,True,False,True,verification_changed,gained,gained,gained,gained,False,False,False
k8,native,cooperative,closure,251,eval:251,eval:251:0:0,verified,not_converged,False,True,False,False,False,False,False,False,False,False,False,False,0.16522964118733618,5.624675594556477,,False,False,False,False,verification_changed,False,False,False,verification_changed,neither,neither,neither,neither,False,False,False
k8,native,cooperative,closure,252,eval:252,eval:252:0:0,not_converged,verified,False,True,False,False,False,False,False,False,False,False,False,False,0.023236179888412423,0.025041485369369454,,False,False,False,False,verification_changed,False,False,False,verification_changed,neither,both,neither,gained,False,False,False
k8,native,cooperative,closure,253,eval:253,eval:253:0:0,verified,not_converged,False,True,True,True,False,False,False,True,True,False,False,True,,,,False,False,False,False,unknown_hull,False,False,False,unknown_hull,neither,neither,neither,neither,False,False,False
k8,native,cooperative,closure,254,eval:254,eval:254:0:0,not_converged,invalid_terminal,False,False,False,False,False,False,False,False,False,False,False,False,0.1670594739944189,3.028873972895786,,False,False,False,False,not_both_verified,False,False,False,not_both_verified,neither,neither,neither,neither,False,False,False
k8,native,cooperative,closure,255,eval:255,eval:255:0:0,not_converged,verified,False,True,False,False,False,False,False,False,False,False,False,False,7.552106633888917,-0.005659326804442699,,False,True,False,True,verification_changed,True,False,True,verification_changed,gained,gained,gained,gained,False,False,False
k8,tau800,construct,cooperative,0,eval:0,eval:0:0:0,generation_failure,generation_failure,False,False,False,False,False,True,False,False,True,True,False,True,,,,,False,False,False,generation_or_parse_unavailable,False,False,False,generation_or_parse_unavailable,neither,neither,neither,neither,False,False,False
k8,tau800,construct,cooperative,1,eval:1,eval:1:0:0,verified,verified,True,False,False,False,False,False,False,False,False,False,False,False,0.2686862362255855,0.2686700237622066,-1.621246337890625e-05,False,False,False,False,no_threshold_or_NU_change,False,False,False,no_threshold_or_NU_change,neither,neither,neither,neither,False,False,False
k8,tau800,construct,cooperative,2,eval:2,eval:2:0:0,verified,not_converged,False,True,False,False,False,False,False,False,False,False,False,False,0.22833283250906877,0.23104269807913713,,False,False,False,False,verification_changed,False,False,False,verification_changed,neither,neither,neither,neither,False,False,False
k8,tau800,construct,cooperative,3,eval:3,eval:3:0:0,not_converged,verified,False,True,False,False,False,False,False,False,False,False,False,False,0.31753765794528555,0.23517262193454336,,False,False,False,False,verification_changed,False,False,False,verification_changed,neither,neither,neither,neither,False,False,False
k8,tau800,construct,cooperative,4,eval:4,eval:4:0:0,verified,verified,True,False,False,False,False,False,False,False,False,False,False,False,0.06061110991088903,0.05813632505981481,-0.0024747848510742188,False,False,False,False,no_threshold_or_NU_change,False,False,False,no_threshold_or_NU_change,neither,both,neither,both,False,False,False
k8,tau800,construct,cooperative,5,eval:5,eval:5:0:0,not_converged,verified,False,True,False,False,False,False,False,False,False,False,False,False,0.25369110621458635,0.35831871546751604,,False,False,False,False,verification_changed,False,False,False,verification_changed,neither,neither,neither,neither,False,False,False
k8,tau800,construct,cooperative,6,eval:6,eval:6:0:0,not_converged,verified,False,True,False,False,False,False,False,False,False,False,False,False,-0.018163541382785198,-0.01834235531711137,,True,False,False,False,verification_changed,False,False,False,verification_changed,neither,neither,neither,neither,False,True,False
k8,tau800,construct,cooperative,7,eval:7,eval:7:0:0,verified,not_converged,False,True,True,True,False,False,False,False,False,False,False,False,0.07646553890745977,0.018192700314930477,,False,False,False,False,verification_changed,False,False,False,verification_changed,neither,lost,neither,lost,False,False,False
k8,tau800,construct,cooperative,8,eval:8,eval:8:0:0,not_converged,not_converged,False,False,False,False,False,False,False,False,False,False,False,False,0.06136172744303359,0.027424273219400774,,False,False,False,False,not_both_verified,False,False,False,not_both_verified,neither,both,neither,neither,False,False,False
k8,tau800,construct,cooperative,9,eval:9,eval:9:0:0,verified,verified,True,False,False,False,False,False,False,False,False,False,False,False,0.05610787748530477,0.08377969145014852,0.02767181396484375,False,False,False,False,no_threshold_or_NU_change,False,False,False,no_threshold_or_NU_change,neither,both,neither,both,False,False,False
k8,tau800,construct,cooperative,10,eval:10,eval:10:0:0,not_converged,not_converged,False,False,False,False,False,False,False,False,False,False,False,False,0.09301034207085479,0.09301511044243682,,False,False,False,False,not_both_verified,False,False,False,not_both_verified,neither,both,neither,neither,False,False,False
k8,tau800,construct,cooperative,11,eval:11,eval:11:0:0,not_converged,not_converged,False,False,False,False,False,False,False,False,False,False,False,False,0.4784442560734865,0.5288139956059572,,False,False,False,False,not_both_verified,False,False,False,not_both_verified,neither,neither,neither,neither,False,False,False
k8,tau800,construct,cooperative,12,eval:12,eval:12:0:0,verified,verified,True,False,False,False,False,False,False,False,False,False,False,False,-0.008184400534667624,-0.008190122580566062,-5.7220458984375e-06,False,False,False,False,no_threshold_or_NU_change,False,False,False,no_threshold_or_NU_change,neither,neither,neither,neither,False,False,False
k8,tau800,construct,cooperative,13,eval:13,eval:13:0:0,not_converged,not_converged,False,False,False,False,False,False,False,False,False,False,False,False,0.028462927467041155,0.028460066444091936,,False,False,False,False,not_both_verified,False,False,False,not_both_verified,neither,both,neither,neither,False,False,False
k8,tau800,construct,cooperative,14,eval:14,eval:14:0:0,not_converged,not_converged,False,False,False,False,False,False,False,False,False,False,False,False,0.04349800603475007,0.07177826421346101,,False,False,False,False,not_both_verified,False,False,False,not_both_verified,neither,both,neither,neither,False,False,False
k8,tau800,construct,cooperative,15,eval:15,eval:15:0:0,not_converged,not_converged,False,False,False,False,False,False,False,False,False,False,False,False,0.18160228489637653,0.18280868290663044,,False,False,False,False,not_both_verified,False,False,False,not_both_verified,neither,neither,neither,neither,False,False,False
k8,tau800,construct,cooperative,16,eval:16,eval:16:0:0,verified,verified,False,False,True,True,False,False,False,True,True,False,False,True,,,,False,False,False,False,unknown_hull,False,False,False,unknown_hull,neither,neither,neither,neither,False,False,False
k8,tau800,construct,cooperative,17,eval:17,eval:17:0:0,not_converged,not_converged,False,False,False,False,False,False,False,False,False,False,False,False,0.0295193605257138,0.02940205858479583,,False,False,False,False,not_both_verified,False,False,False,not_both_verified,neither,both,neither,neither,False,False,False
k8,tau800,construct,cooperative,18,eval:18,eval:18:0:0,not_converged,not_converged,False,False,False,False,False,False,False,False,False,False,False,False,0.17527023833923394,0.11859647315673882,,False,False,False,False,not_both_verified,False,False,False,not_both_verified,neither,neither,neither,neither,False,False,False
k8,tau800,construct,cooperative,19,eval:19,eval:19:0:0,verified,verified,True,False,False,False,False,False,False,False,False,False,False,False,0.06085980374388189,0.06277382809690923,0.0019140243530273438,False,False,False,False,no_threshold_or_NU_change,False,False,False,no_threshold_or_NU_change,neither,both,neither,both,False,False,False
k8,tau800,construct,cooperative,20,eval:20,eval:20:0:0,not_converged,not_converged,False,False,False,False,False,False,False,False,False,False,False,False,0.05571357885937367,0.055819913545652966,,False,False,False,False,not_both_verified,False,False,False,not_both_verified,neither,both,neither,neither,False,False,False
k8,tau800,construct,cooperative,21,eval:21,eval:21:0:0,verified,verified,True,False,False,False,False,False,False,False,False,False,False,False,0.0354525349206547,0.035407712227783605,-4.482269287109375e-05,False,False,False,False,no_threshold_or_NU_change,False,False,False,no_threshold_or_NU_change,neither,neither,neither,neither,False,False,False
k8,tau800,construct,cooperative,22,eval:22,eval:22:0:0,not_converged,not_converged,False,False,False,False,False,False,False,False,False,False,False,False,0.47120107611083917,0.4708887477722161,,False,False,False,False,not_both_verified,False,False,False,not_both_verified,neither,neither,neither,neither,False,False,False
k8,tau800,construct,cooperative,23,eval:23,eval:23:0:0,not_converged,not_converged,False,False,False,False,False,False,False,False,False,False,False,False,0.33744335163769534,0.33536910999951175,,False,False,False,False,not_both_verified,False,False,False,not_both_verified,neither,neither,neither,neither,False,False,False
k8,tau800,construct,cooperative,24,eval:24,eval:24:0:0,verified,not_converged,False,True,False,False,False,False,False,False,False,False,False,False,0.21789848908726128,0.25071728333774956,,False,False,False,False,verification_changed,False,False,False,verification_changed,neither,neither,neither,neither,False,False,False
k8,tau800,construct,cooperative,25,eval:25,eval:25:0:0,not_converged,verified,False,True,False,False,False,False,False,False,False,False,False,False,0.1059670063311291,0.06018777812067988,,False,False,False,False,verification_changed,True,False,True,verification_changed,neither,gained,neither,gained,False,False,False
k8,tau800,construct,cooperative,26,eval:26,eval:26:0:0,not_converged,not_converged,False,False,False,False,False,False,False,False,False,False,False,False,0.018482666670410097,0.01866005009326166,,False,False,False,False,not_both_verified,False,False,False,not_both_verified,neither,neither,neither,neither,False,False,False
k8,tau800,construct,cooperative,27,eval:27,eval:27:0:0,not_converged,verified,False,True,False,False,False,False,False,False,False,False,False,False,0.03861869616460867,0.004631174039364527,,False,False,False,False,verification_changed,False,False,False,verification_changed,neither,both,neither,gained,False,False,False
k8,tau800,construct,cooperative,28,eval:28,eval:28:0:0,not_converged,not_converged,False,False,False,False,False,False,False,False,False,False,False,False,0.021059777401198687,0.021505143306960406,,False,False,False,False,not_both_verified,False,False,False,not_both_verified,neither,both,neither,neither,False,False,False
k8,tau800,construct,cooperative,29,eval:29,eval:29:0:0,verified,verified,True,False,True,True,False,False,False,False,False,False,False,False,-0.00039820205426899236,0.032961802370779836,0.03336000442504883,False,True,True,False,verified_threshold_and_NU,False,False,False,NU_only,neither,gained,neither,gained,False,False,False
k8,tau800,construct,cooperative,30,eval:30,eval:30:0:0,verified,verified,True,False,False,False,False,False,False,False,False,False,False,False,0.21770412331719324,0.19312841302056238,-0.02457571029663086,False,False,False,False,no_threshold_or_NU_change,False,False,False,no_threshold_or_NU_change,neither,neither,neither,neither,False,False,False
k8,tau800,construct,cooperative,31,eval:31,eval:31:0:0,not_converged,not_converged,False,False,False,False,False,False,False,False,False,False,False,False,0.34884077502889,0.3488412518660482,,False,False,False,False,not_both_verified,False,False,False,not_both_verified,neither,neither,neither,neither,False,False,False
k8,tau800,construct,cooperative,32,eval:32,eval:32:0:0,not_converged,not_converged,False,False,False,False,False,False,False,False,False,False,False,False,0.18212788411783798,0.23658173391031845,,False,False,False,False,not_both_verified,False,False,False,not_both_verified,neither,neither,neither,neither,False,False,False
k8,tau800,construct,cooperative,33,eval:33,eval:33:0:0,verified,verified,True,False,False,False,False,False,False,False,False,False,False,False,0.09694212473002128,0.0969442704972332,2.1457672119140625e-06,False,False,False,False,no_threshold_or_NU_change,False,False,False,no_threshold_or_NU_change,neither,both,neither,both,False,False,False
k8,tau800,construct,cooperative,34,eval:34,eval:34:0:0,not_converged,not_converged,False,False,True,True,False,False,False,False,False,False,False,False,0.04979575306762696,0.08400667340148926,,False,False,False,False,not_both_verified,False,False,False,not_both_verified,neither,gained,neither,neither,False,False,False
k8,tau800,construct,cooperative,35,eval:35,eval:35:0:0,not_converged,verified,False,True,False,False,False,False,False,False,False,False,False,False,0.1445545424565351,-0.0031195412531817013,,False,True,False,True,verification_changed,True,False,True,verification_changed,gained,gained,gained,gained,False,False,False
k8,tau800,construct,cooperative,36,eval:36,eval:36:0:0,not_converged,not_converged,False,False,False,False,False,False,False,False,False,False,False,False,0.010127276547024167,0.009827822811672604,,False,False,False,False,not_both_verified,False,False,False,not_both_verified,neither,neither,neither,neither,False,False,False
k8,tau800,construct,cooperative,37,eval:37,eval:37:0:0,not_converged,not_converged,False,False,False,False,False,False,False,False,False,False,False,False,0.3173002392424209,0.2592548519743545,,False,False,False,False,not_both_verified,False,False,False,not_both_verified,neither,neither,neither,neither,False,False,False
k8,tau800,construct,cooperative,38,eval:38,eval:38:0:0,not_converged,not_converged,False,False,False,False,False,False,False,False,False,False,False,False,0.05268406588942298,-0.007354023862774284,,False,True,False,True,not_both_verified,False,False,False,not_both_verified,gained,both,neither,neither,False,False,False
k8,tau800,construct,cooperative,39,eval:39,eval:39:0:0,verified,verified,True,False,False,False,False,False,False,False,False,False,False,False,0.13769618520735705,0.1479105139732262,0.01021432876586914,False,False,False,False,no_threshold_or_NU_change,False,False,False,no_threshold_or_NU_change,neither,neither,neither,neither,False,False,False
k8,tau800,construct,cooperative,40,eval:40,eval:40:0:0,not_converged,not_converged,False,False,False,False,False,False,False,False,False,False,False,False,0.0512481060354002,0.05122235682885723,,False,False,False,False,not_both_verified,False,False,False,not_both_verified,neither,neither,neither,neither,False,False,False
k8,tau800,construct,cooperative,41,eval:41,eval:41:0:0,verified,verified,True,False,False,False,False,False,False,False,False,False,False,False,0.09934066339864156,0.07826207682027242,-0.02107858657836914,False,False,False,False,no_threshold_or_NU_change,False,False,False,no_threshold_or_NU_change,neither,both,neither,both,False,False,False
k8,tau800,construct,cooperative,42,eval:42,eval:42:0:0,not_converged,not_converged,False,False,False,False,False,False,False,False,False,False,False,False,0.31571192667222725,0.320922803137071,,False,False,False,False,not_both_verified,False,False,False,not_both_verified,neither,neither,neither,neither,False,False,False
k8,tau800,construct,cooperative,43,eval:43,eval:43:0:0,not_converged,not_converged,False,False,False,False,False,False,False,False,False,False,False,False,0.0909116670922856,0.052709381325684035,,False,False,False,False,not_both_verified,False,False,False,not_both_verified,neither,both,neither,neither,False,False,False
k8,tau800,construct,cooperative,44,eval:44,eval:44:0:0,not_converged,not_converged,False,False,False,False,False,False,False,False,False,False,False,False,0.25171734931884693,0.2935645783227532,,False,False,False,False,not_both_verified,False,False,False,not_both_verified,neither,neither,neither,neither,False,False,False
k8,tau800,construct,cooperative,45,eval:45,eval:45:0:0,not_converged,verified,False,True,False,False,False,False,False,False,False,False,False,False,0.12624938964884436,0.27431638717692053,,False,False,False,False,verification_changed,False,False,False,verification_changed,neither,neither,neither,neither,False,False,False
k8,tau800,construct,cooperative,46,eval:46,eval:46:0:0,verified,verified,True,False,False,False,False,False,False,False,False,False,False,False,-0.008572868094482544,-0.004540733084716919,0.004032135009765625,False,False,False,False,no_threshold_or_NU_change,False,False,False,no_threshold_or_NU_change,both,both,both,both,False,False,False
k8,tau800,construct,cooperative,47,eval:47,eval:47:0:0,not_converged,not_converged,False,False,False,False,False,False,False,False,False,False,False,False,0.1749035148301159,0.1749650268235241,,False,False,False,False,not_both_verified,False,False,False,not_both_verified,neither,neither,neither,neither,False,False,False
k8,tau800,construct,cooperative,48,eval:48,eval:48:0:0,not_converged,not_converged,False,False,False,False,False,False,False,False,False,False,False,False,0.19635517783220457,0.25118954367693114,,False,False,False,False,not_both_verified,False,False,False,not_both_verified,neither,neither,neither,neither,False,False,False
k8,tau800,construct,cooperative,49,eval:49,eval:49:0:0,not_converged,not_converged,False,False,False,False,False,False,False,False,False,False,False,False,0.6935724945944166,0.7030591698568678,,False,False,False,False,not_both_verified,False,False,False,not_both_verified,neither,neither,neither,neither,False,False,False
k8,tau800,construct,cooperative,50,eval:50,eval:50:0:0,not_converged,not_converged,False,False,False,False,False,False,False,False,False,False,False,False,1.0710868624430345,0.5620736864786791,,False,False,False,False,not_both_verified,False,False,False,not_both_verified,neither,neither,neither,neither,False,False,False
k8,tau800,construct,cooperative,51,eval:51,eval:51:0:0,not_converged,not_converged,False,False,False,False,False,False,False,False,False,False,False,False,0.02068466707300054,0.06542629762719976,,True,False,False,False,not_both_verified,False,False,False,not_both_verified,neither,both,neither,neither,False,False,False
k8,tau800,construct,cooperative,52,eval:52,eval:52:0:0,not_converged,not_converged,False,False,False,False,False,False,False,False,False,False,False,False,0.07316037398691755,0.36150666457529645,,False,False,False,False,not_both_verified,True,False,True,not_both_verified,neither,lost,neither,neither,False,False,False
k8,tau800,construct,cooperative,53,eval:53,eval:53:0:0,not_converged,verified,False,True,False,False,False,False,False,False,False,False,False,False,0.07267882759277366,0.0840666526049807,,False,False,False,False,verification_changed,False,False,False,verification_changed,neither,both,neither,gained,False,False,False
k8,tau800,construct,cooperative,54,eval:54,eval:54:0:0,verified,verified,True,False,False,False,False,False,False,False,False,False,False,False,0.05947653369786998,0.05557648258092662,-0.0039000511169433594,False,False,False,False,no_threshold_or_NU_change,False,False,False,no_threshold_or_NU_change,neither,both,neither,both,False,False,False
k8,tau800,construct,cooperative,55,eval:55,eval:55:0:0,verified,verified,True,False,False,False,False,False,False,False,False,False,False,False,-0.002597420192871347,0.00013771774658177804,0.002735137939453125,False,True,True,False,verified_threshold_only,False,False,False,no_threshold_or_NU_change,lost,both,lost,both,False,False,False
k8,tau800,construct,cooperative,56,eval:56,eval:56:0:0,not_converged,not_converged,False,False,False,False,False,False,False,False,False,False,False,False,0.07955307037806847,0.22857946426844933,,False,False,False,False,not_both_verified,True,False,True,not_both_verified,neither,lost,neither,neither,False,False,False
k8,tau800,construct,cooperative,57,eval:57,eval:57:0:0,not_converged,not_converged,False,False,False,False,False,False,False,False,False,False,False,False,0.04347049992008589,0.09225284855289839,,False,False,False,False,not_both_verified,False,False,False,not_both_verified,neither,both,neither,neither,False,False,False
k8,tau800,construct,cooperative,58,eval:58,eval:58:0:0,not_converged,verified,False,True,False,False,False,False,False,False,False,False,False,False,0.07677186590779606,0.0775562630330402,,False,False,False,False,verification_changed,False,False,False,verification_changed,neither,both,neither,gained,False,False,False
k8,tau800,construct,cooperative,59,eval:59,eval:59:0:0,not_converged,not_converged,False,False,False,False,False,False,False,False,False,False,False,False,0.10326944777131342,0.13114081808686517,,False,False,False,False,not_both_verified,False,False,False,not_both_verified,neither,neither,neither,neither,False,False,False
k8,tau800,construct,cooperative,60,eval:60,eval:60:0:0,not_converged,verified,False,True,False,False,False,False,False,False,False,False,False,False,-0.07538989932251017,0.28644414990234335,,False,True,False,True,verification_changed,True,False,True,verification_changed,lost,lost,neither,neither,False,False,False
k8,tau800,construct,cooperative,61,eval:61,eval:61:0:0,not_converged,not_converged,False,False,False,False,False,False,False,False,False,False,False,False,0.021902134134931472,0.1132145425821971,,False,False,False,False,not_both_verified,True,False,True,not_both_verified,neither,lost,neither,neither,False,False,False
k8,tau800,construct,cooperative,62,eval:62,eval:62:0:0,not_converged,verified,False,True,False,False,False,False,False,False,False,False,False,False,0.06780469892996699,0.10016668318289668,,False,False,False,False,verification_changed,True,False,True,verification_changed,neither,lost,neither,neither,False,False,False
k8,tau800,construct,cooperative,63,eval:63,eval:63:0:0,verified,verified,True,False,False,False,False,False,False,False,False,False,False,False,0.08879719025092214,0.11179218536810964,0.0229949951171875,False,False,False,False,no_threshold_or_NU_change,True,True,False,verified_threshold_only,neither,lost,neither,lost,False,False,False
k8,tau800,construct,cooperative,64,eval:64,eval:64:0:0,not_converged,not_converged,False,False,False,False,False,False,False,False,False,False,False,False,0.12068207583618218,0.15830881915283257,,False,False,False,False,not_both_verified,False,False,False,not_both_verified,neither,neither,neither,neither,False,False,False
k8,tau800,construct,cooperative,65,eval:65,eval:65:0:0,not_converged,verified,False,True,False,False,False,False,False,False,False,False,False,False,0.05004182309974947,0.049889950464861776,,False,False,False,False,verification_changed,False,False,False,verification_changed,neither,both,neither,gained,False,False,False
k8,tau800,construct,cooperative,66,eval:66,eval:66:0:0,verified,verified,True,False,False,False,False,False,False,False,False,False,False,False,-0.026484383094076414,-0.026352299201254148,0.00013208389282226562,False,False,False,False,no_threshold_or_NU_change,False,False,False,no_threshold_or_NU_change,both,both,both,both,False,False,False
k8,tau800,construct,cooperative,67,eval:67,eval:67:0:0,verified,not_converged,False,True,False,False,False,False,False,False,False,False,False,False,0.038470162316894374,0.08997596637878402,,False,False,False,False,verification_changed,False,False,False,verification_changed,neither,both,neither,lost,False,False,False
k8,tau800,construct,cooperative,68,eval:68,eval:68:0:0,verified,verified,True,False,False,False,False,False,False,False,False,False,False,False,0.011087861038343583,0.029804434753553544,0.01871657371520996,False,False,False,False,no_threshold_or_NU_change,False,False,False,no_threshold_or_NU_change,neither,both,neither,both,False,False,False
k8,tau800,construct,cooperative,69,eval:69,eval:69:0:0,generation_failure,generation_failure,False,False,False,False,False,True,False,False,True,True,False,True,,,,,False,False,False,generation_or_parse_unavailable,False,False,False,generation_or_parse_unavailable,neither,neither,neither,neither,False,False,False
k8,tau800,construct,cooperative,70,eval:70,eval:70:0:0,not_converged,not_converged,False,False,False,False,False,False,False,False,False,False,False,False,0.1422796114367677,0.1404480799121095,,False,False,False,False,not_both_verified,False,False,False,not_both_verified,neither,neither,neither,neither,False,False,False
k8,tau800,construct,cooperative,71,eval:71,eval:71:0:0,verified,verified,True,False,False,False,False,False,False,False,False,False,False,False,0.03219666085652628,0.03218712411336222,-9.5367431640625e-06,False,False,False,False,no_threshold_or_NU_change,False,False,False,no_threshold_or_NU_change,neither,neither,neither,neither,False,False,False
k8,tau800,construct,cooperative,72,eval:72,eval:72:0:0,not_converged,not_converged,False,False,False,False,False,False,False,False,False,False,False,False,0.017144421435546953,0.016979912615966875,,False,False,False,False,not_both_verified,False,False,False,not_both_verified,neither,neither,neither,neither,False,False,False
k8,tau800,construct,cooperative,73,eval:73,eval:73:0:0,not_converged,not_converged,False,False,False,False,False,False,False,False,False,False,False,False,0.31889414274487926,0.24380421125684215,,False,False,False,False,not_both_verified,False,False,False,not_both_verified,neither,neither,neither,neither,False,False,False
k8,tau800,construct,cooperative,74,eval:74,eval:74:0:0,verified,verified,True,False,False,False,False,False,False,False,False,False,False,False,0.10211936049438464,0.10225382857299792,0.00013446807861328125,False,False,False,False,no_threshold_or_NU_change,False,False,False,no_threshold_or_NU_change,neither,neither,neither,neither,False,False,False
k8,tau800,construct,cooperative,75,eval:75,eval:75:0:0,verified,not_converged,False,True,False,False,False,False,False,False,False,False,False,False,0.07386303283850104,0.07461142875830085,,False,False,False,False,verification_changed,False,False,False,verification_changed,neither,neither,neither,neither,False,False,False
k8,tau800,construct,cooperative,76,eval:76,eval:76:0:0,not_converged,not_converged,False,False,False,False,False,False,False,False,False,False,False,False,0.3799337067032891,0.4084561981583672,,False,False,False,False,not_both_verified,False,False,False,not_both_verified,neither,neither,neither,neither,False,False,False
k8,tau800,construct,cooperative,77,eval:77,eval:77:0:0,not_converged,not_converged,False,False,False,False,False,False,False,False,False,False,False,False,0.04566398327189081,0.04452291195231073,,False,False,False,False,not_both_verified,False,False,False,not_both_verified,neither,neither,neither,neither,False,False,False
k8,tau800,construct,cooperative,78,eval:78,eval:78:0:0,not_converged,not_converged,False,False,False,False,False,False,False,False,False,False,False,False,0.45522911535214483,0.6328514336199671,,False,False,False,False,not_both_verified,False,False,False,not_both_verified,neither,neither,neither,neither,False,False,False
k8,tau800,construct,cooperative,79,eval:79,eval:79:0:0,not_converged,not_converged,False,False,False,False,False,False,False,False,False,False,False,False,0.0803866254531247,0.08106373421777313,,False,False,False,False,not_both_verified,False,False,False,not_both_verified,neither,both,neither,neither,False,False,False
k8,tau800,construct,cooperative,80,eval:80,eval:80:0:0,verified,verified,True,False,False,False,False,False,False,False,False,False,False,False,0.03113180313720676,0.031134187322997775,2.384185791015625e-06,False,False,False,False,no_threshold_or_NU_change,False,False,False,no_threshold_or_NU_change,neither,both,neither,both,False,False,False
k8,tau800,construct,cooperative,81,eval:81,eval:81:0:0,verified,verified,True,False,False,False,False,False,False,False,False,False,False,False,0.13756905343533088,0.14032851006985236,0.0027594566345214844,False,False,False,False,no_threshold_or_NU_change,False,False,False,no_threshold_or_NU_change,neither,neither,neither,neither,False,False,False
k8,tau800,construct,cooperative,82,eval:82,eval:82:0:0,verified,verified,True,False,False,False,False,False,False,False,False,False,False,False,0.06662892859670011,0.06637787383290616,-0.0002510547637939453,False,False,False,False,no_threshold_or_NU_change,False,False,False,no_threshold_or_NU_change,neither,both,neither,both,False,False,False
k8,tau800,construct,cooperative,83,eval:83,eval:83:0:0,not_converged,not_converged,False,False,False,False,False,False,False,False,False,False,False,False,0.14814859401940517,0.2830229378914755,,False,False,False,False,not_both_verified,False,False,False,not_both_verified,neither,neither,neither,neither,False,False,False
k8,tau800,construct,cooperative,84,eval:84,eval:84:0:0,not_converged,not_converged,False,False,False,False,False,False,False,False,False,False,False,False,0.016664308927246907,0.016925138852784016,,False,False,False,False,not_both_verified,False,False,False,not_both_verified,neither,both,neither,neither,False,False,False
k8,tau800,construct,cooperative,85,eval:85,eval:85:0:0,not_converged,not_converged,False,False,False,False,False,False,False,False,False,False,False,False,0.05218028076700865,0.05220030792765318,,False,False,False,False,not_both_verified,False,False,False,not_both_verified,neither,both,neither,neither,False,False,False
k8,tau800,construct,cooperative,86,eval:86,eval:86:0:0,not_converged,not_converged,False,False,False,False,False,False,False,False,False,False,False,False,0.14075329309977125,0.14103367334879469,,False,False,False,False,not_both_verified,False,False,False,not_both_verified,neither,neither,neither,neither,False,False,False
k8,tau800,construct,cooperative,87,eval:87,eval:87:0:0,not_converged,not_converged,False,False,False,False,False,False,False,False,False,False,False,False,0.2108256136425517,0.15825097909054975,,False,False,False,False,not_both_verified,False,False,False,not_both_verified,neither,neither,neither,neither,False,False,False
k8,tau800,construct,cooperative,88,eval:88,eval:88:0:0,verified,verified,True,False,False,False,False,False,False,False,False,False,False,False,-0.005289043819580286,-0.005259479915771692,2.956390380859375e-05,False,False,False,False,no_threshold_or_NU_change,False,False,False,no_threshold_or_NU_change,both,both,both,both,False,False,False
k8,tau800,construct,cooperative,89,eval:89,eval:89:0:0,not_converged,not_converged,False,False,False,False,False,False,False,False,False,False,False,False,0.15591369008965028,0.06992802953667177,,False,False,False,False,not_both_verified,True,False,True,not_both_verified,neither,gained,neither,neither,False,False,False
k8,tau800,construct,cooperative,90,eval:90,eval:90:0:0,verified,verified,True,False,False,False,False,False,False,False,False,False,False,False,0.1255025380907071,0.25331921518421296,0.12781667709350586,False,False,False,False,no_threshold_or_NU_change,False,False,False,no_threshold_or_NU_change,neither,neither,neither,neither,False,False,False
k8,tau800,construct,cooperative,91,eval:91,eval:91:0:0,not_converged,not_converged,False,False,False,False,False,False,False,False,False,False,False,False,0.1135173751806624,0.1651073410009749,,False,False,False,False,not_both_verified,False,False,False,not_both_verified,neither,neither,neither,neither,False,False,False
k8,tau800,construct,cooperative,92,eval:92,eval:92:0:0,not_converged,not_converged,False,False,False,False,False,False,False,False,False,False,False,False,0.04794268698217774,0.04788642019750977,,False,False,False,False,not_both_verified,False,False,False,not_both_verified,neither,both,neither,neither,False,False,False
k8,tau800,construct,cooperative,93,eval:93,eval:93:0:0,not_converged,not_converged,False,False,False,False,False,False,False,False,False,False,False,False,0.1722976350646972,0.10574308870849602,,False,False,False,False,not_both_verified,False,False,False,not_both_verified,neither,neither,neither,neither,False,False,False
k8,tau800,construct,cooperative,94,eval:94,eval:94:0:0,verified,verified,True,False,False,False,False,False,False,False,False,False,False,False,0.07645675019588172,0.023040974896809452,-0.053415775299072266,False,False,False,False,no_threshold_or_NU_change,False,False,False,no_threshold_or_NU_change,neither,both,neither,both,False,False,False
k8,tau800,construct,cooperative,95,eval:95,eval:95:0:0,not_converged,not_converged,False,False,False,False,False,False,False,False,False,False,False,False,0.10354464570629851,0.0633973411713864,,False,False,False,False,not_both_verified,True,False,True,not_both_verified,neither,gained,neither,neither,False,False,False
k8,tau800,construct,cooperative,96,eval:96,eval:96:0:0,verified,verified,True,False,False,False,False,False,False,False,False,False,False,False,0.03035126360595708,0.030357939326171923,6.67572021484375e-06,False,False,False,False,no_threshold_or_NU_change,False,False,False,no_threshold_or_NU_change,neither,neither,neither,neither,False,False,False
k8,tau800,construct,cooperative,97,eval:97,eval:97:0:0,not_converged,not_converged,False,False,False,False,False,False,False,False,False,False,False,False,0.06789075080810525,0.055145847243652124,,False,False,False,False,not_both_verified,False,False,False,not_both_verified,neither,both,neither,neither,False,False,False
k8,tau800,construct,cooperative,98,eval:98,eval:98:0:0,not_converged,not_converged,False,False,False,False,False,False,False,False,False,False,False,False,0.02145822808146214,0.04451807305216526,,False,False,False,False,not_both_verified,False,False,False,not_both_verified,neither,both,neither,neither,False,False,False
k8,tau800,construct,cooperative,99,eval:99,eval:99:0:0,verified,not_converged,False,True,False,False,False,False,False,False,False,False,False,False,0.11348328518810114,0.14783368039073785,,False,False,False,False,verification_changed,False,False,False,verification_changed,neither,neither,neither,neither,False,False,False
k8,tau800,construct,cooperative,100,eval:100,eval:100:0:0,not_converged,not_converged,False,False,False,False,False,False,False,False,False,False,False,False,0.28841400857825583,0.3149275850858242,,False,False,False,False,not_both_verified,False,False,False,not_both_verified,neither,neither,neither,neither,False,False,False
k8,tau800,construct,cooperative,101,eval:101,eval:101:0:0,not_converged,not_converged,False,False,False,False,False,False,False,False,False,False,False,False,0.011601227065186848,0.011797207137208332,,False,False,False,False,not_both_verified,False,False,False,not_both_verified,neither,both,neither,neither,False,False,False
k8,tau800,construct,cooperative,102,eval:102,eval:102:0:0,not_converged,not_converged,False,False,False,False,False,False,False,False,False,False,False,False,0.2250754262475585,0.11756867423339834,,False,False,False,False,not_both_verified,False,False,False,not_both_verified,neither,neither,neither,neither,False,False,False
k8,tau800,construct,cooperative,103,eval:103,eval:103:0:0,not_converged,verified,False,True,False,False,False,False,False,True,True,False,False,True,,,,False,False,False,False,unknown_hull,False,False,False,unknown_hull,neither,neither,neither,neither,False,False,False
k8,tau800,construct,cooperative,104,eval:104,eval:104:0:0,not_converged,not_converged,False,False,False,False,False,False,False,False,False,False,False,False,0.07642266688693589,0.046182607988010105,,False,False,False,False,not_both_verified,False,False,False,not_both_verified,neither,both,neither,neither,False,False,False
k8,tau800,construct,cooperative,105,eval:105,eval:105:0:0,verified,verified,True,False,False,False,False,False,False,False,False,False,False,False,0.03189809515258801,0.03159721090576184,-0.0003008842468261719,False,False,False,False,no_threshold_or_NU_change,False,False,False,no_threshold_or_NU_change,neither,both,neither,both,False,False,False
k8,tau800,construct,cooperative,106,eval:106,eval:106:0:0,not_converged,not_converged,False,False,False,False,False,False,False,False,False,False,False,False,0.05424275011813684,0.09344973177707239,,False,False,False,False,not_both_verified,False,False,False,not_both_verified,neither,both,neither,neither,False,False,False
k8,tau800,construct,cooperative,107,eval:107,eval:107:0:0,verified,verified,True,False,False,False,False,False,False,False,False,False,False,False,0.03942111127258219,0.039675503896483555,0.0002543926239013672,False,False,False,False,no_threshold_or_NU_change,False,False,False,no_threshold_or_NU_change,neither,both,neither,both,False,False,False
k8,tau800,construct,cooperative,108,eval:108,eval:108:0:0,not_converged,not_converged,False,False,False,False,False,False,False,False,False,False,False,False,0.10898570168701127,0.10995606530395463,,False,False,False,False,not_both_verified,False,False,False,not_both_verified,neither,neither,neither,neither,False,False,False
k8,tau800,construct,cooperative,109,eval:109,eval:109:0:0,not_converged,not_converged,False,False,False,False,False,False,False,False,False,False,False,False,0.021692272171630833,0.020731445297851536,,False,False,False,False,not_both_verified,False,False,False,not_both_verified,neither,both,neither,neither,False,False,False
k8,tau800,construct,cooperative,110,eval:110,eval:110:0:0,verified,verified,True,False,False,False,False,False,False,False,False,False,False,False,0.036932978025309815,0.10623410641276099,0.06930112838745117,False,False,False,False,no_threshold_or_NU_change,True,True,False,verified_threshold_only,neither,lost,neither,lost,False,False,False
k8,tau800,construct,cooperative,111,eval:111,eval:111:0:0,not_converged,not_converged,False,False,False,False,False,False,False,False,False,False,False,False,0.17869967343655357,0.11263913037625084,,False,False,False,False,not_both_verified,False,False,False,not_both_verified,neither,neither,neither,neither,False,False,False
k8,tau800,construct,cooperative,112,eval:112,eval:112:0:0,verified,verified,True,False,False,False,False,False,False,False,False,False,False,False,0.02414073670166017,0.02412833893554689,-1.239776611328125e-05,False,False,False,False,no_threshold_or_NU_change,False,False,False,no_threshold_or_NU_change,neither,neither,neither,neither,False,False,False
k8,tau800,construct,cooperative,113,eval:113,eval:113:0:0,not_converged,not_converged,False,False,False,False,False,False,False,False,False,False,False,False,0.04332049204565447,0.04321511103369158,,False,False,False,False,not_both_verified,False,False,False,not_both_verified,neither,neither,neither,neither,False,False,False
k8,tau800,construct,cooperative,114,eval:114,eval:114:0:0,not_converged,verified,False,True,False,False,False,False,False,False,False,False,False,False,0.17032220446333124,0.2810929068253918,,True,False,False,False,verification_changed,False,False,False,verification_changed,neither,neither,neither,neither,False,True,False
k8,tau800,construct,cooperative,115,eval:115,eval:115:0:0,not_converged,not_converged,False,False,False,False,False,False,False,False,False,False,False,False,0.025555026559244354,0.025556933907877166,,False,False,False,False,not_both_verified,False,False,False,not_both_verified,neither,both,neither,neither,False,False,False
k8,tau800,construct,cooperative,116,eval:116,eval:116:0:0,not_converged,verified,False,True,False,False,False,False,False,False,False,False,False,False,0.1351339835154275,0.1319303530680398,,False,False,False,False,verification_changed,False,False,False,verification_changed,neither,neither,neither,neither,False,False,False
k8,tau800,construct,cooperative,117,eval:117,eval:117:0:0,not_converged,not_converged,False,False,False,False,False,False,False,False,False,False,False,False,0.04974261604003871,0.04978839240722621,,False,False,False,False,not_both_verified,False,False,False,not_both_verified,neither,neither,neither,neither,False,False,False
k8,tau800,construct,cooperative,118,eval:118,eval:118:0:0,not_converged,not_converged,False,False,False,False,False,False,False,False,False,False,False,False,0.10084514599365235,0.1008837698034668,,True,False,False,False,not_both_verified,False,False,False,not_both_verified,neither,neither,neither,neither,False,False,False
k8,tau800,construct,cooperative,119,eval:119,eval:119:0:0,verified,verified,True,False,False,False,False,False,False,False,False,False,False,False,0.12669805160941028,0.23032096497000598,0.1036229133605957,False,False,False,False,no_threshold_or_NU_change,False,False,False,no_threshold_or_NU_change,neither,neither,neither,neither,False,False,False
k8,tau800,construct,cooperative,120,eval:120,eval:120:0:0,not_converged,not_converged,False,False,False,False,False,False,False,True,True,False,False,True,,,,False,False,False,False,unknown_hull,False,False,False,unknown_hull,neither,neither,neither,neither,False,False,False
k8,tau800,construct,cooperative,121,eval:121,eval:121:0:0,verified,verified,True,False,False,False,False,False,False,False,False,False,False,False,0.08369983471655473,0.08372892178320512,2.9087066650390625e-05,False,False,False,False,no_threshold_or_NU_change,False,False,False,no_threshold_or_NU_change,neither,both,neither,both,False,False,False
k8,tau800,construct,cooperative,122,eval:122,eval:122:0:0,not_converged,not_converged,False,False,False,False,False,False,False,False,False,False,False,False,0.010487577189940644,0.009886762370604707,,False,False,False,False,not_both_verified,False,False,False,not_both_verified,neither,both,neither,neither,False,False,False
k8,tau800,construct,cooperative,123,eval:123,eval:123:0:0,verified,not_converged,False,True,False,False,False,False,False,False,False,False,False,False,0.03573769221915679,0.003543554645914604,,False,False,False,False,verification_changed,False,False,False,verification_changed,neither,both,neither,lost,False,False,False
k8,tau800,construct,cooperative,124,eval:124,eval:124:0:0,verified,verified,True,False,False,False,False,False,False,False,False,False,False,False,0.023058765372557133,0.02318941875390479,0.00013065338134765625,False,False,False,False,no_threshold_or_NU_change,False,False,False,no_threshold_or_NU_change,neither,neither,neither,neither,False,False,False
k8,tau800,construct,cooperative,125,eval:125,eval:125:0:0,not_converged,not_converged,False,False,False,False,False,False,False,False,False,False,False,False,0.05270510814843732,0.049854098779540834,,False,False,False,False,not_both_verified,False,False,False,not_both_verified,neither,both,neither,neither,False,False,False
k8,tau800,construct,cooperative,126,eval:126,eval:126:0:0,not_converged,not_converged,False,False,True,True,False,False,False,False,False,False,False,False,0.04489709616455073,0.07520772696289058,,False,False,False,False,not_both_verified,False,False,False,not_both_verified,neither,gained,neither,neither,False,False,False
k8,tau800,construct,cooperative,127,eval:127,eval:127:0:0,verified,not_converged,False,True,False,False,False,False,False,False,False,False,False,False,0.0855896405807055,0.018786662065080506,,False,False,False,False,verification_changed,False,False,False,verification_changed,neither,both,neither,lost,False,False,False
k8,tau800,construct,cooperative,128,eval:128,eval:128:0:0,verified,not_converged,False,True,False,False,False,False,False,False,False,False,False,False,0.19380902728271465,0.17844151934814434,,False,False,False,False,verification_changed,False,False,False,verification_changed,neither,neither,neither,neither,False,False,False
k8,tau800,construct,cooperative,129,eval:129,eval:129:0:0,verified,verified,True,False,False,False,False,False,False,False,False,False,False,False,0.1583072179621574,0.17820563257397382,0.019898414611816406,False,False,False,False,no_threshold_or_NU_change,False,False,False,no_threshold_or_NU_change,neither,neither,neither,neither,False,False,False
k8,tau800,construct,cooperative,130,eval:130,eval:130:0:0,verified,not_converged,False,True,False,False,False,False,False,False,False,False,False,False,0.04875501533850102,0.07887634178503422,,False,False,False,False,verification_changed,False,False,False,verification_changed,neither,both,neither,lost,False,False,False
k8,tau800,construct,cooperative,131,eval:131,eval:131:0:0,verified,verified,True,False,False,False,False,False,False,False,False,False,False,False,0.05993369286198025,0.051862747122234154,-0.008070945739746094,False,False,False,False,no_threshold_or_NU_change,False,False,False,no_threshold_or_NU_change,neither,both,neither,both,False,False,False
k8,tau800,construct,cooperative,132,eval:132,eval:132:0:0,verified,not_converged,False,True,False,False,False,False,False,False,False,False,False,False,0.14387907545247902,0.09020628492513527,,False,False,False,False,verification_changed,True,False,True,verification_changed,neither,gained,neither,neither,False,False,False
k8,tau800,construct,cooperative,133,eval:133,eval:133:0:0,not_converged,not_converged,False,False,False,False,False,False,False,False,False,False,False,False,0.08840604285169817,0.13770862082411028,,False,False,False,False,not_both_verified,True,False,True,not_both_verified,neither,lost,neither,neither,False,False,False
k8,tau800,construct,cooperative,134,eval:134,eval:134:0:0,verified,verified,True,False,False,False,False,False,False,False,False,False,False,False,0.06591431287475569,0.06510130552001936,-0.0008130073547363281,False,False,False,False,no_threshold_or_NU_change,False,False,False,no_threshold_or_NU_change,neither,neither,neither,neither,False,False,False
k8,tau800,construct,cooperative,135,eval:135,eval:135:0:0,verified,verified,True,False,False,False,False,False,False,False,False,False,False,False,-0.008165730670049776,0.03902016715709866,0.04718589782714844,False,True,True,False,verified_threshold_only,False,False,False,no_threshold_or_NU_change,lost,both,lost,both,False,False,False
k8,tau800,construct,cooperative,136,eval:136,eval:136:0:0,generation_failure,generation_failure,False,False,False,False,False,True,False,False,True,True,False,True,,,,,False,False,False,generation_or_parse_unavailable,False,False,False,generation_or_parse_unavailable,neither,neither,neither,neither,False,False,False
k8,tau800,construct,cooperative,137,eval:137,eval:137:0:0,not_converged,not_converged,False,False,False,False,False,False,False,False,False,False,False,False,-0.09563693281656782,-0.09553775068766157,,False,False,False,False,not_both_verified,False,False,False,not_both_verified,both,both,neither,neither,False,False,False
k8,tau800,construct,cooperative,138,eval:138,eval:138:0:0,verified,verified,True,False,False,False,False,False,False,False,False,False,False,False,-0.026736762913412093,-0.026583221348470687,0.00015354156494140625,True,False,False,False,no_threshold_or_NU_change,False,False,False,no_threshold_or_NU_change,neither,neither,neither,neither,False,False,False
k8,tau800,construct,cooperative,139,eval:139,eval:139:0:0,verified,verified,True,False,False,False,False,False,False,False,False,False,False,False,0.11398158080792786,0.11398301131940247,1.430511474609375e-06,False,False,False,False,no_threshold_or_NU_change,False,False,False,no_threshold_or_NU_change,neither,neither,neither,neither,False,False,False
k8,tau800,construct,cooperative,140,eval:140,eval:140:0:0,verified,verified,True,False,False,False,False,False,False,False,False,False,False,False,0.1664347197740339,0.20442528984239328,0.037990570068359375,False,False,False,False,no_threshold_or_NU_change,False,False,False,no_threshold_or_NU_change,neither,neither,neither,neither,False,False,False
k8,tau800,construct,cooperative,141,eval:141,eval:141:0:0,not_converged,not_converged,False,False,False,False,False,False,False,False,False,False,False,False,0.07583102733154323,0.07582983523864772,,False,False,False,False,not_both_verified,False,False,False,not_both_verified,neither,both,neither,neither,False,False,False
k8,tau800,construct,cooperative,142,eval:142,eval:142:0:0,not_converged,not_converged,False,False,False,False,False,False,False,False,False,False,False,False,0.20585453101725193,0.19790994712442966,,False,False,False,False,not_both_verified,False,False,False,not_both_verified,neither,neither,neither,neither,False,False,False
k8,tau800,construct,cooperative,143,eval:143,eval:143:0:0,not_converged,not_converged,False,False,False,False,False,False,False,False,False,False,False,False,0.0027595237379967053,0.004733391154378541,,False,False,False,False,not_both_verified,False,False,False,not_both_verified,neither,both,neither,neither,False,False,False
k8,tau800,construct,cooperative,144,eval:144,eval:144:0:0,not_converged,not_converged,False,False,False,False,False,False,False,False,False,False,False,False,0.0030526223010252096,0.003023535234374819,,False,False,False,False,not_both_verified,False,False,False,not_both_verified,neither,both,neither,neither,False,False,False
k8,tau800,construct,cooperative,145,eval:145,eval:145:0:0,verified,not_converged,False,True,False,False,False,False,False,False,False,False,False,False,0.01570994443050111,0.016674586001546032,,False,False,False,False,verification_changed,False,False,False,verification_changed,neither,neither,neither,neither,False,False,False
k8,tau800,construct,cooperative,146,eval:146,eval:146:0:0,not_converged,not_converged,False,False,False,False,False,False,False,False,False,False,False,False,0.06788735113879385,0.024336382968627834,,False,False,False,False,not_both_verified,False,False,False,not_both_verified,neither,both,neither,neither,False,False,False
k8,tau800,construct,cooperative,147,eval:147,eval:147:0:0,not_converged,not_converged,False,False,False,False,False,False,False,False,False,False,False,False,0.14477861890787835,0.14448822507853265,,False,False,False,False,not_both_verified,False,False,False,not_both_verified,neither,neither,neither,neither,False,False,False
k8,tau800,construct,cooperative,148,eval:148,eval:148:0:0,not_converged,not_converged,False,False,False,False,False,False,False,False,False,False,False,False,0.00013714049784319116,6.44228312172146e-05,,False,False,False,False,not_both_verified,False,False,False,not_both_verified,neither,both,neither,neither,False,False,False
k8,tau800,construct,cooperative,149,eval:149,eval:149:0:0,not_converged,not_converged,False,False,False,False,False,False,False,False,False,False,False,False,0.3080968797886836,0.292625421353625,,False,False,False,False,not_both_verified,False,False,False,not_both_verified,neither,neither,neither,neither,False,False,False
k8,tau800,construct,cooperative,150,eval:150,eval:150:0:0,not_converged,not_converged,False,False,False,False,False,False,False,True,True,False,False,True,,,,False,False,False,False,unknown_hull,False,False,False,unknown_hull,neither,neither,neither,neither,False,False,False
k8,tau800,construct,cooperative,151,eval:151,eval:151:0:0,not_converged,not_converged,False,False,False,False,False,False,False,False,False,False,False,False,-0.011313076997315541,-0.011312600160157338,,False,False,False,False,not_both_verified,False,False,False,not_both_verified,neither,neither,neither,neither,False,False,False
k8,tau800,construct,cooperative,152,eval:152,eval:152:0:0,not_converged,not_converged,False,False,False,False,False,False,False,False,False,False,False,False,-0.005176201344401221,-0.005136147023112159,,False,False,False,False,not_both_verified,False,False,False,not_both_verified,both,both,neither,neither,False,False,False
k8,tau800,construct,cooperative,153,eval:153,eval:153:0:0,not_converged,not_converged,False,False,False,False,False,False,False,False,False,False,False,False,-0.008605564941813526,-0.008571709503581104,,False,False,False,False,not_both_verified,False,False,False,not_both_verified,neither,neither,neither,neither,False,False,False
k8,tau800,construct,cooperative,154,eval:154,eval:154:0:0,not_converged,not_converged,False,False,False,False,False,False,False,False,False,False,False,False,0.04336633329223627,0.043486019418945254,,False,False,False,False,not_both_verified,False,False,False,not_both_verified,neither,both,neither,neither,False,False,False
k8,tau800,construct,cooperative,155,eval:155,eval:155:0:0,not_converged,verified,False,True,False,False,False,False,False,False,False,False,False,False,0.06276002184977347,0.03200688616862113,,False,False,False,False,verification_changed,False,False,False,verification_changed,neither,both,neither,gained,False,False,False
k8,tau800,construct,cooperative,156,eval:156,eval:156:0:0,verified,verified,True,False,False,False,False,False,False,False,False,False,False,False,0.21645495037353513,0.2164520893505859,-2.86102294921875e-06,False,False,False,False,no_threshold_or_NU_change,False,False,False,no_threshold_or_NU_change,neither,neither,neither,neither,False,False,False
k8,tau800,construct,cooperative,157,eval:157,eval:157:0:0,not_converged,not_converged,False,False,False,False,False,False,False,False,False,False,False,False,0.25758211464330216,0.2575897440378334,,False,False,False,False,not_both_verified,False,False,False,not_both_verified,neither,neither,neither,neither,False,False,False
k8,tau800,construct,cooperative,158,eval:158,eval:158:0:0,verified,not_converged,False,True,False,False,False,False,False,False,False,False,False,False,0.11317699068115239,0.11321084611938481,,False,False,False,False,verification_changed,False,False,False,verification_changed,neither,neither,neither,neither,False,False,False
k8,tau800,construct,cooperative,159,eval:159,eval:159:0:0,not_converged,not_converged,False,False,False,False,False,False,False,False,False,False,False,False,-0.013628703369164441,0.012763279663062121,,False,True,False,True,not_both_verified,False,False,False,not_both_verified,lost,both,neither,neither,False,False,False
k8,tau800,construct,cooperative,160,eval:160,eval:160:0:0,verified,not_converged,False,True,False,False,False,False,False,False,False,False,False,False,0.0019504223187256642,0.0023893509228516407,,False,False,False,False,verification_changed,False,False,False,verification_changed,neither,neither,neither,neither,False,False,False
k8,tau800,construct,cooperative,161,eval:161,eval:161:0:0,verified,verified,False,False,False,False,False,False,False,True,True,False,False,True,,,,False,False,False,False,unknown_hull,False,False,False,unknown_hull,neither,neither,neither,neither,False,False,False
k8,tau800,construct,cooperative,162,eval:162,eval:162:0:0,verified,not_converged,False,True,False,False,False,False,False,False,False,False,False,False,0.11622137402449972,0.07768005703841574,,False,False,False,False,verification_changed,True,False,True,verification_changed,neither,gained,neither,neither,False,False,False
k8,tau800,construct,cooperative,163,eval:163,eval:163:0:0,verified,verified,False,False,False,False,False,False,False,True,True,False,False,True,,,,False,False,False,False,unknown_hull,False,False,False,unknown_hull,neither,neither,neither,neither,False,False,False
k8,tau800,construct,cooperative,164,eval:164,eval:164:0:0,verified,verified,True,False,False,False,False,False,False,False,False,False,False,False,0.02230050398876937,-0.008449770669433754,-0.030750274658203125,False,True,True,False,verified_threshold_only,False,False,False,no_threshold_or_NU_change,gained,both,gained,both,False,False,False
k8,tau800,construct,cooperative,165,eval:165,eval:165:0:0,verified,verified,True,False,False,False,False,False,False,False,False,False,False,False,0.20648438966947635,0.29760797060209354,0.09112358093261719,False,False,False,False,no_threshold_or_NU_change,False,False,False,no_threshold_or_NU_change,neither,neither,neither,neither,False,False,False
k8,tau800,construct,cooperative,166,eval:166,eval:166:0:0,not_converged,verified,False,True,False,False,False,False,False,False,False,False,False,False,0.2227309838896785,0.44942699829397537,,False,False,False,False,verification_changed,False,False,False,verification_changed,neither,neither,neither,neither,False,False,False
k8,tau800,construct,cooperative,167,eval:167,eval:167:0:0,verified,verified,True,False,False,False,False,False,False,False,False,False,False,False,0.006697099127807693,0.006689112105407791,-7.987022399902344e-06,False,False,False,False,no_threshold_or_NU_change,False,False,False,no_threshold_or_NU_change,neither,both,neither,both,False,False,False
k8,tau800,construct,cooperative,168,eval:168,eval:168:0:0,verified,verified,True,False,False,False,False,False,False,False,False,False,False,False,0.03276329689086932,0.032762343216552914,-9.5367431640625e-07,False,False,False,False,no_threshold_or_NU_change,False,False,False,no_threshold_or_NU_change,neither,both,neither,both,False,False,False
k8,tau800,construct,cooperative,169,eval:169,eval:169:0:0,verified,verified,True,False,False,False,False,False,False,False,False,False,False,False,0.19629557541151144,0.1783285897089968,-0.01796698570251465,False,False,False,False,no_threshold_or_NU_change,False,False,False,no_threshold_or_NU_change,neither,neither,neither,neither,False,False,False
k8,tau800,construct,cooperative,170,eval:170,eval:170:0:0,verified,verified,True,False,False,False,False,False,False,False,False,False,False,False,0.020925416516114126,0.020923509167481313,-1.9073486328125e-06,False,False,False,False,no_threshold_or_NU_change,False,False,False,no_threshold_or_NU_change,neither,neither,neither,neither,False,False,False
k8,tau800,construct,cooperative,171,eval:171,eval:171:0:0,not_converged,not_converged,False,False,False,False,False,False,False,False,False,False,False,False,0.1323346248173003,0.1323823085331206,,False,False,False,False,not_both_verified,False,False,False,not_both_verified,neither,neither,neither,neither,False,False,False
k8,tau800,construct,cooperative,172,eval:172,eval:172:0:0,not_converged,not_converged,False,False,False,False,False,False,False,False,False,False,False,False,0.016539869855712652,-0.02693909590356469,,False,True,False,True,not_both_verified,False,False,False,not_both_verified,gained,both,neither,neither,False,False,False
k8,tau800,construct,cooperative,173,eval:173,eval:173:0:0,not_converged,not_converged,False,False,False,False,False,False,False,False,False,False,False,False,-0.008728588928629932,-0.00869759451334673,,False,False,False,False,not_both_verified,False,False,False,not_both_verified,neither,neither,neither,neither,False,False,False
k8,tau800,construct,cooperative,174,eval:174,eval:174:0:0,verified,not_converged,False,True,False,False,False,False,False,False,False,False,False,False,0.001968043807127451,0.0019024786978745212,,False,False,False,False,verification_changed,False,False,False,verification_changed,neither,neither,neither,neither,False,False,False
k8,tau800,construct,cooperative,175,eval:175,eval:175:0:0,verified,verified,True,False,False,False,False,False,False,False,False,False,False,False,0.06066570685791017,0.060826400980224626,0.00016069412231445312,False,False,False,False,no_threshold_or_NU_change,False,False,False,no_threshold_or_NU_change,neither,neither,neither,neither,False,False,False
k8,tau800,construct,cooperative,176,eval:176,eval:176:0:0,not_converged,not_converged,False,False,False,False,False,False,False,False,False,False,False,False,0.029122684589843573,0.02895436107299787,,False,False,False,False,not_both_verified,False,False,False,not_both_verified,neither,both,neither,neither,False,False,False
k8,tau800,construct,cooperative,177,eval:177,eval:177:0:0,verified,not_converged,False,True,False,False,False,False,False,False,False,False,False,False,0.017927828884846342,0.011405650234943998,,True,False,False,False,verification_changed,False,False,False,verification_changed,neither,both,neither,lost,True,True,False
k8,tau800,construct,cooperative,178,eval:178,eval:178:0:0,verified,not_converged,False,True,False,False,False,False,False,False,False,False,False,False,0.014777126984050426,0.015091362671306285,,False,False,False,False,verification_changed,False,False,False,verification_changed,neither,both,neither,lost,False,False,False
k8,tau800,construct,cooperative,179,eval:179,eval:179:0:0,verified,not_converged,False,True,True,True,False,False,False,False,False,False,False,False,0.07664698529724134,-0.003933487648925649,,False,True,False,True,verification_changed,False,False,False,verification_changed,neither,lost,neither,lost,False,False,False
k8,tau800,construct,cooperative,180,eval:180,eval:180:0:0,verified,verified,True,False,False,False,False,False,False,False,False,False,False,False,0.13630955369103415,0.0989498391829775,-0.03735971450805664,False,False,False,False,no_threshold_or_NU_change,True,True,False,verified_threshold_only,neither,gained,neither,gained,False,False,False
k8,tau800,construct,cooperative,181,eval:181,eval:181:0:0,not_converged,not_converged,False,False,False,False,False,False,False,False,False,False,False,False,0.20858387819946245,0.30784182421386674,,False,False,False,False,not_both_verified,False,False,False,not_both_verified,neither,neither,neither,neither,False,False,False
k8,tau800,construct,cooperative,182,eval:182,eval:182:0:0,not_converged,not_converged,False,False,False,False,False,False,False,False,False,False,False,False,0.023068999687259506,0.023053264061038803,,False,False,False,False,not_both_verified,False,False,False,not_both_verified,neither,both,neither,neither,False,False,False
k8,tau800,construct,cooperative,183,eval:183,eval:183:0:0,verified,verified,True,False,False,False,False,False,False,False,False,False,False,False,0.047418454278564504,0.04742846785888677,1.0013580322265625e-05,False,False,False,False,no_threshold_or_NU_change,False,False,False,no_threshold_or_NU_change,neither,both,neither,both,False,False,False
k8,tau800,construct,cooperative,184,eval:184,eval:184:0:0,not_converged,verified,False,True,False,False,False,False,False,False,False,False,False,False,0.06142606504394266,0.11423721082641336,,True,False,False,False,verification_changed,True,False,True,verification_changed,neither,lost,neither,neither,True,True,False
k8,tau800,construct,cooperative,185,eval:185,eval:185:0:0,verified,verified,True,False,False,False,False,False,False,False,False,False,False,False,0.18757333131836074,0.012634652576905658,-0.17493867874145508,False,False,False,False,no_threshold_or_NU_change,True,True,False,verified_threshold_only,neither,gained,neither,gained,False,False,False
k8,tau800,construct,cooperative,186,eval:186,eval:186:0:0,verified,verified,True,False,False,False,False,False,False,False,False,False,False,False,0.0001371885262040351,9.236583333294135e-05,-4.482269287109375e-05,False,False,False,False,no_threshold_or_NU_change,False,False,False,no_threshold_or_NU_change,neither,both,neither,both,False,False,False
k8,tau800,construct,cooperative,187,eval:187,eval:187:0:0,not_converged,not_converged,False,False,False,False,False,False,False,False,False,False,False,False,0.048232476780393885,0.048237006733396814,,False,False,False,False,not_both_verified,False,False,False,not_both_verified,neither,both,neither,neither,False,False,False
k8,tau800,construct,cooperative,188,eval:188,eval:188:0:0,not_converged,not_converged,False,False,False,False,False,False,False,False,False,False,False,False,0.06931080155610658,0.06975139909028627,,False,False,False,False,not_both_verified,False,False,False,not_both_verified,neither,both,neither,neither,False,False,False
k8,tau800,construct,cooperative,189,eval:189,eval:189:0:0,not_converged,not_converged,False,False,False,False,False,False,False,False,False,False,False,False,0.5447114795475256,0.42278254926493286,,False,False,False,False,not_both_verified,False,False,False,not_both_verified,neither,neither,neither,neither,False,False,False
k8,tau800,construct,cooperative,190,eval:190,eval:190:0:0,verified,verified,True,False,False,False,False,False,False,False,False,False,False,False,-0.006969148711303053,-0.007378751830199537,-0.0004096031188964844,False,False,False,False,no_threshold_or_NU_change,False,False,False,no_threshold_or_NU_change,both,both,both,both,False,False,False
k8,tau800,construct,cooperative,191,eval:191,eval:191:0:0,not_converged,not_converged,False,False,False,False,False,False,False,False,False,False,False,False,0.2011614180957011,0.180028948918455,,True,False,False,False,not_both_verified,False,False,False,not_both_verified,neither,neither,neither,neither,False,False,False
k8,tau800,construct,cooperative,192,eval:192,eval:192:0:0,verified,verified,True,False,False,False,False,False,False,False,False,False,False,False,0.051835805667156176,0.05224517036747356,0.0004093647003173828,False,False,False,False,no_threshold_or_NU_change,False,False,False,no_threshold_or_NU_change,neither,both,neither,both,False,False,False
k8,tau800,construct,cooperative,193,eval:193,eval:193:0:0,not_converged,verified,False,True,False,False,False,False,False,False,False,False,False,False,0.028921503503417156,0.01921452947387614,,True,False,False,False,verification_changed,False,False,False,verification_changed,neither,both,neither,gained,True,True,False
k8,tau800,construct,cooperative,194,eval:194,eval:194:0:0,not_converged,verified,False,True,False,False,False,False,False,False,False,False,False,False,0.051023606330566906,0.05111611273925831,,False,False,False,False,verification_changed,False,False,False,verification_changed,neither,both,neither,gained,False,False,False
k8,tau800,construct,cooperative,195,eval:195,eval:195:0:0,verified,verified,True,False,False,False,False,False,False,False,False,False,False,False,0.05833004636852479,0.05175064725963807,-0.006579399108886719,False,False,False,False,no_threshold_or_NU_change,False,False,False,no_threshold_or_NU_change,neither,both,neither,both,False,False,False
k8,tau800,construct,cooperative,196,eval:196,eval:196:0:0,verified,not_converged,False,True,False,False,False,False,False,False,False,False,False,False,0.11949569081949818,0.0346139082877599,,False,False,False,False,verification_changed,True,False,True,verification_changed,neither,gained,neither,neither,False,False,False
k8,tau800,construct,cooperative,197,eval:197,eval:197:0:0,not_converged,not_converged,False,False,False,False,False,False,False,False,False,False,False,False,0.10928102522827388,0.10853525191284419,,False,False,False,False,not_both_verified,False,False,False,not_both_verified,neither,neither,neither,neither,False,False,False
k8,tau800,construct,cooperative,198,eval:198,eval:198:0:0,not_converged,not_converged,False,False,False,False,False,False,False,False,False,False,False,False,-0.0020521262107759952,0.006246747690591192,,False,True,False,True,not_both_verified,False,False,False,not_both_verified,lost,both,neither,neither,False,False,False
k8,tau800,construct,cooperative,199,eval:199,eval:199:0:0,verified,not_converged,False,True,False,False,False,False,False,False,False,False,False,False,0.19470381433349626,0.1491925686059572,,False,False,False,False,verification_changed,False,False,False,verification_changed,neither,neither,neither,neither,False,False,False
k8,tau800,construct,cooperative,200,eval:200,eval:200:0:0,not_converged,not_converged,False,False,False,False,False,False,False,False,False,False,False,False,0.09766963504080639,0.10391572497610913,,False,False,False,False,not_both_verified,True,False,True,not_both_verified,neither,lost,neither,neither,False,False,False
k8,tau800,construct,cooperative,201,eval:201,eval:201:0:0,verified,verified,True,False,False,False,False,False,False,False,False,False,False,False,0.26065936585327165,0.2606340934838869,-2.5272369384765625e-05,False,False,False,False,no_threshold_or_NU_change,False,False,False,no_threshold_or_NU_change,neither,neither,neither,neither,False,False,False
k8,tau800,construct,cooperative,202,eval:202,eval:202:0:0,not_converged,not_converged,False,False,False,False,False,False,False,False,False,False,False,False,0.25541680934012145,0.2794250834184906,,False,False,False,False,not_both_verified,False,False,False,not_both_verified,neither,neither,neither,neither,False,False,False
k8,tau800,construct,cooperative,203,eval:203,eval:203:0:0,verified,verified,True,False,False,False,False,False,False,False,False,False,False,False,0.006001146047769801,0.006944806783853785,0.0009436607360839844,False,False,False,False,no_threshold_or_NU_change,False,False,False,no_threshold_or_NU_change,neither,both,neither,both,False,False,False
k8,tau800,construct,cooperative,204,eval:204,eval:204:0:0,not_converged,not_converged,False,False,False,False,False,False,False,False,False,False,False,False,0.028001461684571183,0.02801481312500087,,False,False,False,False,not_both_verified,False,False,False,not_both_verified,neither,neither,neither,neither,False,False,False
k8,tau800,construct,cooperative,205,eval:205,eval:205:0:0,not_converged,not_converged,False,False,False,False,False,False,False,False,False,False,False,False,0.033926378214600206,0.029790769541504503,,False,False,False,False,not_both_verified,False,False,False,not_both_verified,neither,both,neither,neither,False,False,False
k8,tau800,construct,cooperative,206,eval:206,eval:206:0:0,generation_failure,generation_failure,False,False,False,False,False,True,False,False,True,True,False,True,,,,,False,False,False,generation_or_parse_unavailable,False,False,False,generation_or_parse_unavailable,neither,neither,neither,neither,False,False,False
k8,tau800,construct,cooperative,207,eval:207,eval:207:0:0,verified,not_converged,False,True,False,False,False,False,False,False,False,False,False,False,-0.013312866076221397,-0.0323110121333503,,False,False,False,False,verification_changed,False,False,False,verification_changed,both,both,lost,lost,False,False,False
k8,tau800,construct,cooperative,208,eval:208,eval:208:0:0,not_converged,not_converged,False,False,False,False,False,False,False,False,False,False,False,False,0.13552132996041522,0.14102498444039568,,False,False,False,False,not_both_verified,False,False,False,not_both_verified,neither,neither,neither,neither,False,False,False
k8,tau800,construct,cooperative,209,eval:209,eval:209:0:0,verified,not_converged,False,True,False,False,False,False,False,False,False,False,False,False,0.24155263412255756,0.07218389022607319,,False,False,False,False,verification_changed,True,False,True,verification_changed,neither,gained,neither,neither,False,False,False
k8,tau800,construct,cooperative,210,eval:210,eval:210:0:0,not_converged,not_converged,False,False,False,False,False,False,False,False,False,False,False,False,0.09736640256567419,0.04674680036230505,,False,False,False,False,not_both_verified,False,False,False,not_both_verified,neither,both,neither,neither,False,False,False
k8,tau800,construct,cooperative,211,eval:211,eval:211:0:0,verified,not_converged,False,True,False,False,False,False,False,False,False,False,False,False,0.028732047621256918,0.028361068312174886,,False,False,False,False,verification_changed,False,False,False,verification_changed,neither,both,neither,lost,False,False,False
k8,tau800,construct,cooperative,212,eval:212,eval:212:0:0,not_converged,not_converged,False,False,False,False,False,False,False,False,False,False,False,False,0.05480368778238898,0.10603221103678351,,False,False,False,False,not_both_verified,True,False,True,not_both_verified,neither,lost,neither,neither,False,False,False
k8,tau800,construct,cooperative,213,eval:213,eval:213:0:0,verified,not_converged,False,True,False,False,False,False,False,False,False,False,False,False,0.014499242047119054,0.029852444866943273,,False,False,False,False,verification_changed,False,False,False,verification_changed,neither,both,neither,lost,False,False,False
k8,tau800,construct,cooperative,214,eval:214,eval:214:0:0,not_converged,verified,False,True,False,False,False,False,False,False,False,False,False,False,-0.005045361914062241,-0.05188507596435521,,False,False,False,False,verification_changed,False,False,False,verification_changed,both,both,gained,gained,False,False,False
k8,tau800,construct,cooperative,215,eval:215,eval:215:0:0,not_converged,not_converged,False,False,False,False,False,False,False,False,False,False,False,False,-0.011880781290283249,-0.011879589197387741,,False,False,False,False,not_both_verified,False,False,False,not_both_verified,both,both,neither,neither,False,False,False
k8,tau800,construct,cooperative,216,eval:216,eval:216:0:0,not_converged,not_converged,False,False,False,False,False,False,False,False,False,False,False,False,0.05163013617919887,0.07905828635620082,,False,False,False,False,not_both_verified,False,False,False,not_both_verified,neither,both,neither,neither,False,False,False
k8,tau800,construct,cooperative,217,eval:217,eval:217:0:0,not_converged,not_converged,False,False,False,False,False,False,False,False,False,False,False,False,0.007186606195555889,0.007246687677489483,,False,False,False,False,not_both_verified,False,False,False,not_both_verified,neither,both,neither,neither,False,False,False
k8,tau800,construct,cooperative,218,eval:218,eval:218:0:0,verified,verified,True,False,False,False,False,False,False,False,False,False,False,False,0.02962150231445282,0.029657741938476256,3.62396240234375e-05,False,False,False,False,no_threshold_or_NU_change,False,False,False,no_threshold_or_NU_change,neither,both,neither,both,False,False,False
k8,tau800,construct,cooperative,219,eval:219,eval:219:0:0,not_converged,not_converged,False,False,False,False,False,False,False,False,False,False,False,False,0.7326362277441412,0.7676575328283697,,False,False,False,False,not_both_verified,False,False,False,not_both_verified,neither,neither,neither,neither,False,False,False
k8,tau800,construct,cooperative,220,eval:220,eval:220:0:0,verified,not_converged,False,True,False,False,False,False,False,False,False,False,False,False,0.015019097764892742,0.015327611406250163,,False,False,False,False,verification_changed,False,False,False,verification_changed,neither,neither,neither,neither,False,False,False
k8,tau800,construct,cooperative,221,eval:221,eval:221:0:0,not_converged,not_converged,False,False,False,False,False,False,False,False,False,False,False,False,0.007079572665723788,0.007702798831495272,,False,False,False,False,not_both_verified,False,False,False,not_both_verified,neither,both,neither,neither,False,False,False
k8,tau800,construct,cooperative,222,eval:222,eval:222:0:0,verified,not_converged,False,True,False,False,False,False,False,False,False,False,False,False,0.18527978260498124,0.18235677082519608,,False,False,False,False,verification_changed,False,False,False,verification_changed,neither,neither,neither,neither,False,False,False
k8,tau800,construct,cooperative,223,eval:223,eval:223:0:0,not_converged,not_converged,False,False,False,False,False,False,False,False,False,False,False,False,0.0423796560241696,0.04232529658813444,,False,False,False,False,not_both_verified,False,False,False,not_both_verified,neither,both,neither,neither,False,False,False
k8,tau800,construct,cooperative,224,eval:224,eval:224:0:0,not_converged,not_converged,False,False,False,False,False,False,False,False,False,False,False,False,0.022028078863525202,0.006160845587158015,,False,False,False,False,not_both_verified,False,False,False,not_both_verified,neither,both,neither,neither,False,False,False
k8,tau800,construct,cooperative,225,eval:225,eval:225:0:0,not_converged,not_converged,False,False,True,True,False,False,False,False,False,False,False,False,0.008079225088907904,0.06660073425944013,,False,False,False,False,not_both_verified,False,False,False,not_both_verified,neither,gained,neither,neither,False,False,False
k8,tau800,construct,cooperative,226,eval:226,eval:226:0:0,not_converged,verified,False,True,False,False,False,False,False,False,False,False,False,False,0.20057632448671647,0.20037652971742936,,False,False,False,False,verification_changed,False,False,False,verification_changed,neither,neither,neither,neither,False,False,False
k8,tau800,construct,cooperative,227,eval:227,eval:227:0:0,not_converged,verified,False,True,False,False,False,False,False,False,False,False,False,False,0.05292068736108657,0.06558595912011977,,False,False,False,False,verification_changed,False,False,False,verification_changed,neither,both,neither,gained,False,False,False
k8,tau800,construct,cooperative,228,eval:228,eval:228:0:0,verified,not_converged,False,True,False,False,False,False,False,False,False,False,False,False,0.022549680310058662,0.022664955693054267,,False,False,False,False,verification_changed,False,False,False,verification_changed,neither,neither,neither,neither,False,False,False
k8,tau800,construct,cooperative,229,eval:229,eval:229:0:0,not_converged,verified,False,True,False,False,False,False,False,False,False,False,False,False,0.11697902202662736,0.1342872571950844,,False,False,False,False,verification_changed,False,False,False,verification_changed,neither,neither,neither,neither,False,False,False
k8,tau800,construct,cooperative,230,eval:230,eval:230:0:0,not_converged,verified,False,True,False,False,False,False,False,False,False,False,False,False,0.12200395806152375,0.34444348557312043,,False,False,False,False,verification_changed,False,False,False,verification_changed,neither,neither,neither,neither,False,False,False
k8,tau800,construct,cooperative,231,eval:231,eval:231:0:0,not_converged,not_converged,False,False,False,False,False,False,False,False,False,False,False,False,0.2207866277575672,0.20571857355834844,,False,False,False,False,not_both_verified,False,False,False,not_both_verified,neither,neither,neither,neither,False,False,False
k8,tau800,construct,cooperative,232,eval:232,eval:232:0:0,verified,not_converged,False,True,False,False,False,False,False,False,False,False,False,False,0.09711679728800426,0.06444010051066051,,False,False,False,False,verification_changed,False,False,False,verification_changed,neither,both,neither,lost,False,False,False
k8,tau800,construct,cooperative,233,eval:233,eval:233:0:0,verified,verified,True,False,False,False,False,False,False,False,False,False,False,False,0.02666536108154549,0.02666965261596932,4.291534423828125e-06,False,False,False,False,no_threshold_or_NU_change,False,False,False,no_threshold_or_NU_change,neither,both,neither,both,False,False,False
k8,tau800,construct,cooperative,234,eval:234,eval:234:0:0,not_converged,not_converged,False,False,False,False,False,False,False,False,False,False,False,False,0.03249575970947305,0.03178336499511758,,False,False,False,False,not_both_verified,False,False,False,not_both_verified,neither,both,neither,neither,False,False,False
k8,tau800,construct,cooperative,235,eval:235,eval:235:0:0,not_converged,not_converged,False,False,False,False,False,False,False,False,False,False,False,False,0.02441191754394545,0.024354697084961074,,False,False,False,False,not_both_verified,False,False,False,not_both_verified,neither,both,neither,neither,False,False,False
k8,tau800,construct,cooperative,236,eval:236,eval:236:0:0,verified,verified,True,False,False,False,False,False,False,False,False,False,False,False,0.005937395460069439,0.00628548658555772,0.00034809112548828125,False,False,False,False,no_threshold_or_NU_change,False,False,False,no_threshold_or_NU_change,neither,both,neither,both,False,False,False
k8,tau800,construct,cooperative,237,eval:237,eval:237:0:0,not_converged,not_converged,False,False,False,False,False,False,False,False,False,False,False,False,0.2306866288264935,0.1609234452327435,,False,False,False,False,not_both_verified,False,False,False,not_both_verified,neither,neither,neither,neither,False,False,False
k8,tau800,construct,cooperative,238,eval:238,eval:238:0:0,not_converged,not_converged,False,False,False,False,False,False,False,False,False,False,False,False,0.0008964043879533534,0.0009977322840715175,,False,False,False,False,not_both_verified,False,False,False,not_both_verified,neither,neither,neither,neither,False,False,False
k8,tau800,construct,cooperative,239,eval:239,eval:239:0:0,not_converged,not_converged,False,False,False,False,False,False,False,False,False,False,False,False,0.02273794896158865,0.08085295445475271,,False,False,False,False,not_both_verified,False,False,False,not_both_verified,neither,both,neither,neither,False,False,False
k8,tau800,construct,cooperative,240,eval:240,eval:240:0:0,not_converged,not_converged,False,False,False,False,False,False,False,False,False,False,False,False,0.14028538574639704,0.14028157104913141,,False,False,False,False,not_both_verified,False,False,False,not_both_verified,neither,neither,neither,neither,False,False,False
k8,tau800,construct,cooperative,241,eval:241,eval:241:0:0,not_converged,verified,False,True,False,False,False,False,False,False,False,False,False,False,0.011446215371638147,0.010640837411433068,,False,False,False,False,verification_changed,False,False,False,verification_changed,neither,neither,neither,neither,False,False,False
k8,tau800,construct,cooperative,242,eval:242,eval:242:0:0,verified,verified,True,False,False,False,False,False,False,False,False,False,False,False,0.05419933890429718,0.054250837317383116,5.14984130859375e-05,False,False,False,False,no_threshold_or_NU_change,False,False,False,no_threshold_or_NU_change,neither,both,neither,both,False,False,False
k8,tau800,construct,cooperative,243,eval:243,eval:243:0:0,not_converged,not_converged,False,False,False,False,False,False,False,False,False,False,False,False,0.16880409525609252,0.1865615110275769,,False,False,False,False,not_both_verified,False,False,False,not_both_verified,neither,neither,neither,neither,False,False,False
k8,tau800,construct,cooperative,244,eval:244,eval:244:0:0,not_converged,verified,False,True,False,False,False,False,False,False,False,False,False,False,0.11809959512220747,0.06400623422132856,,False,False,False,False,verification_changed,True,False,True,verification_changed,neither,gained,neither,gained,False,False,False
k8,tau800,construct,cooperative,245,eval:245,eval:245:0:0,verified,verified,False,False,False,False,False,False,False,True,True,False,False,True,,,,False,False,False,False,unknown_hull,False,False,False,unknown_hull,neither,neither,neither,neither,False,False,False
k8,tau800,construct,cooperative,246,eval:246,eval:246:0:0,not_converged,not_converged,False,False,False,False,False,False,False,False,False,False,False,False,0.1200884377114626,0.0010517632119508846,,False,False,False,False,not_both_verified,True,False,True,not_both_verified,neither,gained,neither,neither,False,False,False
k8,tau800,construct,cooperative,247,eval:247,eval:247:0:0,not_converged,not_converged,False,False,False,False,False,False,False,False,False,False,False,False,0.13008464985188883,0.14440073185262126,,False,False,False,False,not_both_verified,False,False,False,not_both_verified,neither,neither,neither,neither,False,False,False
k8,tau800,construct,cooperative,248,eval:248,eval:248:0:0,not_converged,not_converged,False,False,False,False,False,False,False,False,False,False,False,False,0.0978572023519435,0.09792968159999038,,True,False,False,False,not_both_verified,False,False,False,not_both_verified,neither,both,neither,neither,False,False,False
k8,tau800,construct,cooperative,249,eval:249,eval:249:0:0,not_converged,not_converged,False,False,False,False,False,False,False,False,False,False,False,False,0.6453363744006317,0.859007104991452,,False,False,False,False,not_both_verified,False,False,False,not_both_verified,neither,neither,neither,neither,False,False,False
k8,tau800,construct,cooperative,250,eval:250,eval:250:0:0,verified,verified,True,False,False,False,False,False,False,False,False,False,False,False,-0.07189177687072767,-0.07238101179504408,-0.0004892349243164062,False,False,False,False,no_threshold_or_NU_change,False,False,False,no_threshold_or_NU_change,both,both,both,both,False,False,False
k8,tau800,construct,cooperative,251,eval:251,eval:251:0:0,verified,not_converged,False,True,False,False,False,False,False,False,False,False,False,False,0.2538417208076975,0.25400146125569556,,False,False,False,False,verification_changed,False,False,False,verification_changed,neither,neither,neither,neither,False,False,False
k8,tau800,construct,cooperative,252,eval:252,eval:252:0:0,not_converged,not_converged,False,False,False,False,False,False,False,False,False,False,False,False,0.04701056534068293,0.046994352877304024,,False,False,False,False,not_both_verified,False,False,False,not_both_verified,neither,both,neither,neither,False,False,False
k8,tau800,construct,cooperative,253,eval:253,eval:253:0:0,not_converged,not_converged,False,False,False,False,False,False,False,True,True,False,False,True,,,,False,False,False,False,unknown_hull,False,False,False,unknown_hull,neither,neither,neither,neither,False,False,False
k8,tau800,construct,cooperative,254,eval:254,eval:254:0:0,not_converged,not_converged,False,False,False,False,False,False,False,False,False,False,False,False,0.038304381373569285,0.036407523158237254,,False,False,False,False,not_both_verified,False,False,False,not_both_verified,neither,both,neither,neither,False,False,False
k8,tau800,construct,cooperative,255,eval:255,eval:255:0:0,verified,verified,True,False,False,False,False,False,False,False,False,False,False,False,-0.002728685630126293,-0.005912527335448559,-0.0031838417053222656,False,False,False,False,no_threshold_or_NU_change,False,False,False,no_threshold_or_NU_change,both,both,both,both,False,False,False
k8,tau800,cooperative,closure,0,eval:0,eval:0:0:0,generation_failure,generation_failure,False,False,False,False,False,True,False,False,True,True,False,True,,,,,False,False,False,generation_or_parse_unavailable,False,False,False,generation_or_parse_unavailable,neither,neither,neither,neither,False,False,False
k8,tau800,cooperative,closure,1,eval:1,eval:1:0:0,verified,verified,True,False,False,False,False,False,False,False,False,False,False,False,0.2686700237622066,0.2686700237622066,0.0,True,False,False,False,no_threshold_or_NU_change,False,False,False,no_threshold_or_NU_change,neither,neither,neither,neither,False,False,False
k8,tau800,cooperative,closure,2,eval:2,eval:2:0:0,not_converged,not_converged,False,False,False,False,False,False,False,False,False,False,False,False,0.23104269807913713,0.22950156038382463,,False,False,False,False,not_both_verified,False,False,False,not_both_verified,neither,neither,neither,neither,False,False,False
k8,tau800,cooperative,closure,3,eval:3,eval:3:0:0,verified,not_converged,False,True,False,False,False,False,False,False,False,False,False,False,0.23517262193454336,0.06943451616061758,,False,False,False,False,verification_changed,True,False,True,verification_changed,neither,gained,neither,neither,False,False,False
k8,tau800,cooperative,closure,4,eval:4,eval:4:0:0,verified,verified,True,False,False,False,False,False,False,False,False,False,False,False,0.05813632505981481,0.06704268950073278,0.008906364440917969,False,False,False,False,no_threshold_or_NU_change,False,False,False,no_threshold_or_NU_change,neither,both,neither,both,False,False,False
k8,tau800,cooperative,closure,5,eval:5,eval:5:0:0,verified,not_converged,False,True,False,False,False,False,False,False,False,False,False,False,0.35831871546751604,0.259439378156725,,False,False,False,False,verification_changed,False,False,False,verification_changed,neither,neither,neither,neither,False,False,False
k8,tau800,cooperative,closure,6,eval:6,eval:6:0:0,verified,not_converged,False,True,False,False,False,False,False,False,False,False,False,False,-0.01834235531711137,-0.01807532650851762,,False,False,False,False,verification_changed,False,False,False,verification_changed,neither,neither,neither,neither,False,False,False
k8,tau800,cooperative,closure,7,eval:7,eval:7:0:0,not_converged,not_converged,False,False,True,True,False,False,False,False,False,False,False,False,0.018192700314930477,0.022374562192371883,,False,False,False,False,not_both_verified,False,False,False,not_both_verified,neither,gained,neither,neither,False,False,False
k8,tau800,cooperative,closure,8,eval:8,eval:8:0:0,not_converged,not_converged,False,False,False,False,False,False,False,False,False,False,False,False,0.027424273219400774,0.008060869899088274,,False,False,False,False,not_both_verified,False,False,False,not_both_verified,neither,both,neither,neither,False,False,False
k8,tau800,cooperative,closure,9,eval:9,eval:9:0:0,verified,not_converged,False,True,False,False,False,False,False,False,False,False,False,False,0.08377969145014852,0.09880292295649618,,False,False,False,False,verification_changed,False,False,False,verification_changed,neither,both,neither,lost,False,False,False
k8,tau800,cooperative,closure,10,eval:10,eval:10:0:0,not_converged,not_converged,False,False,False,False,False,False,False,False,False,False,False,False,0.09301511044243682,0.09301511044243682,,False,False,False,False,not_both_verified,False,False,False,not_both_verified,neither,both,neither,neither,False,False,False
k8,tau800,cooperative,closure,11,eval:11,eval:11:0:0,not_converged,not_converged,False,False,False,False,False,False,False,False,False,False,False,False,0.5288139956059572,0.32479587960864276,,False,False,False,False,not_both_verified,False,False,False,not_both_verified,neither,neither,neither,neither,False,False,False
k8,tau800,cooperative,closure,12,eval:12,eval:12:0:0,verified,verified,True,False,False,False,False,False,False,False,False,False,False,False,-0.008190122580566062,-0.008190122580566062,0.0,True,False,False,False,no_threshold_or_NU_change,False,False,False,no_threshold_or_NU_change,neither,neither,neither,neither,False,False,False
k8,tau800,cooperative,closure,13,eval:13,eval:13:0:0,not_converged,not_converged,False,False,False,False,False,False,False,False,False,False,False,False,0.028460066444091936,0.028459828025512834,,False,False,False,False,not_both_verified,False,False,False,not_both_verified,neither,both,neither,neither,False,False,False
k8,tau800,cooperative,closure,14,eval:14,eval:14:0:0,not_converged,verified,False,True,False,False,False,False,False,False,False,False,False,False,0.07177826421346101,0.07502552526082429,,False,False,False,False,verification_changed,False,False,False,verification_changed,neither,both,neither,gained,False,False,False
k8,tau800,cooperative,closure,15,eval:15,eval:15:0:0,not_converged,not_converged,False,False,False,False,False,False,False,False,False,False,False,False,0.18280868290663044,0.2420685744166402,,False,False,False,False,not_both_verified,False,False,False,not_both_verified,neither,neither,neither,neither,False,False,False
k8,tau800,cooperative,closure,16,eval:16,eval:16:0:0,verified,verified,False,False,False,False,False,False,False,True,True,False,False,True,,,,False,False,False,False,unknown_hull,False,False,False,unknown_hull,neither,neither,neither,neither,False,False,False
k8,tau800,cooperative,closure,17,eval:17,eval:17:0:0,not_converged,not_converged,False,False,True,True,False,False,False,False,False,False,False,False,0.02940205858479583,0.02754334734212005,,False,False,False,False,not_both_verified,False,False,False,not_both_verified,neither,lost,neither,neither,False,False,False
k8,tau800,cooperative,closure,18,eval:18,eval:18:0:0,not_converged,not_converged,False,False,False,False,False,False,False,False,False,False,False,False,0.11859647315673882,0.11863748115234429,,False,False,False,False,not_both_verified,False,False,False,not_both_verified,neither,neither,neither,neither,False,False,False
k8,tau800,cooperative,closure,19,eval:19,eval:19:0:0,verified,not_converged,False,True,False,False,False,False,False,False,False,False,False,False,0.06277382809690923,0.10776913601927252,,False,False,False,False,verification_changed,True,False,True,verification_changed,neither,lost,neither,lost,False,False,False
k8,tau800,cooperative,closure,20,eval:20,eval:20:0:0,not_converged,not_converged,False,False,False,False,False,False,False,False,False,False,False,False,0.055819913545652966,0.055715963045164685,,False,False,False,False,not_both_verified,False,False,False,not_both_verified,neither,both,neither,neither,False,False,False
k8,tau800,cooperative,closure,21,eval:21,eval:21:0:0,verified,verified,True,False,False,False,False,False,False,False,False,False,False,False,0.035407712227783605,0.0354072353906254,-4.76837158203125e-07,False,False,False,False,no_threshold_or_NU_change,False,False,False,no_threshold_or_NU_change,neither,neither,neither,neither,False,False,False
k8,tau800,cooperative,closure,22,eval:22,eval:22:0:0,not_converged,not_converged,False,False,False,False,False,False,False,False,False,False,False,False,0.4708887477722161,0.47104419668579034,,False,False,False,False,not_both_verified,False,False,False,not_both_verified,neither,neither,neither,neither,False,False,False
k8,tau800,cooperative,closure,23,eval:23,eval:23:0:0,not_converged,not_converged,False,False,False,False,False,False,False,False,False,False,False,False,0.33536910999951175,0.2812862395161133,,False,False,False,False,not_both_verified,False,False,False,not_both_verified,neither,neither,neither,neither,False,False,False
k8,tau800,cooperative,closure,24,eval:24,eval:24:0:0,not_converged,not_converged,False,False,False,False,False,False,False,False,False,False,False,False,0.25071728333774956,0.1758500348025933,,False,False,False,False,not_both_verified,False,False,False,not_both_verified,neither,neither,neither,neither,False,False,False
k8,tau800,cooperative,closure,25,eval:25,eval:25:0:0,verified,verified,True,False,False,False,False,False,False,False,False,False,False,False,0.06018777812067988,0.08451648676936152,0.02432870864868164,False,False,False,False,no_threshold_or_NU_change,False,False,False,no_threshold_or_NU_change,neither,both,neither,both,False,False,False
k8,tau800,cooperative,closure,26,eval:26,eval:26:0:0,not_converged,not_converged,False,False,False,False,False,False,False,False,False,False,False,False,0.01866005009326166,0.018673401533691347,,False,False,False,False,not_both_verified,False,False,False,not_both_verified,neither,neither,neither,neither,False,False,False
k8,tau800,cooperative,closure,27,eval:27,eval:27:0:0,verified,verified,True,False,False,False,False,False,False,False,False,False,False,False,0.004631174039364527,0.03217519564580984,0.027544021606445312,False,False,False,False,no_threshold_or_NU_change,False,False,False,no_threshold_or_NU_change,neither,both,neither,both,False,False,False
k8,tau800,cooperative,closure,28,eval:28,eval:28:0:0,not_converged,not_converged,False,False,False,False,False,False,False,False,False,False,False,False,0.021505143306960406,0.021490838192214312,,False,False,False,False,not_both_verified,False,False,False,not_both_verified,neither,both,neither,neither,False,False,False
k8,tau800,cooperative,closure,29,eval:29,eval:29:0:0,verified,not_converged,False,True,False,False,False,False,False,False,False,False,False,False,0.032961802370779836,0.03938384521745952,,False,False,False,False,verification_changed,False,False,False,verification_changed,neither,both,neither,lost,False,False,False
k8,tau800,cooperative,closure,30,eval:30,eval:30:0:0,verified,not_converged,False,True,False,False,False,False,False,False,False,False,False,False,0.19312841302056238,0.156356161891412,,False,False,False,False,verification_changed,False,False,False,verification_changed,neither,neither,neither,neither,False,False,False
k8,tau800,cooperative,closure,31,eval:31,eval:31:0:0,not_converged,not_converged,False,False,False,False,False,False,False,False,False,False,False,False,0.3488412518660482,0.3488417287032064,,True,False,False,False,not_both_verified,False,False,False,not_both_verified,neither,neither,neither,neither,False,False,False
k8,tau800,cooperative,closure,32,eval:32,eval:32:0:0,not_converged,not_converged,False,False,False,False,False,False,False,False,False,False,False,False,0.23658173391031845,0.12537901708292587,,False,False,False,False,not_both_verified,False,False,False,not_both_verified,neither,neither,neither,neither,False,False,False
k8,tau800,cooperative,closure,33,eval:33,eval:33:0:0,verified,verified,True,False,False,False,False,False,False,False,False,False,False,False,0.0969442704972332,0.0969445089158123,2.384185791015625e-07,False,False,False,False,no_threshold_or_NU_change,False,False,False,no_threshold_or_NU_change,neither,both,neither,both,False,False,False
k8,tau800,cooperative,closure,34,eval:34,eval:34:0:0,not_converged,not_converged,False,False,False,False,False,False,False,False,False,False,False,False,0.08400667340148926,0.08374894291748047,,False,False,False,False,not_both_verified,False,False,False,not_both_verified,neither,both,neither,neither,False,False,False
k8,tau800,cooperative,closure,35,eval:35,eval:35:0:0,verified,verified,True,False,False,False,False,False,False,False,False,False,False,False,-0.0031195412531817013,-0.0030966530695879513,2.288818359375e-05,False,False,False,False,no_threshold_or_NU_change,False,False,False,no_threshold_or_NU_change,both,both,both,both,False,False,False
k8,tau800,cooperative,closure,36,eval:36,eval:36:0:0,not_converged,not_converged,False,False,False,False,False,False,False,False,False,False,False,False,0.009827822811672604,0.010966509945461667,,False,False,False,False,not_both_verified,False,False,False,not_both_verified,neither,neither,neither,neither,False,False,False
k8,tau800,cooperative,closure,37,eval:37,eval:37:0:0,not_converged,not_converged,False,False,False,False,False,False,False,False,False,False,False,False,0.2592548519743545,0.2611602932585342,,False,False,False,False,not_both_verified,False,False,False,not_both_verified,neither,neither,neither,neither,False,False,False
k8,tau800,cooperative,closure,38,eval:38,eval:38:0:0,not_converged,not_converged,False,False,False,False,False,False,False,False,False,False,False,False,-0.007354023862774284,-0.007333043027813346,,False,False,False,False,not_both_verified,False,False,False,not_both_verified,both,both,neither,neither,False,False,False
k8,tau800,cooperative,closure,39,eval:39,eval:39:0:0,verified,verified,True,False,False,False,False,False,False,False,False,False,False,False,0.1479105139732262,0.1379646445274254,-0.009945869445800781,False,False,False,False,no_threshold_or_NU_change,False,False,False,no_threshold_or_NU_change,neither,neither,neither,neither,False,False,False
k8,tau800,cooperative,closure,40,eval:40,eval:40:0:0,not_converged,not_converged,False,False,False,False,False,False,False,False,False,False,False,False,0.05122235682885723,0.05121949580590801,,False,False,False,False,not_both_verified,False,False,False,not_both_verified,neither,neither,neither,neither,False,False,False
k8,tau800,cooperative,closure,41,eval:41,eval:41:0:0,verified,verified,True,False,False,False,False,False,False,False,False,False,False,False,0.07826207682027242,0.10198424860371968,0.023722171783447266,False,False,False,False,no_threshold_or_NU_change,True,True,False,verified_threshold_only,neither,lost,neither,lost,False,False,False
k8,tau800,cooperative,closure,42,eval:42,eval:42:0:0,not_converged,not_converged,False,False,False,False,False,False,False,False,False,False,False,False,0.320922803137071,0.31003518030381905,,False,False,False,False,not_both_verified,False,False,False,not_both_verified,neither,neither,neither,neither,False,False,False
k8,tau800,cooperative,closure,43,eval:43,eval:43:0:0,not_converged,not_converged,False,False,False,False,False,False,False,False,False,False,False,False,0.052709381325684035,0.09190921042724653,,False,False,False,False,not_both_verified,False,False,False,not_both_verified,neither,both,neither,neither,False,False,False
k8,tau800,cooperative,closure,44,eval:44,eval:44:0:0,not_converged,not_converged,False,False,False,False,False,False,False,False,False,False,False,False,0.2935645783227532,0.2505371773522942,,False,False,False,False,not_both_verified,False,False,False,not_both_verified,neither,neither,neither,neither,False,False,False
k8,tau800,cooperative,closure,45,eval:45,eval:45:0:0,verified,not_converged,False,True,False,False,False,False,False,False,False,False,False,False,0.27431638717692053,0.14684923172037756,,False,False,False,False,verification_changed,False,False,False,verification_changed,neither,neither,neither,neither,False,False,False
k8,tau800,cooperative,closure,46,eval:46,eval:46:0:0,verified,not_converged,False,True,False,False,False,False,False,False,False,False,False,False,-0.004540733084716919,-0.0044620549536134035,,False,False,False,False,verification_changed,False,False,False,verification_changed,both,both,lost,lost,False,False,False
k8,tau800,cooperative,closure,47,eval:47,eval:47:0:0,not_converged,not_converged,False,False,False,False,False,False,False,False,False,False,False,False,0.1749650268235241,0.17513430401468622,,False,False,False,False,not_both_verified,False,False,False,not_both_verified,neither,neither,neither,neither,False,False,False
k8,tau800,cooperative,closure,48,eval:48,eval:48:0:0,not_converged,not_converged,False,False,False,False,False,False,False,False,False,False,False,False,0.25118954367693114,0.10264523215349364,,False,False,False,False,not_both_verified,False,False,False,not_both_verified,neither,neither,neither,neither,False,False,False
k8,tau800,cooperative,closure,49,eval:49,eval:49:0:0,not_converged,verified,False,True,False,False,False,False,False,False,False,False,False,False,0.7030591698568678,0.5764932366293287,,False,False,False,False,verification_changed,False,False,False,verification_changed,neither,neither,neither,neither,False,False,False
k8,tau800,cooperative,closure,50,eval:50,eval:50:0:0,not_converged,not_converged,False,False,False,False,False,False,False,False,False,False,False,False,0.5620736864786791,1.214525201676433,,False,False,False,False,not_both_verified,False,False,False,not_both_verified,neither,neither,neither,neither,False,False,False
k8,tau800,cooperative,closure,51,eval:51,eval:51:0:0,not_converged,not_converged,False,False,False,False,False,False,False,False,False,False,False,False,0.06542629762719976,0.0654782728774439,,False,False,False,False,not_both_verified,False,False,False,not_both_verified,neither,both,neither,neither,False,False,False
k8,tau800,cooperative,closure,52,eval:52,eval:52:0:0,not_converged,verified,False,True,False,False,False,False,False,False,False,False,False,False,0.36150666457529645,0.1516906855713902,,False,False,False,False,verification_changed,False,False,False,verification_changed,neither,neither,neither,neither,False,False,False
k8,tau800,cooperative,closure,53,eval:53,eval:53:0:0,verified,not_converged,False,True,False,False,False,False,False,False,False,False,False,False,0.0840666526049807,0.07394101555053734,,False,False,False,False,verification_changed,False,False,False,verification_changed,neither,both,neither,lost,False,False,False
k8,tau800,cooperative,closure,54,eval:54,eval:54:0:0,verified,verified,True,False,False,False,False,False,False,False,False,False,False,False,0.05557648258092662,0.05831781940343639,0.0027413368225097656,False,False,False,False,no_threshold_or_NU_change,False,False,False,no_threshold_or_NU_change,neither,both,neither,both,False,False,False
k8,tau800,cooperative,closure,55,eval:55,eval:55:0:0,verified,not_converged,False,True,False,False,False,False,False,False,False,False,False,False,0.00013771774658177804,0.03400460007080053,,False,False,False,False,verification_changed,False,False,False,verification_changed,neither,both,neither,lost,False,False,False
k8,tau800,cooperative,closure,56,eval:56,eval:56:0:0,not_converged,not_converged,False,False,False,False,False,False,False,False,False,False,False,False,0.22857946426844933,0.20221990616298058,,False,False,False,False,not_both_verified,False,False,False,not_both_verified,neither,neither,neither,neither,False,False,False
k8,tau800,cooperative,closure,57,eval:57,eval:57:0:0,not_converged,verified,False,True,False,False,False,False,False,False,False,False,False,False,0.09225284855289839,0.04347526829166792,,False,False,False,False,verification_changed,False,False,False,verification_changed,neither,both,neither,gained,False,False,False
k8,tau800,cooperative,closure,58,eval:58,eval:58:0:0,verified,verified,True,False,False,False,False,False,False,False,False,False,False,False,0.0775562630330402,0.07715333563435856,-0.0004029273986816406,False,False,False,False,no_threshold_or_NU_change,False,False,False,no_threshold_or_NU_change,neither,both,neither,both,False,False,False
k8,tau800,cooperative,closure,59,eval:59,eval:59:0:0,not_converged,not_converged,False,False,False,False,False,False,False,False,False,False,False,False,0.13114081808686517,0.0976365704214599,,False,False,False,False,not_both_verified,True,False,True,not_both_verified,neither,gained,neither,neither,False,False,False
k8,tau800,cooperative,closure,60,eval:60,eval:60:0:0,verified,verified,True,False,False,False,False,False,False,False,False,False,False,False,0.28644414990234335,0.24199148266601522,-0.044452667236328125,False,False,False,False,no_threshold_or_NU_change,False,False,False,no_threshold_or_NU_change,neither,neither,neither,neither,False,False,False
k8,tau800,cooperative,closure,61,eval:61,eval:61:0:0,not_converged,not_converged,False,False,False,False,False,False,False,False,False,False,False,False,0.1132145425821971,0.14366440983073225,,False,False,False,False,not_both_verified,False,False,False,not_both_verified,neither,neither,neither,neither,False,False,False
k8,tau800,cooperative,closure,62,eval:62,eval:62:0:0,verified,verified,True,False,False,False,False,False,False,False,False,False,False,False,0.10016668318289668,0.0430258560039416,-0.05714082717895508,False,False,False,False,no_threshold_or_NU_change,True,True,False,verified_threshold_only,neither,gained,neither,gained,False,False,False
k8,tau800,cooperative,closure,63,eval:63,eval:63:0:0,verified,not_converged,False,True,False,False,False,False,False,False,False,False,False,False,0.11179218536810964,0.11699042564826101,,False,False,False,False,verification_changed,False,False,False,verification_changed,neither,neither,neither,neither,False,False,False
k8,tau800,cooperative,closure,64,eval:64,eval:64:0:0,not_converged,not_converged,False,False,False,False,False,False,False,False,False,False,False,False,0.15830881915283257,0.15910179934692437,,False,False,False,False,not_both_verified,False,False,False,not_both_verified,neither,neither,neither,neither,False,False,False
k8,tau800,cooperative,closure,65,eval:65,eval:65:0:0,verified,not_converged,False,True,True,True,False,False,False,False,False,False,False,False,0.049889950464861776,0.049528031061785605,,False,False,False,False,verification_changed,False,False,False,verification_changed,neither,lost,neither,lost,False,False,False
k8,tau800,cooperative,closure,66,eval:66,eval:66:0:0,verified,verified,True,False,False,False,False,False,False,False,False,False,False,False,-0.026352299201254148,-0.026346100318197507,6.198883056640625e-06,False,False,False,False,no_threshold_or_NU_change,False,False,False,no_threshold_or_NU_change,both,both,both,both,False,False,False
k8,tau800,cooperative,closure,67,eval:67,eval:67:0:0,not_converged,not_converged,False,False,False,False,False,False,False,False,False,False,False,False,0.08997596637878402,0.09387720958862289,,False,False,False,False,not_both_verified,False,False,False,not_both_verified,neither,both,neither,neither,False,False,False
k8,tau800,cooperative,closure,68,eval:68,eval:68:0:0,verified,verified,True,False,False,False,False,False,False,False,False,False,False,False,0.029804434753553544,-0.004113707565172042,-0.033918142318725586,False,True,True,False,verified_threshold_only,False,False,False,no_threshold_or_NU_change,gained,both,gained,both,False,False,False
k8,tau800,cooperative,closure,69,eval:69,eval:69:0:0,generation_failure,generation_failure,False,False,False,False,False,True,False,False,True,True,False,True,,,,,False,False,False,generation_or_parse_unavailable,False,False,False,generation_or_parse_unavailable,neither,neither,neither,neither,False,False,False
k8,tau800,cooperative,closure,70,eval:70,eval:70:0:0,not_converged,not_converged,False,False,False,False,False,False,False,False,False,False,False,False,0.1404480799121095,0.1404478414935304,,True,False,False,False,not_both_verified,False,False,False,not_both_verified,neither,neither,neither,neither,False,False,False
k8,tau800,cooperative,closure,71,eval:71,eval:71:0:0,verified,verified,True,False,False,False,False,False,False,False,False,False,False,False,0.03218712411336222,0.03218712411336222,0.0,False,False,False,False,no_threshold_or_NU_change,False,False,False,no_threshold_or_NU_change,neither,neither,neither,neither,False,False,False
k8,tau800,cooperative,closure,72,eval:72,eval:72:0:0,not_converged,not_converged,False,False,False,False,False,False,False,False,False,False,False,False,0.016979912615966875,0.01749632725830086,,False,False,False,False,not_both_verified,False,False,False,not_both_verified,neither,neither,neither,neither,False,False,False
k8,tau800,cooperative,closure,73,eval:73,eval:73:0:0,not_converged,not_converged,False,False,False,False,False,False,False,False,False,False,False,False,0.24380421125684215,0.26713585340772106,,False,False,False,False,not_both_verified,False,False,False,not_both_verified,neither,neither,neither,neither,False,False,False
k8,tau800,cooperative,closure,74,eval:74,eval:74:0:0,verified,verified,True,False,False,False,False,False,False,False,False,False,False,False,0.10225382857299792,0.10217753462768542,-7.62939453125e-05,False,False,False,False,no_threshold_or_NU_change,False,False,False,no_threshold_or_NU_change,neither,neither,neither,neither,False,False,False
k8,tau800,cooperative,closure,75,eval:75,eval:75:0:0,not_converged,not_converged,False,False,False,False,False,False,False,False,False,False,False,False,0.07461142875830085,0.07461190559545905,,False,False,False,False,not_both_verified,False,False,False,not_both_verified,neither,neither,neither,neither,False,False,False
k8,tau800,cooperative,closure,76,eval:76,eval:76:0:0,not_converged,not_converged,False,False,False,False,False,False,False,False,False,False,False,False,0.4084561981583672,0.35468899387369923,,False,False,False,False,not_both_verified,False,False,False,not_both_verified,neither,neither,neither,neither,False,False,False
k8,tau800,cooperative,closure,77,eval:77,eval:77:0:0,not_converged,not_converged,False,False,False,False,False,False,False,False,False,False,False,False,0.04452291195231073,0.04451575939493768,,False,False,False,False,not_both_verified,False,False,False,not_both_verified,neither,neither,neither,neither,False,False,False
k8,tau800,cooperative,closure,78,eval:78,eval:78:0:0,not_converged,verified,False,True,False,False,False,False,False,False,False,False,False,False,0.6328514336199671,0.43899900899838507,,False,False,False,False,verification_changed,False,False,False,verification_changed,neither,neither,neither,neither,False,False,False
k8,tau800,cooperative,closure,79,eval:79,eval:79:0:0,not_converged,not_converged,False,False,False,False,False,False,False,False,False,False,False,False,0.08106373421777313,0.08131598107446258,,False,False,False,False,not_both_verified,False,False,False,not_both_verified,neither,both,neither,neither,False,False,False
k8,tau800,cooperative,closure,80,eval:80,eval:80:0:0,verified,verified,True,False,False,False,False,False,False,False,False,False,False,False,0.031134187322997775,0.031134187322997775,0.0,False,False,False,False,no_threshold_or_NU_change,False,False,False,no_threshold_or_NU_change,neither,both,neither,both,False,False,False
k8,tau800,cooperative,closure,81,eval:81,eval:81:0:0,verified,verified,True,False,False,False,False,False,False,False,False,False,False,False,0.14032851006985236,0.12245617654324104,-0.017872333526611328,False,False,False,False,no_threshold_or_NU_change,False,False,False,no_threshold_or_NU_change,neither,neither,neither,neither,False,False,False
k8,tau800,cooperative,closure,82,eval:82,eval:82:0:0,verified,verified,True,False,False,False,False,False,False,False,False,False,False,False,0.06637787383290616,0.06709622901173917,0.0007183551788330078,False,False,False,False,no_threshold_or_NU_change,False,False,False,no_threshold_or_NU_change,neither,both,neither,both,False,False,False
k8,tau800,cooperative,closure,83,eval:83,eval:83:0:0,not_converged,not_converged,False,False,False,False,False,False,False,False,False,False,False,False,0.2830229378914755,0.13766723644494228,,False,False,False,False,not_both_verified,False,False,False,not_both_verified,neither,neither,neither,neither,False,False,False
k8,tau800,cooperative,closure,84,eval:84,eval:84:0:0,not_converged,not_converged,False,False,False,False,False,False,False,False,False,False,False,False,0.016925138852784016,0.016983789823243,,False,False,False,False,not_both_verified,False,False,False,not_both_verified,neither,both,neither,neither,False,False,False
k8,tau800,cooperative,closure,85,eval:85,eval:85:0:0,not_converged,not_converged,False,False,False,False,False,False,False,False,False,False,False,False,0.05220030792765318,0.05220173843912779,,True,False,False,False,not_both_verified,False,False,False,not_both_verified,neither,both,neither,neither,False,False,False
k8,tau800,cooperative,closure,86,eval:86,eval:86:0:0,not_converged,not_converged,False,False,False,False,False,False,False,False,False,False,False,False,0.14103367334879469,0.14106371408976148,,False,False,False,False,not_both_verified,False,False,False,not_both_verified,neither,neither,neither,neither,False,False,False
k8,tau800,cooperative,closure,87,eval:87,eval:87:0:0,not_converged,not_converged,False,False,False,False,False,False,False,False,False,False,False,False,0.15825097909054975,0.17639129510007123,,False,False,False,False,not_both_verified,False,False,False,not_both_verified,neither,neither,neither,neither,False,False,False
k8,tau800,cooperative,closure,88,eval:88,eval:88:0:0,verified,verified,True,False,False,False,False,False,False,False,False,False,False,False,-0.005259479915771692,-0.005282844936523645,-2.3365020751953125e-05,False,False,False,False,no_threshold_or_NU_change,False,False,False,no_threshold_or_NU_change,both,both,both,both,False,False,False
k8,tau800,cooperative,closure,89,eval:89,eval:89:0:0,not_converged,verified,False,True,False,False,False,False,False,False,False,False,False,False,0.06992802953667177,0.06909976339287294,,False,False,False,False,verification_changed,False,False,False,verification_changed,neither,both,neither,gained,False,False,False
k8,tau800,cooperative,closure,90,eval:90,eval:90:0:0,verified,not_converged,False,True,False,False,False,False,False,False,False,False,False,False,0.25331921518421296,0.10240549982166414,,False,False,False,False,verification_changed,False,False,False,verification_changed,neither,neither,neither,neither,False,False,False
k8,tau800,cooperative,closure,91,eval:91,eval:91:0:0,not_converged,not_converged,False,False,False,False,False,False,False,False,False,False,False,False,0.1651073410009749,0.12093982238525225,,False,False,False,False,not_both_verified,False,False,False,not_both_verified,neither,neither,neither,neither,False,False,False
k8,tau800,cooperative,closure,92,eval:92,eval:92:0:0,not_converged,not_converged,False,False,False,False,False,False,False,False,False,False,False,False,0.04788642019750977,0.047989417023681646,,False,False,False,False,not_both_verified,False,False,False,not_both_verified,neither,both,neither,neither,False,False,False
k8,tau800,cooperative,closure,93,eval:93,eval:93:0:0,not_converged,not_converged,False,False,False,False,False,False,False,False,False,False,False,False,0.10574308870849602,0.17226521013793938,,False,False,False,False,not_both_verified,False,False,False,not_both_verified,neither,neither,neither,neither,False,False,False
k8,tau800,cooperative,closure,94,eval:94,eval:94:0:0,verified,verified,True,False,False,False,False,False,False,False,False,False,False,False,0.023040974896809452,0.0547258503850907,0.03168487548828125,False,False,False,False,no_threshold_or_NU_change,False,False,False,no_threshold_or_NU_change,neither,both,neither,both,False,False,False
k8,tau800,cooperative,closure,95,eval:95,eval:95:0:0,not_converged,not_converged,False,False,False,False,False,False,False,False,False,False,False,False,0.0633973411713864,0.06309407273876921,,False,False,False,False,not_both_verified,False,False,False,not_both_verified,neither,both,neither,neither,False,False,False
k8,tau800,cooperative,closure,96,eval:96,eval:96:0:0,verified,verified,True,False,False,False,False,False,False,False,False,False,False,False,0.030357939326171923,0.03035603197753911,-1.9073486328125e-06,False,False,False,False,no_threshold_or_NU_change,False,False,False,no_threshold_or_NU_change,neither,neither,neither,neither,False,False,False
k8,tau800,cooperative,closure,97,eval:97,eval:97:0:0,not_converged,not_converged,False,False,False,False,False,False,False,False,False,False,False,False,0.055145847243652124,0.054996597213134546,,False,False,False,False,not_both_verified,False,False,False,not_both_verified,neither,both,neither,neither,False,False,False
k8,tau800,cooperative,closure,98,eval:98,eval:98:0:0,not_converged,not_converged,False,False,False,False,False,False,False,False,False,False,False,False,0.04451807305216526,0.10639150902628636,,False,False,False,False,not_both_verified,True,False,True,not_both_verified,neither,lost,neither,neither,False,False,False
k8,tau800,cooperative,closure,99,eval:99,eval:99:0:0,not_converged,not_converged,False,False,False,False,False,False,False,False,False,False,False,False,0.14783368039073785,0.14746174740733942,,False,False,False,False,not_both_verified,False,False,False,not_both_verified,neither,neither,neither,neither,False,False,False
k8,tau800,cooperative,closure,100,eval:100,eval:100:0:0,not_converged,not_converged,False,False,False,False,False,False,False,False,False,False,False,False,0.3149275850858242,0.28153229471106833,,False,False,False,False,not_both_verified,False,False,False,not_both_verified,neither,neither,neither,neither,False,False,False
k8,tau800,cooperative,closure,101,eval:101,eval:101:0:0,not_converged,not_converged,False,False,False,False,False,False,False,False,False,False,False,False,0.011797207137208332,0.011738556166749348,,False,False,False,False,not_both_verified,False,False,False,not_both_verified,neither,both,neither,neither,False,False,False
k8,tau800,cooperative,closure,102,eval:102,eval:102:0:0,not_converged,not_converged,False,False,False,False,False,False,False,False,False,False,False,False,0.11756867423339834,0.14024704947753897,,False,False,False,False,not_both_verified,False,False,False,not_both_verified,neither,neither,neither,neither,False,False,False
k8,tau800,cooperative,closure,103,eval:103,eval:103:0:0,verified,not_converged,False,True,False,False,False,False,False,True,True,False,False,True,,,,False,False,False,False,unknown_hull,False,False,False,unknown_hull,neither,neither,neither,neither,False,False,False
k8,tau800,cooperative,closure,104,eval:104,eval:104:0:0,not_converged,not_converged,False,False,False,False,False,False,False,False,False,False,False,False,0.046182607988010105,0.09455630717624253,,False,False,False,False,not_both_verified,False,False,False,not_both_verified,neither,both,neither,neither,False,False,False
k8,tau800,cooperative,closure,105,eval:105,eval:105:0:0,verified,verified,True,False,False,False,False,False,False,False,False,False,False,False,0.03159721090576184,0.037393166563720825,0.005795955657958984,False,False,False,False,no_threshold_or_NU_change,False,False,False,no_threshold_or_NU_change,neither,both,neither,both,False,False,False
k8,tau800,cooperative,closure,106,eval:106,eval:106:0:0,not_converged,not_converged,False,False,False,False,False,False,False,False,False,False,False,False,0.09344973177707239,0.11614622683322473,,False,False,False,False,not_both_verified,True,False,True,not_both_verified,neither,lost,neither,neither,False,False,False
k8,tau800,cooperative,closure,107,eval:107,eval:107:0:0,verified,verified,True,False,False,False,False,False,False,False,False,False,False,False,0.039675503896483555,0.039332419561156406,-0.00034308433532714844,False,False,False,False,no_threshold_or_NU_change,False,False,False,no_threshold_or_NU_change,neither,both,neither,both,False,False,False
k8,tau800,cooperative,closure,108,eval:108,eval:108:0:0,not_converged,not_converged,False,False,False,False,False,False,False,False,False,False,False,False,0.10995606530395463,0.1090045367547603,,False,False,False,False,not_both_verified,False,False,False,not_both_verified,neither,neither,neither,neither,False,False,False
k8,tau800,cooperative,closure,109,eval:109,eval:109:0:0,not_converged,not_converged,False,False,False,False,False,False,False,False,False,False,False,False,0.020731445297851536,0.021748538956298802,,False,False,False,False,not_both_verified,False,False,False,not_both_verified,neither,both,neither,neither,False,False,False
k8,tau800,cooperative,closure,110,eval:110,eval:110:0:0,verified,verified,True,False,False,False,False,False,False,False,False,False,False,False,0.10623410641276099,0.04589227139078833,-0.060341835021972656,False,False,False,False,no_threshold_or_NU_change,True,True,False,verified_threshold_only,neither,gained,neither,gained,False,False,False
k8,tau800,cooperative,closure,111,eval:111,eval:111:0:0,not_converged,not_converged,False,False,False,False,False,False,False,False,False,False,False,False,0.11263913037625084,0.22829216840115318,,False,False,False,False,not_both_verified,False,False,False,not_both_verified,neither,neither,neither,neither,False,False,False
k8,tau800,cooperative,closure,112,eval:112,eval:112:0:0,verified,verified,True,False,False,False,False,False,False,False,False,False,False,False,0.02412833893554689,0.02413453781860353,6.198883056640625e-06,False,False,False,False,no_threshold_or_NU_change,False,False,False,no_threshold_or_NU_change,neither,neither,neither,neither,False,False,False
k8,tau800,cooperative,closure,113,eval:113,eval:113:0:0,not_converged,not_converged,False,False,False,False,False,False,False,False,False,False,False,False,0.04321511103369158,0.04316551996923845,,False,False,False,False,not_both_verified,False,False,False,not_both_verified,neither,neither,neither,neither,False,False,False
k8,tau800,cooperative,closure,114,eval:114,eval:114:0:0,verified,verified,True,False,False,False,False,False,False,False,False,False,False,False,0.2810929068253918,0.12612035357221796,-0.15497255325317383,False,False,False,False,no_threshold_or_NU_change,False,False,False,no_threshold_or_NU_change,neither,neither,neither,neither,False,False,False
k8,tau800,cooperative,closure,115,eval:115,eval:115:0:0,not_converged,not_converged,False,False,False,False,False,False,False,False,False,False,False,False,0.025556933907877166,0.025623691110025604,,False,False,False,False,not_both_verified,False,False,False,not_both_verified,neither,both,neither,neither,False,False,False
k8,tau800,cooperative,closure,116,eval:116,eval:116:0:0,verified,verified,True,False,False,False,False,False,False,False,False,False,False,False,0.1319303530680398,0.1319303530680398,0.0,False,False,False,False,no_threshold_or_NU_change,False,False,False,no_threshold_or_NU_change,neither,neither,neither,neither,False,False,False
k8,tau800,cooperative,closure,117,eval:117,eval:117:0:0,not_converged,not_converged,False,False,False,False,False,False,False,False,False,False,False,False,0.04978839240722621,0.04946891151123012,,False,False,False,False,not_both_verified,False,False,False,not_both_verified,neither,neither,neither,neither,False,False,False
k8,tau800,cooperative,closure,118,eval:118,eval:118:0:0,not_converged,not_converged,False,False,False,False,False,False,False,False,False,False,False,False,0.1008837698034668,0.16303949337524415,,False,False,False,False,not_both_verified,False,False,False,not_both_verified,neither,neither,neither,neither,False,False,False
k8,tau800,cooperative,closure,119,eval:119,eval:119:0:0,verified,not_converged,False,True,False,False,False,False,False,False,False,False,False,False,0.23032096497000598,0.1569447862285509,,False,False,False,False,verification_changed,False,False,False,verification_changed,neither,neither,neither,neither,False,False,False
k8,tau800,cooperative,closure,120,eval:120,eval:120:0:0,not_converged,not_converged,False,False,False,False,False,False,False,True,True,False,False,True,,,,False,False,False,False,unknown_hull,False,False,False,unknown_hull,neither,neither,neither,neither,False,False,False
k8,tau800,cooperative,closure,121,eval:121,eval:121:0:0,verified,not_converged,False,True,False,False,False,False,False,False,False,False,False,False,0.08372892178320512,0.10259307659887895,,False,False,False,False,verification_changed,True,False,True,verification_changed,neither,lost,neither,lost,False,False,False
k8,tau800,cooperative,closure,122,eval:122,eval:122:0:0,not_converged,verified,False,True,False,False,False,False,False,False,False,False,False,False,0.009886762370604707,0.021965047587889863,,False,False,False,False,verification_changed,False,False,False,verification_changed,neither,both,neither,gained,False,False,False
k8,tau800,cooperative,closure,123,eval:123,eval:123:0:0,not_converged,not_converged,False,False,False,False,False,False,False,False,False,False,False,False,0.003543554645914604,0.0689885009349771,,False,False,False,False,not_both_verified,False,False,False,not_both_verified,neither,both,neither,neither,False,False,False
k8,tau800,cooperative,closure,124,eval:124,eval:124:0:0,verified,verified,True,False,False,False,False,False,False,False,False,False,False,False,0.02318941875390479,0.023119800528807133,-6.961822509765625e-05,False,False,False,False,no_threshold_or_NU_change,False,False,False,no_threshold_or_NU_change,neither,neither,neither,neither,False,False,False
k8,tau800,cooperative,closure,125,eval:125,eval:125:0:0,not_converged,not_converged,False,False,False,False,False,False,False,False,False,False,False,False,0.049854098779540834,0.04863864086328107,,False,False,False,False,not_both_verified,False,False,False,not_both_verified,neither,both,neither,neither,False,False,False
k8,tau800,cooperative,closure,126,eval:126,eval:126:0:0,not_converged,not_converged,False,False,False,False,False,False,False,False,False,False,False,False,0.07520772696289058,0.08086206198486323,,False,False,False,False,not_both_verified,False,False,False,not_both_verified,neither,both,neither,neither,False,False,False
k8,tau800,cooperative,closure,127,eval:127,eval:127:0:0,not_converged,not_converged,False,False,False,False,False,False,False,False,False,False,False,False,0.018786662065080506,0.0917527608504809,,False,False,False,False,not_both_verified,False,False,False,not_both_verified,neither,both,neither,neither,False,False,False
k8,tau800,cooperative,closure,128,eval:128,eval:128:0:0,not_converged,not_converged,False,False,False,False,False,False,False,False,False,False,False,False,0.17844151934814434,0.16148519000244121,,False,False,False,False,not_both_verified,False,False,False,not_both_verified,neither,neither,neither,neither,False,False,False
k8,tau800,cooperative,closure,129,eval:129,eval:129:0:0,verified,not_converged,False,True,False,False,False,False,False,False,False,False,False,False,0.17820563257397382,0.18490614832104413,,False,False,False,False,verification_changed,False,False,False,verification_changed,neither,neither,neither,neither,False,False,False
k8,tau800,cooperative,closure,130,eval:130,eval:130:0:0,not_converged,verified,False,True,False,False,False,False,False,False,False,False,False,False,0.07887634178503422,0.05223902603491215,,False,False,False,False,verification_changed,False,False,False,verification_changed,neither,both,neither,gained,False,False,False
k8,tau800,cooperative,closure,131,eval:131,eval:131:0:0,verified,not_converged,False,True,False,False,False,False,False,False,False,False,False,False,0.051862747122234154,0.064259559561199,,False,False,False,False,verification_changed,False,False,False,verification_changed,neither,both,neither,lost,False,False,False
k8,tau800,cooperative,closure,132,eval:132,eval:132:0:0,not_converged,not_converged,False,False,False,False,False,False,False,False,False,False,False,False,0.09020628492513527,0.17053045789876808,,False,False,False,False,not_both_verified,True,False,True,not_both_verified,neither,lost,neither,neither,False,False,False
k8,tau800,cooperative,closure,133,eval:133,eval:133:0:0,not_converged,not_converged,False,False,False,False,False,False,False,False,False,False,False,False,0.13770862082411028,0.0962681339161513,,False,False,False,False,not_both_verified,True,False,True,not_both_verified,neither,gained,neither,neither,False,False,False
k8,tau800,cooperative,closure,134,eval:134,eval:134:0:0,verified,verified,True,False,False,False,False,False,False,False,False,False,False,False,0.06510130552001936,0.06494633344360334,-0.00015497207641601562,False,False,False,False,no_threshold_or_NU_change,False,False,False,no_threshold_or_NU_change,neither,neither,neither,neither,False,False,False
k8,tau800,cooperative,closure,135,eval:135,eval:135:0:0,verified,verified,True,False,False,False,False,False,False,False,False,False,False,False,0.03902016715709866,0.005259381100580107,-0.033760786056518555,False,False,False,False,no_threshold_or_NU_change,False,False,False,no_threshold_or_NU_change,neither,both,neither,both,False,False,False
k8,tau800,cooperative,closure,136,eval:136,eval:136:0:0,generation_failure,generation_failure,False,False,False,False,False,True,False,False,True,True,False,True,,,,,False,False,False,generation_or_parse_unavailable,False,False,False,generation_or_parse_unavailable,neither,neither,neither,neither,False,False,False
k8,tau800,cooperative,closure,137,eval:137,eval:137:0:0,not_converged,verified,False,True,False,False,False,False,False,False,False,False,False,False,-0.09553775068766157,-0.09532984968668501,,False,False,False,False,verification_changed,False,False,False,verification_changed,both,both,gained,gained,False,False,False
k8,tau800,cooperative,closure,138,eval:138,eval:138:0:0,verified,verified,True,False,False,False,False,False,False,False,False,False,False,False,-0.026583221348470687,-0.026549842747396468,3.337860107421875e-05,False,False,False,False,no_threshold_or_NU_change,False,False,False,no_threshold_or_NU_change,neither,neither,neither,neither,False,False,False
k8,tau800,cooperative,closure,139,eval:139,eval:139:0:0,verified,verified,True,False,False,False,False,False,False,False,False,False,False,False,0.11398301131940247,0.11398372657513978,7.152557373046875e-07,False,False,False,False,no_threshold_or_NU_change,False,False,False,no_threshold_or_NU_change,neither,neither,neither,neither,False,False,False
k8,tau800,cooperative,closure,140,eval:140,eval:140:0:0,verified,verified,True,False,False,False,False,False,False,False,False,False,False,False,0.20442528984239328,0.28442330619981515,0.07999801635742188,False,False,False,False,no_threshold_or_NU_change,False,False,False,no_threshold_or_NU_change,neither,neither,neither,neither,False,False,False
k8,tau800,cooperative,closure,141,eval:141,eval:141:0:0,not_converged,not_converged,False,False,False,False,False,False,False,False,False,False,False,False,0.07582983523864772,0.07582983523864772,,False,False,False,False,not_both_verified,False,False,False,not_both_verified,neither,both,neither,neither,False,False,False
k8,tau800,cooperative,closure,142,eval:142,eval:142:0:0,not_converged,not_converged,False,False,False,False,False,False,False,False,False,False,False,False,0.19790994712442966,0.05462944099039646,,False,False,False,False,not_both_verified,True,False,True,not_both_verified,neither,gained,neither,neither,False,False,False
k8,tau800,cooperative,closure,143,eval:143,eval:143:0:0,not_converged,not_converged,False,False,False,False,False,False,False,False,False,False,False,False,0.004733391154378541,0.014684505808919557,,False,False,False,False,not_both_verified,False,False,False,not_both_verified,neither,both,neither,neither,False,False,False
k8,tau800,cooperative,closure,144,eval:144,eval:144:0:0,not_converged,not_converged,False,False,False,False,False,False,False,False,False,False,False,False,0.003023535234374819,0.0030449929064939596,,False,False,False,False,not_both_verified,False,False,False,not_both_verified,neither,both,neither,neither,False,False,False
k8,tau800,cooperative,closure,145,eval:145,eval:145:0:0,not_converged,not_converged,False,False,False,False,False,False,False,False,False,False,False,False,0.016674586001546032,0.01640278882137025,,False,False,False,False,not_both_verified,False,False,False,not_both_verified,neither,neither,neither,neither,False,False,False
k8,tau800,cooperative,closure,146,eval:146,eval:146:0:0,not_converged,not_converged,False,False,False,False,False,False,False,False,False,False,False,False,0.024336382968627834,0.029220387561523342,,False,False,False,False,not_both_verified,False,False,False,not_both_verified,neither,both,neither,neither,False,False,False
k8,tau800,cooperative,closure,147,eval:147,eval:147:0:0,not_converged,not_converged,False,False,False,False,False,False,False,False,False,False,False,False,0.14448822507853265,0.3038243151664233,,False,False,False,False,not_both_verified,False,False,False,not_both_verified,neither,neither,neither,neither,False,False,False
k8,tau800,cooperative,closure,148,eval:148,eval:148:0:0,not_converged,not_converged,False,False,False,False,False,False,False,False,False,False,False,False,6.44228312172146e-05,6.299231974260522e-05,,False,False,False,False,not_both_verified,False,False,False,not_both_verified,neither,both,neither,neither,False,False,False
k8,tau800,cooperative,closure,149,eval:149,eval:149:0:0,not_converged,not_converged,False,False,False,False,False,False,False,False,False,False,False,False,0.292625421353625,0.2159919679844844,,False,False,False,False,not_both_verified,False,False,False,not_both_verified,neither,neither,neither,neither,False,False,False
k8,tau800,cooperative,closure,150,eval:150,eval:150:0:0,not_converged,not_converged,False,False,False,False,False,False,False,True,True,False,False,True,,,,False,False,False,False,unknown_hull,False,False,False,unknown_hull,neither,neither,neither,neither,False,False,False
k8,tau800,cooperative,closure,151,eval:151,eval:151:0:0,not_converged,not_converged,False,False,False,False,False,False,False,False,False,False,False,False,-0.011312600160157338,-0.011312600160157338,,False,False,False,False,not_both_verified,False,False,False,not_both_verified,neither,neither,neither,neither,False,False,False
k8,tau800,cooperative,closure,152,eval:152,eval:152:0:0,not_converged,not_converged,False,False,False,False,False,False,False,False,False,False,False,False,-0.005136147023112159,-0.005136147023112159,,False,False,False,False,not_both_verified,False,False,False,not_both_verified,both,both,neither,neither,False,False,False
k8,tau800,cooperative,closure,153,eval:153,eval:153:0:0,not_converged,not_converged,False,False,False,False,False,False,False,False,False,False,False,False,-0.008571709503581104,-0.008616055359293995,,False,False,False,False,not_both_verified,False,False,False,not_both_verified,neither,neither,neither,neither,False,False,False
k8,tau800,cooperative,closure,154,eval:154,eval:154:0:0,not_converged,verified,False,True,False,False,False,False,False,False,False,False,False,False,0.043486019418945254,0.043365379617919864,,False,False,False,False,verification_changed,False,False,False,verification_changed,neither,both,neither,gained,False,False,False
k8,tau800,cooperative,closure,155,eval:155,eval:155:0:0,verified,not_converged,False,True,False,False,False,False,False,False,False,False,False,False,0.03200688616862113,-0.005896422699787074,,False,True,False,True,verification_changed,False,False,False,verification_changed,gained,both,neither,lost,False,False,False
k8,tau800,cooperative,closure,156,eval:156,eval:156:0:0,verified,not_converged,False,True,False,False,False,False,False,False,False,False,False,False,0.2164520893505859,0.23570486645019528,,False,False,False,False,verification_changed,False,False,False,verification_changed,neither,neither,neither,neither,False,False,False
k8,tau800,cooperative,closure,157,eval:157,eval:157:0:0,not_converged,not_converged,False,False,False,False,False,False,False,False,False,False,False,False,0.2575897440378334,0.2575902208749916,,False,False,False,False,not_both_verified,False,False,False,not_both_verified,neither,neither,neither,neither,False,False,False
k8,tau800,cooperative,closure,158,eval:158,eval:158:0:0,not_converged,not_converged,False,False,False,False,False,False,False,False,False,False,False,False,0.11321084611938481,0.11321942918823247,,False,False,False,False,not_both_verified,False,False,False,not_both_verified,neither,neither,neither,neither,False,False,False
k8,tau800,cooperative,closure,159,eval:159,eval:159:0:0,not_converged,not_converged,False,False,False,False,False,False,False,False,False,False,False,False,0.012763279663062121,-0.013631802810692761,,False,True,False,True,not_both_verified,False,False,False,not_both_verified,gained,both,neither,neither,False,False,False
k8,tau800,cooperative,closure,160,eval:160,eval:160:0:0,not_converged,not_converged,False,False,False,False,False,False,False,False,False,False,False,False,0.0023893509228516407,0.0023409519512940236,,False,False,False,False,not_both_verified,False,False,False,not_both_verified,neither,neither,neither,neither,False,False,False
k8,tau800,cooperative,closure,161,eval:161,eval:161:0:0,verified,verified,False,False,False,False,False,False,False,True,True,False,False,True,,,,False,False,False,False,unknown_hull,False,False,False,unknown_hull,neither,neither,neither,neither,False,False,False
k8,tau800,cooperative,closure,162,eval:162,eval:162:0:0,not_converged,not_converged,False,False,False,False,False,False,False,False,False,False,False,False,0.07768005703841574,0.0708374438182009,,False,False,False,False,not_both_verified,False,False,False,not_both_verified,neither,both,neither,neither,False,False,False
k8,tau800,cooperative,closure,163,eval:163,eval:163:0:0,verified,not_converged,False,True,False,False,False,False,False,True,True,False,False,True,,,,False,False,False,False,unknown_hull,False,False,False,unknown_hull,neither,neither,neither,neither,False,False,False
k8,tau800,cooperative,closure,164,eval:164,eval:164:0:0,verified,not_converged,False,True,False,False,False,False,False,False,False,False,False,False,-0.008449770669433754,0.0129969341950682,,False,True,False,True,verification_changed,False,False,False,verification_changed,lost,both,lost,lost,False,False,False
k8,tau800,cooperative,closure,165,eval:165,eval:165:0:0,verified,verified,True,False,False,False,False,False,False,False,False,False,False,False,0.29760797060209354,0.23105127847868046,-0.06655669212341309,False,False,False,False,no_threshold_or_NU_change,False,False,False,no_threshold_or_NU_change,neither,neither,neither,neither,False,False,False
k8,tau800,cooperative,closure,166,eval:166,eval:166:0:0,verified,not_converged,False,True,False,False,False,False,False,False,False,False,False,False,0.44942699829397537,0.4171460763579402,,False,False,False,False,verification_changed,False,False,False,verification_changed,neither,neither,neither,neither,False,False,False
k8,tau800,cooperative,closure,167,eval:167,eval:167:0:0,verified,verified,True,False,False,False,False,False,False,False,False,False,False,False,0.006689112105407791,0.006688873686828689,-2.384185791015625e-07,False,False,False,False,no_threshold_or_NU_change,False,False,False,no_threshold_or_NU_change,neither,both,neither,both,False,False,False
k8,tau800,cooperative,closure,168,eval:168,eval:168:0:0,verified,verified,True,False,False,False,False,False,False,False,False,False,False,False,0.032762343216552914,0.0327752178198244,1.2874603271484375e-05,False,False,False,False,no_threshold_or_NU_change,False,False,False,no_threshold_or_NU_change,neither,both,neither,both,False,False,False
k8,tau800,cooperative,closure,169,eval:169,eval:169:0:0,verified,verified,True,False,False,False,False,False,False,False,False,False,False,False,0.1783285897089968,0.1464536946131716,-0.031874895095825195,False,False,False,False,no_threshold_or_NU_change,False,False,False,no_threshold_or_NU_change,neither,neither,neither,neither,False,False,False
k8,tau800,cooperative,closure,170,eval:170,eval:170:0:0,verified,verified,True,False,False,False,False,False,False,False,False,False,False,False,0.020923509167481313,0.02092446284179772,9.5367431640625e-07,False,False,False,False,no_threshold_or_NU_change,False,False,False,no_threshold_or_NU_change,neither,neither,neither,neither,False,False,False
k8,tau800,cooperative,closure,171,eval:171,eval:171:0:0,not_converged,not_converged,False,False,False,False,False,False,False,False,False,False,False,False,0.1323823085331206,0.1323825469516997,,False,False,False,False,not_both_verified,False,False,False,not_both_verified,neither,neither,neither,neither,False,False,False
k8,tau800,cooperative,closure,172,eval:172,eval:172:0:0,not_converged,not_converged,False,False,False,False,False,False,False,False,False,False,False,False,-0.02693909590356469,-0.02695721571557641,,False,False,False,False,not_both_verified,False,False,False,not_both_verified,both,both,neither,neither,False,False,False
k8,tau800,cooperative,closure,173,eval:173,eval:173:0:0,not_converged,not_converged,False,False,False,False,False,False,False,False,False,False,False,False,-0.00869759451334673,-0.008697117676188526,,False,False,False,False,not_both_verified,False,False,False,not_both_verified,neither,neither,neither,neither,False,False,False
k8,tau800,cooperative,closure,174,eval:174,eval:174:0:0,not_converged,verified,False,True,False,False,False,False,False,False,False,False,False,False,0.0019024786978745212,0.0022221980124497165,,False,False,False,False,verification_changed,False,False,False,verification_changed,neither,neither,neither,neither,False,False,False
k8,tau800,cooperative,closure,175,eval:175,eval:175:0:0,verified,verified,True,False,False,False,False,False,False,False,False,False,False,False,0.060826400980224626,0.06082735465454103,9.5367431640625e-07,False,False,False,False,no_threshold_or_NU_change,False,False,False,no_threshold_or_NU_change,neither,neither,neither,neither,False,False,False
k8,tau800,cooperative,closure,176,eval:176,eval:176:0:0,not_converged,not_converged,False,False,False,False,False,False,False,False,False,False,False,False,0.02895436107299787,0.03041157542846662,,False,False,False,False,not_both_verified,False,False,False,not_both_verified,neither,both,neither,neither,False,False,False
k8,tau800,cooperative,closure,177,eval:177,eval:177:0:0,not_converged,verified,False,True,False,False,False,False,False,False,False,False,False,False,0.011405650234943998,0.06046790227962173,,False,False,False,False,verification_changed,False,False,False,verification_changed,neither,both,neither,gained,False,False,False
k8,tau800,cooperative,closure,178,eval:178,eval:178:0:0,not_converged,verified,False,True,False,False,False,False,False,False,False,False,False,False,0.015091362671306285,0.06663888998453871,,False,False,False,False,verification_changed,False,False,False,verification_changed,neither,both,neither,gained,False,False,False
k8,tau800,cooperative,closure,179,eval:179,eval:179:0:0,not_converged,not_converged,False,False,False,False,False,False,False,False,False,False,False,False,-0.003933487648925649,-0.003996430153808461,,False,False,False,False,not_both_verified,False,False,False,not_both_verified,neither,neither,neither,neither,False,False,False
k8,tau800,cooperative,closure,180,eval:180,eval:180:0:0,verified,verified,True,False,False,False,False,False,False,False,False,False,False,False,0.0989498391829775,0.13653700501549704,0.03758716583251953,False,False,False,False,no_threshold_or_NU_change,True,True,False,verified_threshold_only,neither,lost,neither,lost,False,False,False
k8,tau800,cooperative,closure,181,eval:181,eval:181:0:0,not_converged,not_converged,False,False,False,False,False,False,False,False,False,False,False,False,0.30784182421386674,0.1897173391979976,,False,False,False,False,not_both_verified,False,False,False,not_both_verified,neither,neither,neither,neither,False,False,False
k8,tau800,cooperative,closure,182,eval:182,eval:182:0:0,not_converged,not_converged,False,False,False,False,False,False,False,False,False,False,False,False,0.023053264061038803,0.022871589103763412,,False,False,False,False,not_both_verified,False,False,False,not_both_verified,neither,both,neither,neither,False,False,False
k8,tau800,cooperative,closure,183,eval:183,eval:183:0:0,verified,verified,True,False,False,False,False,False,False,False,False,False,False,False,0.04742846785888677,0.04742751418457036,-9.5367431640625e-07,False,False,False,False,no_threshold_or_NU_change,False,False,False,no_threshold_or_NU_change,neither,both,neither,both,False,False,False
k8,tau800,cooperative,closure,184,eval:184,eval:184:0:0,verified,not_converged,False,True,False,False,False,False,False,False,False,False,False,False,0.11423721082641336,0.09300794370605203,,False,False,False,False,verification_changed,True,False,True,verification_changed,neither,gained,neither,neither,False,False,False
k8,tau800,cooperative,closure,185,eval:185,eval:185:0:0,verified,verified,True,False,False,False,False,False,False,False,False,False,False,False,0.012634652576905658,0.012634175739747455,-4.76837158203125e-07,False,False,False,False,no_threshold_or_NU_change,False,False,False,no_threshold_or_NU_change,neither,both,neither,both,False,False,False
k8,tau800,cooperative,closure,186,eval:186,eval:186:0:0,verified,not_converged,False,True,False,False,False,False,False,False,False,False,False,False,9.236583333294135e-05,0.0006497884712723945,,False,False,False,False,verification_changed,False,False,False,verification_changed,neither,both,neither,lost,False,False,False
k8,tau800,cooperative,closure,187,eval:187,eval:187:0:0,not_converged,not_converged,False,False,False,False,False,False,False,False,False,False,False,False,0.048237006733396814,0.048237006733396814,,False,False,False,False,not_both_verified,False,False,False,not_both_verified,neither,both,neither,neither,False,False,False
k8,tau800,cooperative,closure,188,eval:188,eval:188:0:0,not_converged,not_converged,False,False,False,False,False,False,False,False,False,False,False,False,0.06975139909028627,0.07636131577729799,,False,False,False,False,not_both_verified,False,False,False,not_both_verified,neither,both,neither,neither,False,False,False
k8,tau800,cooperative,closure,189,eval:189,eval:189:0:0,not_converged,not_converged,False,False,False,False,False,False,False,False,False,False,False,False,0.42278254926493286,0.17514861524393677,,False,False,False,False,not_both_verified,False,False,False,not_both_verified,neither,neither,neither,neither,False,False,False
k8,tau800,cooperative,closure,190,eval:190,eval:190:0:0,verified,verified,True,False,False,False,False,False,False,False,False,False,False,False,-0.007378751830199537,-0.00748151023779231,-0.00010275840759277344,False,False,False,False,no_threshold_or_NU_change,False,False,False,no_threshold_or_NU_change,both,both,both,both,False,False,False
k8,tau800,cooperative,closure,191,eval:191,eval:191:0:0,not_converged,not_converged,False,False,False,False,False,False,False,False,False,False,False,False,0.180028948918455,0.17579797281371867,,False,False,False,False,not_both_verified,False,False,False,not_both_verified,neither,neither,neither,neither,False,False,False
k8,tau800,cooperative,closure,192,eval:192,eval:192:0:0,verified,verified,True,False,False,False,False,False,False,False,False,False,False,False,0.05224517036747356,0.0520985429413261,-0.00014662742614746094,False,False,False,False,no_threshold_or_NU_change,False,False,False,no_threshold_or_NU_change,neither,both,neither,both,False,False,False
k8,tau800,cooperative,closure,193,eval:193,eval:193:0:0,verified,not_converged,False,True,False,False,False,False,False,False,False,False,False,False,0.01921452947387614,0.029002088983153484,,False,False,False,False,verification_changed,False,False,False,verification_changed,neither,both,neither,lost,False,False,False
k8,tau800,cooperative,closure,194,eval:194,eval:194:0:0,verified,not_converged,False,True,False,False,False,False,False,False,False,False,False,False,0.05111611273925831,0.14519226935546925,,False,False,False,False,verification_changed,True,False,True,verification_changed,neither,lost,neither,lost,False,False,False
k8,tau800,cooperative,closure,195,eval:195,eval:195:0:0,verified,not_converged,False,True,False,False,False,False,False,False,False,False,False,False,0.05175064725963807,0.0004792086610052593,,False,False,False,False,verification_changed,False,False,False,verification_changed,neither,both,neither,lost,False,False,False
k8,tau800,cooperative,closure,196,eval:196,eval:196:0:0,not_converged,not_converged,False,False,False,False,False,False,False,False,False,False,False,False,0.0346139082877599,0.03904515599894154,,False,False,False,False,not_both_verified,False,False,False,not_both_verified,neither,both,neither,neither,False,False,False
k8,tau800,cooperative,closure,197,eval:197,eval:197:0:0,not_converged,verified,False,True,False,False,False,False,False,False,False,False,False,False,0.10853525191284419,0.20025106459594966,,False,False,False,False,verification_changed,False,False,False,verification_changed,neither,neither,neither,neither,False,False,False
k8,tau800,cooperative,closure,198,eval:198,eval:198:0:0,not_converged,verified,False,True,False,False,False,False,False,False,False,False,False,False,0.006246747690591192,0.027613820749673224,,False,False,False,False,verification_changed,False,False,False,verification_changed,neither,both,neither,gained,False,False,False
k8,tau800,cooperative,closure,199,eval:199,eval:199:0:0,not_converged,not_converged,False,False,False,False,False,False,False,False,False,False,False,False,0.1491925686059572,0.09004044229370134,,False,False,False,False,not_both_verified,True,False,True,not_both_verified,neither,gained,neither,neither,False,False,False
k8,tau800,cooperative,closure,200,eval:200,eval:200:0:0,not_converged,not_converged,False,False,False,False,False,False,False,False,False,False,False,False,0.10391572497610913,0.09390595935110913,,False,False,False,False,not_both_verified,True,False,True,not_both_verified,neither,gained,neither,neither,False,False,False
k8,tau800,cooperative,closure,201,eval:201,eval:201:0:0,verified,verified,True,False,False,False,False,False,False,False,False,False,False,False,0.2606340934838869,0.26067700882812517,4.291534423828125e-05,False,False,False,False,no_threshold_or_NU_change,False,False,False,no_threshold_or_NU_change,neither,neither,neither,neither,False,False,False
k8,tau800,cooperative,closure,202,eval:202,eval:202:0:0,not_converged,not_converged,False,False,False,False,False,False,False,False,False,False,False,False,0.2794250834184906,0.2728361475664398,,False,False,False,False,not_both_verified,False,False,False,not_both_verified,neither,neither,neither,neither,False,False,False
k8,tau800,cooperative,closure,203,eval:203,eval:203:0:0,verified,verified,True,False,False,False,False,False,False,False,False,False,False,False,0.006944806783853785,0.006624133794962184,-0.00032067298889160156,False,False,False,False,no_threshold_or_NU_change,False,False,False,no_threshold_or_NU_change,neither,both,neither,both,False,False,False
k8,tau800,cooperative,closure,204,eval:204,eval:204:0:0,not_converged,not_converged,False,False,False,False,False,False,False,False,False,False,False,False,0.02801481312500087,0.027997646987305558,,False,False,False,False,not_both_verified,False,False,False,not_both_verified,neither,neither,neither,neither,False,False,False
k8,tau800,cooperative,closure,205,eval:205,eval:205:0:0,not_converged,not_converged,False,False,False,False,False,False,False,False,False,False,False,False,0.029790769541504503,0.030286680186035753,,False,False,False,False,not_both_verified,False,False,False,not_both_verified,neither,both,neither,neither,False,False,False
k8,tau800,cooperative,closure,206,eval:206,eval:206:0:0,generation_failure,generation_failure,False,False,False,False,False,True,False,False,True,True,False,True,,,,,False,False,False,generation_or_parse_unavailable,False,False,False,generation_or_parse_unavailable,neither,neither,neither,neither,False,False,False
k8,tau800,cooperative,closure,207,eval:207,eval:207:0:0,not_converged,not_converged,False,False,False,False,False,False,False,False,False,False,False,False,-0.0323110121333503,-0.0399241942012214,,False,False,False,False,not_both_verified,False,False,False,not_both_verified,both,both,neither,neither,False,False,False
k8,tau800,cooperative,closure,208,eval:208,eval:208:0:0,not_converged,not_converged,False,False,False,False,False,False,False,False,False,False,False,False,0.14102498444039568,0.09551898392159686,,False,False,False,False,not_both_verified,True,False,True,not_both_verified,neither,gained,neither,neither,False,False,False
k8,tau800,cooperative,closure,209,eval:209,eval:209:0:0,not_converged,verified,False,True,False,False,False,False,False,False,False,False,False,False,0.07218389022607319,0.04563073623437397,,False,False,False,False,verification_changed,False,False,False,verification_changed,neither,both,neither,gained,False,False,False
k8,tau800,cooperative,closure,210,eval:210,eval:210:0:0,not_converged,verified,False,True,False,False,False,False,False,False,False,False,False,False,0.04674680036230505,0.05394561093969763,,False,False,False,False,verification_changed,False,False,False,verification_changed,neither,both,neither,gained,False,False,False
k8,tau800,cooperative,closure,211,eval:211,eval:211:0:0,not_converged,verified,False,True,False,False,False,False,False,False,False,False,False,False,0.028361068312174886,0.02905582005167684,,False,False,False,False,verification_changed,False,False,False,verification_changed,neither,both,neither,gained,False,False,False
k8,tau800,cooperative,closure,212,eval:212,eval:212:0:0,not_converged,not_converged,False,False,False,False,False,False,False,False,False,False,False,False,0.10603221103678351,0.055000144691568664,,False,False,False,False,not_both_verified,True,False,True,not_both_verified,neither,gained,neither,neither,False,False,False
k8,tau800,cooperative,closure,213,eval:213,eval:213:0:0,not_converged,verified,False,True,False,False,False,False,False,False,False,False,False,False,0.029852444866943273,0.01863818858032218,,False,False,False,False,verification_changed,False,False,False,verification_changed,neither,both,neither,gained,False,False,False
k8,tau800,cooperative,closure,214,eval:214,eval:214:0:0,verified,verified,True,False,False,False,False,False,False,False,False,False,False,False,-0.05188507596435521,-0.005201764501952866,0.046683311462402344,False,False,False,False,no_threshold_or_NU_change,False,False,False,no_threshold_or_NU_change,both,both,both,both,False,False,False
k8,tau800,cooperative,closure,215,eval:215,eval:215:0:0,not_converged,not_converged,False,False,False,False,False,False,False,False,False,False,False,False,-0.011879589197387741,-0.011879827615966843,,False,False,False,False,not_both_verified,False,False,False,not_both_verified,both,both,neither,neither,False,False,False
k8,tau800,cooperative,closure,216,eval:216,eval:216:0:0,not_converged,verified,False,True,False,False,False,False,False,False,False,False,False,False,0.07905828635620082,0.04879533927368129,,False,False,False,False,verification_changed,False,False,False,verification_changed,neither,both,neither,gained,False,False,False
k8,tau800,cooperative,closure,217,eval:217,eval:217:0:0,not_converged,not_converged,False,False,False,False,False,False,False,False,False,False,False,False,0.007246687677489483,0.007246687677489483,,False,False,False,False,not_both_verified,False,False,False,not_both_verified,neither,both,neither,neither,False,False,False
k8,tau800,cooperative,closure,218,eval:218,eval:218:0:0,verified,verified,True,False,False,False,False,False,False,False,False,False,False,False,0.029657741938476256,0.03045453682983368,0.0007967948913574219,False,False,False,False,no_threshold_or_NU_change,False,False,False,no_threshold_or_NU_change,neither,both,neither,both,False,False,False
k8,tau800,cooperative,closure,219,eval:219,eval:219:0:0,not_converged,not_converged,False,False,False,False,False,False,False,False,False,False,False,False,0.7676575328283697,0.6914003039770513,,False,False,False,False,not_both_verified,False,False,False,not_both_verified,neither,neither,neither,neither,False,False,False
k8,tau800,cooperative,closure,220,eval:220,eval:220:0:0,not_converged,not_converged,False,False,False,False,False,False,False,False,False,False,False,False,0.015327611406250163,0.015327611406250163,,True,False,False,False,not_both_verified,False,False,False,not_both_verified,neither,neither,neither,neither,False,False,False
k8,tau800,cooperative,closure,221,eval:221,eval:221:0:0,not_converged,not_converged,False,False,False,False,False,False,False,False,False,False,False,False,0.007702798831495272,0.007391424167188632,,False,False,False,False,not_both_verified,False,False,False,not_both_verified,neither,both,neither,neither,False,False,False
k8,tau800,cooperative,closure,222,eval:222,eval:222:0:0,not_converged,not_converged,False,False,False,False,False,False,False,False,False,False,False,False,0.18235677082519608,0.14237445194702225,,False,False,False,False,not_both_verified,False,False,False,not_both_verified,neither,neither,neither,neither,False,False,False
k8,tau800,cooperative,closure,223,eval:223,eval:223:0:0,not_converged,not_converged,False,False,False,False,False,False,False,False,False,False,False,False,0.04232529658813444,0.04232529658813444,,False,False,False,False,not_both_verified,False,False,False,not_both_verified,neither,both,neither,neither,False,False,False
k8,tau800,cooperative,closure,224,eval:224,eval:224:0:0,not_converged,not_converged,False,False,False,False,False,False,False,False,False,False,False,False,0.006160845587158015,0.01788960916748028,,False,False,False,False,not_both_verified,False,False,False,not_both_verified,neither,both,neither,neither,False,False,False
k8,tau800,cooperative,closure,225,eval:225,eval:225:0:0,not_converged,not_converged,False,False,True,True,False,False,False,False,False,False,False,False,0.06660073425944013,0.0067085566776530214,,False,False,False,False,not_both_verified,False,False,False,not_both_verified,neither,lost,neither,neither,False,False,False
k8,tau800,cooperative,closure,226,eval:226,eval:226:0:0,verified,verified,True,False,False,False,False,False,False,False,False,False,False,False,0.20037652971742936,0.20034172060488054,-3.4809112548828125e-05,False,False,False,False,no_threshold_or_NU_change,False,False,False,no_threshold_or_NU_change,neither,neither,neither,neither,False,False,False
k8,tau800,cooperative,closure,227,eval:227,eval:227:0:0,verified,not_converged,False,True,False,False,False,False,False,False,False,False,False,False,0.06558595912011977,0.060269701643313134,,False,False,False,False,verification_changed,False,False,False,verification_changed,neither,both,neither,lost,False,False,False
k8,tau800,cooperative,closure,228,eval:228,eval:228:0:0,not_converged,not_converged,False,False,False,False,False,False,False,False,False,False,False,False,0.022664955693054267,0.022753051358032295,,False,False,False,False,not_both_verified,False,False,False,not_both_verified,neither,neither,neither,neither,False,False,False
k8,tau800,cooperative,closure,229,eval:229,eval:229:0:0,verified,not_converged,False,True,False,False,False,False,False,False,False,False,False,False,0.1342872571950844,0.12685098171290665,,False,False,False,False,verification_changed,False,False,False,verification_changed,neither,neither,neither,neither,False,False,False
k8,tau800,cooperative,closure,230,eval:230,eval:230:0:0,verified,not_converged,False,True,False,False,False,False,False,False,False,False,False,False,0.34444348557312043,0.12242023690063508,,False,False,False,False,verification_changed,False,False,False,verification_changed,neither,neither,neither,neither,False,False,False
k8,tau800,cooperative,closure,231,eval:231,eval:231:0:0,not_converged,not_converged,False,False,False,False,False,False,False,False,False,False,False,False,0.20571857355834844,0.20279556177856328,,False,False,False,False,not_both_verified,False,False,False,not_both_verified,neither,neither,neither,neither,False,False,False
k8,tau800,cooperative,closure,232,eval:232,eval:232:0:0,not_converged,not_converged,False,False,False,False,False,False,False,False,False,False,False,False,0.06444010051066051,0.07818016322428356,,False,False,False,False,not_both_verified,False,False,False,not_both_verified,neither,both,neither,neither,False,False,False
k8,tau800,cooperative,closure,233,eval:233,eval:233:0:0,verified,verified,True,False,False,False,False,False,False,False,False,False,False,False,0.02666965261596932,0.026669175778811116,-4.76837158203125e-07,False,False,False,False,no_threshold_or_NU_change,False,False,False,no_threshold_or_NU_change,neither,both,neither,both,False,False,False
k8,tau800,cooperative,closure,234,eval:234,eval:234:0:0,not_converged,verified,False,True,False,False,False,False,False,False,False,False,False,False,0.03178336499511758,0.027443193181152736,,False,False,False,False,verification_changed,False,False,False,verification_changed,neither,both,neither,gained,False,False,False
k8,tau800,cooperative,closure,235,eval:235,eval:235:0:0,not_converged,not_converged,False,False,False,False,False,False,False,False,False,False,False,False,0.024354697084961074,0.024372816896972793,,False,False,False,False,not_both_verified,False,False,False,not_both_verified,neither,both,neither,neither,False,False,False
k8,tau800,cooperative,closure,236,eval:236,eval:236:0:0,verified,verified,True,False,False,False,False,False,False,False,False,False,False,False,0.00628548658555772,0.005480585462510845,-0.000804901123046875,False,False,False,False,no_threshold_or_NU_change,False,False,False,no_threshold_or_NU_change,neither,both,neither,both,False,False,False
k8,tau800,cooperative,closure,237,eval:237,eval:237:0:0,not_converged,not_converged,False,False,False,False,False,False,False,False,False,False,False,False,0.1609234452327435,0.1614422440608685,,False,False,False,False,not_both_verified,False,False,False,not_both_verified,neither,neither,neither,neither,False,False,False
k8,tau800,cooperative,closure,238,eval:238,eval:238:0:0,not_converged,not_converged,False,False,False,False,False,False,False,False,False,False,False,False,0.0009977322840715175,0.001192043426039291,,False,False,False,False,not_both_verified,False,False,False,not_both_verified,neither,neither,neither,neither,False,False,False
k8,tau800,cooperative,closure,239,eval:239,eval:239:0:0,not_converged,not_converged,False,False,False,False,False,False,False,False,False,False,False,False,0.08085295445475271,0.023049800463053494,,False,False,False,False,not_both_verified,False,False,False,not_both_verified,neither,both,neither,neither,False,False,False
k8,tau800,cooperative,closure,240,eval:240,eval:240:0:0,not_converged,not_converged,False,False,False,False,False,False,False,False,False,False,False,False,0.14028157104913141,0.14028252472344782,,False,False,False,False,not_both_verified,False,False,False,not_both_verified,neither,neither,neither,neither,False,False,False
k8,tau800,cooperative,closure,241,eval:241,eval:241:0:0,verified,verified,True,False,False,False,False,False,False,False,False,False,False,False,0.010640837411433068,0.010607935647517053,-3.2901763916015625e-05,False,False,False,False,no_threshold_or_NU_change,False,False,False,no_threshold_or_NU_change,neither,neither,neither,neither,False,False,False
k8,tau800,cooperative,closure,242,eval:242,eval:242:0:0,verified,verified,True,False,False,False,False,False,False,False,False,False,False,False,0.054250837317383116,0.05422127341357452,-2.956390380859375e-05,False,False,False,False,no_threshold_or_NU_change,False,False,False,no_threshold_or_NU_change,neither,both,neither,both,False,False,False
k8,tau800,cooperative,closure,243,eval:243,eval:243:0:0,not_converged,not_converged,False,False,False,False,False,False,False,False,False,False,False,False,0.1865615110275769,0.14744417475438354,,False,False,False,False,not_both_verified,False,False,False,not_both_verified,neither,neither,neither,neither,False,False,False
k8,tau800,cooperative,closure,244,eval:244,eval:244:0:0,verified,not_converged,False,True,False,False,False,False,False,False,False,False,False,False,0.06400623422132856,0.062381650023330515,,False,False,False,False,verification_changed,False,False,False,verification_changed,neither,both,neither,lost,False,False,False
k8,tau800,cooperative,closure,245,eval:245,eval:245:0:0,verified,verified,False,False,False,False,False,False,False,True,True,False,False,True,,,,False,False,False,False,unknown_hull,False,False,False,unknown_hull,neither,neither,neither,neither,False,False,False
k8,tau800,cooperative,closure,246,eval:246,eval:246:0:0,not_converged,not_converged,False,False,False,False,False,False,False,False,False,False,False,False,0.0010517632119508846,0.0009673630349489315,,False,False,False,False,not_both_verified,False,False,False,not_both_verified,neither,both,neither,neither,False,False,False
k8,tau800,cooperative,closure,247,eval:247,eval:247:0:0,not_converged,verified,False,True,False,False,False,False,False,False,False,False,False,False,0.14440073185262126,0.12938846760091227,,False,False,False,False,verification_changed,False,False,False,verification_changed,neither,neither,neither,neither,False,False,False
k8,tau800,cooperative,closure,248,eval:248,eval:248:0:0,not_converged,not_converged,False,False,False,False,False,False,False,False,False,False,False,False,0.09792968159999038,0.09783765202845718,,False,False,False,False,not_both_verified,False,False,False,not_both_verified,neither,both,neither,neither,False,False,False
k8,tau800,cooperative,closure,249,eval:249,eval:249:0:0,not_converged,not_converged,False,False,False,False,False,False,False,False,False,False,False,False,0.859007104991452,0.9558646527514618,,False,False,False,False,not_both_verified,False,False,False,not_both_verified,neither,neither,neither,neither,False,False,False
k8,tau800,cooperative,closure,250,eval:250,eval:250:0:0,verified,verified,True,False,False,False,False,False,False,False,False,False,False,False,-0.07238101179504408,-0.07228039915466322,0.00010061264038085938,False,False,False,False,no_threshold_or_NU_change,False,False,False,no_threshold_or_NU_change,both,both,both,both,False,False,False
k8,tau800,cooperative,closure,251,eval:251,eval:251:0:0,not_converged,not_converged,False,False,False,False,False,False,False,False,False,False,False,False,0.25400146125569556,0.2539957392097971,,False,False,False,False,not_both_verified,False,False,False,not_both_verified,neither,neither,neither,neither,False,False,False
k8,tau800,cooperative,closure,252,eval:252,eval:252:0:0,not_converged,not_converged,False,False,False,False,False,False,False,False,False,False,False,False,0.046994352877304024,0.046993160784408516,,False,False,False,False,not_both_verified,False,False,False,not_both_verified,neither,both,neither,neither,False,False,False
k8,tau800,cooperative,closure,253,eval:253,eval:253:0:0,not_converged,not_converged,False,False,False,False,False,False,False,True,True,False,False,True,,,,False,False,False,False,unknown_hull,False,False,False,unknown_hull,neither,neither,neither,neither,False,False,False
k8,tau800,cooperative,closure,254,eval:254,eval:254:0:0,not_converged,not_converged,False,False,False,False,False,False,False,False,False,False,False,False,0.036407523158237254,0.041553072932407176,,False,False,False,False,not_both_verified,False,False,False,not_both_verified,neither,both,neither,neither,False,False,False
k8,tau800,cooperative,closure,255,eval:255,eval:255:0:0,verified,not_converged,False,True,False,False,False,False,False,False,False,False,False,False,-0.005912527335448559,-0.00808404375390559,,False,False,False,False,verification_changed,False,False,False,verification_changed,both,both,lost,lost,False,False,False
